fuel_log_id,vehicle_id,trip_id,fuel_date,fuel_type,fuel_litres,fuel_price_per_litre,fuel_cost,odometer_km
FL00001,VH022,TR03649,2026-01-01 00:00:00.000000,Petrol,89.91771694509741,200,17983.543389019484,208291.29086814725
FL00002,VH038,TR03265,2026-01-01 00:51:51.022204,Diesel,92.98915715674485,190,17667.939859781523,60002.16744233146
FL00003,VH045,TR03602,2026-01-01 01:43:42.044408,Diesel,118.52958441278398,190,22520.621038428955,103099.03129291085
FL00004,VH035,TR02294,2026-01-01 02:35:33.066613,Diesel,96.14359701184149,190,18267.283432249882,163800.7103907395
FL00005,VH028,TR00675,2026-01-01 03:27:24.088817,Petrol,93.1060586132785,200,18621.211722655702,219945.11981478313
FL00006,VH026,TR01879,2026-01-01 04:19:15.111022,Diesel,137.72943217847936,190,26168.592113911076,168512.6709685081
FL00007,VH033,TR01012,2026-01-01 05:11:06.133226,Petrol,73.302505309282,200,14660.5010618564,211365.27000020942
FL00008,VH028,TR00794,2026-01-01 06:02:57.155431,Petrol,41.5372090173077,200,8307.441803461541,123747.88380383138
FL00009,VH025,TR00233,2026-01-01 06:54:48.177635,Diesel,32.650401903308236,190,6203.576361628565,182152.89704921065
FL00010,VH017,TR03028,2026-01-01 07:46:39.199839,Petrol,65.99924355332996,200,13199.848710665992,245195.3935300208
FL00011,VH004,TR03610,2026-01-01 08:38:30.222044,Diesel,109.7853857271174,190,20859.223288152305,46837.25371114186
FL00012,VH048,TR02174,2026-01-01 09:30:21.244248,Diesel,15.956087890186126,190,3031.656699135364,232460.96615581357
FL00013,VH027,TR03385,2026-01-01 10:22:12.266453,Petrol,28.067474111316855,200,5613.494822263371,135367.34748205665
FL00014,VH027,TR04607,2026-01-01 11:14:03.288657,Petrol,24.855884414509518,200,4971.176882901904,164372.32737521394
FL00015,VH004,TR02329,2026-01-01 12:05:54.310862,Diesel,91.93502142720423,190,17467.654071168803,220688.56165852305
FL00016,VH002,TR00798,2026-01-01 12:57:45.333066,Petrol,44.00105107437728,200,8800.210214875457,108317.00141255607
FL00017,VH028,TR03685,2026-01-01 13:49:36.355271,Petrol,33.276319962195515,200,6655.263992439103,110486.21797361215
FL00018,VH034,TR04488,2026-01-01 14:41:27.377475,Diesel,92.98790076402312,190,17667.701145164392,136523.64072330407
FL00019,VH004,TR04478,2026-01-01 15:33:18.399679,Diesel,116.5833881633331,190,22150.843751033288,14584.50027924414
FL00020,VH032,TR02590,2026-01-01 16:25:09.421884,Petrol,56.501688303373015,200,11300.337660674602,129199.8834264042
FL00021,VH039,TR04702,2026-01-01 17:17:00.444088,Diesel,90.94864479472346,190,17280.242510997457,79860.94359861528
FL00022,VH006,TR04212,2026-01-01 18:08:51.466293,Diesel,23.737417847924426,190,4510.109391105641,232709.00377402754
FL00023,VH050,TR00509,2026-01-01 19:00:42.488497,Diesel,140.9267442640598,190,26776.081410171362,31056.471700727518
FL00024,VH013,TR01464,2026-01-01 19:52:33.510702,Petrol,57.165465944068195,200,11433.093188813638,120236.91088475243
FL00025,VH026,TR03363,2026-01-01 20:44:24.532906,Diesel,149.6507970442902,190,28433.651438415134,237392.3608905666
FL00026,VH021,TR03111,2026-01-01 21:36:15.555111,Petrol,147.00228581896948,200,29400.457163793897,226248.4600764346
FL00027,VH040,TR01048,2026-01-01 22:28:06.577315,Petrol,119.03528290701361,200,23807.05658140272,178323.62616989206
FL00028,VH014,TR04872,2026-01-01 23:19:57.599519,Diesel,12.80939335697534,190,2433.7847378253146,151446.65247905793
FL00029,VH038,TR04436,2026-01-02 00:11:48.621724,Diesel,86.08648885381086,190,16356.432882224064,77375.42491188164
FL00030,VH035,TR00169,2026-01-02 01:03:39.643928,Diesel,22.15709886160161,190,4209.848783704306,98069.70706058915
FL00031,VH028,TR01562,2026-01-02 01:55:30.666133,Petrol,135.31932363461226,200,27063.864726922453,31632.367540990537
FL00032,VH034,TR03173,2026-01-02 02:47:21.688337,Diesel,120.5490753706364,190,22904.324320420918,198665.99146197704
FL00033,VH014,TR00575,2026-01-02 03:39:12.710542,Diesel,146.1276527233956,190,27764.254017445168,87728.74429691481
FL00034,VH003,TR01743,2026-01-02 04:31:03.732746,Diesel,95.17361344097135,190,18082.986553784558,170267.65576724976
FL00035,VH010,TR04571,2026-01-02 05:22:54.754950,Diesel,83.10419262780732,190,15789.79659928339,95822.74652766723
FL00036,VH035,TR04017,2026-01-02 06:14:45.777155,Diesel,82.65633983221427,190,15704.704568120711,121439.30593510304
FL00037,VH038,TR02359,2026-01-02 07:06:36.799359,Diesel,64.10277242360829,190,12179.526760485574,143200.5933703348
FL00038,VH013,TR04025,2026-01-02 07:58:27.821564,Petrol,75.61660941207974,200,15123.321882415948,202444.57801374485
FL00039,VH044,TR00531,2026-01-02 08:50:18.843768,Petrol,98.95776163894905,200,19791.55232778981,60677.53060976329
FL00040,VH040,TR00991,2026-01-02 09:42:09.865973,Petrol,140.61266505787881,200,28122.533011575764,105703.69283916554
FL00041,VH041,TR02121,2026-01-02 10:34:00.888177,Diesel,93.42380735584435,190,17750.523397610425,41219.577254036216
FL00042,VH002,TR04965,2026-01-02 11:25:51.910382,Petrol,129.9962319244314,200,25999.246384886283,28182.52118110223
FL00043,VH035,TR02442,2026-01-02 12:17:42.932586,Diesel,130.7891875823501,190,24849.94564064652,155121.84548051003
FL00044,VH002,TR02529,2026-01-02 13:09:33.954790,Petrol,82.63657461875628,200,16527.314923751255,55381.85064613664
FL00045,VH023,TR02521,2026-01-02 14:01:24.976995,Diesel,58.645749809667024,190,11142.692463836735,24351.842062263713
FL00046,VH036,TR04409,2026-01-02 14:53:15.999199,Diesel,99.54034226649135,190,18912.665030633358,225303.5034895373
FL00047,VH030,TR01462,2026-01-02 15:45:07.021404,Diesel,72.42282786807797,190,13760.337294934816,138235.460748495
FL00048,VH022,TR00952,2026-01-02 16:36:58.043608,Petrol,21.401721425070605,200,4280.344285014121,42310.76977671632
FL00049,VH014,TR00965,2026-01-02 17:28:49.065813,Diesel,62.89327406054071,190,11949.722071502736,22822.27058741193
FL00050,VH023,TR02135,2026-01-02 18:20:40.088017,Diesel,149.1700993269055,190,28342.318872112046,38766.41281927747
FL00051,VH034,TR04455,2026-01-02 19:12:31.110222,Diesel,16.79166180368021,190,3190.4157426992397,123120.93767694737
FL00052,VH021,TR00695,2026-01-02 20:04:22.132426,Petrol,107.53336766612973,200,21506.67353322595,170431.66124053547
FL00053,VH007,TR02245,2026-01-02 20:56:13.154630,Petrol,127.76641870997459,200,25553.283741994917,163907.21799665093
FL00054,VH034,TR02804,2026-01-02 21:48:04.176835,Diesel,100.82162648655301,190,19156.109032445074,44661.540703479644
FL00055,VH011,TR03912,2026-01-02 22:39:55.199039,Diesel,89.7647523628606,190,17055.302948943514,162037.34844105013
FL00056,VH007,TR03025,2026-01-02 23:31:46.221244,Petrol,109.05761837702606,200,21811.523675405213,107167.74981222386
FL00057,VH021,TR01409,2026-01-03 00:23:37.243448,Petrol,70.1079832219518,200,14021.59664439036,121538.50823187162
FL00058,VH010,TR04594,2026-01-03 01:15:28.265653,Diesel,22.790643223242746,190,4330.222212416122,202343.2974988761
FL00059,VH045,TR02979,2026-01-03 02:07:19.287857,Diesel,144.73204560247345,190,27499.088664469957,89799.84944311321
FL00060,VH036,TR00462,2026-01-03 02:59:10.310062,Diesel,70.52210779778746,190,13399.200481579617,45279.771319204905
FL00061,VH025,TR01618,2026-01-03 03:51:01.332266,Diesel,103.15449320352246,190,19599.353708669267,219628.7520559217
FL00062,VH041,TR00417,2026-01-03 04:42:52.354470,Diesel,84.38346116450134,190,16032.857621255254,60911.338207921115
FL00063,VH016,TR01389,2026-01-03 05:34:43.376675,Diesel,17.654230076857637,190,3354.303714602951,80567.16893311424
FL00064,VH004,TR04368,2026-01-03 06:26:34.398879,Diesel,143.38452413895538,190,27243.059586401523,179581.61413662936
FL00065,VH034,TR04488,2026-01-03 07:18:25.421084,Diesel,120.95521165600526,190,22981.490214641,174052.07609382574
FL00066,VH011,TR02595,2026-01-03 08:10:16.443288,Diesel,30.873705225715288,190,5866.003992885905,202096.0051081189
FL00067,VH042,TR04821,2026-01-03 09:02:07.465493,Diesel,147.43084268035736,190,28011.8601092679,54127.993947505856
FL00068,VH034,TR01747,2026-01-03 09:53:58.487697,Diesel,113.16619210403911,190,21501.57649976743,94547.17439540879
FL00069,VH002,TR03502,2026-01-03 10:45:49.509901,Petrol,76.12503105996325,200,15225.00621199265,40211.97734950266
FL00070,VH024,TR02860,2026-01-03 11:37:40.532106,Petrol,95.59180791834025,200,19118.36158366805,139849.39532046503
FL00071,VH013,TR03979,2026-01-03 12:29:31.554310,Petrol,24.94313548204365,200,4988.62709640873,80216.94220928829
FL00072,VH029,TR04491,2026-01-03 13:21:22.576515,Diesel,88.45761140218553,190,16806.94616641525,175344.55384205506
FL00073,VH050,TR04758,2026-01-03 14:13:13.598719,Diesel,20.312550082388316,190,3859.38451565378,10082.648316289857
FL00074,VH006,TR00853,2026-01-03 15:05:04.620924,Diesel,86.27973599670227,190,16393.149839373433,24323.91963029902
FL00075,VH020,TR03291,2026-01-03 15:56:55.643128,Petrol,87.37739642678996,200,17475.479285357993,113814.4721246424
FL00076,VH004,TR01712,2026-01-03 16:48:46.665333,Diesel,132.42142992250416,190,25160.07168527579,239964.19743413644
FL00077,VH034,TR02526,2026-01-03 17:40:37.687537,Diesel,111.50805003812116,190,21186.52950724302,223804.3329662039
FL00078,VH034,TR03647,2026-01-03 18:32:28.709741,Diesel,44.9373349101168,190,8538.093632922193,248562.16673487597
FL00079,VH020,TR02031,2026-01-03 19:24:19.731946,Petrol,134.37965990629996,200,26875.931981259993,110039.25396737077
FL00080,VH040,TR00237,2026-01-03 20:16:10.754150,Petrol,90.2539730787208,200,18050.794615744162,21176.43670570037
FL00081,VH012,TR01057,2026-01-03 21:08:01.776355,Diesel,94.89312700036473,190,18029.6941300693,83429.47408474298
FL00082,VH022,TR02261,2026-01-03 21:59:52.798559,Petrol,33.65739169110496,200,6731.478338220993,172185.00452174837
FL00083,VH045,TR02427,2026-01-03 22:51:43.820764,Diesel,130.08830343567595,190,24716.77765277843,42439.314344179664
FL00084,VH024,TR01026,2026-01-03 23:43:34.842968,Petrol,140.33511610231616,200,28067.023220463234,81993.32290240025
FL00085,VH011,TR00909,2026-01-04 00:35:25.865173,Diesel,118.49869092928714,190,22514.751276564555,23479.879490766085
FL00086,VH035,TR00450,2026-01-04 01:27:16.887377,Diesel,141.70534337030085,190,26924.015240357163,123992.08921365622
FL00087,VH019,TR00569,2026-01-04 02:19:07.909581,Diesel,52.32198657712842,190,9941.1774496544,60140.962646821106
FL00088,VH029,TR03499,2026-01-04 03:10:58.931786,Diesel,130.55668357078795,190,24805.76987844971,31899.526455760566
FL00089,VH037,TR02861,2026-01-04 04:02:49.953990,Diesel,78.44504000092395,190,14904.55760017555,108691.79427579496
FL00090,VH046,TR02327,2026-01-04 04:54:40.976195,Diesel,32.948408412101884,190,6260.197598299358,94294.09704979719
FL00091,VH001,TR04310,2026-01-04 05:46:31.998399,Petrol,103.63208386467616,200,20726.416772935234,139004.25686691818
FL00092,VH010,TR01309,2026-01-04 06:38:23.020604,Diesel,105.77683789882305,190,20097.599200776378,189769.27727527337
FL00093,VH029,TR00718,2026-01-04 07:30:14.042808,Diesel,50.16943192593662,190,9532.192065927959,37016.496742361254
FL00094,VH042,TR00970,2026-01-04 08:22:05.065013,Diesel,13.849066427859809,190,2631.3226212933637,199870.14165040205
FL00095,VH017,TR03346,2026-01-04 09:13:56.087217,Petrol,37.978616271978865,200,7595.7232543957725,16309.595170043227
FL00096,VH014,TR02486,2026-01-04 10:05:47.109421,Diesel,65.96885667434415,190,12534.082768125389,116344.45659900348
FL00097,VH049,TR03656,2026-01-04 10:57:38.131626,Diesel,33.4588075483816,190,6357.173434192504,150983.26885261165
FL00098,VH025,TR02719,2026-01-04 11:49:29.153830,Diesel,37.16419275354458,190,7061.1966231734705,239679.68155355143
FL00099,VH001,TR00904,2026-01-04 12:41:20.176035,Petrol,64.79469301351773,200,12958.938602703545,147741.52644871591
FL00100,VH013,TR01451,2026-01-04 13:33:11.198239,Petrol,144.65012600319847,200,28930.02520063969,48099.80638513326
FL00101,VH042,TR01456,2026-01-04 14:25:02.220444,Diesel,116.99409215707077,190,22228.877509843445,134210.03328253818
FL00102,VH030,TR04231,2026-01-04 15:16:53.242648,Diesel,54.76477617171898,190,10405.307472626606,104988.14732593989
FL00103,VH039,TR00532,2026-01-04 16:08:44.264852,Diesel,143.22456964859674,190,27212.66823323338,125045.33622405848
FL00104,VH024,TR02268,2026-01-04 17:00:35.287057,Petrol,100.39055091622258,200,20078.110183244517,57303.283518180935
FL00105,VH005,TR00333,2026-01-04 17:52:26.309261,Diesel,73.76295024961962,190,14014.960547427729,130198.49015470524
FL00106,VH021,TR01322,2026-01-04 18:44:17.331466,Petrol,75.5620278537206,200,15112.405570744118,46009.543429810445
FL00107,VH047,TR04053,2026-01-04 19:36:08.353670,Petrol,67.50422549695486,200,13500.845099390972,188570.33936580876
FL00108,VH046,TR01709,2026-01-04 20:27:59.375875,Diesel,42.61888735643156,190,8097.588597721996,152537.50245414348
FL00109,VH043,TR03527,2026-01-04 21:19:50.398079,Diesel,64.1285069099188,190,12184.416312884572,28846.645982027992
FL00110,VH013,TR00401,2026-01-04 22:11:41.420284,Petrol,83.90549376607495,200,16781.098753214992,223507.47230295514
FL00111,VH009,TR03631,2026-01-04 23:03:32.442488,Diesel,83.92382910223094,190,15945.527529423878,157931.1051077532
FL00112,VH034,TR03038,2026-01-04 23:55:23.464692,Diesel,116.64316630975252,190,22162.20159885298,85865.69323067955
FL00113,VH033,TR03992,2026-01-05 00:47:14.486897,Petrol,60.23170000202936,200,12046.340000405873,20954.175886554476
FL00114,VH030,TR01479,2026-01-05 01:39:05.509101,Diesel,110.35172410255333,190,20966.827579485132,161734.40698519192
FL00115,VH007,TR01915,2026-01-05 02:30:56.531306,Petrol,90.93285742761584,200,18186.571485523167,99625.66272360085
FL00116,VH026,TR01058,2026-01-05 03:22:47.553510,Diesel,144.65835663375682,190,27485.087760413797,227828.345170837
FL00117,VH032,TR02994,2026-01-05 04:14:38.575715,Petrol,63.93988964475758,200,12787.977928951515,18370.679851401892
FL00118,VH013,TR00042,2026-01-05 05:06:29.597919,Petrol,136.17030499651065,200,27234.06099930213,19384.5844821384
FL00119,VH040,TR04897,2026-01-05 05:58:20.620124,Petrol,124.88995662176052,200,24977.991324352104,237831.8288576645
FL00120,VH021,TR02171,2026-01-05 06:50:11.642328,Petrol,99.27299984252397,200,19854.599968504794,241569.7469630815
FL00121,VH045,TR00027,2026-01-05 07:42:02.664532,Diesel,101.63202534389642,190,19310.08481534032,16658.134425433265
FL00122,VH049,TR03534,2026-01-05 08:33:53.686737,Diesel,21.850990844897495,190,4151.6882605305245,181847.97638591862
FL00123,VH048,TR02619,2026-01-05 09:25:44.708941,Diesel,143.03144478308053,190,27175.9745087853,63158.76455892171
FL00124,VH038,TR01171,2026-01-05 10:17:35.731146,Diesel,24.97104888940415,190,4744.499288986788,178334.2639086574
FL00125,VH039,TR03699,2026-01-05 11:09:26.753350,Diesel,88.85266322409099,190,16882.006012577287,218495.87119791607
FL00126,VH033,TR00711,2026-01-05 12:01:17.775555,Petrol,56.20991206288163,200,11241.982412576326,34199.55492694609
FL00127,VH048,TR03200,2026-01-05 12:53:08.797759,Diesel,70.17927696057924,190,13334.062622510057,67303.94002289008
FL00128,VH033,TR02424,2026-01-05 13:44:59.819963,Petrol,95.42562151715438,200,19085.124303430875,15778.640398358759
FL00129,VH044,TR02019,2026-01-05 14:36:50.842168,Petrol,137.239192903525,200,27447.838580705,20519.16290666579
FL00130,VH015,TR04761,2026-01-05 15:28:41.864372,Petrol,74.0593973001222,200,14811.87946002444,17108.285972265803
FL00131,VH028,TR04879,2026-01-05 16:20:32.886577,Petrol,148.28213774290177,200,29656.427548580352,202163.76554233948
FL00132,VH020,TR02899,2026-01-05 17:12:23.908781,Petrol,92.99368914920997,200,18598.737829841994,81590.2428233864
FL00133,VH034,TR02048,2026-01-05 18:04:14.930986,Diesel,32.477551969904425,190,6170.734874281841,128370.74549727738
FL00134,VH011,TR01559,2026-01-05 18:56:05.953190,Diesel,36.601301276375324,190,6954.247242511312,199082.62326328392
FL00135,VH048,TR03595,2026-01-05 19:47:56.975395,Diesel,110.25554498249515,190,20948.55354667408,128786.47904961235
FL00136,VH002,TR01723,2026-01-05 20:39:47.997599,Petrol,17.055691194073447,200,3411.1382388146894,113007.05502990306
FL00137,VH047,TR04053,2026-01-05 21:31:39.019803,Petrol,77.24782067111175,200,15449.56413422235,12777.569557470115
FL00138,VH040,TR01652,2026-01-05 22:23:30.042008,Petrol,30.750675372492324,200,6150.135074498465,146329.48060882147
FL00139,VH014,TR01779,2026-01-05 23:15:21.064212,Diesel,70.65060892489831,190,13423.615695730678,39938.33875290074
FL00140,VH001,TR00684,2026-01-06 00:07:12.086417,Petrol,114.98843909004073,200,22997.687818008144,193515.57778984628
FL00141,VH023,TR01280,2026-01-06 00:59:03.108621,Diesel,74.23380995380079,190,14104.42389122215,71857.0537156047
FL00142,VH044,TR02295,2026-01-06 01:50:54.130826,Petrol,32.883155257329776,200,6576.631051465955,171804.97859407723
FL00143,VH043,TR02011,2026-01-06 02:42:45.153030,Diesel,45.26955184992994,190,8601.21485148669,165093.64667792307
FL00144,VH014,TR01216,2026-01-06 03:34:36.175235,Diesel,61.45554241130554,190,11676.553058148053,158002.14470320483
FL00145,VH026,TR02583,2026-01-06 04:26:27.197439,Diesel,19.73856568809806,190,3750.3274807386315,74068.48180892623
FL00146,VH036,TR01894,2026-01-06 05:18:18.219643,Diesel,91.80726905135707,190,17443.381119757843,74101.54652213636
FL00147,VH028,TR00314,2026-01-06 06:10:09.241848,Petrol,95.05473077892702,200,19010.946155785405,217131.5304259192
FL00148,VH023,TR03995,2026-01-06 07:02:00.264052,Diesel,18.701269798559444,190,3553.2412617262944,13073.75983130248
FL00149,VH037,TR00444,2026-01-06 07:53:51.286257,Diesel,66.32358496438269,190,12601.481143232711,53565.4320289499
FL00150,VH022,TR01672,2026-01-06 08:45:42.308461,Petrol,67.96009560386149,200,13592.019120772298,156441.02023407642
FL00151,VH043,TR02917,2026-01-06 09:37:33.330666,Diesel,56.73473959736417,190,10779.600523499192,206091.10105676076
FL00152,VH036,TR03267,2026-01-06 10:29:24.352870,Diesel,88.08356364635566,190,16735.877092807576,96002.92208148607
FL00153,VH050,TR04678,2026-01-06 11:21:15.375075,Diesel,58.43404860841565,190,11102.469235598974,166826.43006659203
FL00154,VH015,TR04644,2026-01-06 12:13:06.397279,Petrol,68.29729912689285,200,13659.45982537857,143717.54070885672
FL00155,VH023,TR03096,2026-01-06 13:04:57.419483,Diesel,121.65329664182478,190,23114.12636194671,25489.6250756885
FL00156,VH015,TR04561,2026-01-06 13:56:48.441688,Petrol,32.6953097602282,200,6539.061952045639,159220.04726336274
FL00157,VH012,TR01865,2026-01-06 14:48:39.463892,Diesel,96.67605734247893,190,18368.450895070997,205336.83334539842
FL00158,VH017,TR00716,2026-01-06 15:40:30.486097,Petrol,80.78321623671837,200,16156.643247343674,248187.59687185823
FL00159,VH044,TR00892,2026-01-06 16:32:21.508301,Petrol,52.71002924710887,200,10542.005849421774,17113.617436413486
FL00160,VH004,TR03808,2026-01-06 17:24:12.530506,Diesel,111.8548519086575,190,21252.421862644926,168413.96142012833
FL00161,VH017,TR00501,2026-01-06 18:16:03.552710,Petrol,87.16637033576072,200,17433.274067152142,109491.89275551091
FL00162,VH030,TR02783,2026-01-06 19:07:54.574914,Diesel,76.83061377449735,190,14597.816617154496,12349.093289489268
FL00163,VH044,TR02641,2026-01-06 19:59:45.597119,Petrol,103.47370406796801,200,20694.740813593602,157446.62649004272
FL00164,VH040,TR04503,2026-01-06 20:51:36.619323,Petrol,122.32064311739052,200,24464.128623478104,39382.55165335252
FL00165,VH001,TR01354,2026-01-06 21:43:27.641528,Petrol,146.17363060470066,200,29234.726120940133,100856.04404539279
FL00166,VH050,TR00703,2026-01-06 22:35:18.663732,Diesel,98.1090515726923,190,18640.719798811537,72728.10219721655
FL00167,VH039,TR02334,2026-01-06 23:27:09.685937,Diesel,132.4215979560536,190,25160.103611650185,96679.21654506384
FL00168,VH050,TR02195,2026-01-07 00:19:00.708141,Diesel,10.152815743213973,190,1929.0349912106549,128246.93956022791
FL00169,VH028,TR02010,2026-01-07 01:10:51.730346,Petrol,84.23299698162477,200,16846.599396324953,96210.28779748347
FL00170,VH024,TR00384,2026-01-07 02:02:42.752550,Petrol,40.05065682782774,200,8010.131365565548,142655.6489414894
FL00171,VH038,TR02059,2026-01-07 02:54:33.774754,Diesel,23.186943991639204,190,4405.519358411449,67275.9256558849
FL00172,VH011,TR02324,2026-01-07 03:46:24.796959,Diesel,84.47594238901489,190,16050.429053912829,162486.82418281157
FL00173,VH002,TR00886,2026-01-07 04:38:15.819163,Petrol,114.55571086087318,200,22911.142172174634,214903.1209899648
FL00174,VH017,TR01592,2026-01-07 05:30:06.841368,Petrol,67.71815314641316,200,13543.630629282632,63776.09125965097
FL00175,VH023,TR04399,2026-01-07 06:21:57.863572,Diesel,103.81504290822089,190,19724.85815256197,131890.5318053494
FL00176,VH007,TR02252,2026-01-07 07:13:48.885777,Petrol,78.560695537733,200,15712.1391075466,165685.54829197327
FL00177,VH017,TR04441,2026-01-07 08:05:39.907981,Petrol,71.19202123431964,200,14238.404246863927,145510.27149121987
FL00178,VH036,TR01784,2026-01-07 08:57:30.930186,Diesel,50.63592966102049,190,9620.826635593894,97755.86708613423
FL00179,VH049,TR04922,2026-01-07 09:49:21.952390,Diesel,63.56309203014064,190,12076.98748572672,164127.9299213796
FL00180,VH041,TR04118,2026-01-07 10:41:12.974594,Diesel,58.971388311219904,190,11204.563779131782,16779.089490418293
FL00181,VH050,TR02584,2026-01-07 11:33:03.996799,Diesel,100.4662057620834,190,19088.57909479585,98777.49567914392
FL00182,VH003,TR01730,2026-01-07 12:24:55.019003,Diesel,26.242591579079534,190,4986.092400025112,137826.93151384074
FL00183,VH024,TR00263,2026-01-07 13:16:46.041208,Petrol,22.96909161629284,200,4593.818323258568,14947.158120607523
FL00184,VH049,TR02632,2026-01-07 14:08:37.063412,Diesel,102.40181918918445,190,19456.345645945046,131835.71912423195
FL00185,VH017,TR03827,2026-01-07 15:00:28.085617,Petrol,86.4817297830433,200,17296.34595660866,167021.07058375078
FL00186,VH002,TR02431,2026-01-07 15:52:19.107821,Petrol,70.22801354397205,200,14045.602708794411,192209.84745113083
FL00187,VH012,TR00392,2026-01-07 16:44:10.130026,Diesel,31.342003817106495,190,5954.980725250234,37209.77953826329
FL00188,VH036,TR02937,2026-01-07 17:36:01.152230,Diesel,67.54379566170361,190,12833.321175723686,247735.56997400676
FL00189,VH036,TR03673,2026-01-07 18:27:52.174434,Diesel,120.56244686480163,190,22906.864904312308,155480.24832042295
FL00190,VH013,TR00540,2026-01-07 19:19:43.196639,Petrol,134.54697301049598,200,26909.394602099193,97166.51022695919
FL00191,VH017,TR01116,2026-01-07 20:11:34.218843,Petrol,108.36071979499081,200,21672.143958998164,69782.28506961132
FL00192,VH030,TR00884,2026-01-07 21:03:25.241048,Diesel,18.387704623323316,190,3493.66387843143,147495.2468040195
FL00193,VH019,TR04324,2026-01-07 21:55:16.263252,Diesel,103.8573687241566,190,19732.900057589755,221610.79531997698
FL00194,VH038,TR02420,2026-01-07 22:47:07.285457,Diesel,43.73798253648124,190,8310.216681931435,134935.69507392755
FL00195,VH026,TR01400,2026-01-07 23:38:58.307661,Diesel,54.135174023696706,190,10285.683064502375,168753.29334519047
FL00196,VH024,TR01577,2026-01-08 00:30:49.329865,Petrol,37.422249114397836,200,7484.449822879567,95847.14548973444
FL00197,VH018,TR02085,2026-01-08 01:22:40.352070,Diesel,118.60581068682865,190,22535.10403049744,103156.54914135343
FL00198,VH005,TR04787,2026-01-08 02:14:31.374274,Diesel,100.80429716921905,190,19152.81646215162,78682.02538525408
FL00199,VH049,TR01536,2026-01-08 03:06:22.396479,Diesel,95.65690764388532,190,18174.81245233821,179352.95064837753
FL00200,VH043,TR04754,2026-01-08 03:58:13.418683,Diesel,103.51616535369865,190,19668.071417202744,96205.01281997561
FL00201,VH024,TR00090,2026-01-08 04:50:04.440888,Petrol,43.14811659654647,200,8629.623319309294,55771.93696989742
FL00202,VH011,TR04191,2026-01-08 05:41:55.463092,Diesel,72.25021800555064,190,13727.54142105462,98656.1370798971
FL00203,VH024,TR01655,2026-01-08 06:33:46.485297,Petrol,98.65552101685849,200,19731.1042033717,214918.52987986148
FL00204,VH018,TR01902,2026-01-08 07:25:37.507501,Diesel,99.12316386656205,190,18833.40113464679,187180.49045846163
FL00205,VH017,TR02680,2026-01-08 08:17:28.529705,Petrol,120.85926078571828,200,24171.852157143654,90313.80267125534
FL00206,VH021,TR02171,2026-01-08 09:09:19.551910,Petrol,50.194555336335476,200,10038.911067267096,227634.15156080856
FL00207,VH034,TR00366,2026-01-08 10:01:10.574114,Diesel,117.84705703755513,190,22390.940837135477,27959.832428192072
FL00208,VH037,TR03961,2026-01-08 10:53:01.596319,Diesel,71.62582728637099,190,13608.90718441049,21940.909939274374
FL00209,VH035,TR02373,2026-01-08 11:44:52.618523,Diesel,103.82417688825088,190,19726.593608767667,40592.885148457906
FL00210,VH045,TR00519,2026-01-08 12:36:43.640728,Diesel,73.80071320914016,190,14022.13550973663,37949.141406064744
FL00211,VH004,TR04992,2026-01-08 13:28:34.662932,Diesel,142.80542377073206,190,27133.030516439092,31080.235602961722
FL00212,VH048,TR03711,2026-01-08 14:20:25.685137,Diesel,35.10231706383023,190,6669.440242127744,168722.22687951816
FL00213,VH010,TR00830,2026-01-08 15:12:16.707341,Diesel,104.50071240153,190,19855.1353562907,154202.17111730174
FL00214,VH017,TR02634,2026-01-08 16:04:07.729545,Petrol,90.71490010754225,200,18142.98002150845,165425.32253961152
FL00215,VH046,TR00271,2026-01-08 16:55:58.751750,Diesel,34.18234573268424,190,6494.645689210006,175207.8529988872
FL00216,VH050,TR02987,2026-01-08 17:47:49.773954,Diesel,19.24088701363351,190,3655.768532590367,191651.14059536316
FL00217,VH038,TR03539,2026-01-08 18:39:40.796159,Diesel,121.8802144560329,190,23157.24074664625,59722.462596738485
FL00218,VH019,TR04565,2026-01-08 19:31:31.818363,Diesel,32.04318671047713,190,6088.205474990655,159352.84317635195
FL00219,VH032,TR04815,2026-01-08 20:23:22.840568,Petrol,36.11093559000864,200,7222.187118001728,149211.67824072958
FL00220,VH038,TR01008,2026-01-08 21:15:13.862772,Diesel,146.9807913584655,190,27926.350358108444,236478.4061928337
FL00221,VH018,TR02318,2026-01-08 22:07:04.884976,Diesel,110.41651920672831,190,20979.13864927838,65768.25381751565
FL00222,VH009,TR00605,2026-01-08 22:58:55.907181,Diesel,45.068157824171145,190,8562.949986592517,24093.504249839534
FL00223,VH015,TR04474,2026-01-08 23:50:46.929385,Petrol,92.73285442122418,200,18546.570884244837,166838.81673149037
FL00224,VH021,TR00177,2026-01-09 00:42:37.951590,Petrol,84.77565737635186,200,16955.131475270373,187641.48165681082
FL00225,VH041,TR02322,2026-01-09 01:34:28.973794,Diesel,128.22625745193864,190,24362.98891586834,77967.04139381216
FL00226,VH013,TR01715,2026-01-09 02:26:19.995999,Petrol,112.1049046965674,200,22420.980939313482,147003.62342552055
FL00227,VH027,TR00637,2026-01-09 03:18:11.018203,Petrol,126.440957569046,200,25288.1915138092,24288.65572819614
FL00228,VH040,TR02624,2026-01-09 04:10:02.040408,Petrol,39.61092231683074,200,7922.184463366148,240410.76188038936
FL00229,VH033,TR04156,2026-01-09 05:01:53.062612,Petrol,99.63068861138072,200,19926.137722276144,36381.99359180046
FL00230,VH003,TR02779,2026-01-09 05:53:44.084816,Diesel,15.633720178573245,190,2970.4068339289165,26216.928676478972
FL00231,VH046,TR03753,2026-01-09 06:45:35.107021,Diesel,19.651685719090814,190,3733.8202866272545,20586.43827870857
FL00232,VH017,TR00661,2026-01-09 07:37:26.129225,Petrol,109.89378457864362,200,21978.756915728725,112545.25756080465
FL00233,VH024,TR04366,2026-01-09 08:29:17.151430,Petrol,13.41881437015039,200,2683.762874030078,33318.338429725605
FL00234,VH044,TR03188,2026-01-09 09:21:08.173634,Petrol,91.16710124607128,200,18233.420249214258,188715.57782933806
FL00235,VH029,TR04341,2026-01-09 10:12:59.195839,Diesel,127.6567137822342,190,24254.7756186245,225729.79855033738
FL00236,VH040,TR04756,2026-01-09 11:04:50.218043,Petrol,63.191853178524006,200,12638.370635704801,72452.5437579657
FL00237,VH032,TR00085,2026-01-09 11:56:41.240248,Petrol,16.27766115758779,200,3255.532231517558,160905.54862033573
FL00238,VH034,TR03671,2026-01-09 12:48:32.262452,Diesel,109.93864294802175,190,20888.34216012413,20161.227282836266
FL00239,VH038,TR00907,2026-01-09 13:40:23.284656,Diesel,140.15610334498112,190,26629.659635546413,102775.4732062709
FL00240,VH002,TR03522,2026-01-09 14:32:14.306861,Petrol,110.4039948881575,200,22080.7989776315,80306.1072226548
FL00241,VH004,TR01876,2026-01-09 15:24:05.329065,Diesel,90.98261402038854,190,17286.696663873823,64868.58314568612
FL00242,VH019,TR03959,2026-01-09 16:15:56.351270,Diesel,42.2040361830684,190,8018.766874782997,164733.63751088778
FL00243,VH045,TR02137,2026-01-09 17:07:47.373474,Diesel,12.152587366229579,190,2308.99159958362,41254.707126048714
FL00244,VH026,TR02597,2026-01-09 17:59:38.395679,Diesel,107.25409518706745,190,20378.278085542814,216570.52559127723
FL00245,VH037,TR00854,2026-01-09 18:51:29.417883,Diesel,42.34366461820102,190,8045.296277458194,169560.6175284963
FL00246,VH042,TR00507,2026-01-09 19:43:20.440088,Diesel,130.14277480553005,190,24727.12721305071,180576.44288513393
FL00247,VH023,TR00408,2026-01-09 20:35:11.462292,Diesel,75.29097663656559,190,14305.28556094746,234482.63407784037
FL00248,VH025,TR00524,2026-01-09 21:27:02.484496,Diesel,84.28898153214388,190,16014.906491107336,236169.48916060352
FL00249,VH010,TR03051,2026-01-09 22:18:53.506701,Diesel,115.55111619729134,190,21954.712077485354,142396.5577166166
FL00250,VH030,TR02398,2026-01-09 23:10:44.528905,Diesel,119.12028509246804,190,22632.854167568927,128891.15614863532
FL00251,VH048,TR02900,2026-01-10 00:02:35.551110,Diesel,99.97111663127954,190,18994.51215994311,90491.58597445843
FL00252,VH040,TR00328,2026-01-10 00:54:26.573314,Petrol,141.38045415778402,200,28276.0908315568,181737.1864485924
FL00253,VH030,TR01836,2026-01-10 01:46:17.595519,Diesel,147.5217810848587,190,28029.138406123155,139170.1328751551
FL00254,VH045,TR01310,2026-01-10 02:38:08.617723,Diesel,142.56396221244637,190,27087.15282036481,233890.01913762992
FL00255,VH011,TR04719,2026-01-10 03:29:59.639927,Diesel,125.3850859481521,190,23823.1663301489,67270.22769102528
FL00256,VH019,TR02536,2026-01-10 04:21:50.662132,Diesel,108.78753083419521,190,20669.63085849709,84460.64470011777
FL00257,VH012,TR02042,2026-01-10 05:13:41.684336,Diesel,102.86562010343346,190,19544.467819652356,85861.70738079249
FL00258,VH023,TR02535,2026-01-10 06:05:32.706541,Diesel,24.525024768874744,190,4659.754706086202,203439.6290936097
FL00259,VH006,TR02193,2026-01-10 06:57:23.728745,Diesel,48.00780855467575,190,9121.483625388391,33769.67964211656
FL00260,VH018,TR00756,2026-01-10 07:49:14.750950,Diesel,10.796351294112785,190,2051.3067458814294,119355.78903735512
FL00261,VH016,TR00146,2026-01-10 08:41:05.773154,Diesel,29.237381832758864,190,5555.102548224184,112619.37687353136
FL00262,VH038,TR03823,2026-01-10 09:32:56.795359,Diesel,71.49212680368638,190,13583.504092700412,27553.509043302063
FL00263,VH001,TR03575,2026-01-10 10:24:47.817563,Petrol,30.515117110470268,200,6103.023422094054,108591.27965064332
FL00264,VH023,TR01628,2026-01-10 11:16:38.839767,Diesel,136.2328780547461,190,25884.246830401757,133210.7159881555
FL00265,VH007,TR04924,2026-01-10 12:08:29.861972,Petrol,122.79788594693947,200,24559.577189387895,25625.126201179177
FL00266,VH009,TR01859,2026-01-10 13:00:20.884176,Diesel,20.02566769253255,190,3804.8768615811846,132366.91082672018
FL00267,VH048,TR04723,2026-01-10 13:52:11.906381,Diesel,44.84792016541724,190,8521.104831429277,240217.09712401626
FL00268,VH031,TR03599,2026-01-10 14:44:02.928585,Petrol,124.67006384561124,200,24934.012769122248,244939.43755876774
FL00269,VH047,TR00630,2026-01-10 15:35:53.950790,Petrol,122.4264577183823,200,24485.29154367646,137603.1468615547
FL00270,VH025,TR03167,2026-01-10 16:27:44.972994,Diesel,142.36307701649042,190,27048.98463313318,133623.26382471016
FL00271,VH016,TR03519,2026-01-10 17:19:35.995199,Diesel,149.65668662643043,190,28434.77045902178,78521.95993993395
FL00272,VH015,TR04353,2026-01-10 18:11:27.017403,Petrol,146.67780885375706,200,29335.56177075141,249307.7132109044
FL00273,VH019,TR03915,2026-01-10 19:03:18.039607,Diesel,67.41931800100181,190,12809.670420190345,75815.00104605425
FL00274,VH026,TR00905,2026-01-10 19:55:09.061812,Diesel,45.045982132284514,190,8558.736605134058,118696.31210558953
FL00275,VH002,TR02618,2026-01-10 20:47:00.084016,Petrol,116.17742665978875,200,23235.48533195775,10704.173872642366
FL00276,VH008,TR02790,2026-01-10 21:38:51.106221,Diesel,51.89820498416431,190,9860.658946991218,93815.74981819285
FL00277,VH003,TR00108,2026-01-10 22:30:42.128425,Diesel,122.89605041838617,190,23350.24957949337,27145.672146117733
FL00278,VH027,TR01043,2026-01-10 23:22:33.150630,Petrol,84.75366225570941,200,16950.732451141885,188517.94489243175
FL00279,VH016,TR01389,2026-01-11 00:14:24.172834,Diesel,121.14981853289355,190,23018.465521249775,144643.46872718373
FL00280,VH050,TR01677,2026-01-11 01:06:15.195039,Diesel,48.623183160381465,190,9238.40480047248,147321.25054903756
FL00281,VH002,TR04256,2026-01-11 01:58:06.217243,Petrol,81.12382417753491,200,16224.764835506983,78762.70861592871
FL00282,VH041,TR04196,2026-01-11 02:49:57.239447,Diesel,88.96333110430548,190,16903.03290981804,205575.10966071367
FL00283,VH007,TR00265,2026-01-11 03:41:48.261652,Petrol,142.03512948081848,200,28407.025896163697,10785.022079500042
FL00284,VH019,TR03822,2026-01-11 04:33:39.283856,Diesel,47.32366075625842,190,8991.4955436891,90064.2829994061
FL00285,VH001,TR02798,2026-01-11 05:25:30.306061,Petrol,141.13635349988525,200,28227.27069997705,168279.39771012825
FL00286,VH020,TR03121,2026-01-11 06:17:21.328265,Petrol,122.68024816520023,200,24536.049633040046,227901.40898006104
FL00287,VH008,TR00677,2026-01-11 07:09:12.350470,Diesel,112.32516757213733,190,21341.781838706094,66307.82966205594
FL00288,VH003,TR04895,2026-01-11 08:01:03.372674,Diesel,120.16183768591752,190,22830.74916032433,139864.01241458033
FL00289,VH019,TR03487,2026-01-11 08:52:54.394878,Diesel,94.75950642320798,190,18004.306220409515,139117.94092799706
FL00290,VH031,TR02707,2026-01-11 09:44:45.417083,Petrol,44.171201464748016,200,8834.240292949604,219801.84857048796
FL00291,VH047,TR03970,2026-01-11 10:36:36.439287,Petrol,36.52929563757938,200,7305.859127515876,22124.053494362164
FL00292,VH013,TR00608,2026-01-11 11:28:27.461492,Petrol,131.28780101905465,200,26257.560203810932,111874.13465696975
FL00293,VH021,TR03426,2026-01-11 12:20:18.483696,Petrol,111.51951636341664,200,22303.90327268333,53791.76195006357
FL00294,VH020,TR02395,2026-01-11 13:12:09.505901,Petrol,39.84859958653287,200,7969.719917306574,15167.824071663532
FL00295,VH024,TR02860,2026-01-11 14:04:00.528105,Petrol,96.11307122241622,200,19222.614244483244,45287.425724915876
FL00296,VH040,TR04897,2026-01-11 14:55:51.550310,Petrol,72.65650739799133,200,14531.301479598267,244352.96148356778
FL00297,VH018,TR01161,2026-01-11 15:47:42.572514,Diesel,32.21172379483315,190,6120.227521018298,61563.6422848643
FL00298,VH015,TR01848,2026-01-11 16:39:33.594718,Petrol,84.45999531000301,200,16891.999062000603,234407.385600592
FL00299,VH027,TR04058,2026-01-11 17:31:24.616923,Petrol,49.41267294529842,200,9882.534589059684,59261.042231426
FL00300,VH004,TR01492,2026-01-11 18:23:15.639127,Diesel,23.474177382060017,190,4460.093702591404,233510.85457227626
FL00301,VH015,TR02022,2026-01-11 19:15:06.661332,Petrol,75.37416179635751,200,15074.832359271502,167109.02444807545
FL00302,VH002,TR04599,2026-01-11 20:06:57.683536,Petrol,92.61519729309866,200,18523.039458619733,37172.45860046243
FL00303,VH019,TR03016,2026-01-11 20:58:48.705741,Diesel,16.566897453361072,190,3147.710516138604,149659.63723037866
FL00304,VH020,TR04567,2026-01-11 21:50:39.727945,Petrol,66.29298491753956,200,13258.59698350791,86443.36900966687
FL00305,VH012,TR02738,2026-01-11 22:42:30.750150,Diesel,46.07266877713594,190,8753.807067655829,101956.75743473685
FL00306,VH025,TR02049,2026-01-11 23:34:21.772354,Diesel,14.291082699012538,190,2715.3057128123824,115641.02988039353
FL00307,VH018,TR04206,2026-01-12 00:26:12.794558,Diesel,27.592756945610812,190,5242.623819666054,111449.6854072803
FL00308,VH009,TR03955,2026-01-12 01:18:03.816763,Diesel,29.46478223457286,190,5598.308624568843,169386.13371592693
FL00309,VH006,TR00894,2026-01-12 02:09:54.838967,Diesel,35.60239473651596,190,6764.454999938032,194408.33646178315
FL00310,VH046,TR01088,2026-01-12 03:01:45.861172,Diesel,122.47286000130897,190,23269.843400248705,89002.64540826912
FL00311,VH047,TR04852,2026-01-12 03:53:36.883376,Petrol,71.52886130693949,200,14305.772261387898,231847.35080456556
FL00312,VH026,TR04149,2026-01-12 04:45:27.905581,Diesel,30.59203891785416,190,5812.48739439229,235231.91536453034
FL00313,VH009,TR02310,2026-01-12 05:37:18.927785,Diesel,24.041575369904496,190,4567.899320281855,19765.704916274415
FL00314,VH049,TR03601,2026-01-12 06:29:09.949989,Diesel,51.71166422206547,190,9825.21620219244,13578.10933192444
FL00315,VH021,TR02934,2026-01-12 07:21:00.972194,Petrol,121.72217261862332,200,24344.434523724663,112015.91923625463
FL00316,VH039,TR02282,2026-01-12 08:12:51.994398,Diesel,61.024378711550085,190,11594.631955194516,151754.86023703805
FL00317,VH028,TR00073,2026-01-12 09:04:43.016603,Petrol,32.385630441151335,200,6477.126088230267,76697.13938849479
FL00318,VH024,TR01381,2026-01-12 09:56:34.038807,Petrol,66.57626541646239,200,13315.253083292479,72259.30026058585
FL00319,VH045,TR00484,2026-01-12 10:48:25.061012,Diesel,87.74361802018805,190,16671.28742383573,172800.11913020577
FL00320,VH005,TR01030,2026-01-12 11:40:16.083216,Diesel,14.141785709321939,190,2686.9392847711683,154409.02831733675
FL00321,VH007,TR03782,2026-01-12 12:32:07.105421,Petrol,97.86985220162424,200,19573.970440324847,50115.24999834631
FL00322,VH036,TR04973,2026-01-12 13:23:58.127625,Diesel,65.3141054220705,190,12409.680030193394,222280.23118363813
FL00323,VH049,TR03780,2026-01-12 14:15:49.149829,Diesel,11.361622518367213,190,2158.7082784897702,173194.25683865676
FL00324,VH033,TR01832,2026-01-12 15:07:40.172034,Petrol,104.34451585249333,200,20868.903170498666,97018.299800562
FL00325,VH041,TR04955,2026-01-12 15:59:31.194238,Diesel,109.73426897877074,190,20849.51110596644,174069.925597876
FL00326,VH047,TR02021,2026-01-12 16:51:22.216443,Petrol,98.03757039821559,200,19607.51407964312,37036.740824275825
FL00327,VH030,TR00779,2026-01-12 17:43:13.238647,Diesel,57.870230463779116,190,10995.343788118033,122381.46989777345
FL00328,VH047,TR03476,2026-01-12 18:35:04.260852,Petrol,84.14467956923455,200,16828.93591384691,50556.25829429423
FL00329,VH010,TR04724,2026-01-12 19:26:55.283056,Diesel,64.20207885868095,190,12198.394983149381,19943.49907082479
FL00330,VH014,TR03278,2026-01-12 20:18:46.305261,Diesel,108.08704222235721,190,20536.53802224787,91198.30486919194
FL00331,VH026,TR00410,2026-01-12 21:10:37.327465,Diesel,91.70122607271641,190,17423.232953816118,46176.51603538798
FL00332,VH040,TR01060,2026-01-12 22:02:28.349669,Petrol,21.451875935842963,200,4290.375187168593,162044.30966891794
FL00333,VH009,TR02310,2026-01-12 22:54:19.371874,Diesel,100.03309815065964,190,19006.28864862533,171776.29456425048
FL00334,VH040,TR01601,2026-01-12 23:46:10.394078,Petrol,106.21337800729222,200,21242.675601458443,45686.1534943848
FL00335,VH019,TR04988,2026-01-13 00:38:01.416283,Diesel,61.89830528605791,190,11760.678004351003,15907.121344822306
FL00336,VH005,TR04544,2026-01-13 01:29:52.438487,Diesel,132.6100093343586,190,25195.901773528134,200274.5347924385
FL00337,VH026,TR02234,2026-01-13 02:21:43.460692,Diesel,128.02200967829478,190,24324.181838876008,10493.684974854948
FL00338,VH031,TR01653,2026-01-13 03:13:34.482896,Petrol,34.5233133459633,200,6904.66266919266,92539.1414041093
FL00339,VH022,TR01298,2026-01-13 04:05:25.505101,Petrol,136.5972831880216,200,27319.456637604322,128699.99153096076
FL00340,VH016,TR00352,2026-01-13 04:57:16.527305,Diesel,71.72213200931085,190,13627.205081769062,206474.12524922387
FL00341,VH033,TR03223,2026-01-13 05:49:07.549509,Petrol,111.32495136880107,200,22264.990273760213,211254.07425907376
FL00342,VH027,TR02432,2026-01-13 06:40:58.571714,Petrol,123.97358097541303,200,24794.716195082605,183985.46574650932
FL00343,VH019,TR00465,2026-01-13 07:32:49.593918,Diesel,80.71573894975658,190,15335.990400453751,69327.42940957549
FL00344,VH018,TR02514,2026-01-13 08:24:40.616123,Diesel,65.8742715119142,190,12516.111587263698,182844.864236601
FL00345,VH025,TR03167,2026-01-13 09:16:31.638327,Diesel,138.16319160611377,190,26251.006405161617,69169.407490466
FL00346,VH021,TR02210,2026-01-13 10:08:22.660532,Petrol,42.31949741095925,200,8463.89948219185,61505.96601560839
FL00347,VH006,TR00556,2026-01-13 11:00:13.682736,Diesel,45.97581088068023,190,8735.404067329244,141310.70901532777
FL00348,VH045,TR00300,2026-01-13 11:52:04.704940,Diesel,60.62684396188119,190,11519.100352757427,172925.06652017502
FL00349,VH032,TR03867,2026-01-13 12:43:55.727145,Petrol,130.32520891587916,200,26065.04178317583,22732.42381880334
FL00350,VH021,TR00356,2026-01-13 13:35:46.749349,Petrol,141.43035698983064,200,28286.071397966127,24405.424269906027
FL00351,VH021,TR00564,2026-01-13 14:27:37.771554,Petrol,40.80948006568066,200,8161.896013136132,198200.96483602954
FL00352,VH021,TR04010,2026-01-13 15:19:28.793758,Petrol,130.94182066837436,200,26188.364133674873,216279.34023171515
FL00353,VH043,TR04889,2026-01-13 16:11:19.815963,Diesel,46.1484143255997,190,8768.198721863944,155065.81992205456
FL00354,VH047,TR01023,2026-01-13 17:03:10.838167,Petrol,145.88977454498433,200,29177.954908996868,112918.72232965262
FL00355,VH008,TR01191,2026-01-13 17:55:01.860372,Diesel,93.63710487742152,190,17791.04992671009,212875.95510380462
FL00356,VH011,TR03211,2026-01-13 18:46:52.882576,Diesel,10.992105442633536,190,2088.500034100372,184916.08786607924
FL00357,VH037,TR01905,2026-01-13 19:38:43.904780,Diesel,14.778186569964904,190,2807.855448293332,149102.60762350445
FL00358,VH037,TR02037,2026-01-13 20:30:34.926985,Diesel,30.647834312659185,190,5823.088519405245,86741.7092677032
FL00359,VH015,TR01027,2026-01-13 21:22:25.949189,Petrol,36.26024209462594,200,7252.048418925187,57518.814797635896
FL00360,VH039,TR00256,2026-01-13 22:14:16.971394,Diesel,117.46667719572352,190,22318.66866718747,110481.52942516375
FL00361,VH012,TR02419,2026-01-13 23:06:07.993598,Diesel,41.187222698372985,190,7825.572312690867,78837.41823045077
FL00362,VH022,TR02564,2026-01-13 23:57:59.015803,Petrol,145.67982680698037,200,29135.965361396076,91422.06105627063
FL00363,VH031,TR02952,2026-01-14 00:49:50.038007,Petrol,99.05568800841137,200,19811.137601682272,133751.4532748878
FL00364,VH008,TR00270,2026-01-14 01:41:41.060212,Diesel,106.95245129549248,190,20320.96574614357,50582.549668386346
FL00365,VH037,TR00928,2026-01-14 02:33:32.082416,Diesel,40.494312699929054,190,7693.91941298652,203482.40321771812
FL00366,VH002,TR00064,2026-01-14 03:25:23.104620,Petrol,134.97888397331187,200,26995.77679466237,44927.07081154419
FL00367,VH004,TR04556,2026-01-14 04:17:14.126825,Diesel,103.4940401947904,190,19663.867637010175,125438.47346102858
FL00368,VH027,TR01043,2026-01-14 05:09:05.149029,Petrol,131.01678740786093,200,26203.357481572188,189033.12113930477
FL00369,VH013,TR04189,2026-01-14 06:00:56.171234,Petrol,143.90735361237176,200,28781.470722474354,126404.9698455031
FL00370,VH043,TR04869,2026-01-14 06:52:47.193438,Diesel,27.5897367953435,190,5242.049991115266,96645.2952612733
FL00371,VH018,TR00810,2026-01-14 07:44:38.215643,Diesel,23.522212237652393,190,4469.220325153955,123973.91339746023
FL00372,VH012,TR02042,2026-01-14 08:36:29.237847,Diesel,122.477095722549,190,23270.64818728431,213680.96772979372
FL00373,VH008,TR03089,2026-01-14 09:28:20.260052,Diesel,131.25764827318386,190,24938.953171904934,247703.60758814984
FL00374,VH046,TR01647,2026-01-14 10:20:11.282256,Diesel,91.72659892291799,190,17428.05379535442,161474.38942946453
FL00375,VH032,TR04936,2026-01-14 11:12:02.304460,Petrol,61.240076685072886,200,12248.015337014576,200426.57023568818
FL00376,VH031,TR00488,2026-01-14 12:03:53.326665,Petrol,101.36814905053131,200,20273.629810106264,13477.28467822928
FL00377,VH040,TR03082,2026-01-14 12:55:44.348869,Petrol,52.79297016294402,200,10558.594032588804,221287.45828589742
FL00378,VH035,TR01748,2026-01-14 13:47:35.371074,Diesel,43.37399690148554,190,8241.059411282253,238971.94238270036
FL00379,VH027,TR00749,2026-01-14 14:39:26.393278,Petrol,78.34032933381717,200,15668.065866763432,148040.64202181692
FL00380,VH034,TR03838,2026-01-14 15:31:17.415483,Diesel,40.261535864893155,190,7649.6918143297,190913.16689445276
FL00381,VH006,TR00528,2026-01-14 16:23:08.437687,Diesel,77.71850516412421,190,14766.5159811836,133058.73831041798
FL00382,VH049,TR01168,2026-01-14 17:14:59.459891,Diesel,143.92491076490006,190,27345.733045331013,78688.89770934153
FL00383,VH034,TR04650,2026-01-14 18:06:50.482096,Diesel,127.56976498643466,190,24238.255347422586,214539.5132759231
FL00384,VH020,TR04611,2026-01-14 18:58:41.504300,Petrol,141.82832873000314,200,28365.665746000628,153240.81087902604
FL00385,VH043,TR03542,2026-01-14 19:50:32.526505,Diesel,122.8860564786302,190,23348.350730939736,149051.94010993768
FL00386,VH026,TR04473,2026-01-14 20:42:23.548709,Diesel,59.66513103247874,190,11336.37489617096,168191.72892188953
FL00387,VH045,TR03740,2026-01-14 21:34:14.570914,Diesel,123.68633339721828,190,23500.403345471474,215440.75979892362
FL00388,VH045,TR00484,2026-01-14 22:26:05.593118,Diesel,139.20820409744996,190,26449.558778515493,185657.47018503144
FL00389,VH030,TR00452,2026-01-14 23:17:56.615323,Diesel,142.5850102971876,190,27091.151956465645,60669.806611778855
FL00390,VH033,TR04070,2026-01-15 00:09:47.637527,Petrol,105.64769909589958,200,21129.539819179918,122037.65065775669
FL00391,VH013,TR04398,2026-01-15 01:01:38.659731,Petrol,39.59133013411584,200,7918.266026823168,245271.59967668948
FL00392,VH038,TR03134,2026-01-15 01:53:29.681936,Diesel,15.562081471056718,190,2956.7954795007763,143094.5713030659
FL00393,VH020,TR01774,2026-01-15 02:45:20.704140,Petrol,30.608031942421807,200,6121.606388484362,235178.88483299167
FL00394,VH015,TR00999,2026-01-15 03:37:11.726345,Petrol,145.17656850515235,200,29035.31370103047,205208.67671513342
FL00395,VH008,TR02066,2026-01-15 04:29:02.748549,Diesel,74.69355538698773,190,14191.775523527667,169845.6260341021
FL00396,VH043,TR00398,2026-01-15 05:20:53.770754,Diesel,129.69804207648804,190,24642.627994532726,93847.64863834126
FL00397,VH032,TR01804,2026-01-15 06:12:44.792958,Petrol,75.10618149816075,200,15021.23629963215,83036.64340610536
FL00398,VH025,TR02152,2026-01-15 07:04:35.815163,Diesel,102.51446168437752,190,19477.74772003173,164421.0556714211
FL00399,VH040,TR01947,2026-01-15 07:56:26.837367,Petrol,13.37970879712671,200,2675.941759425342,113814.6978031386
FL00400,VH011,TR03718,2026-01-15 08:48:17.859571,Diesel,44.98109198071135,190,8546.407476335156,201700.86947601452
FL00401,VH038,TR03416,2026-01-15 09:40:08.881776,Diesel,71.07769920596249,190,13504.762849132872,192509.617489647
FL00402,VH012,TR01395,2026-01-15 10:31:59.903980,Diesel,98.28834660158284,190,18674.78585430074,84911.31681724342
FL00403,VH011,TR04129,2026-01-15 11:23:50.926185,Diesel,34.01296632744499,190,6462.463602214549,178654.90793482287
FL00404,VH014,TR02422,2026-01-15 12:15:41.948389,Diesel,117.0372049978686,190,22237.068949595036,128692.04562332417
FL00405,VH004,TR03920,2026-01-15 13:07:32.970594,Diesel,61.016658859073225,190,11593.165183223913,87590.1041953593
FL00406,VH026,TR03084,2026-01-15 13:59:23.992798,Diesel,124.44093769274382,190,23643.778161621325,109111.9822635136
FL00407,VH047,TR02789,2026-01-15 14:51:15.015003,Petrol,23.71567265530942,200,4743.1345310618835,224884.44813094285
FL00408,VH026,TR01845,2026-01-15 15:43:06.037207,Diesel,105.16592227553207,190,19981.525232351094,96284.24610940971
FL00409,VH011,TR01805,2026-01-15 16:34:57.059411,Diesel,51.06596664891143,190,9702.53366329317,78975.82559666992
FL00410,VH026,TR00890,2026-01-15 17:26:48.081616,Diesel,121.35364437716652,190,23057.19243166164,94433.73297043308
FL00411,VH004,TR02504,2026-01-15 18:18:39.103820,Diesel,66.30385978593748,190,12597.73335932812,61508.42469008601
FL00412,VH036,TR01894,2026-01-15 19:10:30.126025,Diesel,103.14894851689931,190,19598.30021821087,140712.39697511887
FL00413,VH028,TR01667,2026-01-15 20:02:21.148229,Petrol,140.8027376091063,200,28160.547521821256,45384.74471740773
FL00414,VH019,TR04345,2026-01-15 20:54:12.170434,Diesel,12.88772848192701,190,2448.668411566132,206186.50874485992
FL00415,VH007,TR03066,2026-01-15 21:46:03.192638,Petrol,11.556349526812308,200,2311.2699053624615,64139.25933895026
FL00416,VH005,TR03642,2026-01-15 22:37:54.214842,Diesel,117.83909530473989,190,22389.428107900578,153533.20660951495
FL00417,VH015,TR03076,2026-01-15 23:29:45.237047,Petrol,100.49502721113093,200,20099.005442226186,40006.119740774455
FL00418,VH032,TR01260,2026-01-16 00:21:36.259251,Petrol,51.01716087062057,200,10203.432174124115,244828.75557143832
FL00419,VH047,TR02221,2026-01-16 01:13:27.281456,Petrol,79.21553838839674,200,15843.107677679347,119098.11013447531
FL00420,VH012,TR02419,2026-01-16 02:05:18.303660,Diesel,15.870993183841623,190,3015.488704929908,207321.1217821155
FL00421,VH024,TR02839,2026-01-16 02:57:09.325865,Petrol,36.94238475057371,200,7388.476950114742,194475.4805559961
FL00422,VH003,TR02797,2026-01-16 03:49:00.348069,Diesel,69.42949243380345,190,13191.603562422655,181286.3313149629
FL00423,VH049,TR00787,2026-01-16 04:40:51.370274,Diesel,126.76621827100752,190,24085.581471491427,208567.56908910634
FL00424,VH038,TR03368,2026-01-16 05:32:42.392478,Diesel,77.15340560041187,190,14659.147064078255,34111.2660783294
FL00425,VH032,TR04936,2026-01-16 06:24:33.414682,Petrol,92.09075063363701,200,18418.150126727403,172839.3273932709
FL00426,VH042,TR02448,2026-01-16 07:16:24.436887,Diesel,132.32553087912925,190,25141.850867034558,73798.53646570747
FL00427,VH027,TR03130,2026-01-16 08:08:15.459091,Petrol,53.23464790243834,200,10646.929580487667,198609.19937598155
FL00428,VH044,TR01899,2026-01-16 09:00:06.481296,Petrol,108.09790495428783,200,21619.580990857565,239648.50236349332
FL00429,VH013,TR04504,2026-01-16 09:51:57.503500,Petrol,130.63341621495545,200,26126.68324299109,226357.487162247
FL00430,VH047,TR03585,2026-01-16 10:43:48.525705,Petrol,38.366198097464746,200,7673.23961949295,37588.53339367986
FL00431,VH034,TR04160,2026-01-16 11:35:39.547909,Diesel,59.906943120696546,190,11382.319192932344,98692.58096147704
FL00432,VH017,TR03950,2026-01-16 12:27:30.570114,Petrol,147.17342434450973,200,29434.684868901946,97437.46172742394
FL00433,VH015,TR02468,2026-01-16 13:19:21.592318,Petrol,147.65059907146954,200,29530.11981429391,39351.10392628735
FL00434,VH046,TR02194,2026-01-16 14:11:12.614522,Diesel,41.252190241151304,190,7837.916145818748,33550.25280323859
FL00435,VH043,TR00017,2026-01-16 15:03:03.636727,Diesel,19.302417444967936,190,3667.459314543908,102373.6323926036
FL00436,VH004,TR03023,2026-01-16 15:54:54.658931,Diesel,47.9290255834074,190,9106.514860847406,248097.17211916271
FL00437,VH031,TR04994,2026-01-16 16:46:45.681136,Petrol,65.68247402251622,200,13136.494804503243,146546.23625590603
FL00438,VH002,TR01267,2026-01-16 17:38:36.703340,Petrol,71.74078413036293,200,14348.156826072585,159227.59086502148
FL00439,VH021,TR00479,2026-01-16 18:30:27.725545,Petrol,96.63288302625931,200,19326.576605251863,123044.53840448377
FL00440,VH004,TR04297,2026-01-16 19:22:18.747749,Diesel,135.9303864184165,190,25826.773419499135,168959.33255296547
FL00441,VH041,TR03978,2026-01-16 20:14:09.769953,Diesel,56.24872166700274,190,10687.257116730521,239598.89937874468
FL00442,VH035,TR03545,2026-01-16 21:06:00.792158,Diesel,128.9978349698892,190,24509.58864427895,151287.50886745405
FL00443,VH025,TR04275,2026-01-16 21:57:51.814362,Diesel,23.087048929727768,190,4386.539296648276,25609.230333086383
FL00444,VH019,TR04549,2026-01-16 22:49:42.836567,Diesel,15.86245785625006,190,3013.8669926875114,128293.73660036767
FL00445,VH039,TR00486,2026-01-16 23:41:33.858771,Diesel,80.56632563728458,190,15307.601871084069,248260.3055804683
FL00446,VH045,TR04089,2026-01-17 00:33:24.880976,Diesel,18.352711266284686,190,3487.0151405940906,102976.65294262319
FL00447,VH048,TR04674,2026-01-17 01:25:15.903180,Diesel,64.94857217279223,190,12340.228712830523,152531.49693147332
FL00448,VH026,TR00338,2026-01-17 02:17:06.925385,Diesel,135.54893636169282,190,25754.297908721637,35592.82322291608
FL00449,VH004,TR00861,2026-01-17 03:08:57.947589,Diesel,43.80762506904627,190,8323.448763118791,43883.31969677606
FL00450,VH020,TR02004,2026-01-17 04:00:48.969793,Petrol,108.83660851748644,200,21767.321703497288,219923.548756951
FL00451,VH049,TR01472,2026-01-17 04:52:39.991998,Diesel,52.331154934609366,190,9942.91943757578,82082.71078038675
FL00452,VH042,TR02043,2026-01-17 05:44:31.014202,Diesel,16.288807733898985,190,3094.873469440807,83308.30560510232
FL00453,VH043,TR03429,2026-01-17 06:36:22.036407,Diesel,87.93668139744331,190,16707.96946551423,102931.11904055875
FL00454,VH020,TR03121,2026-01-17 07:28:13.058611,Petrol,126.87948867514524,200,25375.897735029048,241954.8814970854
FL00455,VH020,TR01520,2026-01-17 08:20:04.080816,Petrol,67.32558276796672,200,13465.116553593345,30253.719048850344
FL00456,VH038,TR00702,2026-01-17 09:11:55.103020,Diesel,96.42113570413218,190,18320.015783785115,206503.38461232037
FL00457,VH047,TR04389,2026-01-17 10:03:46.125225,Petrol,136.00330367208164,200,27200.660734416328,91973.89035183674
FL00458,VH025,TR04036,2026-01-17 10:55:37.147429,Diesel,120.55723178317828,190,22905.874038803875,213872.32623651397
FL00459,VH032,TR03745,2026-01-17 11:47:28.169633,Petrol,37.142695914994704,200,7428.53918299894,248021.3558810902
FL00460,VH008,TR01174,2026-01-17 12:39:19.191838,Diesel,112.67375431110081,190,21408.01331910915,93680.17845081948
FL00461,VH006,TR01606,2026-01-17 13:31:10.214042,Diesel,80.26502352242127,190,15250.354469260043,41045.527890965255
FL00462,VH003,TR01880,2026-01-17 14:23:01.236247,Diesel,114.43535310405186,190,21742.717089769852,44650.119515902785
FL00463,VH018,TR03394,2026-01-17 15:14:52.258451,Diesel,79.23217707311055,190,15054.113643891003,192097.81382780464
FL00464,VH038,TR02125,2026-01-17 16:06:43.280656,Diesel,27.9141429751624,190,5303.687165280856,44781.172561152765
FL00465,VH004,TR04992,2026-01-17 16:58:34.302860,Diesel,89.78732253649348,190,17059.59128193376,72501.17644831279
FL00466,VH010,TR04643,2026-01-17 17:50:25.325065,Diesel,78.89875893562758,190,14990.76419776924,59055.60247889914
FL00467,VH004,TR01447,2026-01-17 18:42:16.347269,Diesel,82.50904270980185,190,15676.718114862351,95362.85536743581
FL00468,VH014,TR03307,2026-01-17 19:34:07.369473,Diesel,133.04634351042182,190,25278.805266980147,27847.978035924993
FL00469,VH042,TR03402,2026-01-17 20:25:58.391678,Diesel,135.27718653887518,190,25702.665442386286,215618.19577774193
FL00470,VH007,TR03784,2026-01-17 21:17:49.413882,Petrol,73.49519494720056,200,14699.038989440112,216435.11483223844
FL00471,VH035,TR02373,2026-01-17 22:09:40.436087,Diesel,73.80248577921238,190,14022.472298050352,109103.89563584555
FL00472,VH024,TR00151,2026-01-17 23:01:31.458291,Petrol,82.12617424216624,200,16425.234848433247,156901.01656563405
FL00473,VH019,TR01660,2026-01-17 23:53:22.480496,Diesel,82.74249896679598,190,15721.074803691236,164068.3770170331
FL00474,VH011,TR00879,2026-01-18 00:45:13.502700,Diesel,143.05420018507576,190,27180.298035164393,189821.9476830229
FL00475,VH042,TR02320,2026-01-18 01:37:04.524904,Diesel,100.91606543284908,190,19174.052432241326,134965.62101057227
FL00476,VH045,TR02884,2026-01-18 02:28:55.547109,Diesel,48.843979284312155,190,9280.35606401931,132480.65090600465
FL00477,VH045,TR03996,2026-01-18 03:20:46.569313,Diesel,84.41515157355859,190,16038.878798976131,161512.9065587706
FL00478,VH032,TR02416,2026-01-18 04:12:37.591518,Petrol,97.8113016071176,200,19562.26032142352,178731.61496077062
FL00479,VH025,TR01516,2026-01-18 05:04:28.613722,Diesel,99.56804094195503,190,18917.927778971458,93205.69048702042
FL00480,VH008,TR03388,2026-01-18 05:56:19.635927,Diesel,91.93559167334557,190,17467.762417935657,89288.91358451561
FL00481,VH024,TR00590,2026-01-18 06:48:10.658131,Petrol,34.883061647015225,200,6976.612329403045,74732.4169830182
FL00482,VH038,TR00588,2026-01-18 07:40:01.680336,Diesel,14.703046471131048,190,2793.578829514899,141723.17327505964
FL00483,VH029,TR02620,2026-01-18 08:31:52.702540,Diesel,57.29802733135962,190,10886.625192958329,96437.36549338537
FL00484,VH008,TR01196,2026-01-18 09:23:43.724744,Diesel,69.8531016384355,190,13272.089311302745,139675.18424983165
FL00485,VH035,TR04354,2026-01-18 10:15:34.746949,Diesel,18.652593540652127,190,3543.992772723904,107436.34379846117
FL00486,VH046,TR02327,2026-01-18 11:07:25.769153,Diesel,124.09542732277845,190,23578.131191327906,210816.20381263862
FL00487,VH029,TR02606,2026-01-18 11:59:16.791358,Diesel,58.170841251438326,190,11052.459837773282,27551.257538910577
FL00488,VH021,TR02539,2026-01-18 12:51:07.813562,Petrol,137.90858446499067,200,27581.716892998134,147330.54246512192
FL00489,VH037,TR00566,2026-01-18 13:42:58.835767,Diesel,31.617415097917124,190,6007.308868604254,148149.70014092745
FL00490,VH027,TR01757,2026-01-18 14:34:49.857971,Petrol,17.97089397122388,200,3594.178794244776,102092.15452928796
FL00491,VH036,TR04076,2026-01-18 15:26:40.880176,Diesel,77.52425461408505,190,14729.60837667616,111045.01469515436
FL00492,VH035,TR01361,2026-01-18 16:18:31.902380,Diesel,36.478107155598934,190,6930.840359563797,202031.52661190287
FL00493,VH005,TR02569,2026-01-18 17:10:22.924584,Diesel,141.23589858090057,190,26834.820730371106,77361.69046248036
FL00494,VH034,TR02374,2026-01-18 18:02:13.946789,Diesel,11.442475783523454,190,2174.0703988694563,219136.90994227908
FL00495,VH008,TR01196,2026-01-18 18:54:04.968993,Diesel,67.7667545082649,190,12875.683356570331,225122.3929923264
FL00496,VH018,TR02132,2026-01-18 19:45:55.991198,Diesel,139.74468798832356,190,26551.49071778148,166148.63305652703
FL00497,VH018,TR02889,2026-01-18 20:37:47.013402,Diesel,63.81854894216757,190,12125.524299011839,195485.85128994362
FL00498,VH012,TR01568,2026-01-18 21:29:38.035607,Diesel,23.035299284064507,190,4376.7068639722565,157107.40680507722
FL00499,VH048,TR03411,2026-01-18 22:21:29.057811,Diesel,52.40529200065019,190,9957.005480123536,136062.187299182
FL00500,VH023,TR02368,2026-01-18 23:13:20.080016,Diesel,79.72145513682068,190,15147.07647599593,242002.6610200551
FL00501,VH004,TR03344,2026-01-19 00:05:11.102220,Diesel,35.92123622806663,190,6825.03488333266,77837.1914145914
FL00502,VH050,TR03098,2026-01-19 00:57:02.124424,Diesel,75.31863872005667,190,14310.541356810767,46996.22719434691
FL00503,VH017,TR01261,2026-01-19 01:48:53.146629,Petrol,127.08804741001725,200,25417.609482003452,78996.48715420367
FL00504,VH022,TR01334,2026-01-19 02:40:44.168833,Petrol,132.1665158275258,200,26433.303165505164,157510.14601106683
FL00505,VH026,TR04329,2026-01-19 03:32:35.191038,Diesel,16.896502859502498,190,3210.3355433054744,54444.025144274485
FL00506,VH022,TR04645,2026-01-19 04:24:26.213242,Petrol,32.52647012736029,200,6505.294025472058,228115.3703743154
FL00507,VH020,TR03337,2026-01-19 05:16:17.235447,Petrol,48.54061900735258,200,9708.123801470516,108645.85615969425
FL00508,VH049,TR03085,2026-01-19 06:08:08.257651,Diesel,93.28121912426425,190,17723.43163361021,213991.09079004245
FL00509,VH008,TR03388,2026-01-19 06:59:59.279855,Diesel,60.539266230945394,190,11502.460583879625,69816.77068691602
FL00510,VH040,TR04714,2026-01-19 07:51:50.302060,Petrol,128.16572788245057,200,25633.145576490115,85160.40521985941
FL00511,VH027,TR02432,2026-01-19 08:43:41.324264,Petrol,110.33406155961127,200,22066.812311922255,24213.61532139918
FL00512,VH005,TR01017,2026-01-19 09:35:32.346469,Diesel,24.06384323589115,190,4572.130214819318,71864.24612453775
FL00513,VH041,TR00642,2026-01-19 10:27:23.368673,Diesel,97.43805035169277,190,18513.229566821625,127675.31655119233
FL00514,VH034,TR04063,2026-01-19 11:19:14.390878,Diesel,25.82176754857698,190,4906.135834229626,237072.86025357814
FL00515,VH037,TR00316,2026-01-19 12:11:05.413082,Diesel,45.70499374910441,190,8683.948812329838,103336.71373395956
FL00516,VH035,TR02304,2026-01-19 13:02:56.435287,Diesel,34.90188869479193,190,6631.358852010467,163538.531076003
FL00517,VH024,TR00441,2026-01-19 13:54:47.457491,Petrol,34.22867288809869,200,6845.734577619739,112650.4281925091
FL00518,VH020,TR01139,2026-01-19 14:46:38.479695,Petrol,96.29537346876029,200,19259.074693752056,21230.044184305894
FL00519,VH006,TR00915,2026-01-19 15:38:29.501900,Diesel,88.90468915758261,190,16891.890939940695,130847.83021520864
FL00520,VH035,TR02304,2026-01-19 16:30:20.524104,Diesel,34.64394139028177,190,6582.348864153536,25819.275208941006
FL00521,VH024,TR04143,2026-01-19 17:22:11.546309,Petrol,148.62419275858045,200,29724.83855171609,222087.98190340862
FL00522,VH020,TR03422,2026-01-19 18:14:02.568513,Petrol,69.05714253156113,200,13811.428506312226,190728.87086821935
FL00523,VH001,TR02079,2026-01-19 19:05:53.590718,Petrol,23.58970594169113,200,4717.941188338225,100876.35310056788
FL00524,VH050,TR04151,2026-01-19 19:57:44.612922,Diesel,26.87966237371612,190,5107.135851006063,163652.47988590953
FL00525,VH043,TR02201,2026-01-19 20:49:35.635127,Diesel,91.74511992172326,190,17431.57278512742,36886.75727519971
FL00526,VH002,TR04552,2026-01-19 21:41:26.657331,Petrol,147.06971647368619,200,29413.943294737237,178613.1968710362
FL00527,VH028,TR00036,2026-01-19 22:33:17.679535,Petrol,90.07315422668769,200,18014.63084533754,207455.77815795268
FL00528,VH039,TR00818,2026-01-19 23:25:08.701740,Diesel,142.8658067263292,190,27144.503278002547,207218.9556491763
FL00529,VH040,TR01947,2026-01-20 00:16:59.723944,Petrol,72.17859910612376,200,14435.719821224751,78226.6114457574
FL00530,VH020,TR03957,2026-01-20 01:08:50.746149,Petrol,71.01775451128168,200,14203.550902256336,73299.08686643839
FL00531,VH004,TR04352,2026-01-20 02:00:41.768353,Diesel,80.00103030422352,190,15200.195757802469,135135.44509664283
FL00532,VH042,TR02226,2026-01-20 02:52:32.790558,Diesel,107.63956414177773,190,20451.517186937766,242265.31886316361
FL00533,VH048,TR03326,2026-01-20 03:44:23.812762,Diesel,61.46623530318657,190,11678.584707605449,230925.51462546046
FL00534,VH009,TR00508,2026-01-20 04:36:14.834966,Diesel,130.94404457505397,190,24879.368469260255,96313.23562143563
FL00535,VH008,TR03746,2026-01-20 05:28:05.857171,Diesel,14.099393867540472,190,2678.8848348326896,197159.08148393058
FL00536,VH022,TR04117,2026-01-20 06:19:56.879375,Petrol,71.56698730398193,200,14313.397460796386,231116.26338194977
FL00537,VH013,TR03878,2026-01-20 07:11:47.901580,Petrol,81.5388589971885,200,16307.7717994377,72622.3517722252
FL00538,VH032,TR04815,2026-01-20 08:03:38.923784,Petrol,94.98451335683346,200,18996.902671366694,209270.95590470554
FL00539,VH019,TR00460,2026-01-20 08:55:29.945989,Diesel,48.65006773122086,190,9243.512868931963,74294.95045820237
FL00540,VH017,TR01406,2026-01-20 09:47:20.968193,Petrol,69.84719593801694,200,13969.439187603388,92387.71021293056
FL00541,VH029,TR04096,2026-01-20 10:39:11.990398,Diesel,77.83528502996793,190,14788.704155693908,57716.965804180996
FL00542,VH037,TR02037,2026-01-20 11:31:03.012602,Diesel,106.16739701564985,190,20171.805432973473,131699.15177745125
FL00543,VH048,TR02678,2026-01-20 12:22:54.034806,Diesel,118.29618586301396,190,22476.275313972652,212394.61462269787
FL00544,VH038,TR01745,2026-01-20 13:14:45.057011,Diesel,113.2958258281302,190,21526.20690734474,136732.51298452294
FL00545,VH043,TR02984,2026-01-20 14:06:36.079215,Diesel,57.82162732054194,190,10986.10919090297,39625.60232634341
FL00546,VH038,TR02359,2026-01-20 14:58:27.101420,Diesel,149.9230732188749,190,28485.38391158623,70426.2237345208
FL00547,VH002,TR01232,2026-01-20 15:50:18.123624,Petrol,128.81314365020512,200,25762.628730041026,145086.84814752135
FL00548,VH032,TR01178,2026-01-20 16:42:09.145829,Petrol,46.40327224029565,200,9280.65444805913,149964.98933693444
FL00549,VH001,TR00762,2026-01-20 17:34:00.168033,Petrol,37.31481279419586,200,7462.962558839172,148457.41685076876
FL00550,VH038,TR04779,2026-01-20 18:25:51.190238,Diesel,53.962975081674664,190,10252.965265518185,28480.83820149183
FL00551,VH027,TR02355,2026-01-20 19:17:42.212442,Petrol,73.32827941995029,200,14665.655883990059,190887.01423234103
FL00552,VH011,TR04715,2026-01-20 20:09:33.234646,Diesel,129.11191296474595,190,24531.26346330173,228262.76775736158
FL00553,VH014,TR03727,2026-01-20 21:01:24.256851,Diesel,118.97071693123482,190,22604.436216934617,132524.54745517598
FL00554,VH018,TR01544,2026-01-20 21:53:15.279055,Diesel,129.17445729082266,190,24543.146885256305,182519.02882524708
FL00555,VH022,TR03678,2026-01-20 22:45:06.301260,Petrol,48.073996087445984,200,9614.799217489197,229363.7180887723
FL00556,VH034,TR01934,2026-01-20 23:36:57.323464,Diesel,93.08457114325707,190,17686.068517218842,164229.46118752382
FL00557,VH033,TR03169,2026-01-21 00:28:48.345669,Petrol,49.654868718832425,200,9930.973743766484,171838.17386345228
FL00558,VH048,TR03562,2026-01-21 01:20:39.367873,Diesel,25.26324250072904,190,4800.016075138517,183137.0592121491
FL00559,VH044,TR04103,2026-01-21 02:12:30.390078,Petrol,105.78768408645529,200,21157.536817291057,72520.58834897564
FL00560,VH031,TR03858,2026-01-21 03:04:21.412282,Petrol,30.01965716736143,200,6003.931433472286,149842.68993203857
FL00561,VH013,TR04018,2026-01-21 03:56:12.434486,Petrol,103.47768663890601,200,20695.537327781203,212122.0274906695
FL00562,VH040,TR04445,2026-01-21 04:48:03.456691,Petrol,100.71500268675727,200,20143.000537351454,81079.05526258016
FL00563,VH007,TR02965,2026-01-21 05:39:54.478895,Petrol,123.43478221936238,200,24686.956443872474,225320.91990324645
FL00564,VH029,TR01031,2026-01-21 06:31:45.501100,Diesel,29.537644638899014,190,5612.152481390813,158891.66794375167
FL00565,VH004,TR02548,2026-01-21 07:23:36.523304,Diesel,119.68722079123353,190,22740.57195033437,111561.96434393349
FL00566,VH031,TR02523,2026-01-21 08:15:27.545509,Petrol,149.89871363247318,200,29979.742726494635,159563.9107360703
FL00567,VH002,TR04620,2026-01-21 09:07:18.567713,Petrol,129.1459428020263,200,25829.18856040526,106446.37736537833
FL00568,VH004,TR01876,2026-01-21 09:59:09.589917,Diesel,115.25369068587327,190,21898.20123031592,211128.5444435619
FL00569,VH024,TR00590,2026-01-21 10:51:00.612122,Petrol,102.70314965725906,200,20540.62993145181,125756.4592162233
FL00570,VH036,TR02281,2026-01-21 11:42:51.634326,Diesel,69.04940785596011,190,13119.38749263242,226291.20634104082
FL00571,VH011,TR03102,2026-01-21 12:34:42.656531,Diesel,112.27002350482431,190,21331.30446591662,132353.93940347835
FL00572,VH039,TR02415,2026-01-21 13:26:33.678735,Diesel,111.38492491966345,190,21163.135734736054,168488.41351297294
FL00573,VH032,TR03898,2026-01-21 14:18:24.700940,Petrol,98.40975957622035,200,19681.95191524407,249458.66104164414
FL00574,VH024,TR03679,2026-01-21 15:10:15.723144,Petrol,121.47897296169599,200,24295.794592339196,45271.80184204988
FL00575,VH039,TR01844,2026-01-21 16:02:06.745349,Diesel,72.82694437975685,190,13837.119432153802,186814.99569601737
FL00576,VH005,TR04152,2026-01-21 16:53:57.767553,Diesel,26.975379698534688,190,5125.32214272159,43329.33469982405
FL00577,VH036,TR01939,2026-01-21 17:45:48.789757,Diesel,88.26948186529323,190,16771.201554405714,211327.9277834551
FL00578,VH050,TR02195,2026-01-21 18:37:39.811962,Diesel,47.10609401958797,190,8950.157863721715,153148.8114788828
FL00579,VH006,TR04460,2026-01-21 19:29:30.834166,Diesel,63.82063364008103,190,12125.920391615395,235158.29454555022
FL00580,VH009,TR00253,2026-01-21 20:21:21.856371,Diesel,12.438086551771644,190,2363.2364448366125,217829.5844667684
FL00581,VH032,TR01467,2026-01-21 21:13:12.878575,Petrol,63.590682308503666,200,12718.136461700733,27969.288992517624
FL00582,VH023,TR00736,2026-01-21 22:05:03.900780,Diesel,123.23215485896365,190,23414.109423203096,42952.610002926616
FL00583,VH037,TR00340,2026-01-21 22:56:54.922984,Diesel,85.98113137135567,190,16336.414960557579,154281.02286563805
FL00584,VH011,TR03588,2026-01-21 23:48:45.945189,Diesel,11.372073770755946,190,2160.69401644363,134395.51358609798
FL00585,VH049,TR01377,2026-01-22 00:40:36.967393,Diesel,75.77813483357862,190,14397.845618379937,50455.6313472267
FL00586,VH016,TR04720,2026-01-22 01:32:27.989597,Diesel,50.80323067035704,190,9652.613827367837,41046.21478519595
FL00587,VH018,TR00705,2026-01-22 02:24:19.011802,Diesel,76.85709175560396,190,14602.847433564752,145357.78802598716
FL00588,VH050,TR03725,2026-01-22 03:16:10.034006,Diesel,66.65698100270279,190,12664.82639051353,21741.171513999878
FL00589,VH042,TR04419,2026-01-22 04:08:01.056211,Diesel,140.4770907380334,190,26690.64724022635,219696.47270882537
FL00590,VH009,TR02909,2026-01-22 04:59:52.078415,Diesel,15.764821854822213,190,2995.3161524162206,203699.90075262892
FL00591,VH006,TR01975,2026-01-22 05:51:43.100620,Diesel,105.70232157947052,190,20083.4411000994,198488.79321066145
FL00592,VH039,TR01469,2026-01-22 06:43:34.122824,Diesel,129.14372348224381,190,24537.307461626326,13839.315289777856
FL00593,VH021,TR02143,2026-01-22 07:35:25.145029,Petrol,144.29340185106656,200,28858.68037021331,21433.826419057106
FL00594,VH025,TR00553,2026-01-22 08:27:16.167233,Diesel,34.869071716201425,190,6625.123626078271,141961.38907617488
FL00595,VH049,TR03492,2026-01-22 09:19:07.189437,Diesel,84.38267227526714,190,16032.707732300756,248662.16533460264
FL00596,VH047,TR00790,2026-01-22 10:10:58.211642,Petrol,16.10254082440967,200,3220.5081648819337,92155.88823312441
FL00597,VH008,TR01174,2026-01-22 11:02:49.233846,Diesel,79.8856934237124,190,15178.281750505355,92649.95593728255
FL00598,VH025,TR00553,2026-01-22 11:54:40.256051,Diesel,27.564132535737468,190,5237.185181790119,42226.712046876004
FL00599,VH033,TR03423,2026-01-22 12:46:31.278255,Petrol,127.30553445781987,200,25461.106891563973,171840.59289748035
FL00600,VH006,TR04212,2026-01-22 13:38:22.300460,Diesel,25.941800364751078,190,4928.942069302705,165202.40535856134
FL00601,VH011,TR00632,2026-01-22 14:30:13.322664,Diesel,81.86037045410934,190,15553.470386280775,34317.37993099818
FL00602,VH008,TR00270,2026-01-22 15:22:04.344868,Diesel,82.95344965898552,190,15761.155435207249,122178.94889640427
FL00603,VH004,TR00861,2026-01-22 16:13:55.367073,Diesel,146.03106971042476,190,27745.903244980705,170097.97811727383
FL00604,VH037,TR00291,2026-01-22 17:05:46.389277,Diesel,101.69729716544434,190,19322.486461434426,128443.8727172625
FL00605,VH002,TR01458,2026-01-22 17:57:37.411482,Petrol,50.29764103075227,200,10059.528206150453,171847.25964754133
FL00606,VH047,TR00630,2026-01-22 18:49:28.433686,Petrol,43.71190339133938,200,8742.380678267877,205904.89538355754
FL00607,VH005,TR00475,2026-01-22 19:41:19.455891,Diesel,27.954748790309086,190,5311.402270158726,174595.70394922423
FL00608,VH006,TR04633,2026-01-22 20:33:10.478095,Diesel,115.91206136686833,190,22023.291659704984,157867.41659932572
FL00609,VH009,TR04081,2026-01-22 21:25:01.500300,Diesel,106.7059318655274,190,20274.127054450208,214861.66166667838
FL00610,VH001,TR04781,2026-01-22 22:16:52.522504,Petrol,95.38279782313484,200,19076.55956462697,226141.25628874917
FL00611,VH017,TR01761,2026-01-22 23:08:43.544708,Petrol,15.717662012998368,200,3143.5324025996733,103332.744922193
FL00612,VH028,TR03083,2026-01-23 00:00:34.566913,Petrol,116.79604129520122,200,23359.208259040242,51579.973053732625
FL00613,VH046,TR04709,2026-01-23 00:52:25.589117,Diesel,99.8642608007871,190,18974.209552149547,206286.49696193213
FL00614,VH044,TR03975,2026-01-23 01:44:16.611322,Petrol,144.94444153546837,200,28988.888307093675,61300.745751875955
FL00615,VH027,TR03399,2026-01-23 02:36:07.633526,Petrol,92.2082981827537,200,18441.65963655074,232948.16073978058
FL00616,VH011,TR02324,2026-01-23 03:27:58.655731,Diesel,52.55326693263914,190,9985.120717201436,15490.706853256828
FL00617,VH048,TR03562,2026-01-23 04:19:49.677935,Diesel,63.41287730650483,190,12048.446688235917,231105.08382863284
FL00618,VH012,TR02393,2026-01-23 05:11:40.700140,Diesel,34.61769875295255,190,6577.362763060984,151403.91822689507
FL00619,VH029,TR03845,2026-01-23 06:03:31.722344,Diesel,111.20798550819391,190,21129.517246556843,195938.10796309152
FL00620,VH032,TR02416,2026-01-23 06:55:22.744548,Petrol,109.08103240304155,200,21816.20648060831,105638.22089545708
FL00621,VH034,TR03805,2026-01-23 07:47:13.766753,Diesel,38.091002166874674,190,7237.290411706188,248011.91005813124
FL00622,VH009,TR04827,2026-01-23 08:39:04.788957,Diesel,32.188505245519,190,6115.815996648611,64612.34261590971
FL00623,VH043,TR01625,2026-01-23 09:30:55.811162,Diesel,20.780690648307242,190,3948.331223178376,73442.47903316194
FL00624,VH006,TR01509,2026-01-23 10:22:46.833366,Diesel,137.6766041154462,190,26158.554781934778,22343.786568993506
FL00625,VH020,TR04111,2026-01-23 11:14:37.855571,Petrol,42.62977671727916,200,8525.955343455831,235713.6071347452
FL00626,VH023,TR04854,2026-01-23 12:06:28.877775,Diesel,58.18289374525256,190,11054.749811597985,119447.03286368227
FL00627,VH042,TR00004,2026-01-23 12:58:19.899979,Diesel,49.27063117284869,190,9361.41992284125,171964.5795326438
FL00628,VH046,TR03448,2026-01-23 13:50:10.922184,Diesel,67.90744436551074,190,12902.41442944704,174985.77459108178
FL00629,VH013,TR02581,2026-01-23 14:42:01.944388,Petrol,109.96683191354767,200,21993.366382709533,219880.50214784264
FL00630,VH037,TR03792,2026-01-23 15:33:52.966593,Diesel,131.8833887216798,190,25057.843857119162,169582.06015513823
FL00631,VH018,TR01161,2026-01-23 16:25:43.988797,Diesel,35.56382493399562,190,6757.126737459168,144885.08375300493
FL00632,VH018,TR00834,2026-01-23 17:17:35.011002,Diesel,106.09772812376312,190,20158.56834351499,180476.44580585047
FL00633,VH012,TR01999,2026-01-23 18:09:26.033206,Diesel,59.35869991394792,190,11278.152983650105,190232.99176075036
FL00634,VH008,TR01203,2026-01-23 19:01:17.055411,Diesel,147.27380356162098,190,27982.022676707988,54622.70709963567
FL00635,VH006,TR02176,2026-01-23 19:53:08.077615,Diesel,51.84868229977076,190,9851.249636956443,36320.08935442072
FL00636,VH019,TR01382,2026-01-23 20:44:59.099819,Diesel,11.007013841100395,190,2091.332629809075,27963.724116535148
FL00637,VH031,TR04174,2026-01-23 21:36:50.122024,Petrol,82.18959636277833,200,16437.919272555668,99772.8386854088
FL00638,VH047,TR02789,2026-01-23 22:28:41.144228,Petrol,31.102351798631283,200,6220.470359726257,129520.05756105886
FL00639,VH012,TR02822,2026-01-23 23:20:32.166433,Diesel,16.229219754575873,190,3083.5517533694156,157755.9755895666
FL00640,VH006,TR04178,2026-01-24 00:12:23.188637,Diesel,107.7576924726792,190,20473.961569809046,239928.2847255064
FL00641,VH029,TR00342,2026-01-24 01:04:14.210842,Diesel,112.5162995511839,190,21378.09691472494,89389.0768496815
FL00642,VH003,TR01362,2026-01-24 01:56:05.233046,Diesel,74.49786183631035,190,14154.593748898966,192609.77249854588
FL00643,VH031,TR04192,2026-01-24 02:47:56.255251,Petrol,104.76397234592082,200,20952.794469184162,137525.82870277239
FL00644,VH020,TR04617,2026-01-24 03:39:47.277455,Petrol,85.35352275459874,200,17070.70455091975,62821.58370086004
FL00645,VH007,TR00996,2026-01-24 04:31:38.299659,Petrol,98.17215508107043,200,19634.431016214086,157673.3029909022
FL00646,VH039,TR00357,2026-01-24 05:23:29.321864,Diesel,93.53855624631457,190,17772.32568679977,242122.28278952886
FL00647,VH012,TR00186,2026-01-24 06:15:20.344068,Diesel,103.21518696778293,190,19610.885523878755,39833.991820305375
FL00648,VH036,TR01694,2026-01-24 07:07:11.366273,Diesel,37.948290814243975,190,7210.175254706355,131747.14349181496
FL00649,VH036,TR02591,2026-01-24 07:59:02.388477,Diesel,47.61892680513803,190,9047.596092976226,22386.004996126772
FL00650,VH017,TR01343,2026-01-24 08:50:53.410682,Petrol,71.59484093107687,200,14318.968186215374,87091.91173512695
FL00651,VH029,TR01692,2026-01-24 09:42:44.432886,Diesel,72.45792131868609,190,13767.005050550357,158944.6426225579
FL00652,VH041,TR01083,2026-01-24 10:34:35.455091,Diesel,118.41763962216659,190,22499.351528211653,211853.6646473811
FL00653,VH044,TR02058,2026-01-24 11:26:26.477295,Petrol,61.435112292134484,200,12287.022458426896,185278.82121425704
FL00654,VH047,TR02905,2026-01-24 12:18:17.499499,Petrol,32.75072184828553,200,6550.144369657106,121085.62677171374
FL00655,VH012,TR03196,2026-01-24 13:10:08.521704,Diesel,45.20523586875063,190,8588.994815062619,228213.46170499516
FL00656,VH023,TR04452,2026-01-24 14:01:59.543908,Diesel,40.06269033379198,190,7611.9111634204755,82651.51960570496
FL00657,VH046,TR03418,2026-01-24 14:53:50.566113,Diesel,112.43240269584308,190,21362.156512210186,190956.01845403994
FL00658,VH005,TR02381,2026-01-24 15:45:41.588317,Diesel,75.8475460476375,190,14411.033749051123,123762.16521943899
FL00659,VH043,TR00017,2026-01-24 16:37:32.610522,Diesel,109.20829771593768,190,20749.576566028158,225672.58112146615
FL00660,VH034,TR00324,2026-01-24 17:29:23.632726,Diesel,68.27075530606777,190,12971.443508152875,201383.87719690244
FL00661,VH029,TR02071,2026-01-24 18:21:14.654930,Diesel,134.56298435054674,190,25566.96702660388,226352.71871370284
FL00662,VH009,TR00931,2026-01-24 19:13:05.677135,Diesel,147.69284308118284,190,28061.64018542474,61419.48374609761
FL00663,VH039,TR04555,2026-01-24 20:04:56.699339,Diesel,103.77795121836563,190,19717.81073148947,170356.1037078899
FL00664,VH045,TR04653,2026-01-24 20:56:47.721544,Diesel,130.93375801307064,190,24877.414022483423,187231.2179395936
FL00665,VH015,TR01445,2026-01-24 21:48:38.743748,Petrol,81.11065740408877,200,16222.131480817754,188179.4236678225
FL00666,VH003,TR04037,2026-01-24 22:40:29.765953,Diesel,140.8469176495471,190,26760.914353413948,130960.108112161
FL00667,VH031,TR00403,2026-01-24 23:32:20.788157,Petrol,126.42210799419593,200,25284.421598839184,12700.12536350861
FL00668,VH001,TR03403,2026-01-25 00:24:11.810362,Petrol,148.84900004724548,200,29769.800009449096,72743.38812857798
FL00669,VH030,TR04553,2026-01-25 01:16:02.832566,Diesel,97.23312294588928,190,18474.293359718962,87592.21000105147
FL00670,VH037,TR01507,2026-01-25 02:07:53.854770,Diesel,119.08894363755199,190,22626.89929113488,214488.78814762275
FL00671,VH045,TR01522,2026-01-25 02:59:44.876975,Diesel,86.00153959694988,190,16340.292523420478,211812.59610501287
FL00672,VH043,TR03099,2026-01-25 03:51:35.899179,Diesel,46.2768145979992,190,8792.594773619847,35123.22496906799
FL00673,VH015,TR02445,2026-01-25 04:43:26.921384,Petrol,59.66572395816608,200,11933.144791633216,237960.61162510182
FL00674,VH036,TR02188,2026-01-25 05:35:17.943588,Diesel,135.16075806238428,190,25680.544031853013,53789.796796357834
FL00675,VH005,TR02569,2026-01-25 06:27:08.965793,Diesel,17.83271252380688,190,3388.215379523307,109446.26831222107
FL00676,VH001,TR02794,2026-01-25 07:18:59.987997,Petrol,92.80718405041713,200,18561.436810083425,61637.671866581295
FL00677,VH034,TR00092,2026-01-25 08:10:51.010202,Diesel,62.14776455057521,190,11808.07526460929,216479.7925190458
FL00678,VH041,TR04948,2026-01-25 09:02:42.032406,Diesel,64.1369553207778,190,12186.021510947783,189856.48764623486
FL00679,VH009,TR04941,2026-01-25 09:54:33.054610,Diesel,133.8399688979274,190,25429.594090606206,94846.91365307296
FL00680,VH018,TR04763,2026-01-25 10:46:24.076815,Diesel,129.5351324364717,190,24611.675162929627,173650.8702462533
FL00681,VH015,TR01754,2026-01-25 11:38:15.099019,Petrol,93.83793258014562,200,18767.586516029125,54248.05220117016
FL00682,VH033,TR04893,2026-01-25 12:30:06.121224,Petrol,48.20863863660675,200,9641.72772732135,101751.3021702404
FL00683,VH017,TR00088,2026-01-25 13:21:57.143428,Petrol,76.56388846268337,200,15312.777692536672,100505.82120114597
FL00684,VH012,TR01642,2026-01-25 14:13:48.165633,Diesel,67.16107513049025,190,12760.604274793146,67104.80361313547
FL00685,VH022,TR02963,2026-01-25 15:05:39.187837,Petrol,59.506524088349344,200,11901.304817669868,220314.8918998918
FL00686,VH021,TR02143,2026-01-25 15:57:30.210042,Petrol,24.3899809980215,200,4877.9961996043,172922.9765149903
FL00687,VH028,TR00551,2026-01-25 16:49:21.232246,Petrol,86.03594414014485,200,17207.18882802897,77185.43453531183
FL00688,VH037,TR02447,2026-01-25 17:41:12.254450,Diesel,52.2563817024277,190,9928.712523461263,68108.98255096895
FL00689,VH026,TR01952,2026-01-25 18:33:03.276655,Diesel,102.51311200985398,190,19477.49128187226,14308.833039817371
FL00690,VH005,TR02291,2026-01-25 19:24:54.298859,Diesel,54.688551015574305,190,10390.824692959119,93179.74091016511
FL00691,VH034,TR03838,2026-01-25 20:16:45.321064,Diesel,70.36288903887224,190,13368.948917385726,136425.10799567637
FL00692,VH045,TR00624,2026-01-25 21:08:36.343268,Diesel,17.330452387217054,190,3292.7859535712405,76650.62605801034
FL00693,VH022,TR03758,2026-01-25 22:00:27.365473,Petrol,148.95532978676687,200,29791.065957353374,178109.9863431448
FL00694,VH020,TR04797,2026-01-25 22:52:18.387677,Petrol,81.06545365852462,200,16213.090731704924,108819.88696270391
FL00695,VH007,TR03293,2026-01-25 23:44:09.409881,Petrol,13.393263182984194,200,2678.652636596839,85916.28088256028
FL00696,VH002,TR03833,2026-01-26 00:36:00.432086,Petrol,85.77229222656017,200,17154.458445312033,235373.8381096795
FL00697,VH049,TR02612,2026-01-26 01:27:51.454290,Diesel,131.84955990279096,190,25051.41638153028,73072.21054915337
FL00698,VH035,TR00162,2026-01-26 02:19:42.476495,Diesel,118.15729879726837,190,22449.88677148099,105581.82882319752
FL00699,VH003,TR01993,2026-01-26 03:11:33.498699,Diesel,108.12693577812358,190,20544.11779784348,101749.78924498527
FL00700,VH030,TR02083,2026-01-26 04:03:24.520904,Diesel,29.525051643864884,190,5609.759812334328,67887.60296109959
FL00701,VH024,TR03014,2026-01-26 04:55:15.543108,Petrol,102.08319105824613,200,20416.638211649224,62194.41755450001
FL00702,VH025,TR00037,2026-01-26 05:47:06.565313,Diesel,117.28177292171644,190,22283.536855126124,82571.20451521686
FL00703,VH042,TR00846,2026-01-26 06:38:57.587517,Diesel,90.13866895516952,190,17126.34710148221,217416.68078348343
FL00704,VH012,TR02877,2026-01-26 07:30:48.609721,Diesel,134.98486063284923,190,25647.123520241355,194099.89293502973
FL00705,VH034,TR03347,2026-01-26 08:22:39.631926,Diesel,48.77856944988396,190,9267.928195477953,173439.88339841252
FL00706,VH040,TR04055,2026-01-26 09:14:30.654130,Petrol,43.90025796349508,200,8780.051592699016,119704.71823419843
FL00707,VH026,TR04201,2026-01-26 10:06:21.676335,Diesel,131.73976429197046,190,25030.555215474385,131860.95631182485
FL00708,VH003,TR00336,2026-01-26 10:58:12.698539,Diesel,97.55575401880334,190,18535.593263572635,74113.32291843048
FL00709,VH050,TR03098,2026-01-26 11:50:03.720744,Diesel,10.202610872939905,190,1938.496065858582,27835.81932062023
FL00710,VH008,TR02344,2026-01-26 12:41:54.742948,Diesel,59.43839719154735,190,11293.295466393996,89449.73361291575
FL00711,VH003,TR01561,2026-01-26 13:33:45.765153,Diesel,130.09983801405443,190,24718.96922267034,128940.10143816787
FL00712,VH015,TR04982,2026-01-26 14:25:36.787357,Petrol,13.82473162984406,200,2764.946325968812,23755.131164639788
FL00713,VH005,TR04165,2026-01-26 15:17:27.809561,Diesel,10.454709956611243,190,1986.394891756136,31175.992493705548
FL00714,VH037,TR04247,2026-01-26 16:09:18.831766,Diesel,49.376300673518166,190,9381.497127968452,73126.05589229614
FL00715,VH021,TR00662,2026-01-26 17:01:09.853970,Petrol,137.96000518129892,200,27592.001036259786,98099.28966226277
FL00716,VH048,TR04853,2026-01-26 17:53:00.876175,Diesel,136.20686140580227,190,25879.30366710243,104396.03466848924
FL00717,VH045,TR03740,2026-01-26 18:44:51.898379,Diesel,82.62667241221111,190,15699.06775832011,38292.65590912123
FL00718,VH044,TR03184,2026-01-26 19:36:42.920584,Petrol,87.45316195954716,200,17490.632391909432,64197.12508834931
FL00719,VH049,TR01486,2026-01-26 20:28:33.942788,Diesel,56.48112158440644,190,10731.413101037224,72795.3404952661
FL00720,VH020,TR02410,2026-01-26 21:20:24.964992,Petrol,44.12313268389338,200,8824.626536778676,26232.370288299087
FL00721,VH050,TR04299,2026-01-26 22:12:15.987197,Diesel,124.13105958969655,190,23584.901322042344,88263.92814152734
FL00722,VH023,TR02535,2026-01-26 23:04:07.009401,Diesel,24.8812804699498,190,4727.443289290462,27333.177461321735
FL00723,VH042,TR00004,2026-01-26 23:55:58.031606,Diesel,78.229611923009,190,14863.626265371711,178829.8823463208
FL00724,VH050,TR03098,2026-01-27 00:47:49.053810,Diesel,98.81561632959183,190,18774.96710262245,102651.46397375451
FL00725,VH038,TR02849,2026-01-27 01:39:40.076015,Diesel,24.51524065194409,190,4657.895723869377,88420.57345080993
FL00726,VH045,TR00027,2026-01-27 02:31:31.098219,Diesel,82.74499336612847,190,15721.548739564409,40365.32116086566
FL00727,VH014,TR00965,2026-01-27 03:23:22.120424,Diesel,90.85298030774204,190,17262.06625847099,64360.87730677499
FL00728,VH025,TR03097,2026-01-27 04:15:13.142628,Diesel,113.94944847103108,190,21650.395209495906,65849.25014538967
FL00729,VH002,TR00072,2026-01-27 05:07:04.164832,Petrol,42.8770468806546,200,8575.409376130921,246449.01156959272
FL00730,VH006,TR02948,2026-01-27 05:58:55.187037,Diesel,51.06585046070616,190,9702.51158753417,210483.8510820384
FL00731,VH007,TR02316,2026-01-27 06:50:46.209241,Petrol,89.73296052862469,200,17946.592105724936,13662.94999202359
FL00732,VH032,TR03898,2026-01-27 07:42:37.231446,Petrol,147.637697397426,200,29527.5394794852,158040.78178443515
FL00733,VH029,TR04491,2026-01-27 08:34:28.253650,Diesel,40.44904559481602,190,7685.318663015044,71418.42314126171
FL00734,VH002,TR04965,2026-01-27 09:26:19.275855,Petrol,148.02653579728496,200,29605.307159456992,35050.46291670023
FL00735,VH022,TR02412,2026-01-27 10:18:10.298059,Petrol,110.00795462762737,200,22001.590925525474,179343.94314874112
FL00736,VH018,TR00117,2026-01-27 11:10:01.320264,Diesel,125.65148974820325,190,23873.78305215862,41585.33187240382
FL00737,VH022,TR02212,2026-01-27 12:01:52.342468,Petrol,22.54977755308749,200,4509.9555106174985,116497.78708713656
FL00738,VH042,TR02925,2026-01-27 12:53:43.364672,Diesel,52.05882624028852,190,9891.176985654818,161719.63956158183
FL00739,VH010,TR02838,2026-01-27 13:45:34.386877,Diesel,18.083079151137348,190,3435.785038716096,143078.74147719727
FL00740,VH031,TR00577,2026-01-27 14:37:25.409081,Petrol,62.01657930044453,200,12403.315860088907,244630.9835926583
FL00741,VH045,TR00772,2026-01-27 15:29:16.431286,Diesel,147.38055238880727,190,28002.304953873383,198578.22714940543
FL00742,VH033,TR00200,2026-01-27 16:21:07.453490,Petrol,24.738228708887387,200,4947.645741777477,195806.41027059752
FL00743,VH016,TR01756,2026-01-27 17:12:58.475695,Diesel,88.73218953196793,190,16859.116011073907,95342.8945794475
FL00744,VH008,TR00180,2026-01-27 18:04:49.497899,Diesel,10.849887193933725,190,2061.478566847408,12014.918100194007
FL00745,VH044,TR02406,2026-01-27 18:56:40.520104,Petrol,109.77559424616878,200,21955.118849233757,186258.6231209652
FL00746,VH029,TR03324,2026-01-27 19:48:31.542308,Diesel,37.60697693208575,190,7145.325617096292,249935.70023096137
FL00747,VH037,TR04749,2026-01-27 20:40:22.564512,Diesel,28.141835197466808,190,5346.948687518693,107410.98585846774
FL00748,VH028,TR04774,2026-01-27 21:32:13.586717,Petrol,57.18249370251027,200,11436.498740502055,246524.43974970817
FL00749,VH037,TR02302,2026-01-27 22:24:04.608921,Diesel,117.94620171145742,190,22409.77832517691,44009.94628824314
FL00750,VH027,TR02989,2026-01-27 23:15:55.631126,Petrol,24.92583208356951,200,4985.166416713902,81162.96439281218
FL00751,VH013,TR01603,2026-01-28 00:07:46.653330,Petrol,42.17745941181735,200,8435.49188236347,50974.46361819296
FL00752,VH025,TR01120,2026-01-28 00:59:37.675535,Diesel,11.185019026423335,190,2125.153615020434,124042.23350243579
FL00753,VH014,TR02215,2026-01-28 01:51:28.697739,Diesel,145.57808077738653,190,27659.83534770344,201275.5363617329
FL00754,VH029,TR01912,2026-01-28 02:43:19.719943,Diesel,92.90038399844094,190,17651.07295970378,91758.80596910893
FL00755,VH027,TR02902,2026-01-28 03:35:10.742148,Petrol,110.78594909385792,200,22157.189818771585,227494.94491644917
FL00756,VH023,TR01086,2026-01-28 04:27:01.764352,Diesel,101.19364396184203,190,19226.792352749984,140759.29919914843
FL00757,VH004,TR00174,2026-01-28 05:18:52.786557,Diesel,30.211038241754412,190,5740.097265933338,121701.85929805055
FL00758,VH021,TR03533,2026-01-28 06:10:43.808761,Petrol,93.29159145915918,200,18658.318291831834,198888.60212686632
FL00759,VH016,TR04720,2026-01-28 07:02:34.830966,Diesel,28.398183319776695,190,5395.654830757572,34346.4392900283
FL00760,VH002,TR01239,2026-01-28 07:54:25.853170,Petrol,66.17310355483791,200,13234.620710967582,195700.59309056192
FL00761,VH014,TR03311,2026-01-28 08:46:16.875375,Diesel,89.65483902954102,190,17034.419415612796,68308.48004147841
FL00762,VH042,TR04835,2026-01-28 09:38:07.897579,Diesel,88.24335597430182,190,16766.237635117344,77395.01132397701
FL00763,VH008,TR03814,2026-01-28 10:29:58.919783,Diesel,26.670279637583732,190,5067.353131140909,153868.90559681918
FL00764,VH013,TR03817,2026-01-28 11:21:49.941988,Petrol,14.821035750513104,200,2964.2071501026207,226464.26201108925
FL00765,VH043,TR04771,2026-01-28 12:13:40.964192,Diesel,121.75280394233394,190,23133.03274904345,148817.66794500756
FL00766,VH039,TR01974,2026-01-28 13:05:31.986397,Diesel,111.62914117944075,190,21209.536824093742,165747.84371067688
FL00767,VH030,TR03783,2026-01-28 13:57:23.008601,Diesel,21.454646639063327,190,4076.382861422032,196382.7015052658
FL00768,VH007,TR02245,2026-01-28 14:49:14.030806,Petrol,27.838172632217482,200,5567.634526443497,72237.94215819682
FL00769,VH048,TR01658,2026-01-28 15:41:05.053010,Diesel,134.96172869454682,190,25642.728451963896,208536.0814729942
FL00770,VH026,TR00413,2026-01-28 16:32:56.075215,Diesel,117.6780462270492,190,22358.828783139346,110310.43577611593
FL00771,VH048,TR03411,2026-01-28 17:24:47.097419,Diesel,149.46244147033437,190,28397.86387936353,52157.366437879
FL00772,VH003,TR04093,2026-01-28 18:16:38.119623,Diesel,45.558242888703035,190,8656.066148853577,94028.33907066999
FL00773,VH008,TR01383,2026-01-28 19:08:29.141828,Diesel,78.29241844163408,190,14875.559503910476,69071.46681237407
FL00774,VH033,TR01124,2026-01-28 20:00:20.164032,Petrol,43.104340648729796,200,8620.868129745959,64891.26523255501
FL00775,VH040,TR04330,2026-01-28 20:52:11.186237,Petrol,97.19201938682336,200,19438.40387736467,77815.16769259988
FL00776,VH001,TR04013,2026-01-28 21:44:02.208441,Petrol,26.15799347278452,200,5231.598694556904,53423.39553810148
FL00777,VH031,TR02244,2026-01-28 22:35:53.230646,Petrol,27.814044184024635,200,5562.808836804927,170248.4216998343
FL00778,VH032,TR02590,2026-01-28 23:27:44.252850,Petrol,20.06430479671717,200,4012.860959343434,149198.02168842813
FL00779,VH014,TR01779,2026-01-29 00:19:35.275055,Diesel,107.10205151698338,190,20349.389788226843,165626.05431602284
FL00780,VH028,TR01130,2026-01-29 01:11:26.297259,Petrol,79.17016084064895,200,15834.03216812979,92493.9337187585
FL00781,VH021,TR00645,2026-01-29 02:03:17.319463,Petrol,96.4823702896482,200,19296.47405792964,194736.01661777063
FL00782,VH017,TR03523,2026-01-29 02:55:08.341668,Petrol,133.10214652251025,200,26620.42930450205,41106.09782899954
FL00783,VH034,TR01558,2026-01-29 03:46:59.363872,Diesel,113.6459878657502,190,21592.737694492538,147072.81027072645
FL00784,VH006,TR04502,2026-01-29 04:38:50.386077,Diesel,74.64120854333673,190,14181.829623233978,76108.71333915374
FL00785,VH013,TR02774,2026-01-29 05:30:41.408281,Petrol,147.8098383751917,200,29561.96767503834,136626.37616742673
FL00786,VH047,TR02786,2026-01-29 06:22:32.430486,Petrol,73.87585415987625,200,14775.17083197525,87672.9220576574
FL00787,VH026,TR01707,2026-01-29 07:14:23.452690,Diesel,25.743094252694647,190,4891.1879080119825,199722.82362191088
FL00788,VH040,TR02602,2026-01-29 08:06:14.474894,Petrol,148.97166461538023,200,29794.332923076046,223905.2413211427
FL00789,VH041,TR03644,2026-01-29 08:58:05.497099,Diesel,13.194902202078623,190,2507.0314183949386,188219.4936091915
FL00790,VH016,TR00375,2026-01-29 09:49:56.519303,Diesel,86.9836983282853,190,16526.902682374206,52140.09108381923
FL00791,VH048,TR01613,2026-01-29 10:41:47.541508,Diesel,53.2733684179593,190,10121.939999412267,75968.05561320696
FL00792,VH020,TR00455,2026-01-29 11:33:38.563712,Petrol,80.49730114237788,200,16099.460228475577,230645.9357244198
FL00793,VH001,TR04298,2026-01-29 12:25:29.585917,Petrol,88.21981336323302,200,17643.9626726466,114932.8306379683
FL00794,VH044,TR01476,2026-01-29 13:17:20.608121,Petrol,43.61342547898826,200,8722.685095797653,235883.29824382404
FL00795,VH037,TR00854,2026-01-29 14:09:11.630326,Diesel,87.96022580321666,190,16712.442902611165,104188.40532694403
FL00796,VH020,TR00724,2026-01-29 15:01:02.652530,Petrol,115.84855568077525,200,23169.71113615505,238425.9185417593
FL00797,VH025,TR01392,2026-01-29 15:52:53.674734,Diesel,47.31137721415977,190,8989.161670690357,232177.35705599943
FL00798,VH030,TR02388,2026-01-29 16:44:44.696939,Diesel,63.67965866394699,190,12099.135146149927,168526.4535967879
FL00799,VH025,TR00262,2026-01-29 17:36:35.719143,Diesel,47.55397704296811,190,9035.25563816394,12118.491630760682
FL00800,VH020,TR00543,2026-01-29 18:28:26.741348,Petrol,124.87836233834834,200,24975.67246766967,106080.32367422486
FL00801,VH028,TR00551,2026-01-29 19:20:17.763552,Petrol,111.49751628934354,200,22299.503257868706,228696.431126943
FL00802,VH001,TR03798,2026-01-29 20:12:08.785757,Petrol,131.96750121057704,200,26393.50024211541,222426.46938594754
FL00803,VH049,TR00638,2026-01-29 21:03:59.807961,Diesel,33.806985006232296,190,6423.327151184136,54973.07202306728
FL00804,VH018,TR00165,2026-01-29 21:55:50.830166,Diesel,20.301149342365218,190,3857.2183750493914,105803.79903258462
FL00805,VH025,TR02806,2026-01-29 22:47:41.852370,Diesel,26.71369054021427,190,5075.601202640712,210522.3826910732
FL00806,VH010,TR00621,2026-01-29 23:39:32.874574,Diesel,32.5425665953931,190,6183.087653124689,148690.68478001305
FL00807,VH023,TR01224,2026-01-30 00:31:23.896779,Diesel,84.63157249447234,190,16079.998773949745,213351.81602708815
FL00808,VH009,TR03343,2026-01-30 01:23:14.918983,Diesel,145.9276898507871,190,27726.261071649547,208376.1722676551
FL00809,VH033,TR00051,2026-01-30 02:15:05.941188,Petrol,60.012958326349484,200,12002.591665269896,227795.68166859593
FL00810,VH005,TR00489,2026-01-30 03:06:56.963392,Diesel,144.1911577104287,190,27396.319964981456,38132.94116669961
FL00811,VH046,TR00665,2026-01-30 03:58:47.985597,Diesel,15.348111298485161,190,2916.1411467121807,44851.63394884376
FL00812,VH030,TR01247,2026-01-30 04:50:39.007801,Diesel,139.76210839405218,190,26554.800594869914,29874.166952572603
FL00813,VH034,TR02711,2026-01-30 05:42:30.030006,Diesel,35.36136502269596,190,6718.659354312233,234464.52186290358
FL00814,VH036,TR04362,2026-01-30 06:34:21.052210,Diesel,137.74649800070884,190,26171.83462013468,124038.97225069435
FL00815,VH018,TR04169,2026-01-30 07:26:12.074414,Diesel,17.871840216164564,190,3395.649641071267,25438.068035787554
FL00816,VH025,TR03953,2026-01-30 08:18:03.096619,Diesel,142.75072264930458,190,27122.63730336787,87167.1766033699
FL00817,VH017,TR02592,2026-01-30 09:09:54.118823,Petrol,38.111757004640516,200,7622.351400928103,94339.03387119205
FL00818,VH015,TR00881,2026-01-30 10:01:45.141028,Petrol,52.3799684102425,200,10475.9936820485,204294.35763442173
FL00819,VH048,TR00435,2026-01-30 10:53:36.163232,Diesel,78.73192817441414,190,14959.066353138685,186514.4541210215
FL00820,VH012,TR01985,2026-01-30 11:45:27.185437,Diesel,63.30092337296653,190,12027.17544086364,175452.89189501657
FL00821,VH039,TR04453,2026-01-30 12:37:18.207641,Diesel,103.453915696841,190,19656.24398239979,15247.252621930897
FL00822,VH015,TR04114,2026-01-30 13:29:09.229845,Petrol,146.47308741501084,200,29294.617483002166,228566.9911423309
FL00823,VH028,TR03871,2026-01-30 14:21:00.252050,Petrol,94.8997087126917,200,18979.94174253834,61733.264059777975
FL00824,VH050,TR02623,2026-01-30 15:12:51.274254,Diesel,111.00795732111689,190,21091.51189101221,160974.73712624266
FL00825,VH013,TR01793,2026-01-30 16:04:42.296459,Petrol,22.320735042798212,200,4464.147008559642,24836.570322740597
FL00826,VH004,TR02799,2026-01-30 16:56:33.318663,Diesel,97.89374006980074,190,18599.81061326214,29566.26204929308
FL00827,VH006,TR03513,2026-01-30 17:48:24.340868,Diesel,73.53896878649783,190,13972.404069434588,12298.551071229316
FL00828,VH037,TR01494,2026-01-30 18:40:15.363072,Diesel,134.00953010874798,190,25461.810720662117,145822.63469087935
FL00829,VH017,TR02680,2026-01-30 19:32:06.385277,Petrol,64.34955395003428,200,12869.910790006856,161051.12070805713
FL00830,VH045,TR01626,2026-01-30 20:23:57.407481,Diesel,105.12358016698867,190,19973.480231727848,22110.952775974903
FL00831,VH038,TR02420,2026-01-30 21:15:48.429685,Diesel,41.941521956271075,190,7968.889171691504,79716.37234336934
FL00832,VH021,TR03018,2026-01-30 22:07:39.451890,Petrol,46.312154693387434,200,9262.430938677488,214349.059402724
FL00833,VH015,TR01848,2026-01-30 22:59:30.474094,Petrol,62.657140329118306,200,12531.42806582366,34314.008037499385
FL00834,VH046,TR03247,2026-01-30 23:51:21.496299,Diesel,52.56889525091038,190,9988.090097672972,61971.31949279949
FL00835,VH020,TR01539,2026-01-31 00:43:12.518503,Petrol,45.543037514610475,200,9108.607502922096,111853.8900333825
FL00836,VH043,TR01317,2026-01-31 01:35:03.540708,Diesel,16.9536188261133,190,3221.1875769615267,212145.78463194784
FL00837,VH029,TR01720,2026-01-31 02:26:54.562912,Diesel,127.14448644534427,190,24157.45242461541,71163.77307404901
FL00838,VH035,TR01951,2026-01-31 03:18:45.585117,Diesel,19.002214324779807,190,3610.4207217081635,249312.8836872021
FL00839,VH031,TR00224,2026-01-31 04:10:36.607321,Petrol,134.23117218441547,200,26846.234436883093,95262.83515324681
FL00840,VH014,TR02027,2026-01-31 05:02:27.629525,Diesel,27.565154469528437,190,5237.379349210403,102747.67803606954
FL00841,VH032,TR01548,2026-01-31 05:54:18.651730,Petrol,19.136643188772265,200,3827.3286377544528,39305.48901539064
FL00842,VH026,TR03779,2026-01-31 06:46:09.673934,Diesel,88.82066695729759,190,16875.926721886543,173247.49620556738
FL00843,VH011,TR03724,2026-01-31 07:38:00.696139,Diesel,80.34185096046104,190,15264.9516824876,68431.64386827558
FL00844,VH010,TR01524,2026-01-31 08:29:51.718343,Diesel,78.77283963646391,190,14966.839530928144,160928.22287081112
FL00845,VH002,TR02704,2026-01-31 09:21:42.740548,Petrol,90.43060585019569,200,18086.12117003914,63557.85481670238
FL00846,VH002,TR01973,2026-01-31 10:13:33.762752,Petrol,50.1879248566818,200,10037.58497133636,103089.3441343523
FL00847,VH016,TR04529,2026-01-31 11:05:24.784956,Diesel,102.81289828014556,190,19534.450673227657,215601.3020690602
FL00848,VH043,TR04605,2026-01-31 11:57:15.807161,Diesel,80.33631075900566,190,15263.899044211075,187337.41875377682
FL00849,VH026,TR04604,2026-01-31 12:49:06.829365,Diesel,56.864085374025535,190,10804.176221064852,47101.815986493624
FL00850,VH005,TR00617,2026-01-31 13:40:57.851570,Diesel,125.71009337730193,190,23884.917741687368,155849.96016978432
FL00851,VH044,TR04516,2026-01-31 14:32:48.873774,Petrol,111.88095348573941,200,22376.190697147882,160873.75640171423
FL00852,VH014,TR04170,2026-01-31 15:24:39.895979,Diesel,65.10544787224708,190,12370.035095726946,31736.43364044665
FL00853,VH010,TR02622,2026-01-31 16:16:30.918183,Diesel,128.66648993204217,190,24446.633087088012,121793.35704062459
FL00854,VH044,TR04242,2026-01-31 17:08:21.940388,Petrol,138.8361550156484,200,27767.231003129677,72560.4149602259
FL00855,VH008,TR02094,2026-01-31 18:00:12.962592,Diesel,85.16127739181074,190,16180.64270444404,122111.2342632359
FL00856,VH027,TR01765,2026-01-31 18:52:03.984796,Petrol,40.093343021968906,200,8018.668604393781,196497.03791749
FL00857,VH028,TR03177,2026-01-31 19:43:55.007001,Petrol,138.21090191657817,200,27642.180383315634,47982.294354476726
FL00858,VH049,TR01133,2026-01-31 20:35:46.029205,Diesel,36.52714681337241,190,6940.157894540758,39593.009341130506
FL00859,VH017,TR04217,2026-01-31 21:27:37.051410,Petrol,16.77925169841768,200,3355.8503396835363,74635.9588253855
FL00860,VH007,TR03571,2026-01-31 22:19:28.073614,Petrol,55.84818124223832,200,11169.636248447663,238546.10808317998
FL00861,VH012,TR01067,2026-01-31 23:11:19.095819,Diesel,111.77528822454558,190,21237.304762663658,189477.8106843919
FL00862,VH007,TR02147,2026-02-01 00:03:10.118023,Petrol,139.25837208949693,200,27851.674417899387,14669.40707549118
FL00863,VH030,TR00706,2026-02-01 00:55:01.140228,Diesel,99.21999055402158,190,18851.7982052641,106241.1621960104
FL00864,VH038,TR02359,2026-02-01 01:46:52.162432,Diesel,143.2573965753324,190,27218.905349313154,71775.51497929245
FL00865,VH031,TR03535,2026-02-01 02:38:43.184636,Petrol,22.931917498625527,200,4586.383499725105,163154.69640932174
FL00866,VH035,TR03813,2026-02-01 03:30:34.206841,Diesel,18.505522142322807,190,3516.0492070413334,120230.18884820635
FL00867,VH002,TR02471,2026-02-01 04:22:25.229045,Petrol,94.58687310411297,200,18917.374620822593,241479.6459673458
FL00868,VH032,TR04068,2026-02-01 05:14:16.251250,Petrol,145.25628514898568,200,29051.257029797136,62554.82823621717
FL00869,VH045,TR03461,2026-02-01 06:06:07.273454,Diesel,80.38098325366136,190,15272.386818195657,151085.53983974576
FL00870,VH041,TR03769,2026-02-01 06:57:58.295659,Diesel,17.212131631502718,190,3270.3050099855163,178050.40359765344
FL00871,VH036,TR01935,2026-02-01 07:49:49.317863,Diesel,40.970611850843866,190,7784.416251660335,208135.4774428916
FL00872,VH042,TR02320,2026-02-01 08:41:40.340068,Diesel,44.271006898207894,190,8411.4913106595,107673.0473027217
FL00873,VH019,TR02873,2026-02-01 09:33:31.362272,Diesel,57.299998079173,190,10886.99963504287,174861.25783779557
FL00874,VH017,TR00210,2026-02-01 10:25:22.384476,Petrol,16.104473702069768,200,3220.8947404139535,82768.35313222787
FL00875,VH042,TR04835,2026-02-01 11:17:13.406681,Diesel,136.68497806970828,190,25970.145833244573,114514.26216683687
FL00876,VH021,TR02808,2026-02-01 12:09:04.428885,Petrol,82.17895226100933,200,16435.790452201865,224950.5114888158
FL00877,VH040,TR04255,2026-02-01 13:00:55.451090,Petrol,103.93031101357526,200,20786.062202715053,237977.82623942904
FL00878,VH017,TR03963,2026-02-01 13:52:46.473294,Petrol,19.404197165301255,200,3880.839433060251,182516.16326254353
FL00879,VH017,TR04837,2026-02-01 14:44:37.495499,Petrol,17.576165492510917,200,3515.2330985021836,99844.4537862844
FL00880,VH036,TR01954,2026-02-01 15:36:28.517703,Diesel,92.10548808567661,190,17500.042736278556,206813.86959391937
FL00881,VH017,TR02391,2026-02-01 16:28:19.539907,Petrol,134.22144147058913,200,26844.288294117825,16208.099614100844
FL00882,VH035,TR03526,2026-02-01 17:20:10.562112,Diesel,83.98748013433658,190,15957.62122552395,34659.01852946106
FL00883,VH045,TR04795,2026-02-01 18:12:01.584316,Diesel,132.89468415981003,190,25249.989990363905,168729.69673008667
FL00884,VH017,TR03215,2026-02-01 19:03:52.606521,Petrol,123.5387782277335,200,24707.755645546702,79899.65806481379
FL00885,VH015,TR02445,2026-02-01 19:55:43.628725,Petrol,20.619530011288905,200,4123.906002257781,238332.69241611467
FL00886,VH050,TR02584,2026-02-01 20:47:34.650930,Diesel,38.27404641399659,190,7272.068818659352,114654.54690215313
FL00887,VH009,TR00141,2026-02-01 21:39:25.673134,Diesel,102.07949368174795,190,19395.10379953211,113047.55689340248
FL00888,VH042,TR04336,2026-02-01 22:31:16.695339,Diesel,72.09019355700582,190,13697.136775831106,172739.0824458235
FL00889,VH033,TR00292,2026-02-01 23:23:07.717543,Petrol,50.69797391056888,200,10139.594782113776,194216.45495348552
FL00890,VH034,TR02865,2026-02-02 00:14:58.739747,Diesel,68.60873984671707,190,13035.660570876244,124134.09715003276
FL00891,VH006,TR04178,2026-02-02 01:06:49.761952,Diesel,72.3279504778888,190,13742.310590798874,61360.216410813795
FL00892,VH042,TR02608,2026-02-02 01:58:40.784156,Diesel,137.47731511502352,190,26120.68987185447,195594.0742541492
FL00893,VH025,TR03937,2026-02-02 02:50:31.806361,Diesel,24.484159718693423,190,4651.99034655175,86884.30596967062
FL00894,VH049,TR02918,2026-02-02 03:42:22.828565,Diesel,49.1623045530661,190,9340.83786508256,52026.584630525824
FL00895,VH027,TR02219,2026-02-02 04:34:13.850770,Petrol,85.25907432157994,200,17051.814864315988,161593.64558200317
FL00896,VH030,TR01798,2026-02-02 05:26:04.872974,Diesel,107.76016972828283,190,20474.432248373738,31708.880077684094
FL00897,VH014,TR00977,2026-02-02 06:17:55.895179,Diesel,98.28922045429411,190,18674.95188631588,243124.64202065318
FL00898,VH016,TR00580,2026-02-02 07:09:46.917383,Diesel,141.82998328323524,190,26947.696823814695,161775.34345891286
FL00899,VH015,TR02574,2026-02-02 08:01:37.939587,Petrol,121.38524947472625,200,24277.04989494525,246614.9250212214
FL00900,VH032,TR02590,2026-02-02 08:53:28.961792,Petrol,87.99075787642025,200,17598.15157528405,91334.42163487265
FL00901,VH019,TR03284,2026-02-02 09:45:19.983996,Diesel,40.05557683429105,190,7610.5595985153,243089.23868569548
FL00902,VH046,TR01800,2026-02-02 10:37:11.006201,Diesel,73.12239239631357,190,13893.254555299578,44934.93945486966
FL00903,VH030,TR01462,2026-02-02 11:29:02.028405,Diesel,107.07351418722683,190,20343.967695573097,19766.745363286827
FL00904,VH031,TR04418,2026-02-02 12:20:53.050610,Petrol,127.31470447705189,200,25462.94089541038,17916.174509104614
FL00905,VH025,TR04069,2026-02-02 13:12:44.072814,Diesel,144.36307141913423,190,27428.983569635504,121568.8889438145
FL00906,VH006,TR02948,2026-02-02 14:04:35.095019,Diesel,94.76338725930847,190,18005.04357926861,29921.007394862747
FL00907,VH030,TR00714,2026-02-02 14:56:26.117223,Diesel,83.76871142262054,190,15916.055170297903,132920.29220022442
FL00908,VH033,TR02424,2026-02-02 15:48:17.139427,Petrol,12.476869236960763,200,2495.3738473921526,88600.12084213611
FL00909,VH045,TR01891,2026-02-02 16:40:08.161632,Diesel,20.09386968102519,190,3817.835239394786,90550.95819378774
FL00910,VH034,TR03568,2026-02-02 17:31:59.183836,Diesel,31.854699669236037,190,6052.3929371548475,162546.15917084075
FL00911,VH027,TR01679,2026-02-02 18:23:50.206041,Petrol,17.66639036654793,200,3533.278073309586,49143.52147638884
FL00912,VH015,TR02148,2026-02-02 19:15:41.228245,Petrol,66.1208534326897,200,13224.17068653794,193972.80888153546
FL00913,VH005,TR00918,2026-02-02 20:07:32.250450,Diesel,57.1629963194421,190,10860.969300694,149687.42074687235
FL00914,VH010,TR02267,2026-02-02 20:59:23.272654,Diesel,99.229582101575,190,18853.62059929925,229586.71092340263
FL00915,VH019,TR02525,2026-02-02 21:51:14.294858,Diesel,84.99311511067638,190,16148.691871028514,97561.75690420561
FL00916,VH025,TR01807,2026-02-02 22:43:05.317063,Diesel,93.43590631430035,190,17752.822199717066,245851.59809611013
FL00917,VH016,TR04052,2026-02-02 23:34:56.339267,Diesel,76.07680841127157,190,14454.593598141599,148198.63521136556
FL00918,VH045,TR00560,2026-02-03 00:26:47.361472,Diesel,48.883200797596,190,9287.808151543239,243616.4694850081
FL00919,VH032,TR00629,2026-02-03 01:18:38.383676,Petrol,143.39554409250678,200,28679.108818501358,16494.55697130768
FL00920,VH021,TR03067,2026-02-03 02:10:29.405881,Petrol,22.097282366419456,200,4419.456473283892,184714.31737897312
FL00921,VH029,TR01912,2026-02-03 03:02:20.428085,Diesel,141.444739925143,190,26874.500585777172,205989.1658302567
FL00922,VH010,TR03763,2026-02-03 03:54:11.450290,Diesel,53.573326561062856,190,10178.932046601944,22761.58880235702
FL00923,VH032,TR03552,2026-02-03 04:46:02.472494,Petrol,81.77260235142164,200,16354.520470284328,148952.71936389897
FL00924,VH038,TR01809,2026-02-03 05:37:53.494698,Diesel,25.23792519585646,190,4795.205787212727,202466.1504614676
FL00925,VH042,TR02387,2026-02-03 06:29:44.516903,Diesel,19.9303495719413,190,3786.7664186688467,144649.29405353745
FL00926,VH008,TR01896,2026-02-03 07:21:35.539107,Diesel,70.1363628206044,190,13325.908935914837,25315.261697311995
FL00927,VH017,TR03931,2026-02-03 08:13:26.561312,Petrol,113.83763269315494,200,22767.526538630987,176427.33781559474
FL00928,VH029,TR01007,2026-02-03 09:05:17.583516,Diesel,47.71106885679685,190,9065.103082791402,24543.25952159407
FL00929,VH009,TR00049,2026-02-03 09:57:08.605721,Diesel,88.7287044509448,190,16858.453845679513,206192.53480394525
FL00930,VH044,TR01851,2026-02-03 10:48:59.627925,Petrol,49.01104767319457,200,9802.209534638914,20328.203993606658
FL00931,VH049,TR01930,2026-02-03 11:40:50.650130,Diesel,64.40582852502571,190,12237.107419754886,42975.37144248899
FL00932,VH013,TR02133,2026-02-03 12:32:41.672334,Petrol,136.90248458633545,200,27380.49691726709,76025.82172558444
FL00933,VH034,TR01526,2026-02-03 13:24:32.694538,Diesel,129.81754756928873,190,24665.33403816486,162007.550142592
FL00934,VH045,TR00329,2026-02-03 14:16:23.716743,Diesel,82.24245607846818,190,15626.066654908955,244326.18391151342
FL00935,VH021,TR02658,2026-02-03 15:08:14.738947,Petrol,43.334787846091025,200,8666.957569218204,38277.48462878426
FL00936,VH008,TR04530,2026-02-03 16:00:05.761152,Diesel,37.045747782623195,190,7038.692078698407,44249.84061134042
FL00937,VH038,TR00588,2026-02-03 16:51:56.783356,Diesel,143.572229425,190,27278.723590749996,98528.89520823528
FL00938,VH035,TR03206,2026-02-03 17:43:47.805561,Diesel,38.38032351149626,190,7292.261467184289,210692.59306127686
FL00939,VH040,TR01599,2026-02-03 18:35:38.827765,Petrol,123.14356352775548,200,24628.712705551094,122135.4286601954
FL00940,VH013,TR03852,2026-02-03 19:27:29.849969,Petrol,61.655829334975216,200,12331.165866995043,87186.5440613972
FL00941,VH002,TR02473,2026-02-03 20:19:20.872174,Petrol,147.99237865815337,200,29598.475731630675,144688.9197301267
FL00942,VH036,TR02818,2026-02-03 21:11:11.894378,Diesel,61.5418036507903,190,11692.942693650157,72525.56738698001
FL00943,VH029,TR04608,2026-02-03 22:03:02.916583,Diesel,59.21232748750165,190,11250.342222625313,106278.37773940503
FL00944,VH021,TR01409,2026-02-03 22:54:53.938787,Petrol,99.24490804286724,200,19848.98160857345,89825.23581569004
FL00945,VH033,TR01012,2026-02-03 23:46:44.960992,Petrol,144.6123529277547,200,28922.47058555094,202993.84537951503
FL00946,VH049,TR04660,2026-02-04 00:38:35.983196,Diesel,146.6693448115006,190,27867.175514185114,231821.3743451202
FL00947,VH023,TR04399,2026-02-04 01:30:27.005401,Diesel,109.00886050537792,190,20711.683496021804,192297.32611765884
FL00948,VH025,TR04045,2026-02-04 02:22:18.027605,Diesel,115.6448911890895,190,21972.529325927007,115380.05824719604
FL00949,VH035,TR01330,2026-02-04 03:14:09.049809,Diesel,88.87630463622388,190,16886.497880882536,131040.39459919931
FL00950,VH029,TR02605,2026-02-04 04:06:00.072014,Diesel,115.80860347852646,190,22003.63466092003,40017.68654306456
FL00951,VH044,TR02024,2026-02-04 04:57:51.094218,Petrol,130.3691516958695,200,26073.830339173903,189247.53067228908
FL00952,VH012,TR04508,2026-02-04 05:49:42.116423,Diesel,78.05334244730325,190,14830.135064987619,153154.16305481057
FL00953,VH002,TR03186,2026-02-04 06:41:33.138627,Petrol,96.78071679621442,200,19356.143359242884,226585.59907298474
FL00954,VH026,TR04604,2026-02-04 07:33:24.160832,Diesel,85.22433733262667,190,16192.624093199069,58146.67445803677
FL00955,VH005,TR04152,2026-02-04 08:25:15.183036,Diesel,88.7458858940148,190,16861.71831986281,192334.26926382692
FL00956,VH049,TR02594,2026-02-04 09:17:06.205241,Diesel,134.60670738235171,190,25575.274402646824,174321.19881260552
FL00957,VH009,TR03342,2026-02-04 10:08:57.227445,Diesel,59.78635622877983,190,11359.407683468167,73802.92811434052
FL00958,VH027,TR00196,2026-02-04 11:00:48.249649,Petrol,39.14576358408739,200,7829.152716817478,170170.87348979802
FL00959,VH008,TR01791,2026-02-04 11:52:39.271854,Diesel,73.87921543830808,190,14037.050933278535,231849.6113383959
FL00960,VH026,TR01107,2026-02-04 12:44:30.294058,Diesel,39.13192666737712,190,7435.0660668016535,230424.63704010853
FL00961,VH008,TR02790,2026-02-04 13:36:21.316263,Diesel,79.77605959268269,190,15157.45132260971,182710.3778838739
FL00962,VH037,TR02185,2026-02-04 14:28:12.338467,Diesel,136.4911347499882,190,25933.315602497758,21537.547008174424
FL00963,VH045,TR00539,2026-02-04 15:20:03.360672,Diesel,96.44069286754689,190,18323.731644833908,219343.44095683875
FL00964,VH048,TR04785,2026-02-04 16:11:54.382876,Diesel,129.7605994624309,190,24654.51389786187,167866.86568108958
FL00965,VH004,TR00719,2026-02-04 17:03:45.405081,Diesel,33.26672874617165,190,6320.678461772613,84504.22076385627
FL00966,VH045,TR03996,2026-02-04 17:55:36.427285,Diesel,136.12230295520476,190,25863.237561488902,54940.08680936784
FL00967,VH016,TR00306,2026-02-04 18:47:27.449489,Diesel,94.25020301699621,190,17907.53857322928,37888.92711935611
FL00968,VH033,TR00388,2026-02-04 19:39:18.471694,Petrol,14.446370423667172,200,2889.2740847334344,22056.855821862635
FL00969,VH024,TR00725,2026-02-04 20:31:09.493898,Petrol,98.63665373990516,200,19727.330747981032,190984.77950818156
FL00970,VH026,TR02597,2026-02-04 21:23:00.516103,Diesel,143.1955738765285,190,27207.159036540415,66602.31974638609
FL00971,VH003,TR02436,2026-02-04 22:14:51.538307,Diesel,21.08338006655069,190,4005.8422126446308,15820.704650381216
FL00972,VH036,TR02341,2026-02-04 23:06:42.560512,Diesel,91.5438582657401,190,17393.33307049062,105344.95644207743
FL00973,VH020,TR00179,2026-02-04 23:58:33.582716,Petrol,138.16700440176007,200,27633.400880352012,125825.69934216134
FL00974,VH022,TR01904,2026-02-05 00:50:24.604920,Petrol,11.357323566812438,200,2271.4647133624876,50615.25541603046
FL00975,VH011,TR01705,2026-02-05 01:42:15.627125,Diesel,98.32780970521524,190,18682.283843990896,20571.600679011946
FL00976,VH034,TR03384,2026-02-05 02:34:06.649329,Diesel,76.48632085633477,190,14532.400962703607,55390.115943536526
FL00977,VH003,TR04176,2026-02-05 03:25:57.671534,Diesel,58.57850461080548,190,11129.91587605304,172984.66284077783
FL00978,VH014,TR04543,2026-02-05 04:17:48.693738,Diesel,97.85510859235265,190,18592.470632547003,29738.482540289537
FL00979,VH044,TR04862,2026-02-05 05:09:39.715943,Petrol,17.37829324223837,200,3475.6586484476743,143208.88733367852
FL00980,VH036,TR04666,2026-02-05 06:01:30.738147,Diesel,115.42882648023603,190,21931.477031244845,45138.87709796
FL00981,VH048,TR00096,2026-02-05 06:53:21.760352,Diesel,10.627126768759068,190,2019.1540860642228,56965.40165930065
FL00982,VH018,TR01284,2026-02-05 07:45:12.782556,Diesel,52.97100413092931,190,10064.490784876569,104338.69198400769
FL00983,VH002,TR00248,2026-02-05 08:37:03.804760,Petrol,80.55420927585497,200,16110.841855170995,34198.08065289552
FL00984,VH015,TR00982,2026-02-05 09:28:54.826965,Petrol,62.78311507931724,200,12556.623015863448,51568.840667731085
FL00985,VH029,TR04364,2026-02-05 10:20:45.849169,Diesel,53.046630928781546,190,10078.859876468494,93748.57874832499
FL00986,VH025,TR01566,2026-02-05 11:12:36.871374,Diesel,126.31692036553346,190,24000.214869451356,89120.56131960805
FL00987,VH025,TR02142,2026-02-05 12:04:27.893578,Diesel,140.87656039806726,190,26766.54647563278,189825.15656217566
FL00988,VH023,TR00736,2026-02-05 12:56:18.915783,Diesel,132.3197758868244,190,25140.757418496636,27947.75323034185
FL00989,VH008,TR03388,2026-02-05 13:48:09.937987,Diesel,83.14038382699995,190,15796.67292712999,216508.17655992243
FL00990,VH031,TR02660,2026-02-05 14:40:00.960192,Petrol,133.78298452708762,200,26756.596905417526,205895.72097746917
FL00991,VH025,TR00449,2026-02-05 15:31:51.982396,Diesel,138.92061912541612,190,26394.917633829064,193837.99352606523
FL00992,VH030,TR01836,2026-02-05 16:23:43.004600,Diesel,67.29337558664469,190,12785.741361462491,84249.3669911518
FL00993,VH050,TR04716,2026-02-05 17:15:34.026805,Diesel,49.68242033076236,190,9439.659862844848,207491.628529789
FL00994,VH035,TR00614,2026-02-05 18:07:25.049009,Diesel,23.757128813864846,190,4513.8544746343205,53872.49926942739
FL00995,VH044,TR01434,2026-02-05 18:59:16.071214,Petrol,77.07286894689207,200,15414.573789378413,39858.20940520678
FL00996,VH020,TR00877,2026-02-05 19:51:07.093418,Petrol,142.4815688613818,200,28496.313772276357,20789.520037476963
FL00997,VH010,TR02576,2026-02-05 20:42:58.115623,Diesel,88.52705392985195,190,16820.14024667187,235434.48712133823
FL00998,VH007,TR01134,2026-02-05 21:34:49.137827,Petrol,103.45869425006403,200,20691.738850012807,83922.61544926568
FL00999,VH042,TR04871,2026-02-05 22:26:40.160032,Diesel,25.80373458885866,190,4902.709571883145,230228.29124269742
FL01000,VH040,TR00672,2026-02-05 23:18:31.182236,Petrol,30.092752979915875,200,6018.550595983175,75427.25476463913
FL01001,VH032,TR01631,2026-02-06 00:10:22.204440,Petrol,75.02625667435416,200,15005.25133487083,227815.83024072388
FL01002,VH041,TR03319,2026-02-06 01:02:13.226645,Diesel,143.17707185772161,190,27203.64365296711,226942.97268306118
FL01003,VH037,TR00361,2026-02-06 01:54:04.248849,Diesel,60.50984982281405,190,11496.87146633467,231682.2508025711
FL01004,VH012,TR02393,2026-02-06 02:45:55.271054,Diesel,132.84776578445468,190,25241.07549904639,129076.8254282065
FL01005,VH023,TR03902,2026-02-06 03:37:46.293258,Diesel,26.840403079599614,190,5099.676585123927,217827.10883173408
FL01006,VH002,TR00798,2026-02-06 04:29:37.315463,Petrol,96.38240897071941,200,19276.48179414388,238183.81508015684
FL01007,VH036,TR01784,2026-02-06 05:21:28.337667,Diesel,94.08581676747255,190,17876.305185819783,87908.06605532308
FL01008,VH037,TR00067,2026-02-06 06:13:19.359871,Diesel,130.38246500983757,190,24772.66835186914,110529.85736381322
FL01009,VH022,TR03035,2026-02-06 07:05:10.382076,Petrol,10.464338616686211,200,2092.8677233372423,182617.64496057856
FL01010,VH049,TR02091,2026-02-06 07:57:01.404280,Diesel,36.5904334076601,190,6952.182347455419,82086.35721359221
FL01011,VH004,TR02277,2026-02-06 08:48:52.426485,Diesel,40.75626756012744,190,7743.690836424214,190914.23413903816
FL01012,VH029,TR03516,2026-02-06 09:40:43.448689,Diesel,142.99525233270322,190,27169.097943213612,27734.114851248145
FL01013,VH042,TR00234,2026-02-06 10:32:34.470894,Diesel,31.517111877785293,190,5988.2512567792055,135639.61222925014
FL01014,VH033,TR01223,2026-02-06 11:24:25.493098,Petrol,15.174729030878453,200,3034.9458061756904,39355.23618009885
FL01015,VH016,TR02545,2026-02-06 12:16:16.515303,Diesel,84.82460926385312,190,16116.675760132093,80397.63434480234
FL01016,VH043,TR01056,2026-02-06 13:08:07.537507,Diesel,83.99818474071543,190,15959.655100735932,72070.09419675329
FL01017,VH039,TR04555,2026-02-06 13:59:58.559711,Diesel,128.16657515150098,190,24351.649278785186,211343.69765503987
FL01018,VH024,TR03348,2026-02-06 14:51:49.581916,Petrol,142.8403510248923,200,28568.07020497846,56444.14129748739
FL01019,VH030,TR01170,2026-02-06 15:43:40.604120,Diesel,85.39636189961834,190,16225.308760927484,204027.50083818854
FL01020,VH023,TR04102,2026-02-06 16:35:31.626325,Diesel,140.19918553875178,190,26637.845252362837,200550.48301790128
FL01021,VH011,TR00494,2026-02-06 17:27:22.648529,Diesel,111.52228118197615,190,21189.23342457547,129731.93333373517
FL01022,VH038,TR03180,2026-02-06 18:19:13.670734,Diesel,47.0382779193819,190,8937.272804682561,66122.38134307112
FL01023,VH027,TR03844,2026-02-06 19:11:04.692938,Petrol,139.97889953214968,200,27995.779906429936,64455.12158949345
FL01024,VH037,TR01364,2026-02-06 20:02:55.715143,Diesel,103.44204466546246,190,19653.98848643787,121581.91530780347
FL01025,VH027,TR03399,2026-02-06 20:54:46.737347,Petrol,67.97343058396874,200,13594.686116793748,12114.161774443914
FL01026,VH012,TR01057,2026-02-06 21:46:37.759551,Diesel,105.23389183237029,190,19994.439448150355,137524.18110672786
FL01027,VH035,TR00143,2026-02-06 22:38:28.781756,Diesel,66.18379588412512,190,12574.921217983772,238667.0861840933
FL01028,VH028,TR03316,2026-02-06 23:30:19.803960,Petrol,25.9857275183143,200,5197.1455036628595,47129.651647023165
FL01029,VH022,TR04832,2026-02-07 00:22:10.826165,Petrol,110.65702460476598,200,22131.404920953195,147602.94915414482
FL01030,VH013,TR02774,2026-02-07 01:14:01.848369,Petrol,125.37226570390413,200,25074.453140780828,240826.88527466962
FL01031,VH018,TR01885,2026-02-07 02:05:52.870574,Diesel,112.03286786271428,190,21286.244893915715,216525.31347798405
FL01032,VH009,TR02265,2026-02-07 02:57:43.892778,Diesel,42.076053485934715,190,7994.4501623275955,214091.22793152166
FL01033,VH028,TR01925,2026-02-07 03:49:34.914982,Petrol,143.92890188686582,200,28785.780377373165,207243.98329508537
FL01034,VH036,TR04046,2026-02-07 04:41:25.937187,Diesel,13.535638636761828,190,2571.7713409847474,84165.66545348454
FL01035,VH025,TR02482,2026-02-07 05:33:16.959391,Diesel,56.57594163258968,190,10749.42891019204,223748.03950403494
FL01036,VH045,TR01891,2026-02-07 06:25:07.981596,Diesel,46.41294083488537,190,8818.45875862822,235921.68429596105
FL01037,VH016,TR03126,2026-02-07 07:16:59.003800,Diesel,16.737671866079136,190,3180.157654555036,128990.18159176945
FL01038,VH050,TR00942,2026-02-07 08:08:50.026005,Diesel,66.80215701841358,190,12692.409833498581,95097.0513422701
FL01039,VH043,TR01616,2026-02-07 09:00:41.048209,Diesel,97.23607762278843,190,18474.854748329803,109414.96374540548
FL01040,VH014,TR01969,2026-02-07 09:52:32.070414,Diesel,133.55740088791418,190,25375.906168703696,90209.54603950374
FL01041,VH033,TR03223,2026-02-07 10:44:23.092618,Petrol,148.5565602668058,200,29711.31205336116,60980.426085889616
FL01042,VH050,TR04151,2026-02-07 11:36:14.114822,Diesel,123.13254209661574,190,23395.18299835699,158427.63286069347
FL01043,VH049,TR01472,2026-02-07 12:28:05.137027,Diesel,75.61527261979548,190,14366.90179776114,145023.2526988775
FL01044,VH013,TR01059,2026-02-07 13:19:56.159231,Petrol,111.3186196353843,200,22263.72392707686,121020.41704942615
FL01045,VH029,TR01007,2026-02-07 14:11:47.181436,Diesel,128.1073304025497,190,24340.392776484445,33002.892804359624
FL01046,VH021,TR03191,2026-02-07 15:03:38.203640,Petrol,75.14300749861539,200,15028.601499723078,201254.31152943996
FL01047,VH010,TR01221,2026-02-07 15:55:29.225845,Diesel,119.90762076356998,190,22782.447945078296,51984.05506018941
FL01048,VH036,TR04662,2026-02-07 16:47:20.248049,Diesel,77.57133856380274,190,14738.554327122521,37494.89041505156
FL01049,VH030,TR04867,2026-02-07 17:39:11.270254,Diesel,64.10943872274117,190,12180.793357320823,159537.13491590737
FL01050,VH030,TR01798,2026-02-07 18:31:02.292458,Diesel,83.65271728972657,190,15894.016285048048,105674.64669705357
FL01051,VH015,TR04974,2026-02-07 19:22:53.314662,Petrol,104.61966326780028,200,20923.932653560056,24354.034084559073
FL01052,VH046,TR02872,2026-02-07 20:14:44.336867,Diesel,111.76348788460363,190,21235.06269807469,95336.40519065397
FL01053,VH037,TR00514,2026-02-07 21:06:35.359071,Diesel,59.9430776448951,190,11389.184752530069,195227.28454839106
FL01054,VH025,TR01618,2026-02-07 21:58:26.381276,Diesel,89.98483521784487,190,17097.118691390526,157659.8092521034
FL01055,VH002,TR04518,2026-02-07 22:50:17.403480,Petrol,137.3819223712626,200,27476.384474252518,97068.64551687923
FL01056,VH041,TR04613,2026-02-07 23:42:08.425685,Diesel,146.68380601548958,190,27869.923142943022,56033.149992301136
FL01057,VH022,TR03758,2026-02-08 00:33:59.447889,Petrol,41.81473276575363,200,8362.946553150727,161630.94899314558
FL01058,VH029,TR02033,2026-02-08 01:25:50.470094,Diesel,36.9963631998678,190,7029.309007974882,223013.27222712527
FL01059,VH011,TR03211,2026-02-08 02:17:41.492298,Diesel,104.73598868001079,190,19899.83784920205,165105.4523238193
FL01060,VH018,TR00705,2026-02-08 03:09:32.514502,Diesel,68.05574401528213,190,12930.591362903604,205096.9251160538
FL01061,VH020,TR01674,2026-02-08 04:01:23.536707,Petrol,13.391127378539185,200,2678.225475707837,135166.68125304906
FL01062,VH028,TR03700,2026-02-08 04:53:14.558911,Petrol,58.56066189061978,200,11712.132378123955,182313.0656178469
FL01063,VH012,TR02092,2026-02-08 05:45:05.581116,Diesel,122.9442640861153,190,23359.410176361907,225094.42570680456
FL01064,VH002,TR04954,2026-02-08 06:36:56.603320,Petrol,121.63977025364557,200,24327.954050729113,195562.95478207723
FL01065,VH038,TR02849,2026-02-08 07:28:47.625525,Diesel,79.25592083432146,190,15058.624958521077,228364.94881555496
FL01066,VH041,TR04315,2026-02-08 08:20:38.647729,Diesel,76.16091088425495,190,14470.57306800844,113473.50450785436
FL01067,VH001,TR04664,2026-02-08 09:12:29.669933,Petrol,91.13104194081285,200,18226.20838816257,227012.86123049358
FL01068,VH030,TR01778,2026-02-08 10:04:20.692138,Diesel,40.71553947890064,190,7735.952500991121,159176.1362756098
FL01069,VH035,TR04354,2026-02-08 10:56:11.714342,Diesel,83.64610748473376,190,15892.760422099414,218811.7038596065
FL01070,VH005,TR00893,2026-02-08 11:48:02.736547,Diesel,11.546490407930774,190,2193.8331775068473,19450.367305080494
FL01071,VH018,TR00972,2026-02-08 12:39:53.758751,Diesel,76.57833766963873,190,14549.884157231358,167884.57165924867
FL01072,VH003,TR00103,2026-02-08 13:31:44.780956,Diesel,57.04714647508296,190,10838.957830265763,213514.0189306957
FL01073,VH011,TR01108,2026-02-08 14:23:35.803160,Diesel,104.48174482651235,190,19851.531517037347,51808.48807436794
FL01074,VH046,TR03247,2026-02-08 15:15:26.825365,Diesel,99.36950178136786,190,18880.205338459895,168828.86403158156
FL01075,VH044,TR03713,2026-02-08 16:07:17.847569,Petrol,63.31702322559326,200,12663.404645118651,207989.13141199155
FL01076,VH046,TR03418,2026-02-08 16:59:08.869773,Diesel,11.018217407002819,190,2093.4613073305354,79107.84871183289
FL01077,VH005,TR04152,2026-02-08 17:50:59.891978,Diesel,45.318308115294464,190,8610.478541905948,107259.11869753408
FL01078,VH021,TR03660,2026-02-08 18:42:50.914182,Petrol,98.66869902648273,200,19733.739805296544,146684.25243981264
FL01079,VH001,TR04927,2026-02-08 19:34:41.936387,Petrol,20.132268022450635,200,4026.453604490127,134600.2453322949
FL01080,VH010,TR00920,2026-02-08 20:26:32.958591,Diesel,25.069939056684937,190,4763.288420770138,19405.454328912554
FL01081,VH030,TR04553,2026-02-08 21:18:23.980796,Diesel,100.5849034393922,190,19111.13165348452,33681.303540499226
FL01082,VH032,TR04228,2026-02-08 22:10:15.003000,Petrol,115.80743613290092,200,23161.487226580182,34111.979033046715
FL01083,VH027,TR04589,2026-02-08 23:02:06.025205,Petrol,55.01695912177969,200,11003.391824355938,72944.29731980199
FL01084,VH044,TR02158,2026-02-08 23:53:57.047409,Petrol,78.55422917231866,200,15710.845834463731,69007.38707258782
FL01085,VH011,TR00582,2026-02-09 00:45:48.069613,Diesel,142.3995910977122,190,27055.922308565318,188133.3721088319
FL01086,VH014,TR00796,2026-02-09 01:37:39.091818,Diesel,142.37609870463572,190,27051.458753880786,147458.6526438747
FL01087,VH030,TR03198,2026-02-09 02:29:30.114022,Diesel,53.05038842488022,190,10079.573800727241,193354.26031485788
FL01088,VH011,TR01884,2026-02-09 03:21:21.136227,Diesel,123.39830250239264,190,23445.677475454602,26775.05377860883
FL01089,VH038,TR03368,2026-02-09 04:13:12.158431,Diesel,93.15216739296024,190,17698.911804662446,126451.41699318416
FL01090,VH018,TR00810,2026-02-09 05:05:03.180636,Diesel,146.5678290690532,190,27847.88752312011,87706.13902366467
FL01091,VH021,TR02934,2026-02-09 05:56:54.202840,Petrol,76.8658997595535,200,15373.1799519107,213985.43458137912
FL01092,VH035,TR03269,2026-02-09 06:48:45.225045,Diesel,118.45896152217861,190,22507.202689213937,179869.39765837678
FL01093,VH043,TR04869,2026-02-09 07:40:36.247249,Diesel,117.53919814608194,190,22332.44764775557,218622.03299843112
FL01094,VH021,TR02985,2026-02-09 08:32:27.269453,Petrol,79.64060146863066,200,15928.120293726133,21142.509377454415
FL01095,VH041,TR00573,2026-02-09 09:24:18.291658,Diesel,121.38821600162309,190,23063.76104030839,182997.63749598412
FL01096,VH024,TR01207,2026-02-09 10:16:09.313862,Petrol,46.54564666297951,200,9309.129332595901,139602.00451829872
FL01097,VH001,TR04905,2026-02-09 11:08:00.336067,Petrol,27.115425080632043,200,5423.085016126409,208000.0069637358
FL01098,VH028,TR04975,2026-02-09 11:59:51.358271,Petrol,69.52292425174429,200,13904.584850348858,131718.54182219703
FL01099,VH041,TR03081,2026-02-09 12:51:42.380476,Diesel,142.10829192870185,190,27000.575466453352,139650.17869645817
FL01100,VH014,TR02461,2026-02-09 13:43:33.402680,Diesel,80.10424514835402,190,15219.806578187265,22424.17142609563
FL01101,VH005,TR01742,2026-02-09 14:35:24.424884,Diesel,98.93627941056977,190,18797.893088008255,170445.48760863201
FL01102,VH028,TR04006,2026-02-09 15:27:15.447089,Petrol,97.38274382710254,200,19476.54876542051,75553.57014521201
FL01103,VH039,TR04926,2026-02-09 16:19:06.469293,Diesel,28.560201417734262,190,5426.43826936951,14726.541322916917
FL01104,VH017,TR02614,2026-02-09 17:10:57.491498,Petrol,64.64156353280944,200,12928.312706561888,25944.91900144721
FL01105,VH041,TR01716,2026-02-09 18:02:48.513702,Diesel,108.97145620906247,190,20704.576679721868,239748.54615184615
FL01106,VH009,TR01570,2026-02-09 18:54:39.535907,Diesel,146.07861380130169,190,27754.93662224732,93058.54949916327
FL01107,VH008,TR00677,2026-02-09 19:46:30.558111,Diesel,33.52248336158366,190,6369.271838700895,218338.15086907815
FL01108,VH041,TR01834,2026-02-09 20:38:21.580316,Diesel,67.46186464747628,190,12817.754283020493,240322.53617662142
FL01109,VH018,TR02514,2026-02-09 21:30:12.602520,Diesel,23.31313197238211,190,4429.495074752601,236384.12532095745
FL01110,VH014,TR00801,2026-02-09 22:22:03.624724,Diesel,43.93270435089585,190,8347.213826670211,221614.05776786082
FL01111,VH040,TR01142,2026-02-09 23:13:54.646929,Petrol,62.74630806566103,200,12549.261613132207,224762.53899071223
FL01112,VH016,TR03053,2026-02-10 00:05:45.669133,Diesel,85.69005471332906,190,16281.110395532522,79361.93064182837
FL01113,VH026,TR02032,2026-02-10 00:57:36.691338,Diesel,42.27936351347133,190,8033.079067559553,46352.77366248599
FL01114,VH006,TR01509,2026-02-10 01:49:27.713542,Diesel,41.858772565016004,190,7953.1667873530405,163423.01490110168
FL01115,VH007,TR01111,2026-02-10 02:41:18.735747,Petrol,118.89619707962854,200,23779.239415925706,127145.34204851772
FL01116,VH040,TR04330,2026-02-10 03:33:09.757951,Petrol,144.76983281256338,200,28953.966562512676,33699.21248684105
FL01117,VH003,TR00913,2026-02-10 04:25:00.780156,Diesel,55.305815485203865,190,10508.104942188735,172609.9158453786
FL01118,VH043,TR01056,2026-02-10 05:16:51.802360,Diesel,106.31888260899522,190,20200.58769570909,145086.4017963456
FL01119,VH050,TR04190,2026-02-10 06:08:42.824564,Diesel,46.131264590108906,190,8764.940272120692,217136.1761945054
FL01120,VH024,TR01751,2026-02-10 07:00:33.846769,Petrol,139.9133156951885,200,27982.663139037697,156204.1109652157
FL01121,VH020,TR03172,2026-02-10 07:52:24.868973,Petrol,104.20633042315576,200,20841.266084631152,147747.08313322088
FL01122,VH041,TR04154,2026-02-10 08:44:15.891178,Diesel,122.3747596492598,190,23251.20433335936,115780.4135998307
FL01123,VH037,TR03013,2026-02-10 09:36:06.913382,Diesel,16.909566047883075,190,3212.817549097784,121068.89677332887
FL01124,VH043,TR03429,2026-02-10 10:27:57.935587,Diesel,93.79083555368744,190,17820.258755200615,239051.49447498785
FL01125,VH032,TR03563,2026-02-10 11:19:48.957791,Petrol,83.86572639017352,200,16773.145278034703,43227.04225605744
FL01126,VH039,TR00357,2026-02-10 12:11:39.979995,Diesel,51.01956696761448,190,9693.717723846752,117092.51645972491
FL01127,VH012,TR04392,2026-02-10 13:03:31.002200,Diesel,46.74019790802453,190,8880.63760252466,167398.5361424423
FL01128,VH030,TR04621,2026-02-10 13:55:22.024404,Diesel,91.20347232437577,190,17328.659741631396,113922.5549416959
FL01129,VH025,TR01618,2026-02-10 14:47:13.046609,Diesel,108.90798890101152,190,20692.51789119219,77971.75048978186
FL01130,VH005,TR01624,2026-02-10 15:39:04.068813,Diesel,14.644185984926455,190,2782.3953371360267,78965.76898308516
FL01131,VH034,TR01666,2026-02-10 16:30:55.091018,Diesel,89.43622146931861,190,16992.882079170537,66077.45110185178
FL01132,VH048,TR03200,2026-02-10 17:22:46.113222,Diesel,33.86433405252801,190,6434.223469980321,92536.76813994152
FL01133,VH019,TR04497,2026-02-10 18:14:37.135427,Diesel,29.65078239405408,190,5633.648654870275,219201.94614005607
FL01134,VH032,TR01596,2026-02-10 19:06:28.157631,Petrol,97.23672833325584,200,19447.345666651167,131253.89207751886
FL01135,VH031,TR01990,2026-02-10 19:58:19.179835,Petrol,53.52181641044623,200,10704.363282089245,67657.29473867643
FL01136,VH025,TR02787,2026-02-10 20:50:10.202040,Diesel,71.72323263888097,190,13627.414201387384,102286.41208636778
FL01137,VH031,TR00529,2026-02-10 21:42:01.224244,Petrol,60.39983332156821,200,12079.966664313642,35399.29889885633
FL01138,VH029,TR02605,2026-02-10 22:33:52.246449,Diesel,100.76708482135332,190,19145.746116057133,226968.57753729713
FL01139,VH012,TR03196,2026-02-10 23:25:43.268653,Diesel,75.81676724930564,190,14405.185777368071,107967.47970194368
FL01140,VH030,TR02408,2026-02-11 00:17:34.290858,Diesel,144.88421268531266,190,27528.000410209406,245293.88910233817
FL01141,VH002,TR00064,2026-02-11 01:09:25.313062,Petrol,59.333586274905144,200,11866.71725498103,93409.30558300462
FL01142,VH037,TR03961,2026-02-11 02:01:16.335267,Diesel,113.63980763679693,190,21591.563450991416,210725.45133450907
FL01143,VH002,TR02813,2026-02-11 02:53:07.357471,Petrol,46.020959461626234,200,9204.191892325247,71532.47518994877
FL01144,VH012,TR02822,2026-02-11 03:44:58.379675,Diesel,81.22543296766057,190,15432.832263855507,28276.694410624536
FL01145,VH024,TR04028,2026-02-11 04:36:49.401880,Petrol,87.35976526627398,200,17471.953053254798,17616.006801712167
FL01146,VH029,TR00102,2026-02-11 05:28:40.424084,Diesel,56.07529934878251,190,10654.306876268676,155480.42239474805
FL01147,VH032,TR03349,2026-02-11 06:20:31.446289,Petrol,76.04927404776808,200,15209.854809553615,84777.68120166146
FL01148,VH038,TR03299,2026-02-11 07:12:22.468493,Diesel,49.099009305788904,190,9328.811768099891,116444.7713141988
FL01149,VH039,TR03095,2026-02-11 08:04:13.490698,Diesel,10.84010943435748,190,2059.6207925279214,206475.28854419087
FL01150,VH047,TR02892,2026-02-11 08:56:04.512902,Petrol,40.19076222930302,200,8038.152445860604,69545.94056675251
FL01151,VH028,TR03136,2026-02-11 09:47:55.535107,Petrol,108.00898414904809,200,21601.796829809617,84076.59441637919
FL01152,VH019,TR01181,2026-02-11 10:39:46.557311,Diesel,117.93482342795278,190,22407.616451311027,212880.68441408014
FL01153,VH049,TR02887,2026-02-11 11:31:37.579515,Diesel,49.22840139944879,190,9353.39626589527,128262.94560244097
FL01154,VH032,TR02729,2026-02-11 12:23:28.601720,Petrol,67.12601983453007,200,13425.203966906014,208639.64009259702
FL01155,VH014,TR02693,2026-02-11 13:15:19.623924,Diesel,15.231192419405552,190,2893.926559687055,99874.24083191593
FL01156,VH044,TR00399,2026-02-11 14:07:10.646129,Petrol,43.18880615367528,200,8637.761230735056,105608.79539850604
FL01157,VH002,TR00405,2026-02-11 14:59:01.668333,Petrol,119.09069967212189,200,23818.139934424376,50113.2068267815
FL01158,VH022,TR02874,2026-02-11 15:50:52.690538,Petrol,94.83807783710802,200,18967.615567421602,229923.00486279192
FL01159,VH035,TR03269,2026-02-11 16:42:43.712742,Diesel,38.807873073612,190,7373.49588398628,225228.08656302627
FL01160,VH041,TR02695,2026-02-11 17:34:34.734946,Diesel,46.0418793171405,190,8747.957070256694,246212.08349554564
FL01161,VH030,TR02083,2026-02-11 18:26:25.757151,Diesel,124.35228321853842,190,23626.9338115223,106587.31052073077
FL01162,VH015,TR02468,2026-02-11 19:18:16.779355,Petrol,39.271788412286114,200,7854.357682457223,206467.5860220741
FL01163,VH026,TR04473,2026-02-11 20:10:07.801560,Diesel,56.78208161859837,190,10788.59550753369,109588.89560130845
FL01164,VH029,TR04316,2026-02-11 21:01:58.823764,Diesel,103.01021683165021,190,19571.94119801354,119031.70934103346
FL01165,VH020,TR01922,2026-02-11 21:53:49.845969,Petrol,88.55573399913101,200,17711.1467998262,209199.85446275788
FL01166,VH012,TR03960,2026-02-11 22:45:40.868173,Diesel,74.521828732734,190,14159.147459219459,52568.02501273594
FL01167,VH042,TR01541,2026-02-11 23:37:31.890378,Diesel,135.9637527371642,190,25833.113020061202,62874.624270820554
FL01168,VH012,TR02390,2026-02-12 00:29:22.912582,Diesel,40.75946478010724,190,7744.2983082203755,85534.7776949956
FL01169,VH013,TR04849,2026-02-12 01:21:13.934786,Petrol,113.79878472081998,200,22759.756944163997,199162.9678000138
FL01170,VH016,TR02464,2026-02-12 02:13:04.956991,Diesel,32.26893768654567,190,6131.098160443677,99436.37184833986
FL01171,VH020,TR03369,2026-02-12 03:04:55.979195,Petrol,96.20273668750032,200,19240.547337500066,95960.36998738277
FL01172,VH004,TR02986,2026-02-12 03:56:47.001400,Diesel,131.88729887758385,190,25058.58678674093,249715.92286125803
FL01173,VH034,TR00680,2026-02-12 04:48:38.023604,Diesel,74.1062499669393,190,14080.187493718468,102113.47434387507
FL01174,VH003,TR00748,2026-02-12 05:40:29.045809,Diesel,111.40123100678605,190,21166.23389128935,69464.92871574088
FL01175,VH017,TR02854,2026-02-12 06:32:20.068013,Petrol,124.85506941985835,200,24971.01388397167,159571.2827682264
FL01176,VH021,TR01322,2026-02-12 07:24:11.090218,Petrol,29.043699482864383,200,5808.739896572877,202451.1884692002
FL01177,VH003,TR03749,2026-02-12 08:16:02.112422,Diesel,108.81576533949541,190,20674.99541450413,26705.880093558222
FL01178,VH050,TR04151,2026-02-12 09:07:53.134626,Diesel,138.77774335841468,190,26367.77123809879,158534.135473234
FL01179,VH028,TR04790,2026-02-12 09:59:44.156831,Petrol,90.6918853797762,200,18138.37707595524,18576.50941125394
FL01180,VH010,TR00534,2026-02-12 10:51:35.179035,Diesel,36.057114234025846,190,6850.851704464911,136319.7642350843
FL01181,VH032,TR01819,2026-02-12 11:43:26.201240,Petrol,27.771954422452016,200,5554.390884490404,71677.9753018742
FL01182,VH026,TR04201,2026-02-12 12:35:17.223444,Diesel,46.3629462653447,190,8808.959790415494,83594.00744156458
FL01183,VH003,TR02342,2026-02-12 13:27:08.245649,Diesel,24.49185766233556,190,4653.452955843756,122103.03135577183
FL01184,VH036,TR02423,2026-02-12 14:18:59.267853,Diesel,81.87517002190664,190,15556.282304162261,232505.79057894088
FL01185,VH050,TR04546,2026-02-12 15:10:50.290058,Diesel,19.758655578942843,190,3754.1445599991403,180560.15358109036
FL01186,VH039,TR01469,2026-02-12 16:02:41.312262,Diesel,41.2766474490717,190,7842.563015323623,234842.94310827914
FL01187,VH048,TR04908,2026-02-12 16:54:32.334466,Diesel,71.58746214771,190,13601.6178080649,168393.04109408264
FL01188,VH033,TR04486,2026-02-12 17:46:23.356671,Petrol,76.348065056283,200,15269.6130112566,11705.859301086319
FL01189,VH020,TR01236,2026-02-12 18:38:14.378875,Petrol,89.15578792057502,200,17831.157584115004,73740.44736344262
FL01190,VH017,TR02715,2026-02-12 19:30:05.401080,Petrol,108.78609478510171,200,21757.21895702034,227385.41865288973
FL01191,VH046,TR01709,2026-02-12 20:21:56.423284,Diesel,16.612009553165453,190,3156.281815101436,164426.92503225873
FL01192,VH032,TR01146,2026-02-12 21:13:47.445489,Petrol,21.286933304609654,200,4257.386660921931,245595.33677686597
FL01193,VH044,TR01476,2026-02-12 22:05:38.467693,Petrol,18.520281252669303,200,3704.0562505338607,47431.36461239095
FL01194,VH013,TR03924,2026-02-12 22:57:29.489897,Petrol,69.24104416508744,200,13848.208833017488,81219.47994556466
FL01195,VH017,TR02922,2026-02-12 23:49:20.512102,Petrol,15.858712283610803,200,3171.7424567221606,96968.23828408871
FL01196,VH006,TR01856,2026-02-13 00:41:11.534306,Diesel,114.45137735638568,190,21745.76169771328,88373.87636015454
FL01197,VH016,TR03225,2026-02-13 01:33:02.556511,Diesel,41.2200253453869,190,7831.804815623511,70477.96723597136
FL01198,VH048,TR03965,2026-02-13 02:24:53.578715,Diesel,141.48974906059422,190,26883.052321512903,116431.77178162668
FL01199,VH022,TR03380,2026-02-13 03:16:44.600920,Petrol,78.0965257135956,200,15619.305142719119,164151.54960864907
FL01200,VH025,TR04939,2026-02-13 04:08:35.623124,Diesel,72.48560534190823,190,13772.265014962562,84701.66149280705
FL01201,VH033,TR01605,2026-02-13 05:00:26.645329,Petrol,119.27541696953004,200,23855.083393906007,29127.981595421363
FL01202,VH038,TR03280,2026-02-13 05:52:17.667533,Diesel,109.84155774501876,190,20869.895971553564,180047.8064543592
FL01203,VH049,TR00552,2026-02-13 06:44:08.689737,Diesel,95.02326573274,190,18054.4204892206,120163.97338750448
FL01204,VH008,TR02005,2026-02-13 07:35:59.711942,Diesel,140.9205388750518,190,26774.90238625984,143555.75346161518
FL01205,VH033,TR01837,2026-02-13 08:27:50.734146,Petrol,69.11629653819078,200,13823.259307638156,119296.15771933962
FL01206,VH049,TR01125,2026-02-13 09:19:41.756351,Diesel,123.1944346081201,190,23406.94257554282,223685.80082917848
FL01207,VH008,TR01383,2026-02-13 10:11:32.778555,Diesel,63.21301240441459,190,12010.472356838773,144098.79931993122
FL01208,VH044,TR01771,2026-02-13 11:03:23.800760,Petrol,127.36839440145468,200,25473.678880290936,231586.44156441992
FL01209,VH036,TR03864,2026-02-13 11:55:14.822964,Diesel,46.32644805523561,190,8802.025130494765,132538.08197344007
FL01210,VH019,TR03401,2026-02-13 12:47:05.845169,Diesel,50.497390197044545,190,9594.504137438464,80221.15893766764
FL01211,VH011,TR00035,2026-02-13 13:38:56.867373,Diesel,104.90173476244355,190,19931.329604864273,95306.22092228718
FL01212,VH025,TR02205,2026-02-13 14:30:47.889577,Diesel,39.779861293251486,190,7558.173645717782,135311.03046034853
FL01213,VH002,TR05000,2026-02-13 15:22:38.911782,Petrol,42.08158618356003,200,8416.317236712006,137197.46507320207
FL01214,VH035,TR03345,2026-02-13 16:14:29.933986,Diesel,52.736740062438066,190,10019.980611863233,174961.04837174772
FL01215,VH049,TR03015,2026-02-13 17:06:20.956191,Diesel,105.05002775245262,190,19959.505272966,63878.769324791385
FL01216,VH019,TR04492,2026-02-13 17:58:11.978395,Diesel,134.51433293925248,190,25557.723258457972,168122.2959917204
FL01217,VH020,TR04303,2026-02-13 18:50:03.000600,Petrol,104.43947115777814,200,20887.894231555627,196861.12201138053
FL01218,VH017,TR01781,2026-02-13 19:41:54.022804,Petrol,125.89399420817753,200,25178.798841635507,172382.07747207762
FL01219,VH042,TR01629,2026-02-13 20:33:45.045009,Diesel,86.09848255722576,190,16358.711685872895,125638.7463562218
FL01220,VH035,TR01330,2026-02-13 21:25:36.067213,Diesel,19.64925098832034,190,3733.3576877808646,248003.35626804017
FL01221,VH041,TR01560,2026-02-13 22:17:27.089417,Diesel,24.065269611190093,190,4572.401226126118,107155.1581910119
FL01222,VH023,TR00805,2026-02-13 23:09:18.111622,Diesel,87.61487697136816,190,16646.82662455995,35581.74749915901
FL01223,VH013,TR02510,2026-02-14 00:01:09.133826,Petrol,55.89213560989535,200,11178.42712197907,207161.01169776233
FL01224,VH046,TR04348,2026-02-14 00:53:00.156031,Diesel,40.87953030917197,190,7767.110758742674,60928.29253130037
FL01225,VH017,TR01291,2026-02-14 01:44:51.178235,Petrol,75.27596982236692,200,15055.193964473383,181188.5374965861
FL01226,VH010,TR04305,2026-02-14 02:36:42.200440,Diesel,103.30954372660221,190,19628.81330805442,52954.30785163021
FL01227,VH018,TR02587,2026-02-14 03:28:33.222644,Diesel,63.89887268302018,190,12140.785809773834,14050.573805905451
FL01228,VH025,TR04931,2026-02-14 04:20:24.244848,Diesel,122.35591600202783,190,23247.624040385286,48351.66490936616
FL01229,VH017,TR02551,2026-02-14 05:12:15.267053,Petrol,113.39325451999511,200,22678.650903999023,100477.28717819725
FL01230,VH041,TR00956,2026-02-14 06:04:06.289257,Diesel,112.88808350233936,190,21448.735865444476,35588.379311151584
FL01231,VH038,TR04610,2026-02-14 06:55:57.311462,Diesel,147.9265565548344,190,28106.045745418538,57442.98021656369
FL01232,VH016,TR00580,2026-02-14 07:47:48.333666,Diesel,51.33219683202887,190,9753.117398085486,193510.3066442543
FL01233,VH034,TR01938,2026-02-14 08:39:39.355871,Diesel,100.26158208772532,190,19049.70059666781,194772.0659145114
FL01234,VH010,TR01998,2026-02-14 09:31:30.378075,Diesel,129.7669676224439,190,24655.72384826434,206197.17452583442
FL01235,VH034,TR01666,2026-02-14 10:23:21.400280,Diesel,91.13342074794754,190,17315.34994211003,211877.2567714222
FL01236,VH034,TR02131,2026-02-14 11:15:12.422484,Diesel,120.53030465615497,190,22900.757884669445,110904.6147073013
FL01237,VH017,TR03741,2026-02-14 12:07:03.444688,Petrol,68.02330601758771,200,13604.661203517542,218211.91856644684
FL01238,VH004,TR02501,2026-02-14 12:58:54.466893,Diesel,92.66878839167265,190,17607.069794417803,136224.85000337032
FL01239,VH039,TR01643,2026-02-14 13:50:45.489097,Diesel,17.793294992605958,190,3380.726048595132,122943.30806464195
FL01240,VH034,TR04713,2026-02-14 14:42:36.511302,Diesel,148.00746481547387,190,28121.418314940034,182448.7189589862
FL01241,VH046,TR01498,2026-02-14 15:34:27.533506,Diesel,122.00258740277842,190,23180.4916065279,61316.41872637773
FL01242,VH022,TR04603,2026-02-14 16:26:18.555711,Petrol,131.63327002840293,200,26326.654005680586,199479.3704385933
FL01243,VH021,TR03205,2026-02-14 17:18:09.577915,Petrol,107.20119894001245,200,21440.23978800249,113071.79837588879
FL01244,VH030,TR00622,2026-02-14 18:10:00.600120,Diesel,36.04700459321793,190,6848.930872711407,40550.899360902506
FL01245,VH030,TR03145,2026-02-14 19:01:51.622324,Diesel,14.343981938524518,190,2725.3565683196584,38634.85924407221
FL01246,VH026,TR01952,2026-02-14 19:53:42.644528,Diesel,131.0519250830419,190,24899.865765777962,49577.61852320803
FL01247,VH042,TR01460,2026-02-14 20:45:33.666733,Diesel,65.48629152305723,190,12442.395389380874,223737.45621850775
FL01248,VH008,TR00293,2026-02-14 21:37:24.688937,Diesel,46.94108264558879,190,8918.80570266187,247825.0773421714
FL01249,VH023,TR00655,2026-02-14 22:29:15.711142,Diesel,88.63421423745221,190,16840.50070511592,95673.71180830803
FL01250,VH021,TR02985,2026-02-14 23:21:06.733346,Petrol,68.92579314660071,200,13785.158629320142,80114.52452927142
FL01251,VH027,TR03844,2026-02-15 00:12:57.755551,Petrol,101.23323939625799,200,20246.647879251595,62505.033422640954
FL01252,VH043,TR02805,2026-02-15 01:04:48.777755,Diesel,77.73105262763191,190,14768.899999250063,207715.9545201389
FL01253,VH017,TR02715,2026-02-15 01:56:39.799959,Petrol,107.61263966163789,200,21522.527932327575,60209.795780530265
FL01254,VH038,TR01622,2026-02-15 02:48:30.822164,Diesel,129.47925773128003,190,24601.058968943205,231781.63118326475
FL01255,VH021,TR04015,2026-02-15 03:40:21.844368,Petrol,37.37798153381047,200,7475.596306762094,170164.09095310784
FL01256,VH035,TR03254,2026-02-15 04:32:12.866573,Diesel,56.12060327916815,190,10662.914623041948,225310.6700006067
FL01257,VH021,TR02847,2026-02-15 05:24:03.888777,Petrol,71.15418211988944,200,14230.836423977888,142962.3650545951
FL01258,VH014,TR04881,2026-02-15 06:15:54.910982,Diesel,144.68818272386935,190,27490.754717535176,175763.16692379923
FL01259,VH018,TR04863,2026-02-15 07:07:45.933186,Diesel,61.14670589664794,190,11617.874120363109,158669.94415784985
FL01260,VH014,TR03506,2026-02-15 07:59:36.955391,Diesel,63.35397894296813,190,12037.255999163945,209486.90951771126
FL01261,VH045,TR00519,2026-02-15 08:51:27.977595,Diesel,101.48615321433856,190,19282.369110724325,210606.59468461145
FL01262,VH002,TR02686,2026-02-15 09:43:18.999799,Petrol,68.68795938459289,200,13737.591876918577,151550.31996283002
FL01263,VH006,TR00028,2026-02-15 10:35:10.022004,Diesel,143.17132438954474,190,27202.5516340135,161801.83583914535
FL01264,VH036,TR00266,2026-02-15 11:27:01.044208,Diesel,135.22562646656215,190,25692.869028646808,231250.22091947918
FL01265,VH045,TR01307,2026-02-15 12:18:52.066413,Diesel,81.87722888859422,190,15556.673488832901,233167.95615159266
FL01266,VH017,TR04054,2026-02-15 13:10:43.088617,Petrol,100.26853275269897,200,20053.706550539795,169419.94813484358
FL01267,VH008,TR03455,2026-02-15 14:02:34.110822,Diesel,18.124278663706875,190,3443.612946104306,11861.02676155925
FL01268,VH038,TR00811,2026-02-15 14:54:25.133026,Diesel,107.40227392453573,190,20406.43204566179,35058.69154094584
FL01269,VH010,TR04677,2026-02-15 15:46:16.155231,Diesel,109.0081222128645,190,20711.543220444255,215906.20762585988
FL01270,VH006,TR03391,2026-02-15 16:38:07.177435,Diesel,60.28790139004913,190,11454.701264109335,30331.38792899236
FL01271,VH029,TR00611,2026-02-15 17:29:58.199639,Diesel,40.75560370753817,190,7743.564704432252,61244.60340521593
FL01272,VH014,TR04289,2026-02-15 18:21:49.221844,Diesel,138.11097625438234,190,26241.085488332643,65331.203253196436
FL01273,VH027,TR02275,2026-02-15 19:13:40.244048,Petrol,69.73868611271789,200,13947.737222543577,154056.34474717718
FL01274,VH048,TR04547,2026-02-15 20:05:31.266253,Diesel,101.51885467223948,190,19288.582387725502,148391.8714921034
FL01275,VH033,TR00203,2026-02-15 20:57:22.288457,Petrol,14.666031296675834,200,2933.206259335167,79460.20562089607
FL01276,VH012,TR00402,2026-02-15 21:49:13.310662,Diesel,67.96940332075708,190,12914.186630943845,59826.727736426285
FL01277,VH002,TR02028,2026-02-15 22:41:04.332866,Petrol,124.4162335419432,200,24883.24670838864,193487.6871657942
FL01278,VH030,TR03851,2026-02-15 23:32:55.355071,Diesel,64.2606400561001,190,12209.52161065902,234509.47734543428
FL01279,VH026,TR00890,2026-02-16 00:24:46.377275,Diesel,94.44256241916275,190,17944.086859640924,22673.363179945285
FL01280,VH020,TR00179,2026-02-16 01:16:37.399479,Petrol,39.37981206783552,200,7875.962413567105,41963.31104916708
FL01281,VH035,TR01980,2026-02-16 02:08:28.421684,Diesel,68.31359083753833,190,12979.582259132283,164119.3572893698
FL01282,VH031,TR02511,2026-02-16 03:00:19.443888,Petrol,139.86928052744614,200,27973.856105489227,203065.94840114217
FL01283,VH048,TR02883,2026-02-16 03:52:10.466093,Diesel,89.3032449581452,190,16967.616542047588,199885.2805063359
FL01284,VH002,TR03985,2026-02-16 04:44:01.488297,Petrol,136.2704042730104,200,27254.080854602078,182723.95673984542
FL01285,VH050,TR02045,2026-02-16 05:35:52.510502,Diesel,136.28270192853606,190,25893.71336642185,222982.70907954208
FL01286,VH043,TR02984,2026-02-16 06:27:43.532706,Diesel,142.18069205942714,190,27014.33149129116,62163.73109699508
FL01287,VH012,TR00351,2026-02-16 07:19:34.554910,Diesel,135.35483241121474,190,25717.4181581308,35749.82715806732
FL01288,VH035,TR04283,2026-02-16 08:11:25.577115,Diesel,10.45935806144209,190,1987.2780316739972,157687.1128219284
FL01289,VH049,TR03419,2026-02-16 09:03:16.599319,Diesel,140.76208482142357,190,26744.79611607048,207346.21396562379
FL01290,VH038,TR03831,2026-02-16 09:55:07.621524,Diesel,29.244321471952695,190,5556.421079671012,149690.45883533757
FL01291,VH047,TR01968,2026-02-16 10:46:58.643728,Petrol,15.589675155561078,200,3117.9350311122157,241119.3969901375
FL01292,VH027,TR04405,2026-02-16 11:38:49.665933,Petrol,17.754394840927397,200,3550.878968185479,200935.47073402946
FL01293,VH016,TR02225,2026-02-16 12:30:40.688137,Diesel,58.8482673247007,190,11181.170791693134,178190.0322182226
FL01294,VH014,TR04523,2026-02-16 13:22:31.710342,Diesel,96.9125719376311,190,18413.38866814991,24461.74980921606
FL01295,VH037,TR02788,2026-02-16 14:14:22.732546,Diesel,66.32356751265965,190,12601.477827405333,35858.1372956037
FL01296,VH027,TR04627,2026-02-16 15:06:13.754750,Petrol,13.577599850913128,200,2715.5199701826255,198361.03182188663
FL01297,VH048,TR04344,2026-02-16 15:58:04.776955,Diesel,76.70756878446007,190,14574.438069047412,57577.10213848705
FL01298,VH022,TR04312,2026-02-16 16:49:55.799159,Petrol,71.89830391785321,200,14379.660783570642,16920.442258957733
FL01299,VH021,TR04809,2026-02-16 17:41:46.821364,Petrol,115.95889717023056,200,23191.77943404611,228582.56457927157
FL01300,VH049,TR00438,2026-02-16 18:33:37.843568,Diesel,49.14580577956137,190,9337.70309811666,223793.28968829618
FL01301,VH038,TR02359,2026-02-16 19:25:28.865773,Diesel,40.4543643312114,190,7686.329222930166,62436.118535558046
FL01302,VH019,TR03855,2026-02-16 20:17:19.887977,Diesel,45.831454074727674,190,8707.976274198258,197249.5019375091
FL01303,VH020,TR00383,2026-02-16 21:09:10.910182,Petrol,52.52357516817872,200,10504.715033635744,21515.118690797222
FL01304,VH017,TR04217,2026-02-16 22:01:01.932386,Petrol,93.88308227140331,200,18776.616454280662,78413.92091758313
FL01305,VH035,TR00407,2026-02-16 22:52:52.954590,Diesel,76.01356796329118,190,14442.577913025325,159680.05798158995
FL01306,VH029,TR04341,2026-02-16 23:44:43.976795,Diesel,57.165239125068105,190,10861.39543376294,193162.9590780125
FL01307,VH049,TR00066,2026-02-17 00:36:34.998999,Diesel,62.40398215971498,190,11856.756610345847,12495.805309165498
FL01308,VH007,TR02990,2026-02-17 01:28:26.021204,Petrol,61.929312422256665,200,12385.862484451332,88290.06718569857
FL01309,VH032,TR00228,2026-02-17 02:20:17.043408,Petrol,146.13693725944444,200,29227.387451888888,61442.93441528176
FL01310,VH018,TR04978,2026-02-17 03:12:08.065613,Diesel,42.61957832741336,190,8097.719882208538,249707.29737969366
FL01311,VH037,TR02185,2026-02-17 04:03:59.087817,Diesel,124.52861843811621,190,23660.43750324208,171035.7357724564
FL01312,VH039,TR02242,2026-02-17 04:55:50.110022,Diesel,109.14951726234618,190,20738.408279845775,107361.14869113851
FL01313,VH001,TR04802,2026-02-17 05:47:41.132226,Petrol,10.779800784497082,200,2155.9601568994162,28156.624475364406
FL01314,VH043,TR04754,2026-02-17 06:39:32.154430,Diesel,149.04467053756832,190,28318.48740213798,153680.8618016713
FL01315,VH011,TR01513,2026-02-17 07:31:23.176635,Diesel,115.9015118887003,190,22021.287258853055,164008.3530246554
FL01316,VH017,TR00930,2026-02-17 08:23:14.198839,Petrol,105.54294208911078,200,21108.588417822157,205937.42260075244
FL01317,VH003,TR04037,2026-02-17 09:15:05.221044,Diesel,66.74545907472923,190,12681.637224198554,79258.44470064725
FL01318,VH041,TR02604,2026-02-17 10:06:56.243248,Diesel,87.72843244800055,190,16668.402165120104,245542.73931522315
FL01319,VH019,TR01181,2026-02-17 10:58:47.265453,Diesel,45.45792539344583,190,8637.005824754708,115471.77743534787
FL01320,VH036,TR01040,2026-02-17 11:50:38.287657,Diesel,14.967676720397646,190,2843.858576875553,81026.50111827847
FL01321,VH010,TR01102,2026-02-17 12:42:29.309861,Diesel,127.0430321824362,190,24138.176114662878,93627.84016034988
FL01322,VH019,TR02100,2026-02-17 13:34:20.332066,Diesel,135.50782911536402,190,25746.487531919163,134700.65271210973
FL01323,VH037,TR00514,2026-02-17 14:26:11.354270,Diesel,32.745889125993585,190,6221.718933938781,234808.37548171054
FL01324,VH016,TR04840,2026-02-17 15:18:02.376475,Diesel,120.18785341840263,190,22835.6921494965,186438.11150065612
FL01325,VH040,TR03133,2026-02-17 16:09:53.398679,Petrol,113.76137425999222,200,22752.274851998445,148506.31587130774
FL01326,VH033,TR01833,2026-02-17 17:01:44.420884,Petrol,34.97250027105267,200,6994.500054210534,49074.493115166835
FL01327,VH001,TR04639,2026-02-17 17:53:35.443088,Petrol,69.05603236047114,200,13811.206472094227,45844.7946138092
FL01328,VH024,TR02458,2026-02-17 18:45:26.465293,Petrol,69.18610891677447,200,13837.221783354895,130527.25931525536
FL01329,VH047,TR02203,2026-02-17 19:37:17.487497,Petrol,116.39499616273478,200,23278.999232546958,184890.0891043958
FL01330,VH031,TR02681,2026-02-17 20:29:08.509701,Petrol,127.27252680864777,200,25454.505361729553,190242.92146122642
FL01331,VH001,TR02099,2026-02-17 21:20:59.531906,Petrol,23.26851699479194,200,4653.703398958388,64219.452130302016
FL01332,VH025,TR03167,2026-02-17 22:12:50.554110,Diesel,88.81569288658841,190,16874.981648451798,34023.883083340785
FL01333,VH024,TR01928,2026-02-17 23:04:41.576315,Petrol,116.64478957004394,200,23328.957914008788,102270.63742090946
FL01334,VH047,TR04451,2026-02-17 23:56:32.598519,Petrol,120.06668316912219,200,24013.336633824438,230361.41037857783
FL01335,VH046,TR03117,2026-02-18 00:48:23.620724,Diesel,30.71909342025725,190,5836.627749848877,140888.14064065175
FL01336,VH033,TR02888,2026-02-18 01:40:14.642928,Petrol,83.57072004111117,200,16714.144008222236,86823.94403962584
FL01337,VH048,TR04344,2026-02-18 02:32:05.665133,Diesel,130.0582188907784,190,24711.061589247893,87673.0404013892
FL01338,VH009,TR04629,2026-02-18 03:23:56.687337,Diesel,54.59260072193978,190,10372.594137168559,41700.89085332439
FL01339,VH026,TR03531,2026-02-18 04:15:47.709541,Diesel,69.5163658476516,190,13208.109511053804,123573.69666547791
FL01340,VH047,TR00790,2026-02-18 05:07:38.731746,Petrol,122.61019158708653,200,24522.038317417308,199927.0428435612
FL01341,VH031,TR01301,2026-02-18 05:59:29.753950,Petrol,22.50473296572672,200,4500.946593145344,242454.08596656192
FL01342,VH021,TR01948,2026-02-18 06:51:20.776155,Petrol,130.32906058445695,200,26065.81211689139,130382.7999899141
FL01343,VH013,TR02243,2026-02-18 07:43:11.798359,Petrol,53.561940342313264,200,10712.388068462653,50131.57980224522
FL01344,VH001,TR01095,2026-02-18 08:35:02.820564,Petrol,10.203044322757801,200,2040.6088645515601,173908.0959526875
FL01345,VH025,TR01359,2026-02-18 09:26:53.842768,Diesel,42.782280307890154,190,8128.63325849913,191629.92225887088
FL01346,VH021,TR03657,2026-02-18 10:18:44.864972,Petrol,22.530089725370907,200,4506.017945074182,27207.939861544528
FL01347,VH050,TR00308,2026-02-18 11:10:35.887177,Diesel,22.933886979474178,190,4357.438526100093,214033.39111149492
FL01348,VH013,TR01451,2026-02-18 12:02:26.909381,Petrol,106.99700277996281,200,21399.40055599256,209037.37359900578
FL01349,VH034,TR02124,2026-02-18 12:54:17.931586,Diesel,39.95668698946908,190,7591.770527999124,123409.8529693883
FL01350,VH047,TR04883,2026-02-18 13:46:08.953790,Petrol,140.86393081677755,200,28172.78616335551,144501.4044678084
FL01351,VH038,TR02843,2026-02-18 14:37:59.975995,Diesel,82.30223652278256,190,15637.424939328686,181217.9352906206
FL01352,VH032,TR01665,2026-02-18 15:29:50.998199,Petrol,74.41375611368859,200,14882.75122273772,172419.55001508622
FL01353,VH011,TR03949,2026-02-18 16:21:42.020404,Diesel,70.79969255082123,190,13451.941584656035,13968.634766370176
FL01354,VH012,TR01395,2026-02-18 17:13:33.042608,Diesel,106.96226955402845,190,20322.831215265407,39384.47292363658
FL01355,VH016,TR04073,2026-02-18 18:05:24.064812,Diesel,73.31678675330518,190,13930.189483127984,49021.73338749897
FL01356,VH047,TR03635,2026-02-18 18:57:15.087017,Petrol,28.004049871526856,200,5600.809974305371,191362.2133773037
FL01357,VH046,TR00215,2026-02-18 19:49:06.109221,Diesel,133.2241052897059,190,25312.58000504412,115620.05509417121
FL01358,VH015,TR03073,2026-02-18 20:40:57.131426,Petrol,69.97534884959222,200,13995.069769918444,140920.63033283805
FL01359,VH040,TR04055,2026-02-18 21:32:48.153630,Petrol,20.360640597930345,200,4072.1281195860693,195444.9848549162
FL01360,VH026,TR04473,2026-02-18 22:24:39.175835,Diesel,84.11123824968655,190,15981.135267440444,91835.74457538179
FL01361,VH030,TR02460,2026-02-18 23:16:30.198039,Diesel,100.62856018379847,190,19119.42643492171,189733.65455650553
FL01362,VH006,TR03707,2026-02-19 00:08:21.220244,Diesel,48.5815449820862,190,9230.493546596377,116151.82591109432
FL01363,VH014,TR03272,2026-02-19 01:00:12.242448,Diesel,122.04765707433792,190,23189.054844124206,100523.24506580958
FL01364,VH024,TR01207,2026-02-19 01:52:03.264652,Petrol,103.76861844523093,200,20753.723689046186,89928.94337313762
FL01365,VH026,TR00410,2026-02-19 02:43:54.286857,Diesel,101.04776369702068,190,19199.07510243393,241586.7557181719
FL01366,VH023,TR03470,2026-02-19 03:35:45.309061,Diesel,68.91549340149119,190,13093.943746283327,195273.6185701549
FL01367,VH006,TR00216,2026-02-19 04:27:36.331266,Diesel,144.6681421975803,190,27486.947017540257,14847.025785647049
FL01368,VH023,TR04848,2026-02-19 05:19:27.353470,Diesel,48.38648351289467,190,9193.431867449988,239779.7167643684
FL01369,VH046,TR00349,2026-02-19 06:11:18.375675,Diesel,90.87877014216336,190,17266.96632701104,196105.5111344016
FL01370,VH042,TR03652,2026-02-19 07:03:09.397879,Diesel,53.26772204616646,190,10120.867188771628,45801.931469021336
FL01371,VH038,TR02879,2026-02-19 07:55:00.420084,Diesel,114.27266541601756,190,21711.806429043336,28321.15009871611
FL01372,VH028,TR03666,2026-02-19 08:46:51.442288,Petrol,16.690807741817004,200,3338.161548363401,83966.58247826881
FL01373,VH009,TR04750,2026-02-19 09:38:42.464492,Diesel,16.425141502506893,190,3120.77688547631,159803.56704305482
FL01374,VH004,TR03070,2026-02-19 10:30:33.486697,Diesel,123.52053573263079,190,23468.901789199852,157971.20539587218
FL01375,VH023,TR03995,2026-02-19 11:22:24.508901,Diesel,70.79754254891395,190,13451.533084293651,76204.03003581292
FL01376,VH009,TR03113,2026-02-19 12:14:15.531106,Diesel,57.7652076440498,190,10975.389452369462,116961.99487778026
FL01377,VH026,TR00003,2026-02-19 13:06:06.553310,Diesel,95.05376070454739,190,18060.214533864004,60853.637371296514
FL01378,VH044,TR01118,2026-02-19 13:57:57.575515,Petrol,108.2659081416563,200,21653.18162833126,22138.88444001699
FL01379,VH041,TR01083,2026-02-19 14:49:48.597719,Diesel,38.168188558216926,190,7251.955826061216,134072.91218245088
FL01380,VH040,TR04503,2026-02-19 15:41:39.619923,Petrol,35.96037379666242,200,7192.074759332483,93277.87222048914
FL01381,VH004,TR01518,2026-02-19 16:33:30.642128,Diesel,144.14110468638341,190,27386.80989041285,140291.78375150322
FL01382,VH037,TR04847,2026-02-19 17:25:21.664332,Diesel,92.5530028938397,190,17585.070549829543,237161.7573929084
FL01383,VH008,TR01896,2026-02-19 18:17:12.686537,Diesel,64.61630682119754,190,12277.098296027532,44408.874806877066
FL01384,VH010,TR03580,2026-02-19 19:09:03.708741,Diesel,122.2018372537309,190,23218.34907820887,10470.884394629278
FL01385,VH017,TR02634,2026-02-19 20:00:54.730946,Petrol,83.52225422890841,200,16704.45084578168,28450.771187710045
FL01386,VH029,TR04984,2026-02-19 20:52:45.753150,Diesel,43.83279345244139,190,8328.230755963865,121049.99106439095
FL01387,VH036,TR02380,2026-02-19 21:44:36.775355,Diesel,38.942942789820336,190,7399.159130065864,179663.68715255763
FL01388,VH004,TR01013,2026-02-19 22:36:27.797559,Diesel,65.56029726377504,190,12456.456480117258,149383.26479612535
FL01389,VH044,TR04265,2026-02-19 23:28:18.819763,Petrol,130.38542043638313,200,26077.084087276628,128774.70576969929
FL01390,VH014,TR02824,2026-02-20 00:20:09.841968,Diesel,18.60270824619625,190,3534.5145667772877,94951.15146217897
FL01391,VH006,TR00849,2026-02-20 01:12:00.864172,Diesel,40.593640105666836,190,7712.791620076699,84393.80116756023
FL01392,VH011,TR01705,2026-02-20 02:03:51.886377,Diesel,135.04125463936282,190,25657.838381478934,100308.68202519522
FL01393,VH029,TR04094,2026-02-20 02:55:42.908581,Diesel,27.04283965569507,190,5138.139534582063,156792.38896217712
FL01394,VH019,TR00206,2026-02-20 03:47:33.930786,Diesel,98.14760055698358,190,18648.04410582688,50260.94940772869
FL01395,VH046,TR01893,2026-02-20 04:39:24.952990,Diesel,39.891591536943515,190,7579.402392019268,195126.89993311017
FL01396,VH022,TR00521,2026-02-20 05:31:15.975195,Petrol,94.82135865166437,200,18964.271730332875,148060.77762234648
FL01397,VH020,TR03577,2026-02-20 06:23:06.997399,Petrol,63.634583358192494,200,12726.916671638499,74597.53062674263
FL01398,VH002,TR02352,2026-02-20 07:14:58.019603,Petrol,24.23476550033886,200,4846.953100067772,130276.7110747081
FL01399,VH023,TR02135,2026-02-20 08:06:49.041808,Diesel,91.5465094575749,190,17393.83679693923,241066.88504443993
FL01400,VH023,TR04839,2026-02-20 08:58:40.064012,Diesel,105.62598459184204,190,20068.93707244999,14917.966994846567
FL01401,VH014,TR02476,2026-02-20 09:50:31.086217,Diesel,105.2381666552124,190,19995.251664490355,57885.433816295
FL01402,VH050,TR04546,2026-02-20 10:42:22.108421,Diesel,99.18481727017934,190,18845.115281334074,117611.25757678672
FL01403,VH008,TR00786,2026-02-20 11:34:13.130626,Diesel,80.0314693309764,190,15205.979172885518,163225.53322715874
FL01404,VH034,TR04098,2026-02-20 12:26:04.152830,Diesel,82.7261663603056,190,15717.971608458063,60934.783908516445
FL01405,VH042,TR02791,2026-02-20 13:17:55.175035,Diesel,98.98961537311435,190,18808.026920891727,233536.94761028708
FL01406,VH044,TR02158,2026-02-20 14:09:46.197239,Petrol,106.63631064452974,200,21327.26212890595,164217.28298191412
FL01407,VH026,TR00679,2026-02-20 15:01:37.219443,Diesel,101.6827434363939,190,19319.721252914842,220583.66774954333
FL01408,VH045,TR03529,2026-02-20 15:53:28.241648,Diesel,92.17237908788324,190,17512.752026697817,89036.30326007644
FL01409,VH040,TR03560,2026-02-20 16:45:19.263852,Petrol,31.817457872576576,200,6363.491574515315,208948.9442335911
FL01410,VH001,TR00371,2026-02-20 17:37:10.286057,Petrol,39.48631538900065,200,7897.26307780013,100772.61205586711
FL01411,VH006,TR02938,2026-02-20 18:29:01.308261,Diesel,46.43136294494877,190,8821.958959540267,70660.4253906892
FL01412,VH010,TR00722,2026-02-20 19:20:52.330466,Diesel,138.75263199225031,190,26363.00007852756,228797.28139931033
FL01413,VH030,TR04401,2026-02-20 20:12:43.352670,Diesel,116.31531285157531,190,22099.90944179931,32132.434162925092
FL01414,VH040,TR00924,2026-02-20 21:04:34.374874,Petrol,87.40135473516295,200,17480.27094703259,236293.311053537
FL01415,VH036,TR00836,2026-02-20 21:56:25.397079,Diesel,45.28796999616655,190,8604.714299271645,120043.64940822532
FL01416,VH006,TR02494,2026-02-20 22:48:16.419283,Diesel,25.524813254183965,190,4849.714518294953,248230.1136366068
FL01417,VH036,TR02980,2026-02-20 23:40:07.441488,Diesel,135.82629163719645,190,25806.995411067324,139502.7168964069
FL01418,VH024,TR02326,2026-02-21 00:31:58.463692,Petrol,134.9732422152084,200,26994.64844304168,191797.16129975274
FL01419,VH019,TR03925,2026-02-21 01:23:49.485897,Diesel,25.497383397396817,190,4844.502845505395,11697.04392112096
FL01420,VH023,TR02425,2026-02-21 02:15:40.508101,Diesel,121.61033325350945,190,23105.963318166796,129200.03679043964
FL01421,VH007,TR04522,2026-02-21 03:07:31.530306,Petrol,72.53030970338777,200,14506.061940677555,186988.83318834766
FL01422,VH003,TR03127,2026-02-21 03:59:22.552510,Diesel,55.35537059627562,190,10517.520413292368,197878.48479002778
FL01423,VH008,TR02377,2026-02-21 04:51:13.574714,Diesel,113.474635069219,190,21560.180663151612,47931.65982438353
FL01424,VH049,TR00454,2026-02-21 05:43:04.596919,Diesel,96.00613574850227,190,18241.165792215434,110553.02809186687
FL01425,VH033,TR03460,2026-02-21 06:34:55.619123,Petrol,119.20421506306722,200,23840.843012613444,110577.26994864129
FL01426,VH037,TR04860,2026-02-21 07:26:46.641328,Diesel,20.406040488611193,190,3877.1476928361267,34873.79403977341
FL01427,VH002,TR03502,2026-02-21 08:18:37.663532,Petrol,54.6021827940439,200,10920.43655880878,116330.921845952
FL01428,VH038,TR03548,2026-02-21 09:10:28.685737,Diesel,54.704359058343,190,10393.82822108517,203702.3100870413
FL01429,VH023,TR01149,2026-02-21 10:02:19.707941,Diesel,56.165432920287174,190,10671.432254854562,82043.37702855688
FL01430,VH007,TR00523,2026-02-21 10:54:10.730146,Petrol,80.34718217013277,200,16069.436434026553,113817.88525453195
FL01431,VH002,TR04578,2026-02-21 11:46:01.752350,Petrol,49.62193243133263,200,9924.386486266527,240630.08441491425
FL01432,VH025,TR00122,2026-02-21 12:37:52.774554,Diesel,72.21370541225275,190,13720.604028328022,17609.938213974932
FL01433,VH015,TR03619,2026-02-21 13:29:43.796759,Petrol,61.488863036158214,200,12297.772607231644,151965.22429488538
FL01434,VH010,TR04677,2026-02-21 14:21:34.818963,Diesel,112.94144672287158,190,21458.8748773456,188424.662026631
FL01435,VH027,TR03723,2026-02-21 15:13:25.841168,Petrol,94.49011139450701,200,18898.0222789014,192611.7841674828
FL01436,VH026,TR03084,2026-02-21 16:05:16.863372,Diesel,101.50812052442416,190,19286.54289964059,181825.12597217064
FL01437,VH008,TR02173,2026-02-21 16:57:07.885577,Diesel,39.481745171570225,190,7501.5315825983425,184348.34643242473
FL01438,VH031,TR02707,2026-02-21 17:48:58.907781,Petrol,55.57030314576451,200,11114.060629152902,24163.039761531967
FL01439,VH032,TR04814,2026-02-21 18:40:49.929985,Petrol,12.9631626656904,200,2592.63253313808,138192.78859271988
FL01440,VH011,TR03308,2026-02-21 19:32:40.952190,Diesel,25.172459021043785,190,4782.767213998319,197912.57719774146
FL01441,VH037,TR03643,2026-02-21 20:24:31.974394,Diesel,47.107592478444225,190,8950.442570904403,32575.611768959105
FL01442,VH036,TR02818,2026-02-21 21:16:22.996599,Diesel,19.164920982282947,190,3641.33498663376,12891.981372848288
FL01443,VH006,TR04502,2026-02-21 22:08:14.018803,Diesel,94.36853604965835,190,17930.021849435085,205494.83958391796
FL01444,VH030,TR01485,2026-02-21 23:00:05.041008,Diesel,149.73821622933553,190,28450.26108357375,180950.65301595742
FL01445,VH028,TR00277,2026-02-21 23:51:56.063212,Petrol,24.11412996915439,200,4822.825993830878,108929.54005946622
FL01446,VH034,TR01249,2026-02-22 00:43:47.085417,Diesel,124.97222977369711,190,23744.72365700245,235695.14381780126
FL01447,VH049,TR01125,2026-02-22 01:35:38.107621,Diesel,26.634274617120603,190,5060.512177252915,193983.54271635308
FL01448,VH027,TR02902,2026-02-22 02:27:29.129825,Petrol,103.78796263150105,200,20757.59252630021,242286.62598557858
FL01449,VH048,TR01658,2026-02-22 03:19:20.152030,Diesel,100.0420644282624,190,19007.99224136986,233035.66229139216
FL01450,VH015,TR01754,2026-02-22 04:11:11.174234,Petrol,136.3803708735679,200,27276.07417471358,125510.46471503371
FL01451,VH022,TR04603,2026-02-22 05:03:02.196439,Petrol,25.952385915271734,200,5190.477183054347,191130.15487445585
FL01452,VH044,TR03659,2026-02-22 05:54:53.218643,Petrol,54.16222525146569,200,10832.445050293138,170605.93331383335
FL01453,VH001,TR03403,2026-02-22 06:46:44.240848,Petrol,22.709166449656,200,4541.8332899312,204746.85042219795
FL01454,VH014,TR04333,2026-02-22 07:38:35.263052,Diesel,67.03366561262074,190,12736.39646639794,199045.2165402381
FL01455,VH050,TR00752,2026-02-22 08:30:26.285257,Diesel,137.62304429804226,190,26148.37841662803,46775.67280797442
FL01456,VH018,TR00165,2026-02-22 09:22:17.307461,Diesel,119.41324114865985,190,22688.51581824537,66096.52763405112
FL01457,VH012,TR01693,2026-02-22 10:14:08.329665,Diesel,111.20601406234468,190,21129.14267184549,73775.57852261615
FL01458,VH023,TR01957,2026-02-22 11:05:59.351870,Diesel,84.62385068077828,190,16078.531629347872,206439.65421208253
FL01459,VH032,TR03861,2026-02-22 11:57:50.374074,Petrol,133.6880039269732,200,26737.600785394643,204578.00894300532
FL01460,VH043,TR02776,2026-02-22 12:49:41.396279,Diesel,72.92185175378597,190,13855.151833219335,128880.48326546611
FL01461,VH028,TR03290,2026-02-22 13:41:32.418483,Petrol,30.955993394089354,200,6191.198678817871,149399.74222046108
FL01462,VH003,TR01769,2026-02-22 14:33:23.440688,Diesel,127.26193123690909,190,24179.76693501273,208461.31671241598
FL01463,VH033,TR02424,2026-02-22 15:25:14.462892,Petrol,49.14936592724176,200,9829.873185448352,85022.46416265838
FL01464,VH019,TR04527,2026-02-22 16:17:05.485097,Diesel,17.508695743422727,190,3326.652191250318,22042.90645992719
FL01465,VH021,TR03697,2026-02-22 17:08:56.507301,Petrol,27.645324293630793,200,5529.0648587261585,125823.14518700013
FL01466,VH026,TR00783,2026-02-22 18:00:47.529505,Diesel,95.26824826718075,190,18100.967170764343,229292.11452368123
FL01467,VH026,TR03779,2026-02-22 18:52:38.551710,Diesel,94.99147494896415,190,18048.380240303188,199712.3826304175
FL01468,VH011,TR00955,2026-02-22 19:44:29.573914,Diesel,46.42564395148483,190,8820.872350782118,97988.15274603658
FL01469,VH003,TR01993,2026-02-22 20:36:20.596119,Diesel,111.80522071243708,190,21242.991935363043,25545.12651588081
FL01470,VH019,TR01660,2026-02-22 21:28:11.618323,Diesel,118.30962175593481,190,22478.828133627616,162860.68129180238
FL01471,VH009,TR00141,2026-02-22 22:20:02.640528,Diesel,138.87036765870656,190,26385.369855154244,210277.79100892483
FL01472,VH010,TR00720,2026-02-22 23:11:53.662732,Diesel,91.89124981495317,190,17459.3374648411,169587.65594911325
FL01473,VH017,TR01651,2026-02-23 00:03:44.684936,Petrol,119.1192709806602,200,23823.85419613204,112017.91954312472
FL01474,VH001,TR03574,2026-02-23 00:55:35.707141,Petrol,115.43395516802872,200,23086.791033605743,39604.86716297713
FL01475,VH049,TR03475,2026-02-23 01:47:26.729345,Diesel,46.093266785407,190,8757.72068922733,228585.81859296517
FL01476,VH010,TR01016,2026-02-23 02:39:17.751550,Diesel,53.43162991127231,190,10152.00968314174,76229.99818081192
FL01477,VH038,TR04384,2026-02-23 03:31:08.773754,Diesel,76.987535405402,190,14627.63172702638,63828.88875831024
FL01478,VH014,TR00343,2026-02-23 04:22:59.795959,Diesel,12.66545545409479,190,2406.43653627801,205834.39974631698
FL01479,VH044,TR03184,2026-02-23 05:14:50.818163,Petrol,51.635688242081294,200,10327.13764841626,245492.7852937257
FL01480,VH027,TR02702,2026-02-23 06:06:41.840368,Petrol,76.34360226819331,200,15268.720453638662,168438.4620987425
FL01481,VH040,TR00976,2026-02-23 06:58:32.862572,Petrol,25.12970133936012,200,5025.940267872024,159954.51736589216
FL01482,VH050,TR02584,2026-02-23 07:50:23.884776,Diesel,27.67862428851756,190,5258.938614818337,86663.40861305501
FL01483,VH020,TR03121,2026-02-23 08:42:14.906981,Petrol,74.85314300322776,200,14970.628600645552,14899.228164431042
FL01484,VH020,TR01824,2026-02-23 09:34:05.929185,Petrol,112.33510442203037,200,22467.020884406073,56031.48779745031
FL01485,VH010,TR04427,2026-02-23 10:25:56.951390,Diesel,126.72485032889564,190,24077.721562490173,150263.30477357726
FL01486,VH006,TR04461,2026-02-23 11:17:47.973594,Diesel,86.4839456506648,190,16431.94967362631,46315.95083585093
FL01487,VH030,TR00011,2026-02-23 12:09:38.995799,Diesel,76.46485825654236,190,14528.323068743048,222120.59366351852
FL01488,VH043,TR04605,2026-02-23 13:01:30.018003,Diesel,63.799279584365735,190,12121.86312102949,55154.72508469244
FL01489,VH034,TR02628,2026-02-23 13:53:21.040208,Diesel,37.01285894126487,190,7032.443198840325,135305.06872285638
FL01490,VH039,TR01469,2026-02-23 14:45:12.062412,Diesel,30.51868039401106,190,5798.549274862102,132883.17898451077
FL01491,VH034,TR01114,2026-02-23 15:37:03.084616,Diesel,120.86550323265314,190,22964.445614204098,154946.95123111614
FL01492,VH030,TR00622,2026-02-23 16:28:54.106821,Diesel,75.10092850972707,190,14269.176416848142,88584.17673232936
FL01493,VH049,TR00901,2026-02-23 17:20:45.129025,Diesel,120.64483436716566,190,22922.518529761473,219648.20825567568
FL01494,VH038,TR03748,2026-02-23 18:12:36.151230,Diesel,108.57162502608816,190,20628.60875495675,116632.3686340167
FL01495,VH006,TR04065,2026-02-23 19:04:27.173434,Diesel,37.14542801367304,190,7057.631322597877,178036.85889677776
FL01496,VH049,TR01472,2026-02-23 19:56:18.195639,Diesel,81.4430169895716,190,15474.173228018604,162618.60663200874
FL01497,VH010,TR03104,2026-02-23 20:48:09.217843,Diesel,72.1623282591753,190,13710.842369243306,38117.459948728785
FL01498,VH025,TR00327,2026-02-23 21:40:00.240048,Diesel,69.34229085269754,190,13175.035262012534,159433.44464862673
FL01499,VH023,TR00074,2026-02-23 22:31:51.262252,Diesel,85.95994688853393,190,16332.389908821448,142168.64271546304
FL01500,VH040,TR00251,2026-02-23 23:23:42.284456,Petrol,147.4914661505613,200,29498.29323011226,225664.97518141742
FL01501,VH008,TR02498,2026-02-24 00:15:33.306661,Diesel,123.80608367390434,190,23523.155898041823,221410.3927563768
FL01502,VH005,TR02403,2026-02-24 01:07:24.328865,Diesel,136.5197404282548,190,25938.750681368412,46229.14897879513
FL01503,VH009,TR04629,2026-02-24 01:59:15.351070,Diesel,14.149541644645256,190,2688.4129124825986,29604.43494078584
FL01504,VH005,TR00296,2026-02-24 02:51:06.373274,Diesel,29.64709135095083,190,5632.947356680658,80702.1326106085
FL01505,VH004,TR00298,2026-02-24 03:42:57.395479,Diesel,21.86691243143889,190,4154.7133619733895,246787.0856042341
FL01506,VH030,TR00302,2026-02-24 04:34:48.417683,Diesel,46.85234070913873,190,8901.944734736358,15177.70633751602
FL01507,VH029,TR04608,2026-02-24 05:26:39.439887,Diesel,71.86494887533107,190,13654.340286312903,171494.13749749045
FL01508,VH032,TR00585,2026-02-24 06:18:30.462092,Petrol,99.88745467182454,200,19977.49093436491,156043.29612183452
FL01509,VH037,TR03625,2026-02-24 07:10:21.484296,Diesel,80.11637728012428,190,15222.111683223613,165178.78730987603
FL01510,VH031,TR01635,2026-02-24 08:02:12.506501,Petrol,136.44574808783955,200,27289.14961756791,62388.613544977954
FL01511,VH044,TR00053,2026-02-24 08:54:03.528705,Petrol,141.57983424514092,200,28315.966849028184,64412.16299196398
FL01512,VH004,TR02277,2026-02-24 09:45:54.550910,Diesel,32.892933167644244,190,6249.657301852407,113354.09972171791
FL01513,VH050,TR02688,2026-02-24 10:37:45.573114,Diesel,129.40780883706992,190,24587.483679043286,33005.873696069524
FL01514,VH040,TR02845,2026-02-24 11:29:36.595319,Petrol,77.44110856186214,200,15488.221712372428,27907.17016454565
FL01515,VH024,TR04887,2026-02-24 12:21:27.617523,Petrol,73.4661259844338,200,14693.22519688676,31206.268836663327
FL01516,VH012,TR04591,2026-02-24 13:13:18.639727,Diesel,119.89150878783954,190,22779.386669689513,147515.00111350187
FL01517,VH007,TR04949,2026-02-24 14:05:09.661932,Petrol,23.039671266282724,200,4607.934253256545,105458.0456554945
FL01518,VH025,TR02719,2026-02-24 14:57:00.684136,Diesel,133.54903783868053,190,25374.3171893493,80468.02735774567
FL01519,VH027,TR03936,2026-02-24 15:48:51.706341,Petrol,103.92086963666605,200,20784.17392733321,85796.65111631334
FL01520,VH014,TR00663,2026-02-24 16:40:42.728545,Diesel,132.5366250721197,190,25181.958763702743,59747.9934037777
FL01521,VH049,TR00008,2026-02-24 17:32:33.750750,Diesel,149.2268608790672,190,28353.10356702277,108761.28047726437
FL01522,VH008,TR03684,2026-02-24 18:24:24.772954,Diesel,82.52062333001547,190,15678.91843270294,58733.936607992175
FL01523,VH003,TR03088,2026-02-24 19:16:15.795159,Diesel,23.056707707250055,190,4380.77446437751,177531.05015183982
FL01524,VH028,TR04762,2026-02-24 20:08:06.817363,Petrol,33.31334081032411,200,6662.668162064821,39743.803036944664
FL01525,VH004,TR00669,2026-02-24 20:59:57.839567,Diesel,55.30655395760339,190,10508.245251944645,237578.10029940316
FL01526,VH027,TR03165,2026-02-24 21:51:48.861772,Petrol,24.49741189885934,200,4899.482379771868,31556.545630547727
FL01527,VH042,TR01286,2026-02-24 22:43:39.883976,Diesel,124.14785565928779,190,23588.09257526468,236430.57142717025
FL01528,VH042,TR03621,2026-02-24 23:35:30.906181,Diesel,51.561499144587586,190,9796.684837471641,209990.7931648976
FL01529,VH025,TR00161,2026-02-25 00:27:21.928385,Diesel,146.62406632278115,190,27858.57260132842,173370.90894721128
FL01530,VH045,TR02399,2026-02-25 01:19:12.950590,Diesel,108.3628004704598,190,20588.932089387363,228952.39733571606
FL01531,VH035,TR03246,2026-02-25 02:11:03.972794,Diesel,34.28025183577807,190,6513.247848797832,43412.510444170446
FL01532,VH029,TR00018,2026-02-25 03:02:54.994999,Diesel,76.64597057215164,190,14562.734408708811,52315.54580485968
FL01533,VH009,TR02534,2026-02-25 03:54:46.017203,Diesel,75.36379102866495,190,14319.12029544634,70516.6220941158
FL01534,VH032,TR04447,2026-02-25 04:46:37.039407,Petrol,78.95163216670873,200,15790.326433341746,68754.76642381382
FL01535,VH010,TR02576,2026-02-25 05:38:28.061612,Diesel,84.99676389001098,190,16149.385139102087,84603.58502251844
FL01536,VH022,TR04968,2026-02-25 06:30:19.083816,Petrol,14.36423152448232,200,2872.846304896464,148151.4155855424
FL01537,VH018,TR02318,2026-02-25 07:22:10.106021,Diesel,106.08215760410728,190,20155.609944780383,16761.42671322511
FL01538,VH030,TR02919,2026-02-25 08:14:01.128225,Diesel,78.20684854038205,190,14859.30122267259,101745.4228095942
FL01539,VH026,TR01054,2026-02-25 09:05:52.150430,Diesel,120.73515584161785,190,22939.67960990739,69132.43069422315
FL01540,VH037,TR00316,2026-02-25 09:57:43.172634,Diesel,124.14894025646028,190,23588.298648727454,155591.16353265327
FL01541,VH041,TR04833,2026-02-25 10:49:34.194838,Diesel,42.27491707884044,190,8032.234244979683,246440.63945236854
FL01542,VH022,TR02212,2026-02-25 11:41:25.217043,Petrol,16.779212499748894,200,3355.842499949779,134237.10692400942
FL01543,VH012,TR00320,2026-02-25 12:33:16.239247,Diesel,108.45273985572516,190,20606.02057258778,112164.45738842411
FL01544,VH018,TR04528,2026-02-25 13:25:07.261452,Diesel,146.8867903849424,190,27908.490173139056,98378.45083482788
FL01545,VH040,TR02716,2026-02-25 14:16:58.283656,Petrol,72.53211812132615,200,14506.42362426523,198387.81253116584
FL01546,VH026,TR00634,2026-02-25 15:08:49.305861,Diesel,46.34579334310341,190,8805.700735189648,27275.423596174467
FL01547,VH023,TR01706,2026-02-25 16:00:40.328065,Diesel,31.934065241687335,190,6067.472395920594,240344.92347042917
FL01548,VH042,TR04821,2026-02-25 16:52:31.350270,Diesel,50.24238363468191,190,9546.052890589563,110300.29263713094
FL01549,VH032,TR00673,2026-02-25 17:44:22.372474,Petrol,55.908737192002974,200,11181.747438400595,85288.17419802712
FL01550,VH019,TR02280,2026-02-25 18:36:13.394678,Diesel,69.34246408082504,190,13175.068175356757,243776.3479359283
FL01551,VH038,TR03548,2026-02-25 19:28:04.416883,Diesel,101.7569972500421,190,19333.829477508,234610.92717836797
FL01552,VH031,TR00471,2026-02-25 20:19:55.439087,Petrol,48.24282785123179,200,9648.565570246357,164064.19354377303
FL01553,VH039,TR03232,2026-02-25 21:11:46.461292,Diesel,17.136746885614635,190,3255.9819082667805,14441.769964096318
FL01554,VH042,TR02608,2026-02-25 22:03:37.483496,Diesel,62.259005620180744,190,11829.211067834342,189648.39428957723
FL01555,VH021,TR03333,2026-02-25 22:55:28.505701,Petrol,129.7881462622706,200,25957.62925245412,90533.77601008031
FL01556,VH033,TR02621,2026-02-25 23:47:19.527905,Petrol,79.76921151926373,200,15953.842303852747,103187.25540502266
FL01557,VH050,TR04698,2026-02-26 00:39:10.550110,Diesel,145.06972608435737,190,27563.2479560279,48098.11095457326
FL01558,VH008,TR01383,2026-02-26 01:31:01.572314,Diesel,80.50701435242244,190,15296.332726960265,135629.94012757583
FL01559,VH031,TR04376,2026-02-26 02:22:52.594518,Petrol,48.625834369058694,200,9725.166873811739,188692.6230889039
FL01560,VH028,TR01186,2026-02-26 03:14:43.616723,Petrol,37.063959614330045,200,7412.791922866009,75522.66834233643
FL01561,VH035,TR01911,2026-02-26 04:06:34.638927,Diesel,107.2334295499807,190,20374.351614496332,235295.89793041005
FL01562,VH050,TR00916,2026-02-26 04:58:25.661132,Diesel,85.0933800088411,190,16167.742201679808,56736.84544070904
FL01563,VH025,TR01618,2026-02-26 05:50:16.683336,Diesel,94.5598500593618,190,17966.371511278743,25902.96174266401
FL01564,VH010,TR01684,2026-02-26 06:42:07.705541,Diesel,115.71775050677836,190,21986.37259628789,164647.32960397622
FL01565,VH050,TR02426,2026-02-26 07:33:58.727745,Diesel,111.62648499708502,190,21209.032149446153,213836.49565121124
FL01566,VH021,TR00426,2026-02-26 08:25:49.749949,Petrol,16.070862023551776,200,3214.1724047103553,238751.88623380294
FL01567,VH022,TR01788,2026-02-26 09:17:40.772154,Petrol,122.36006674130395,200,24472.01334826079,194121.0425239645
FL01568,VH045,TR02585,2026-02-26 10:09:31.794358,Diesel,84.5784629872396,190,16069.907967575526,57916.002761457356
FL01569,VH036,TR04649,2026-02-26 11:01:22.816563,Diesel,64.83919431406817,190,12319.446919672951,244638.68435289527
FL01570,VH035,TR00169,2026-02-26 11:53:13.838767,Diesel,85.25271967752985,190,16198.016738730672,230664.61024692224
FL01571,VH038,TR00515,2026-02-26 12:45:04.860972,Diesel,95.7432027840255,190,18191.208528964846,49160.181462987384
FL01572,VH017,TR03436,2026-02-26 13:36:55.883176,Petrol,30.93088338233158,200,6186.176676466316,144108.59845967786
FL01573,VH016,TR04526,2026-02-26 14:28:46.905381,Diesel,68.4381553457023,190,13003.249515683437,143324.18222343494
FL01574,VH001,TR02617,2026-02-26 15:20:37.927585,Petrol,56.98206942634573,200,11396.413885269147,116208.346751073
FL01575,VH022,TR02378,2026-02-26 16:12:28.949789,Petrol,59.057252274525375,200,11811.450454905074,246227.5192623253
FL01576,VH047,TR00691,2026-02-26 17:04:19.971994,Petrol,22.786891377023153,200,4557.378275404631,24309.336923253086
FL01577,VH021,TR03205,2026-02-26 17:56:10.994198,Petrol,32.378088320032255,200,6475.617664006451,160530.13802646034
FL01578,VH045,TR02505,2026-02-26 18:48:02.016403,Diesel,32.656489462070994,190,6204.732997793489,59272.86944291442
FL01579,VH026,TR00353,2026-02-26 19:39:53.038607,Diesel,62.25146405103069,190,11827.77816969583,136559.4891354303
FL01580,VH044,TR01118,2026-02-26 20:31:44.060812,Petrol,135.2288162824708,200,27045.76325649416,197137.7852290045
FL01581,VH017,TR01406,2026-02-26 21:23:35.083016,Petrol,38.843832068931974,200,7768.766413786395,69214.43276045112
FL01582,VH023,TR03940,2026-02-26 22:15:26.105221,Diesel,68.26695107447264,190,12970.720704149802,104406.29115595565
FL01583,VH030,TR04175,2026-02-26 23:07:17.127425,Diesel,53.625318141879305,190,10188.810446957068,238184.3378272958
FL01584,VH039,TR00678,2026-02-26 23:59:08.149629,Diesel,120.23366375718733,190,22844.396113865594,192755.3770528743
FL01585,VH028,TR00551,2026-02-27 00:50:59.171834,Petrol,17.01770052491426,200,3403.5401049828524,147453.56428284053
FL01586,VH039,TR00820,2026-02-27 01:42:50.194038,Diesel,37.516075375024656,190,7128.0543212546845,63279.37307361202
FL01587,VH029,TR00214,2026-02-27 02:34:41.216243,Diesel,39.48981592967121,190,7503.06502663753,112073.30499461995
FL01588,VH028,TR01667,2026-02-27 03:26:32.238447,Petrol,149.01479204385237,200,29802.95840877047,195774.71657198144
FL01589,VH022,TR04765,2026-02-27 04:18:23.260652,Petrol,89.9085025152825,200,17981.7005030565,206930.3387463943
FL01590,VH006,TR00894,2026-02-27 05:10:14.282856,Diesel,29.45415701369255,190,5596.289832601585,68705.48755417575
FL01591,VH040,TR04255,2026-02-27 06:02:05.305061,Petrol,48.107879498719164,200,9621.575899743833,168894.4505000846
FL01592,VH013,TR04077,2026-02-27 06:53:56.327265,Petrol,33.4950931772094,200,6699.018635441879,32800.71810961598
FL01593,VH041,TR03906,2026-02-27 07:45:47.349469,Diesel,27.444639746722718,190,5214.481551877317,15570.953788111463
FL01594,VH025,TR02787,2026-02-27 08:37:38.371674,Diesel,121.60548397710495,190,23105.04195564994,141681.7416239251
FL01595,VH036,TR02249,2026-02-27 09:29:29.393878,Diesel,79.40536801244969,190,15087.01992236544,63851.16502730289
FL01596,VH007,TR00022,2026-02-27 10:21:20.416083,Petrol,98.36941915882939,200,19673.883831765877,28938.887498111886
FL01597,VH004,TR03314,2026-02-27 11:13:11.438287,Diesel,56.375174578879445,190,10711.283169987095,185158.7950948552
FL01598,VH050,TR01262,2026-02-27 12:05:02.460492,Diesel,87.51731204942612,190,16628.289289390963,129513.9012075148
FL01599,VH001,TR01173,2026-02-27 12:56:53.482696,Petrol,46.059664553317596,200,9211.93291066352,201106.48263002813
FL01600,VH014,TR04881,2026-02-27 13:48:44.504900,Diesel,53.12507848995288,190,10093.764913091047,169346.61752333367
FL01601,VH043,TR02055,2026-02-27 14:40:35.527105,Diesel,101.31331221134262,190,19249.5293201551,185153.1855797176
FL01602,VH046,TR01893,2026-02-27 15:32:26.549309,Diesel,31.049017628692233,190,5899.313349451524,83766.53951101596
FL01603,VH013,TR02816,2026-02-27 16:24:17.571514,Petrol,96.41106028344466,200,19282.21205668893,73186.19816397673
FL01604,VH038,TR04675,2026-02-27 17:16:08.593718,Diesel,129.31287429923782,190,24569.446116855186,154209.9741028627
FL01605,VH026,TR04585,2026-02-27 18:07:59.615923,Diesel,26.859251665307667,190,5103.257816408457,58019.713695540246
FL01606,VH022,TR01788,2026-02-27 18:59:50.638127,Petrol,135.64457927979706,200,27128.91585595941,205698.90775168507
FL01607,VH011,TR01991,2026-02-27 19:51:41.660332,Diesel,21.122395241845297,190,4013.2550959506066,135500.84055381725
FL01608,VH005,TR04318,2026-02-27 20:43:32.682536,Diesel,58.84729177382222,190,11180.985437026222,64477.58376346264
FL01609,VH014,TR02461,2026-02-27 21:35:23.704740,Diesel,95.47130413331924,190,18139.547785330655,160040.37575917804
FL01610,VH049,TR02632,2026-02-27 22:27:14.726945,Diesel,88.31806641659516,190,16780.43261915308,236808.57642006825
FL01611,VH042,TR02269,2026-02-27 23:19:05.749149,Diesel,23.494750149220685,190,4464.00252835193,29702.734381785784
FL01612,VH028,TR02177,2026-02-28 00:10:56.771354,Petrol,121.84784349001943,200,24369.568698003884,36242.849755240706
FL01613,VH020,TR00877,2026-02-28 01:02:47.793558,Petrol,146.2414610403354,200,29248.29220806708,212521.39524720158
FL01614,VH033,TR03493,2026-02-28 01:54:38.815763,Petrol,35.37196048572781,200,7074.392097145563,36302.50589604966
FL01615,VH027,TR04259,2026-02-28 02:46:29.837967,Petrol,135.31833577416478,200,27063.667154832954,19450.08864471707
FL01616,VH011,TR00955,2026-02-28 03:38:20.860172,Diesel,87.95332189564508,190,16711.131160172565,93503.3394511535
FL01617,VH026,TR04120,2026-02-28 04:30:11.882376,Diesel,141.03072797434584,190,26795.838315125708,122009.41238118343
FL01618,VH014,TR04289,2026-02-28 05:22:02.904580,Diesel,34.652034178346554,190,6583.886493885845,146666.66480576555
FL01619,VH028,TR00878,2026-02-28 06:13:53.926785,Petrol,120.88299504511944,200,24176.59900902389,131752.05581541994
FL01620,VH033,TR04486,2026-02-28 07:05:44.948989,Petrol,18.36942056234636,200,3673.8841124692717,229164.29503794722
FL01621,VH016,TR02545,2026-02-28 07:57:35.971194,Diesel,133.6475025523817,190,25393.025484952523,194480.34409399296
FL01622,VH028,TR02177,2026-02-28 08:49:26.993398,Petrol,104.38231910794872,200,20876.463821589743,246114.4614068106
FL01623,VH018,TR02601,2026-02-28 09:41:18.015603,Diesel,61.83566974914021,190,11748.77725233664,124349.30157407736
FL01624,VH041,TR03108,2026-02-28 10:33:09.037807,Diesel,36.66535528969902,190,6966.417505042814,30239.10636140294
FL01625,VH045,TR03529,2026-02-28 11:25:00.060012,Diesel,124.31463379940867,190,23619.780421887648,239327.3543062899
FL01626,VH021,TR02409,2026-02-28 12:16:51.082216,Petrol,94.45378499527362,200,18890.756999054724,10987.158781383367
FL01627,VH006,TR04861,2026-02-28 13:08:42.104420,Diesel,60.45821941272019,190,11487.061688416836,196263.0433213716
FL01628,VH039,TR01974,2026-02-28 14:00:33.126625,Diesel,72.13701547235227,190,13706.032939746932,17507.68738520307
FL01629,VH011,TR03949,2026-02-28 14:52:24.148829,Diesel,125.71597185013272,190,23886.034651525217,192691.40575639321
FL01630,VH002,TR01239,2026-02-28 15:44:15.171034,Petrol,57.44980706996148,200,11489.961413992296,235105.34556353302
FL01631,VH045,TR02335,2026-02-28 16:36:06.193238,Diesel,22.54857493539002,190,4284.229237724104,103422.47135945124
FL01632,VH034,TR00768,2026-02-28 17:27:57.215443,Diesel,137.5795041084862,190,26140.105780612375,67831.56429273225
FL01633,VH033,TR02417,2026-02-28 18:19:48.237647,Petrol,64.22812355212484,200,12845.624710424969,64306.996602839405
FL01634,VH043,TR04995,2026-02-28 19:11:39.259851,Diesel,58.77425155612989,190,11167.107795664679,128012.2345960488
FL01635,VH045,TR03546,2026-02-28 20:03:30.282056,Diesel,38.61594664263151,190,7337.029862099987,51012.888581629966
FL01636,VH009,TR02310,2026-02-28 20:55:21.304260,Diesel,135.63915997196838,190,25771.44039467399,171501.6713583309
FL01637,VH019,TR04884,2026-02-28 21:47:12.326465,Diesel,40.45074671629674,190,7685.641876096381,98404.56579720997
FL01638,VH019,TR04207,2026-02-28 22:39:03.348669,Diesel,99.13420152019371,190,18835.498288836807,87546.27817678217
FL01639,VH024,TR04237,2026-02-28 23:30:54.370874,Petrol,133.3071016251344,200,26661.42032502688,120708.53830154969
FL01640,VH025,TR00745,2026-03-01 00:22:45.393078,Diesel,14.887906044450435,190,2828.7021484455827,140221.00058554043
FL01641,VH026,TR02583,2026-03-01 01:14:36.415283,Diesel,126.0308387420274,190,23945.859360985207,44063.26294211099
FL01642,VH030,TR04175,2026-03-01 02:06:27.437487,Diesel,67.48391903656844,190,12821.944616948003,179863.2073112424
FL01643,VH004,TR01518,2026-03-01 02:58:18.459691,Diesel,102.11644053712966,190,19402.123702054636,221907.30397727826
FL01644,VH039,TR02557,2026-03-01 03:50:09.481896,Diesel,62.13663885157755,190,11805.961381799734,76716.85988828362
FL01645,VH032,TR04162,2026-03-01 04:42:00.504100,Petrol,107.37227588864914,200,21474.45517772983,53293.816439076356
FL01646,VH031,TR03984,2026-03-01 05:33:51.526305,Petrol,45.60128803807788,200,9120.257607615576,192521.30169257527
FL01647,VH012,TR01395,2026-03-01 06:25:42.548509,Diesel,13.070275940955478,190,2483.3524287815408,54050.013703755874
FL01648,VH042,TR00287,2026-03-01 07:17:33.570714,Diesel,142.6902520703135,190,27111.147893359564,19901.23848710959
FL01649,VH014,TR03248,2026-03-01 08:09:24.592918,Diesel,12.29148696561159,190,2335.382523466202,158618.37289186692
FL01650,VH043,TR04219,2026-03-01 09:01:15.615123,Diesel,125.373900548691,190,23821.04110425129,67540.33991328406
FL01651,VH035,TR02603,2026-03-01 09:53:06.637327,Diesel,33.67926306514633,190,6399.059982377803,51234.498142854325
FL01652,VH042,TR00004,2026-03-01 10:44:57.659531,Diesel,64.9108320042839,190,12333.058080813942,245584.6580114815
FL01653,VH029,TR00412,2026-03-01 11:36:48.681736,Diesel,125.1489327108478,190,23778.297215061084,80047.59601593464
FL01654,VH048,TR04346,2026-03-01 12:28:39.703940,Diesel,38.83050104372835,190,7377.795198308386,226826.38965172856
FL01655,VH027,TR03728,2026-03-01 13:20:30.726145,Petrol,131.19906477350503,200,26239.812954701007,52772.50381326503
FL01656,VH030,TR01918,2026-03-01 14:12:21.748349,Diesel,79.6862514742662,190,15140.387780110577,206554.51169498445
FL01657,VH040,TR01357,2026-03-01 15:04:12.770554,Petrol,61.26148478041872,200,12252.296956083745,130484.5295316357
FL01658,VH020,TR00158,2026-03-01 15:56:03.792758,Petrol,102.74128454308706,200,20548.25690861741,28862.744587838868
FL01659,VH040,TR01601,2026-03-01 16:47:54.814962,Petrol,57.79456107733405,200,11558.912215466811,186065.2704744574
FL01660,VH036,TR02885,2026-03-01 17:39:45.837167,Diesel,58.62037025948998,190,11137.870349303097,224097.6092163472
FL01661,VH040,TR03490,2026-03-01 18:31:36.859371,Petrol,112.69369473136244,200,22538.73894627249,49124.077680525166
FL01662,VH029,TR02383,2026-03-01 19:23:27.881576,Diesel,53.3765114354751,190,10141.537172740269,184141.65816068207
FL01663,VH049,TR00153,2026-03-01 20:15:18.903780,Diesel,38.10817076961951,190,7240.552446227707,116812.60457754972
FL01664,VH010,TR01630,2026-03-01 21:07:09.925985,Diesel,123.0704579195201,190,23383.387004708817,190928.9087816124
FL01665,VH003,TR02797,2026-03-01 21:59:00.948189,Diesel,122.75194472181244,190,23322.869497144362,181342.70756447336
FL01666,VH019,TR02882,2026-03-01 22:50:51.970394,Diesel,79.6619985189617,190,15135.779718602722,16384.0553111213
FL01667,VH023,TR03803,2026-03-01 23:42:42.992598,Diesel,83.73178626281371,190,15909.039389934605,52893.048632117236
FL01668,VH025,TR02806,2026-03-02 00:34:34.014802,Diesel,107.4507276074694,190,20415.638245419188,123046.53830374585
FL01669,VH009,TR04081,2026-03-02 01:26:25.037007,Diesel,81.29840084674068,190,15446.696160880729,234062.60125889926
FL01670,VH030,TR03471,2026-03-02 02:18:16.059211,Diesel,68.38559425569255,190,12993.262908581584,92097.62962115236
FL01671,VH043,TR01056,2026-03-02 03:10:07.081416,Diesel,149.2851870615444,190,28364.185541693438,160929.63286724366
FL01672,VH001,TR02580,2026-03-02 04:01:58.103620,Petrol,30.66965989935825,200,6133.931979871651,12900.098923462916
FL01673,VH026,TR04149,2026-03-02 04:53:49.125825,Diesel,92.98191709358049,190,17666.564247780294,180670.4611712666
FL01674,VH015,TR02766,2026-03-02 05:45:40.148029,Petrol,134.02082365059243,200,26804.164730118486,154736.3830606731
FL01675,VH040,TR01329,2026-03-02 06:37:31.170234,Petrol,106.21010576535606,200,21242.02115307121,181694.7391877838
FL01676,VH025,TR04045,2026-03-02 07:29:22.192438,Diesel,133.32926187235336,190,25332.559755747137,227118.54712598678
FL01677,VH012,TR02393,2026-03-02 08:21:13.214642,Diesel,57.086860849654165,190,10846.50356143429,45159.74394827441
FL01678,VH016,TR03154,2026-03-02 09:13:04.236847,Diesel,48.07901667643349,190,9135.013168522362,72781.5030419361
FL01679,VH015,TR00001,2026-03-02 10:04:55.259051,Petrol,129.17813416629465,200,25835.62683325893,248987.41412035408
FL01680,VH018,TR00167,2026-03-02 10:56:46.281256,Diesel,65.17604066596448,190,12383.447726533252,47508.150042310466
FL01681,VH013,TR03255,2026-03-02 11:48:37.303460,Petrol,109.35552522802358,200,21871.105045604716,182950.4815662463
FL01682,VH012,TR01886,2026-03-02 12:40:28.325665,Diesel,30.684800977975996,190,5830.112185815439,184018.21852261643
FL01683,VH003,TR04369,2026-03-02 13:32:19.347869,Diesel,115.81733755273446,190,22005.294135019547,173918.49909653666
FL01684,VH020,TR00900,2026-03-02 14:24:10.370074,Petrol,86.85757086348171,200,17371.51417269634,64585.74143549864
FL01685,VH036,TR02249,2026-03-02 15:16:01.392278,Diesel,47.60562958746453,190,9045.06962161826,61632.17517132898
FL01686,VH046,TR03264,2026-03-02 16:07:52.414482,Diesel,79.23055495424671,190,15053.805441306875,169921.85632834912
FL01687,VH020,TR03413,2026-03-02 16:59:43.436687,Petrol,107.57210761755849,200,21514.421523511697,54700.04427021185
FL01688,VH019,TR03578,2026-03-02 17:51:34.458891,Diesel,11.664097238633715,190,2216.178475340406,168775.19961772897
FL01689,VH036,TR02188,2026-03-02 18:43:25.481096,Diesel,99.24538823397812,190,18856.623764455842,128206.78768607634
FL01690,VH007,TR01220,2026-03-02 19:35:16.503300,Petrol,85.82270895825842,200,17164.54179165168,102790.92823585219
FL01691,VH040,TR03133,2026-03-02 20:27:07.525505,Petrol,40.84006348454257,200,8168.012696908514,82055.76385070698
FL01692,VH030,TR00360,2026-03-02 21:18:58.547709,Diesel,115.41735035666754,190,21929.296567766833,237418.463997548
FL01693,VH049,TR02040,2026-03-02 22:10:49.569913,Diesel,52.48453784864816,190,9972.06219124315,131942.477858269
FL01694,VH010,TR03938,2026-03-02 23:02:40.592118,Diesel,48.76053041651907,190,9264.500779138623,144700.4710026309
FL01695,VH001,TR03155,2026-03-02 23:54:31.614322,Petrol,75.97056885990517,200,15194.113771981034,237821.4603248285
FL01696,VH022,TR00334,2026-03-03 00:46:22.636527,Petrol,104.66095497913106,200,20932.19099582621,166930.55634331208
FL01697,VH043,TR00731,2026-03-03 01:38:13.658731,Diesel,140.03843662267562,190,26607.302958308366,239884.7026616386
FL01698,VH046,TR01498,2026-03-03 02:30:04.680936,Diesel,29.790014038494554,190,5660.102667313965,35528.01772544763
FL01699,VH050,TR01418,2026-03-03 03:21:55.703140,Diesel,65.5055369052427,190,12446.052011996115,213193.51162537694
FL01700,VH042,TR03764,2026-03-03 04:13:46.725345,Diesel,19.37854295176819,190,3681.923160835956,90499.51072554181
FL01701,VH001,TR01744,2026-03-03 05:05:37.747549,Petrol,116.19710464604394,200,23239.420929208787,204517.00601688187
FL01702,VH022,TR04117,2026-03-03 05:57:28.769753,Petrol,72.6826045553905,200,14536.5209110781,215352.78980679484
FL01703,VH039,TR01974,2026-03-03 06:49:19.791958,Diesel,108.97007892634592,190,20704.314996005724,75157.0926742134
FL01704,VH011,TR00879,2026-03-03 07:41:10.814162,Diesel,55.10721935668022,190,10470.37167776924,108119.34796371494
FL01705,VH001,TR04273,2026-03-03 08:33:01.836367,Petrol,128.2044137968853,200,25640.88275937706,184243.44503557697
FL01706,VH036,TR02885,2026-03-03 09:24:52.858571,Diesel,84.87593095361606,190,16126.426881187052,33773.35141527296
FL01707,VH018,TR03008,2026-03-03 10:16:43.880776,Diesel,142.10509505531172,190,26999.96806050923,191328.0482414416
FL01708,VH021,TR02596,2026-03-03 11:08:34.902980,Petrol,21.03404948016479,200,4206.809896032958,36513.50225313856
FL01709,VH021,TR02298,2026-03-03 12:00:25.925185,Petrol,81.99875543589042,200,16399.751087178083,229469.37574433396
FL01710,VH017,TR00661,2026-03-03 12:52:16.947389,Petrol,117.30373443967781,200,23460.746887935562,76321.43039112483
FL01711,VH030,TR03145,2026-03-03 13:44:07.969593,Diesel,94.02137073030606,190,17864.06043875815,148143.8432481654
FL01712,VH038,TR03163,2026-03-03 14:35:58.991798,Diesel,13.247179659757986,190,2516.9641353540173,38116.84001830547
FL01713,VH034,TR04222,2026-03-03 15:27:50.014002,Diesel,146.1274149681433,190,27764.208843947228,74678.35711899489
FL01714,VH016,TR03986,2026-03-03 16:19:41.036207,Diesel,51.75691703062577,190,9833.814235818896,106949.2104369053
FL01715,VH039,TR01270,2026-03-03 17:11:32.058411,Diesel,44.898901291293484,190,8530.791245345761,126891.73040392344
FL01716,VH047,TR04707,2026-03-03 18:03:23.080616,Petrol,77.99238258492113,200,15598.476516984227,10016.199435177863
FL01717,VH012,TR01295,2026-03-03 18:55:14.102820,Diesel,85.90213505326885,190,16321.405660121081,223277.3829713124
FL01718,VH037,TR01010,2026-03-03 19:47:05.125025,Diesel,117.28033926257555,190,22283.264459889357,11841.954294130508
FL01719,VH012,TR02092,2026-03-03 20:38:56.147229,Diesel,65.05831207225847,190,12361.07929372911,195684.295118662
FL01720,VH008,TR01758,2026-03-03 21:30:47.169433,Diesel,71.59445270470971,190,13602.946013894845,122938.93896552903
FL01721,VH038,TR01965,2026-03-03 22:22:38.191638,Diesel,84.89438823073634,190,16129.933763839905,135731.20597633033
FL01722,VH015,TR04644,2026-03-03 23:14:29.213842,Petrol,65.2141939638297,200,13042.83879276594,59983.71504028981
FL01723,VH001,TR01192,2026-03-04 00:06:20.236047,Petrol,138.03673107416185,200,27607.34621483237,155768.404082969
FL01724,VH026,TR01054,2026-03-04 00:58:11.258251,Diesel,129.1752753287953,190,24543.302312471107,138935.65820066852
FL01725,VH037,TR02842,2026-03-04 01:50:02.280456,Diesel,73.69631731090297,190,14002.300289071563,49416.73758887089
FL01726,VH040,TR02405,2026-03-04 02:41:53.302660,Petrol,10.0272807272244,200,2005.45614544488,67148.56032381259
FL01727,VH032,TR03563,2026-03-04 03:33:44.324864,Petrol,136.13082937409928,200,27226.165874819857,26056.87096298972
FL01728,VH046,TR03705,2026-03-04 04:25:35.347069,Diesel,27.407120281525135,190,5207.352853489776,25908.057301468645
FL01729,VH028,TR01823,2026-03-04 05:17:26.369273,Petrol,44.231738127166466,200,8846.347625433293,13306.188628582377
FL01730,VH022,TR01272,2026-03-04 06:09:17.391478,Petrol,31.330579811155747,200,6266.11596223115,62913.8381159401
FL01731,VH029,TR01720,2026-03-04 07:01:08.413682,Diesel,35.17417979734333,190,6683.094161495233,173118.69457529337
FL01732,VH009,TR00253,2026-03-04 07:52:59.435887,Diesel,122.40285530457686,190,23256.542507869603,85891.6931541655
FL01733,VH031,TR02769,2026-03-04 08:44:50.458091,Petrol,91.13020183322939,200,18226.040366645877,92256.2247681704
FL01734,VH041,TR01560,2026-03-04 09:36:41.480296,Diesel,143.85332283754877,190,27332.131339134266,41657.294381306725
FL01735,VH016,TR00737,2026-03-04 10:28:32.502500,Diesel,42.40349172532031,190,8056.663427810859,148112.9602375408
FL01736,VH032,TR04996,2026-03-04 11:20:23.524704,Petrol,77.98888713837276,200,15597.777427674551,92114.47397121694
FL01737,VH050,TR01929,2026-03-04 12:12:14.546909,Diesel,146.8399716715458,190,27899.594617593702,172316.03282325153
FL01738,VH048,TR02191,2026-03-04 13:04:05.569113,Diesel,125.70209199846775,190,23883.397479708874,187950.27252221282
FL01739,VH030,TR01003,2026-03-04 13:55:56.591318,Diesel,112.00619507686875,190,21281.17706460506,150326.2900596117
FL01740,VH004,TR02986,2026-03-04 14:47:47.613522,Diesel,36.45652819191087,190,6926.740356463065,76256.6888348887
FL01741,VH037,TR01923,2026-03-04 15:39:38.635727,Diesel,117.71675612736026,190,22366.18366419845,132065.87184094102
FL01742,VH046,TR03753,2026-03-04 16:31:29.657931,Diesel,58.65911716342849,190,11145.232261051413,70463.3931237528
FL01743,VH043,TR04138,2026-03-04 17:23:20.680136,Diesel,84.27516558654607,190,16012.281461443752,226699.08048494035
FL01744,VH020,TR03703,2026-03-04 18:15:11.702340,Petrol,95.28256982553563,200,19056.513965107126,193932.58001981376
FL01745,VH034,TR03193,2026-03-04 19:07:02.724544,Diesel,95.31091961339557,190,18109.074726545157,128321.4174413359
FL01746,VH013,TR03835,2026-03-04 19:58:53.746749,Petrol,111.7132860678923,200,22342.65721357846,241709.71436275518
FL01747,VH025,TR04439,2026-03-04 20:50:44.768953,Diesel,102.63829296990878,190,19501.275664282668,141221.30721524512
FL01748,VH022,TR04428,2026-03-04 21:42:35.791158,Petrol,19.571923103482575,200,3914.384620696515,88848.51446966756
FL01749,VH001,TR03528,2026-03-04 22:34:26.813362,Petrol,74.02858363287501,200,14805.716726575003,32912.1521905713
FL01750,VH022,TR00341,2026-03-04 23:26:17.835567,Petrol,102.9630249407971,200,20592.60498815942,140498.95475521928
FL01751,VH016,TR02389,2026-03-05 00:18:08.857771,Diesel,51.43901750320202,190,9773.413325608382,216499.98677952294
FL01752,VH047,TR03488,2026-03-05 01:09:59.879975,Petrol,53.82793621029455,200,10765.587242058911,218012.49475754768
FL01753,VH006,TR01701,2026-03-05 02:01:50.902180,Diesel,27.439456685646174,190,5213.496770272774,155096.09600385962
FL01754,VH047,TR01234,2026-03-05 02:53:41.924384,Petrol,68.60609803647975,200,13721.21960729595,104425.20717621107
FL01755,VH027,TR02571,2026-03-05 03:45:32.946589,Petrol,148.15626080286447,200,29631.252160572894,166071.11394176315
FL01756,VH017,TR02299,2026-03-05 04:37:23.968793,Petrol,49.94471058032523,200,9988.942116065045,192913.6850941695
FL01757,VH005,TR00138,2026-03-05 05:29:14.990998,Diesel,84.40116497605374,190,16036.221345450209,108789.94825459029
FL01758,VH004,TR02799,2026-03-05 06:21:06.013202,Diesel,114.05321538907181,190,21670.110923923643,124301.00061158209
FL01759,VH037,TR02931,2026-03-05 07:12:57.035407,Diesel,11.889617923797893,190,2259.0274055215996,173347.9137707063
FL01760,VH036,TR03921,2026-03-05 08:04:48.057611,Diesel,136.06153834376187,190,25851.692285314755,220396.62546465916
FL01761,VH043,TR04183,2026-03-05 08:56:39.079815,Diesel,64.11702586149138,190,12182.234913683364,199842.49075414598
FL01762,VH041,TR01834,2026-03-05 09:48:30.102020,Diesel,131.67623813953753,190,25018.48524651213,15373.928636883684
FL01763,VH024,TR02140,2026-03-05 10:40:21.124224,Petrol,15.452672245926927,200,3090.5344491853853,39849.362508301085
FL01764,VH035,TR00208,2026-03-05 11:32:12.146429,Diesel,30.39289726091462,190,5774.650479573777,214666.76326852522
FL01765,VH026,TR02234,2026-03-05 12:24:03.168633,Diesel,55.154123626858286,190,10479.283489103074,210117.47873080807
FL01766,VH044,TR01851,2026-03-05 13:15:54.190838,Petrol,58.364648228859025,200,11672.929645771805,103313.6279556902
FL01767,VH018,TR01688,2026-03-05 14:07:45.213042,Diesel,128.69119122392232,190,24451.32633254524,150226.70136583975
FL01768,VH015,TR02204,2026-03-05 14:59:36.235247,Petrol,11.568156154352929,200,2313.6312308705856,227402.79578287512
FL01769,VH004,TR02209,2026-03-05 15:51:27.257451,Diesel,99.75564870575514,190,18953.573254093477,228774.08344170311
FL01770,VH034,TR00851,2026-03-05 16:43:18.279655,Diesel,28.383741064997036,190,5392.910802349436,197942.28298261377
FL01771,VH015,TR02204,2026-03-05 17:35:09.301860,Petrol,125.25019109954691,200,25050.038219909384,60301.34520632295
FL01772,VH027,TR03691,2026-03-05 18:27:00.324064,Petrol,119.00025723410772,200,23800.051446821544,185267.87376494677
FL01773,VH012,TR03356,2026-03-05 19:18:51.346269,Diesel,79.98894383756809,190,15197.899329137936,34263.62376329359
FL01774,VH042,TR02610,2026-03-05 20:10:42.368473,Diesel,39.776211571732524,190,7557.4801986291795,224545.2302690966
FL01775,VH031,TR00224,2026-03-05 21:02:33.390678,Petrol,98.82935473517789,200,19765.87094703558,45795.712858891486
FL01776,VH035,TR03775,2026-03-05 21:54:24.412882,Diesel,31.87616447207039,190,6056.471249693374,168963.6736267482
FL01777,VH014,TR01412,2026-03-05 22:46:15.435087,Diesel,36.603330962971484,190,6954.632882964582,156458.38582056368
FL01778,VH038,TR04393,2026-03-05 23:38:06.457291,Diesel,97.73658631155008,190,18569.951399194517,196455.91741109994
FL01779,VH047,TR00323,2026-03-06 00:29:57.479495,Petrol,148.7719824524074,200,29754.39649048148,142378.60056602932
FL01780,VH024,TR01512,2026-03-06 01:21:48.501700,Petrol,134.74851721535646,200,26949.703443071292,24295.978090175722
FL01781,VH026,TR02087,2026-03-06 02:13:39.523904,Diesel,93.03503007571479,190,17676.655714385808,179403.10097059578
FL01782,VH010,TR04601,2026-03-06 03:05:30.546109,Diesel,85.39514762743933,190,16225.078049213473,101957.0941204643
FL01783,VH010,TR02288,2026-03-06 03:57:21.568313,Diesel,149.7738832011352,190,28457.037808215686,86868.40029258636
FL01784,VH030,TR00687,2026-03-06 04:49:12.590518,Diesel,86.63560066874511,190,16460.76412706157,248001.65188809636
FL01785,VH049,TR02018,2026-03-06 05:41:03.612722,Diesel,68.81631307432215,190,13075.099484121209,151695.94383033467
FL01786,VH039,TR01469,2026-03-06 06:32:54.634926,Diesel,137.3377750085478,190,26094.17725162408,180572.57758465872
FL01787,VH013,TR03924,2026-03-06 07:24:45.657131,Petrol,42.785801421700356,200,8557.16028434007,136318.2728645556
FL01788,VH023,TR04836,2026-03-06 08:16:36.679335,Diesel,23.653638641553258,190,4494.191341895119,194793.43502839666
FL01789,VH008,TR00997,2026-03-06 09:08:27.701540,Diesel,98.77260481065625,190,18766.794914024686,190497.45651999404
FL01790,VH023,TR02535,2026-03-06 10:00:18.723744,Diesel,23.41894872762486,190,4449.600258248724,167715.0677632385
FL01791,VH002,TR02813,2026-03-06 10:52:09.745949,Petrol,62.24079517341442,200,12448.159034682883,249458.3347465064
FL01792,VH050,TR00623,2026-03-06 11:44:00.768153,Diesel,69.30083398144087,190,13167.158456473766,120350.44817995305
FL01793,VH002,TR03825,2026-03-06 12:35:51.790358,Petrol,86.65532938689265,200,17331.06587737853,179486.1635915572
FL01794,VH039,TR02784,2026-03-06 13:27:42.812562,Diesel,148.83233640471474,190,28278.1439168958,201466.71107318037
FL01795,VH036,TR04394,2026-03-06 14:19:33.834766,Diesel,40.93744126664531,190,7778.113840662609,100248.33030269064
FL01796,VH049,TR01076,2026-03-06 15:11:24.856971,Diesel,62.60589299096768,190,11895.11966828386,119722.00661286847
FL01797,VH035,TR00304,2026-03-06 16:03:15.879175,Diesel,28.513617417492124,190,5417.587309323504,242600.1439337405
FL01798,VH009,TR00664,2026-03-06 16:55:06.901380,Diesel,95.06589364465286,190,18062.519792484043,17749.84411038594
FL01799,VH036,TR02947,2026-03-06 17:46:57.923584,Diesel,111.87424552309669,190,21256.10664938837,90470.95695061944
FL01800,VH023,TR03995,2026-03-06 18:38:48.945789,Diesel,77.49075525302304,190,14723.243498074378,126691.11096128079
FL01801,VH003,TR01993,2026-03-06 19:30:39.967993,Diesel,44.41637756059595,190,8439.11173651323,10351.598336605657
FL01802,VH041,TR03496,2026-03-06 20:22:30.990198,Diesel,96.92435768544468,190,18415.627960234488,225790.5042415868
FL01803,VH041,TR02695,2026-03-06 21:14:22.012402,Diesel,85.48208127163893,190,16241.595441611396,78698.65605091809
FL01804,VH010,TR04305,2026-03-06 22:06:13.034606,Diesel,33.96600127652049,190,6453.540242538893,71849.15970626663
FL01805,VH026,TR03199,2026-03-06 22:58:04.056811,Diesel,66.79546607029823,190,12691.138553356664,206878.28688489806
FL01806,VH045,TR00519,2026-03-06 23:49:55.079015,Diesel,70.92759282892729,190,13476.242637496185,76715.97484059409
FL01807,VH021,TR04434,2026-03-07 00:41:46.101220,Petrol,147.5664855280006,200,29513.297105600122,167829.42253648536
FL01808,VH020,TR01870,2026-03-07 01:33:37.123424,Petrol,128.90001650177305,200,25780.003300354612,207160.75453647022
FL01809,VH038,TR03811,2026-03-07 02:25:28.145629,Diesel,112.81191035830314,190,21434.262968077597,200194.44345048937
FL01810,VH003,TR00913,2026-03-07 03:17:19.167833,Diesel,134.42878357041263,190,25541.4688783784,197668.17698222294
FL01811,VH033,TR03935,2026-03-07 04:09:10.190038,Petrol,112.9678168160201,200,22593.56336320402,31273.016767656365
FL01812,VH034,TR04903,2026-03-07 05:01:01.212242,Diesel,136.47625971760266,190,25930.489346344504,29163.27221736741
FL01813,VH044,TR03189,2026-03-07 05:52:52.234446,Petrol,17.637436083131117,200,3527.4872166262235,83624.808576973
FL01814,VH002,TR01316,2026-03-07 06:44:43.256651,Petrol,73.84926929736832,200,14769.853859473664,18627.491487044266
FL01815,VH040,TR03229,2026-03-07 07:36:34.278855,Petrol,114.56576693385671,200,22913.15338677134,130103.13676462344
FL01816,VH047,TR00572,2026-03-07 08:28:25.301060,Petrol,91.66141152540189,200,18332.282305080378,104747.69590485239
FL01817,VH015,TR03256,2026-03-07 09:20:16.323264,Petrol,34.523262981110136,200,6904.652596222028,143686.2190103558
FL01818,VH027,TR02472,2026-03-07 10:12:07.345469,Petrol,57.668892113994794,200,11533.77842279896,81709.24928072571
FL01819,VH033,TR00098,2026-03-07 11:03:58.367673,Petrol,54.488412503736775,200,10897.682500747354,126580.96071770249
FL01820,VH010,TR04034,2026-03-07 11:55:49.389877,Diesel,46.58856784580704,190,8851.827890703338,90338.7438061729
FL01821,VH013,TR01640,2026-03-07 12:47:40.412082,Petrol,58.03897749195525,200,11607.79549839105,56849.942133594064
FL01822,VH022,TR04843,2026-03-07 13:39:31.434286,Petrol,82.07946038455694,200,16415.892076911387,165848.00347307557
FL01823,VH024,TR04028,2026-03-07 14:31:22.456491,Petrol,129.68166346965864,200,25936.33269393173,171624.61635980444
FL01824,VH050,TR00261,2026-03-07 15:23:13.478695,Diesel,113.88457273512589,190,21638.068819673917,209015.60625994002
FL01825,VH035,TR00936,2026-03-07 16:15:04.500900,Diesel,126.93495856227271,190,24117.642126831815,219940.42795689395
FL01826,VH030,TR01798,2026-03-07 17:06:55.523104,Diesel,133.70452423883208,190,25403.859605378097,179070.85704829972
FL01827,VH039,TR00332,2026-03-07 17:58:46.545309,Diesel,68.26106385366501,190,12969.60213219635,174999.54080740287
FL01828,VH026,TR04211,2026-03-07 18:50:37.567513,Diesel,58.443679763744605,190,11104.299155111476,23602.1596807534
FL01829,VH020,TR00268,2026-03-07 19:42:28.589717,Petrol,18.067273435782653,200,3613.454687156531,36347.01794996117
FL01830,VH020,TR02060,2026-03-07 20:34:19.611922,Petrol,140.2688270627008,200,28053.76541254016,205015.0504938096
FL01831,VH028,TR00073,2026-03-07 21:26:10.634126,Petrol,19.21522251134015,200,3843.04450226803,65908.30278967158
FL01832,VH017,TR02922,2026-03-07 22:18:01.656331,Petrol,113.75897215186586,200,22751.79443037317,95335.61445209992
FL01833,VH018,TR02454,2026-03-07 23:09:52.678535,Diesel,62.93516262518221,190,11957.68089878462,44871.36488221044
FL01834,VH041,TR03889,2026-03-08 00:01:43.700740,Diesel,142.82930842988608,190,27137.568601678355,56836.47245798056
FL01835,VH048,TR00178,2026-03-08 00:53:34.722944,Diesel,68.74428293077807,190,13061.413756847833,196100.1364888495
FL01836,VH030,TR02000,2026-03-08 01:45:25.745149,Diesel,124.3251691896603,190,23621.782146035457,72846.30868372918
FL01837,VH045,TR00772,2026-03-08 02:37:16.767353,Diesel,49.57167650291473,190,9418.618535553798,117768.39190340563
FL01838,VH034,TR00946,2026-03-08 03:29:07.789557,Diesel,51.87242041413853,190,9855.759878686322,46401.12953421743
FL01839,VH040,TR04496,2026-03-08 04:20:58.811762,Petrol,93.3727173829808,200,18674.543476596158,172703.17751586367
FL01840,VH008,TR00270,2026-03-08 05:12:49.833966,Diesel,149.7175687190463,190,28446.3380566188,184784.7361920343
FL01841,VH006,TR01856,2026-03-08 06:04:40.856171,Diesel,82.46013851708749,190,15667.426318246622,96806.15629569131
FL01842,VH045,TR01656,2026-03-08 06:56:31.878375,Diesel,141.08320909506068,190,26805.80972806153,198339.19506946014
FL01843,VH046,TR03753,2026-03-08 07:48:22.900580,Diesel,120.0749759548219,190,22814.24543141616,67577.59646131034
FL01844,VH009,TR02534,2026-03-08 08:40:13.922784,Diesel,121.42100398481288,190,23069.990757114447,176056.92690403745
FL01845,VH011,TR04155,2026-03-08 09:32:04.944988,Diesel,71.03439847802697,190,13496.535710825125,185191.49954090896
FL01846,VH049,TR02690,2026-03-08 10:23:55.967193,Diesel,64.11591502419209,190,12182.023854596497,242477.7706693063
FL01847,VH020,TR04983,2026-03-08 11:15:46.989397,Petrol,36.86905313271416,200,7373.810626542831,65757.1996448119
FL01848,VH036,TR04362,2026-03-08 12:07:38.011602,Diesel,144.9517773777115,190,27540.837701765184,32490.515210260655
FL01849,VH004,TR02123,2026-03-08 12:59:29.033806,Diesel,144.31510574213482,190,27419.870091005614,73128.50134954878
FL01850,VH028,TR03162,2026-03-08 13:51:20.056011,Petrol,114.5894828034256,200,22917.89656068512,39486.927179708575
FL01851,VH013,TR00505,2026-03-08 14:43:11.078215,Petrol,51.475342979373735,200,10295.068595874747,50726.63403863432
FL01852,VH040,TR02405,2026-03-08 15:35:02.100420,Petrol,44.3251356479195,200,8865.027129583901,90187.48284543386
FL01853,VH016,TR02202,2026-03-08 16:26:53.122624,Diesel,148.40543393417482,190,28197.032447493217,109357.77921328021
FL01854,VH028,TR03290,2026-03-08 17:18:44.144828,Petrol,19.31599411514485,200,3863.19882302897,226893.8141803311
FL01855,VH041,TR04582,2026-03-08 18:10:35.167033,Diesel,128.09900089978328,190,24338.810170958823,56947.785160005056
FL01856,VH049,TR01154,2026-03-08 19:02:26.189237,Diesel,59.76412006754645,190,11355.182812833826,243222.15422109189
FL01857,VH032,TR04162,2026-03-08 19:54:17.211442,Petrol,68.64176076181087,200,13728.352152362175,204436.7703750812
FL01858,VH002,TR02428,2026-03-08 20:46:08.233646,Petrol,126.4768708248372,200,25295.37416496744,221553.13357442582
FL01859,VH036,TR01337,2026-03-08 21:37:59.255851,Diesel,22.684422240750123,190,4310.040225742523,233066.55753765843
FL01860,VH035,TR00407,2026-03-08 22:29:50.278055,Diesel,59.583754992836,190,11320.91344863884,190777.88731386897
FL01861,VH018,TR03479,2026-03-08 23:21:41.300260,Diesel,143.28339880374023,190,27223.845772710643,199307.15958809466
FL01862,VH025,TR04045,2026-03-09 00:13:32.322464,Diesel,107.8692277879759,190,20495.15327971542,115076.3911853487
FL01863,VH028,TR00277,2026-03-09 01:05:23.344668,Petrol,115.69148307282465,200,23138.29661456493,132508.05632229854
FL01864,VH004,TR03481,2026-03-09 01:57:14.366873,Diesel,116.0507421337667,190,22049.641005415673,233796.50242399223
FL01865,VH003,TR02362,2026-03-09 02:49:05.389077,Diesel,18.479811642952235,190,3511.1642121609248,100781.41877263588
FL01866,VH026,TR02597,2026-03-09 03:40:56.411282,Diesel,38.44906305646036,190,7305.321980727468,20067.29753540973
FL01867,VH014,TR01969,2026-03-09 04:32:47.433486,Diesel,78.77685585136965,190,14967.602611760232,193061.0525139455
FL01868,VH049,TR00461,2026-03-09 05:24:38.455691,Diesel,61.54103254655252,190,11692.79618384498,147557.8028122044
FL01869,VH037,TR02447,2026-03-09 06:16:29.477895,Diesel,67.52772103859948,190,12830.266997333902,205570.2309623948
FL01870,VH045,TR03740,2026-03-09 07:08:20.500100,Diesel,119.40263300759416,190,22686.500271442892,28132.30398663091
FL01871,VH026,TR01583,2026-03-09 08:00:11.522304,Diesel,12.055092909482939,190,2290.4676528017585,159095.67771418954
FL01872,VH003,TR03518,2026-03-09 08:52:02.544508,Diesel,102.46886968497343,190,19469.085240144952,69449.41311778192
FL01873,VH004,TR04803,2026-03-09 09:43:53.566713,Diesel,10.015432452255144,190,1902.9321659284774,226784.46267867618
FL01874,VH035,TR04199,2026-03-09 10:35:44.588917,Diesel,18.828193580674117,190,3577.356780328082,36378.38553801896
FL01875,VH030,TR02376,2026-03-09 11:27:35.611122,Diesel,67.16005677726736,190,12760.410787680798,212336.62545401513
FL01876,VH047,TR02740,2026-03-09 12:19:26.633326,Petrol,127.732792772675,200,25546.558554535,31253.020473258486
FL01877,VH018,TR00972,2026-03-09 13:11:17.655531,Diesel,30.299407179024467,190,5756.8873640146485,16023.365319279543
FL01878,VH036,TR01326,2026-03-09 14:03:08.677735,Diesel,87.64699727800561,190,16652.929482821066,66414.26321006136
FL01879,VH049,TR00153,2026-03-09 14:54:59.699939,Diesel,104.99073175574419,190,19948.239033591395,89930.6898224041
FL01880,VH045,TR03609,2026-03-09 15:46:50.722144,Diesel,42.13460378410248,190,8005.574718979471,160366.90523484908
FL01881,VH037,TR03961,2026-03-09 16:38:41.744348,Diesel,81.72623573774162,190,15527.984790170907,41613.903366652914
FL01882,VH028,TR03107,2026-03-09 17:30:32.766553,Petrol,137.5970196393469,200,27519.40392786938,114959.18406185799
FL01883,VH025,TR03087,2026-03-09 18:22:23.788757,Diesel,81.71199355117459,190,15525.278774723172,59023.2645046897
FL01884,VH013,TR00730,2026-03-09 19:14:14.810962,Petrol,32.02522865027072,200,6405.045730054144,215272.79717129518
FL01885,VH041,TR03968,2026-03-09 20:06:05.833166,Diesel,97.89400153625627,190,18599.86029188869,20791.96190831319
FL01886,VH014,TR04170,2026-03-09 20:57:56.855371,Diesel,92.90802520119196,190,17652.524788226474,95425.05440524506
FL01887,VH019,TR04952,2026-03-09 21:49:47.877575,Diesel,13.773666371738372,190,2616.996610630291,161529.77919258614
FL01888,VH036,TR04003,2026-03-09 22:41:38.899779,Diesel,22.683216804659324,190,4309.811192885271,229141.16273246537
FL01889,VH032,TR02333,2026-03-09 23:33:29.921984,Petrol,31.949389719741507,200,6389.877943948301,218318.42144653486
FL01890,VH005,TR01574,2026-03-10 00:25:20.944188,Diesel,29.08047085866179,190,5525.28946314574,224846.07988411924
FL01891,VH035,TR03269,2026-03-10 01:17:11.966393,Diesel,46.325207878530634,190,8801.789496920821,25084.7904839157
FL01892,VH031,TR04376,2026-03-10 02:09:02.988597,Petrol,73.57474525297951,200,14714.949050595902,211821.58275123028
FL01893,VH047,TR04883,2026-03-10 03:00:54.010802,Petrol,62.040281705857815,200,12408.056341171563,197179.0188505886
FL01894,VH005,TR00686,2026-03-10 03:52:45.033006,Diesel,134.6909847966436,190,25591.287111362282,226583.59582614855
FL01895,VH041,TR03889,2026-03-10 04:44:36.055211,Diesel,95.69531731688718,190,18182.110290208566,84778.30414192032
FL01896,VH008,TR01580,2026-03-10 05:36:27.077415,Diesel,132.66020899465803,190,25205.439708985028,228823.625505608
FL01897,VH045,TR00969,2026-03-10 06:28:18.099619,Diesel,83.78550548846384,190,15919.24604280813,106633.86042074747
FL01898,VH009,TR03738,2026-03-10 07:20:09.121824,Diesel,22.581865896507594,190,4290.554520336443,162183.924526192
FL01899,VH001,TR02034,2026-03-10 08:12:00.144028,Petrol,74.86024286930088,200,14972.048573860175,111802.9578896796
FL01900,VH034,TR00768,2026-03-10 09:03:51.166233,Diesel,125.0845565579311,190,23766.06574600691,112635.62332375628
FL01901,VH048,TR00646,2026-03-10 09:55:42.188437,Diesel,37.17452740339513,190,7063.160206645075,141192.88451077638
FL01902,VH007,TR04122,2026-03-10 10:47:33.210642,Petrol,22.769999025370964,200,4553.999805074192,95422.41030899741
FL01903,VH029,TR01080,2026-03-10 11:39:24.232846,Diesel,56.120863367356414,190,10662.964039797718,200256.87862461657
FL01904,VH027,TR00637,2026-03-10 12:31:15.255051,Petrol,64.44569628961955,200,12889.13925792391,162073.29649965733
FL01905,VH007,TR04326,2026-03-10 13:23:06.277255,Petrol,52.87607469682661,200,10575.214939365324,175541.38276934696
FL01906,VH031,TR02101,2026-03-10 14:14:57.299459,Petrol,28.93370998743784,200,5786.741997487568,65448.352053223265
FL01907,VH016,TR00101,2026-03-10 15:06:48.321664,Diesel,45.117580361040034,190,8572.340268597607,242698.06923553417
FL01908,VH034,TR03918,2026-03-10 15:58:39.343868,Diesel,105.51953664429544,190,20048.711962416135,168442.2634655117
FL01909,VH001,TR04900,2026-03-10 16:50:30.366073,Petrol,64.02999228104295,200,12805.99845620859,57327.00748729399
FL01910,VH031,TR00869,2026-03-10 17:42:21.388277,Petrol,98.55692224659781,200,19711.38444931956,190117.6584330481
FL01911,VH034,TR04098,2026-03-10 18:34:12.410482,Diesel,85.08252918862254,190,16165.680545838284,51691.38476982945
FL01912,VH007,TR00022,2026-03-10 19:26:03.432686,Petrol,86.86741158007366,200,17373.48231601473,25212.375111882015
FL01913,VH028,TR02626,2026-03-10 20:17:54.454890,Petrol,44.796938112691436,200,8959.387622538286,136612.81507500022
FL01914,VH022,TR01904,2026-03-10 21:09:45.477095,Petrol,83.01602458754542,200,16603.204917509083,142845.74899896333
FL01915,VH023,TR02577,2026-03-10 22:01:36.499299,Diesel,13.30325994084825,190,2527.6193887611676,55351.73793558366
FL01916,VH032,TR04110,2026-03-10 22:53:27.521504,Petrol,70.44412392548966,200,14088.824785097933,93610.94663011815
FL01917,VH044,TR04615,2026-03-10 23:45:18.543708,Petrol,90.16719524658811,200,18033.43904931762,236984.63096288726
FL01918,VH014,TR03294,2026-03-11 00:37:09.565913,Diesel,35.4793869895753,190,6741.083528019308,78400.77570099758
FL01919,VH002,TR01936,2026-03-11 01:29:00.588117,Petrol,45.918190874853195,200,9183.63817497064,47336.33458368848
FL01920,VH018,TR00616,2026-03-11 02:20:51.610322,Diesel,40.734342774186715,190,7739.525127095476,248214.87007970898
FL01921,VH049,TR02451,2026-03-11 03:12:42.632526,Diesel,19.87811373715939,190,3776.841610060284,82553.32873131202
FL01922,VH047,TR03585,2026-03-11 04:04:33.654730,Petrol,58.700024959612605,200,11740.00499192252,173260.88155505888
FL01923,VH042,TR00287,2026-03-11 04:56:24.676935,Diesel,147.05520730327152,190,27940.489387621587,65574.44354542393
FL01924,VH041,TR03319,2026-03-11 05:48:15.699139,Diesel,59.54325690490541,190,11313.218811932029,142029.08727673345
FL01925,VH004,TR01924,2026-03-11 06:40:06.721344,Diesel,74.47512705717659,190,14150.274140863552,102707.67678630773
FL01926,VH049,TR04922,2026-03-11 07:31:57.743548,Diesel,101.43221513389253,190,19272.12087543958,240779.02267820525
FL01927,VH013,TR02774,2026-03-11 08:23:48.765753,Petrol,100.789685163675,200,20157.937032735,113873.40989211705
FL01928,VH049,TR02091,2026-03-11 09:15:39.787957,Diesel,142.98529720260737,190,27167.206468495402,150201.8042036138
FL01929,VH032,TR02802,2026-03-11 10:07:30.810162,Petrol,130.05897965587752,200,26011.795931175504,236743.9038160353
FL01930,VH006,TR00993,2026-03-11 10:59:21.832366,Diesel,121.15309619472131,190,23019.08827699705,247416.23198510922
FL01931,VH006,TR01585,2026-03-11 11:51:12.854570,Diesel,143.2278116089635,190,27213.284205703065,34398.00736119916
FL01932,VH022,TR01904,2026-03-11 12:43:03.876775,Petrol,42.30715396764403,200,8461.430793528805,210236.97089017334
FL01933,VH002,TR00876,2026-03-11 13:34:54.898979,Petrol,96.38758724705096,200,19277.517449410192,101707.95860493972
FL01934,VH035,TR04830,2026-03-11 14:26:45.921184,Diesel,134.20754734110187,190,25499.433994809355,152758.88948934706
FL01935,VH012,TR01886,2026-03-11 15:18:36.943388,Diesel,97.37934215893425,190,18502.075010197506,100011.53894925892
FL01936,VH019,TR00144,2026-03-11 16:10:27.965593,Diesel,146.83886644496172,190,27899.384624542727,106267.88935715015
FL01937,VH047,TR02257,2026-03-11 17:02:18.987797,Petrol,24.049379946893062,200,4809.875989378613,48125.80863642677
FL01938,VH024,TR01123,2026-03-11 17:54:10.010002,Petrol,71.50627039104805,200,14301.25407820961,147463.95002268782
FL01939,VH038,TR00700,2026-03-11 18:46:01.032206,Diesel,146.83080710720907,190,27897.85335036972,141211.82702673392
FL01940,VH018,TR04210,2026-03-11 19:37:52.054410,Diesel,63.13952399978961,190,11996.509559960026,55445.389249215965
FL01941,VH046,TR00271,2026-03-11 20:29:43.076615,Diesel,113.53789251390262,190,21572.1995776415,140015.30304014595
FL01942,VH039,TR00063,2026-03-11 21:21:34.098819,Diesel,14.256406151010886,190,2708.7171686920683,243544.45183146067
FL01943,VH038,TR01008,2026-03-11 22:13:25.121024,Diesel,107.27719604824382,190,20382.667249166327,181458.06300490952
FL01944,VH021,TR02844,2026-03-11 23:05:16.143228,Petrol,140.84774255386097,200,28169.548510772194,125435.81430000445
FL01945,VH049,TR02273,2026-03-11 23:57:07.165433,Diesel,63.57887992660038,190,12079.987186054072,229860.15653953006
FL01946,VH001,TR01983,2026-03-12 00:48:58.187637,Petrol,12.981977309770125,200,2596.395461954025,148075.4455612734
FL01947,VH041,TR02429,2026-03-12 01:40:49.209841,Diesel,13.90737261536774,190,2642.4007969198706,42411.51969467281
FL01948,VH050,TR03725,2026-03-12 02:32:40.232046,Diesel,134.88326279955245,190,25627.819931914968,141402.31547498953
FL01949,VH021,TR04414,2026-03-12 03:24:31.254250,Petrol,111.15225499347665,200,22230.45099869533,53433.54768780827
FL01950,VH043,TR02756,2026-03-12 04:16:22.276455,Diesel,24.936093791721177,190,4737.857820427023,194201.16129944182
FL01951,VH045,TR03735,2026-03-12 05:08:13.298659,Diesel,17.64263878716752,190,3352.101369561829,242121.81143072998
FL01952,VH025,TR01293,2026-03-12 06:00:04.320864,Diesel,122.67555090616712,190,23308.354672171754,96596.46029039926
FL01953,VH043,TR04510,2026-03-12 06:51:55.343068,Diesel,123.38048859275027,190,23442.292832622552,114380.29123004669
FL01954,VH035,TR04321,2026-03-12 07:43:46.365273,Diesel,26.87305757088686,190,5105.880938468504,111159.15204127121
FL01955,VH032,TR01178,2026-03-12 08:35:37.387477,Petrol,52.21285654440915,200,10442.57130888183,78471.99419077164
FL01956,VH003,TR04717,2026-03-12 09:27:28.409681,Diesel,119.20364904034454,190,22648.693317665464,200603.19157087145
FL01957,VH033,TR02621,2026-03-12 10:19:19.431886,Petrol,83.55768993356088,200,16711.537986712177,158254.799859279
FL01958,VH009,TR02537,2026-03-12 11:11:10.454090,Diesel,143.92188050154192,190,27345.157295292964,25372.373645574306
FL01959,VH014,TR01969,2026-03-12 12:03:01.476295,Diesel,77.3487703484407,190,14696.266366203732,211313.52040555252
FL01960,VH008,TR01196,2026-03-12 12:54:52.498499,Diesel,104.77411125917176,190,19907.081139242633,54901.17547676975
FL01961,VH019,TR02832,2026-03-12 13:46:43.520704,Diesel,81.3696712038218,190,15460.23752872614,244996.27881018905
FL01962,VH009,TR00508,2026-03-12 14:38:34.542908,Diesel,142.0151693959064,190,26982.882185222217,100399.15336061578
FL01963,VH002,TR00405,2026-03-12 15:30:25.565113,Petrol,65.81227288946525,200,13162.45457789305,157947.9153160777
FL01964,VH012,TR01295,2026-03-12 16:22:16.587317,Diesel,42.171503725004,190,8012.58570775076,28677.668535047294
FL01965,VH035,TR03626,2026-03-12 17:14:07.609521,Diesel,55.72874043933904,190,10588.460683474417,92719.1859252056
FL01966,VH042,TR02820,2026-03-12 18:05:58.631726,Diesel,129.38852858313209,190,24583.820430795095,202564.94976658752
FL01967,VH037,TR04760,2026-03-12 18:57:49.653930,Diesel,79.71139889169868,190,15145.165789422748,124530.03806878203
FL01968,VH032,TR03638,2026-03-12 19:49:40.676135,Petrol,59.595322490313464,200,11919.064498062693,227104.8360505655
FL01969,VH020,TR01874,2026-03-12 20:41:31.698339,Petrol,86.1964030533276,200,17239.28061066552,148033.22585219372
FL01970,VH023,TR01407,2026-03-12 21:33:22.720544,Diesel,28.65215901875793,190,5443.910213564007,232857.32689497946
FL01971,VH043,TR03584,2026-03-12 22:25:13.742748,Diesel,10.750302647583451,190,2042.5575030408559,245826.37768301347
FL01972,VH015,TR01578,2026-03-12 23:17:04.764952,Petrol,49.28185571708871,200,9856.371143417742,118934.69428438623
FL01973,VH041,TR04377,2026-03-13 00:08:55.787157,Diesel,94.70080076969593,190,17993.152146242228,145637.57741867393
FL01974,VH042,TR03428,2026-03-13 01:00:46.809361,Diesel,109.63530775259422,190,20830.7084729929,210380.95438030476
FL01975,VH027,TR00637,2026-03-13 01:52:37.831566,Petrol,125.72553528927533,200,25145.107057855064,63167.92132859512
FL01976,VH047,TR00808,2026-03-13 02:44:28.853770,Petrol,139.73289831522575,200,27946.57966304515,216791.0977074663
FL01977,VH003,TR02396,2026-03-13 03:36:19.875975,Diesel,67.69572857506753,190,12862.188429262831,152060.8336905447
FL01978,VH050,TR04525,2026-03-13 04:28:10.898179,Diesel,113.67235193804365,190,21597.746868228292,184120.0324922861
FL01979,VH048,TR01416,2026-03-13 05:20:01.920384,Diesel,20.454210227728755,190,3886.2999432684633,29164.96543922685
FL01980,VH047,TR02450,2026-03-13 06:11:52.942588,Petrol,18.054199828091214,200,3610.839965618243,193885.04402881686
FL01981,VH015,TR04761,2026-03-13 07:03:43.964792,Petrol,27.471718878061925,200,5494.343775612385,84588.85709767802
FL01982,VH047,TR04846,2026-03-13 07:55:34.986997,Petrol,72.79967369630674,200,14559.934739261349,203255.74644396207
FL01983,VH039,TR03497,2026-03-13 08:47:26.009201,Diesel,39.57940138982499,190,7520.086264066747,132196.60919264966
FL01984,VH049,TR03589,2026-03-13 09:39:17.031406,Diesel,50.16949187129421,190,9532.2034555459,75907.44035575195
FL01985,VH022,TR04030,2026-03-13 10:31:08.053610,Petrol,100.70322429172236,200,20140.644858344473,238662.32728519698
FL01986,VH038,TR04733,2026-03-13 11:22:59.075815,Diesel,60.193105032398435,190,11436.689956155702,193614.9754507598
FL01987,VH038,TR00515,2026-03-13 12:14:50.098019,Diesel,88.0320180805231,190,16726.083435299388,246564.65772967527
FL01988,VH009,TR03295,2026-03-13 13:06:41.120224,Diesel,67.73652594312291,190,12869.939929193353,97472.7756189289
FL01989,VH009,TR02909,2026-03-13 13:58:32.142428,Diesel,33.655695772774735,190,6394.582196827199,165812.71204999328
FL01990,VH021,TR02499,2026-03-13 14:50:23.164632,Petrol,20.36279863582518,200,4072.559727165036,156781.2826872944
FL01991,VH030,TR01367,2026-03-13 15:42:14.186837,Diesel,43.0724093433843,190,8183.757775243017,175013.6178565127
FL01992,VH022,TR00341,2026-03-13 16:34:05.209041,Petrol,18.07806572874621,200,3615.613145749242,19195.9758499194
FL01993,VH014,TR03973,2026-03-13 17:25:56.231246,Diesel,96.60567438457296,190,18355.078133068862,80012.63773056978
FL01994,VH003,TR01561,2026-03-13 18:17:47.253450,Diesel,121.40046420525405,190,23066.08819899827,228241.01770979376
FL01995,VH021,TR02469,2026-03-13 19:09:38.275655,Petrol,57.56370755323612,200,11512.741510647224,111716.81316933445
FL01996,VH041,TR02429,2026-03-13 20:01:29.297859,Diesel,64.19554774933016,190,12197.15407237273,240554.48297957133
FL01997,VH036,TR03689,2026-03-13 20:53:20.320064,Diesel,124.26674878630293,190,23610.682269397556,61240.761434794185
FL01998,VH025,TR02696,2026-03-13 21:45:11.342268,Diesel,41.16580773229844,190,7821.503469136704,249381.75363546144
FL01999,VH002,TR02028,2026-03-13 22:37:02.364472,Petrol,26.68243712728239,200,5336.487425456478,177419.41815028776
FL02000,VH046,TR03753,2026-03-13 23:28:53.386677,Diesel,80.1565364263521,190,15229.7419210069,196334.42177595707
FL02001,VH037,TR00316,2026-03-14 00:20:44.408881,Diesel,100.4666237346532,190,19088.658509584107,105246.6813286086
FL02002,VH011,TR03990,2026-03-14 01:12:35.431086,Diesel,93.9516195065071,190,17850.807706236348,227681.949102549
FL02003,VH010,TR01102,2026-03-14 02:04:26.453290,Diesel,109.94222633838531,190,20889.02300429321,140911.0962300693
FL02004,VH044,TR00531,2026-03-14 02:56:17.475495,Petrol,17.945165504223343,200,3589.0331008446688,173425.21125391242
FL02005,VH005,TR02403,2026-03-14 03:48:08.497699,Diesel,69.9482257861722,190,13290.162899372719,32753.98512070864
FL02006,VH039,TR01860,2026-03-14 04:39:59.519903,Diesel,43.39987335239704,190,8245.975936955438,161603.36821429443
FL02007,VH050,TR04758,2026-03-14 05:31:50.542108,Diesel,116.27697633644338,190,22092.625503924242,220978.95718291757
FL02008,VH007,TR01220,2026-03-14 06:23:41.564312,Petrol,132.18226776844892,200,26436.453553689786,52787.974771837136
FL02009,VH008,TR04223,2026-03-14 07:15:32.586517,Diesel,49.387003712898085,190,9383.530705450636,187054.22431236305
FL02010,VH040,TR04445,2026-03-14 08:07:23.608721,Petrol,23.330531069717157,200,4666.106213943432,16096.182158717093
FL02011,VH050,TR01767,2026-03-14 08:59:14.630926,Diesel,45.47991467879556,190,8641.183788971157,232288.72397500454
FL02012,VH044,TR01068,2026-03-14 09:51:05.653130,Petrol,24.561188468248755,200,4912.237693649751,245900.1078474847
FL02013,VH006,TR00728,2026-03-14 10:42:56.675335,Diesel,55.139103255883526,190,10476.42961861787,95003.21603154266
FL02014,VH023,TR00244,2026-03-14 11:34:47.697539,Diesel,85.3478009650556,190,16216.082183360564,35697.72393168036
FL02015,VH038,TR01786,2026-03-14 12:26:38.719743,Diesel,146.3153336157489,190,27799.91338699229,168058.3283591548
FL02016,VH024,TR00712,2026-03-14 13:18:29.741948,Petrol,65.91183560919019,200,13182.367121838039,17160.283395394974
FL02017,VH045,TR02894,2026-03-14 14:10:20.764152,Diesel,40.80558933964696,190,7753.061974532922,125796.70751132481
FL02018,VH012,TR03151,2026-03-14 15:02:11.786357,Diesel,33.35224365191691,190,6336.926293864212,75227.00203309277
FL02019,VH045,TR04182,2026-03-14 15:54:02.808561,Diesel,34.22556725941464,190,6502.857779288782,123601.37294869045
FL02020,VH006,TR01509,2026-03-14 16:45:53.830766,Diesel,36.96367565660429,190,7023.098374754814,14386.123537205676
FL02021,VH046,TR00271,2026-03-14 17:37:44.852970,Diesel,116.71738315524259,190,22176.30279949609,22386.923936969553
FL02022,VH030,TR01798,2026-03-14 18:29:35.875175,Diesel,18.543879600538787,190,3523.3371241023697,13834.19892241176
FL02023,VH007,TR02561,2026-03-14 19:21:26.897379,Petrol,149.63637897202477,200,29927.275794404955,158591.64881130736
FL02024,VH011,TR03561,2026-03-14 20:13:17.919583,Diesel,83.17609476327657,190,15803.458005022547,144422.30024205006
FL02025,VH018,TR04004,2026-03-14 21:05:08.941788,Diesel,86.1980652021156,190,16377.632388401964,65957.91964878507
FL02026,VH029,TR02178,2026-03-14 21:56:59.963992,Diesel,60.05894301794468,190,11411.199173409488,165194.35093696511
FL02027,VH022,TR00838,2026-03-14 22:48:50.986197,Petrol,106.63575031769686,200,21327.15006353937,222209.74165479402
FL02028,VH036,TR02818,2026-03-14 23:40:42.008401,Diesel,76.00388772331168,190,14440.73866742922,76557.30424626727
FL02029,VH006,TR03715,2026-03-15 00:32:33.030606,Diesel,56.06857989503697,190,10653.030180057023,209678.513890957
FL02030,VH014,TR03079,2026-03-15 01:24:24.052810,Diesel,47.119376519126,190,8952.68153863394,169002.19264052357
FL02031,VH048,TR02900,2026-03-15 02:16:15.075015,Diesel,139.59116897065633,190,26522.322104424704,18116.906361515958
FL02032,VH025,TR01777,2026-03-15 03:08:06.097219,Diesel,50.73853210733883,190,9640.321100394378,100035.97499906427
FL02033,VH017,TR01651,2026-03-15 03:59:57.119423,Petrol,71.09505632017787,200,14219.011264035575,131861.7318061641
FL02034,VH041,TR02949,2026-03-15 04:51:48.141628,Diesel,59.047796296305556,190,11219.081296298056,185607.80558913315
FL02035,VH023,TR02521,2026-03-15 05:43:39.163832,Diesel,22.065035839925034,190,4192.356809585756,78911.33398082007
FL02036,VH016,TR02386,2026-03-15 06:35:30.186037,Diesel,36.030815227517394,190,6845.854893228305,245855.22516590377
FL02037,VH008,TR04415,2026-03-15 07:27:21.208241,Diesel,36.53027654569348,190,6940.752543681761,174289.5377212206
FL02038,VH031,TR02769,2026-03-15 08:19:12.230446,Petrol,107.11093201455168,200,21422.186402910334,99475.28251944653
FL02039,VH022,TR04239,2026-03-15 09:11:03.252650,Petrol,66.92195739521328,200,13384.391479042657,33286.00937850689
FL02040,VH013,TR02705,2026-03-15 10:02:54.274854,Petrol,119.4754588298922,200,23895.09176597844,53528.26246499438
FL02041,VH001,TR01173,2026-03-15 10:54:45.297059,Petrol,109.25312940678198,200,21850.625881356395,127025.86241323758
FL02042,VH043,TR02519,2026-03-15 11:46:36.319263,Diesel,36.886967295445274,190,7008.523786134602,128726.885190008
FL02043,VH010,TR00363,2026-03-15 12:38:27.341468,Diesel,88.8083688168141,190,16873.59007519468,194252.50355712484
FL02044,VH005,TR00650,2026-03-15 13:30:18.363672,Diesel,114.00723844683239,190,21661.375304898153,184282.3901373406
FL02045,VH047,TR02257,2026-03-15 14:22:09.385877,Petrol,98.62600928660122,200,19725.201857320244,58305.52924427616
FL02046,VH001,TR03137,2026-03-15 15:14:00.408081,Petrol,94.00231113231733,200,18800.462226463467,152789.5889339836
FL02047,VH022,TR04645,2026-03-15 16:05:51.430286,Petrol,113.54552423610751,200,22709.1048472215,14949.2321782932
FL02048,VH020,TR01136,2026-03-15 16:57:42.452490,Petrol,17.949303495882965,200,3589.8606991765932,105651.37585224
FL02049,VH024,TR04359,2026-03-15 17:49:33.474694,Petrol,112.3990726306006,200,22479.81452612012,193385.2577371854
FL02050,VH019,TR03148,2026-03-15 18:41:24.496899,Diesel,48.17173684147997,190,9152.629999881194,105882.06238891995
FL02051,VH044,TR04862,2026-03-15 19:33:15.519103,Petrol,90.06211563130957,200,18012.423126261914,210543.0975523418
FL02052,VH002,TR00876,2026-03-15 20:25:06.541308,Petrol,43.92269925751104,200,8784.539851502208,244277.26963006757
FL02053,VH049,TR03743,2026-03-15 21:16:57.563512,Diesel,127.43446010895727,190,24212.54742070188,155731.02464784778
FL02054,VH013,TR03852,2026-03-15 22:08:48.585717,Petrol,77.27830960210585,200,15455.66192042117,44800.97832202158
FL02055,VH029,TR01153,2026-03-15 23:00:39.607921,Diesel,100.0117696834977,190,19002.236239864564,101122.52989729858
FL02056,VH037,TR01923,2026-03-15 23:52:30.630126,Diesel,121.17148608674192,190,23022.582356480965,12276.00521641004
FL02057,VH032,TR00629,2026-03-16 00:44:21.652330,Petrol,135.344135709991,200,27068.8271419982,154654.22172178063
FL02058,VH041,TR03020,2026-03-16 01:36:12.674534,Diesel,112.48869358970774,190,21372.85178204447,207176.44023371156
FL02059,VH014,TR01725,2026-03-16 02:28:03.696739,Diesel,30.827600666656803,190,5857.244126664793,161185.6189415303
FL02060,VH037,TR04749,2026-03-16 03:19:54.718943,Diesel,129.6345317420101,190,24630.561030981917,198660.69500402795
FL02061,VH026,TR01129,2026-03-16 04:11:45.741148,Diesel,96.60090822117085,190,18354.17256202246,201976.9425462128
FL02062,VH023,TR04562,2026-03-16 05:03:36.763352,Diesel,95.3229661732383,190,18111.363572915277,214243.0182921913
FL02063,VH041,TR00764,2026-03-16 05:55:27.785557,Diesel,138.98767837268903,190,26407.658890810915,73999.30791941301
FL02064,VH038,TR01020,2026-03-16 06:47:18.807761,Diesel,44.83641779322363,190,8518.91938071249,219104.44547690125
FL02065,VH035,TR03974,2026-03-16 07:39:09.829965,Diesel,43.54226658916466,190,8273.030651941286,166982.55963123782
FL02066,VH048,TR03928,2026-03-16 08:31:00.852170,Diesel,81.84709765729465,190,15550.948554885985,79534.13358267686
FL02067,VH037,TR02842,2026-03-16 09:22:51.874374,Diesel,115.12082931488112,190,21872.957569827413,246950.73159910267
FL02068,VH006,TR02948,2026-03-16 10:14:42.896579,Diesel,72.61369915199128,190,13796.602838878343,238043.77449560058
FL02069,VH028,TR00675,2026-03-16 11:06:33.918783,Petrol,98.74479458493632,200,19748.958916987263,147865.83596953584
FL02070,VH033,TR01009,2026-03-16 11:58:24.940988,Petrol,73.35346139118064,200,14670.692278236129,212370.01081589525
FL02071,VH048,TR01227,2026-03-16 12:50:15.963192,Diesel,95.45420526817563,190,18136.299000953368,72758.6772927692
FL02072,VH018,TR01636,2026-03-16 13:42:06.985397,Diesel,125.11672236591956,190,23772.177249524717,109848.8791866136
FL02073,VH041,TR04377,2026-03-16 14:33:58.007601,Diesel,35.26673745272926,190,6700.68011601856,54153.222578520086
FL02074,VH034,TR00324,2026-03-16 15:25:49.029805,Diesel,107.35299476083776,190,20397.069004559173,134824.63423101953
FL02075,VH024,TR02839,2026-03-16 16:17:40.052010,Petrol,120.23960350734566,200,24047.92070146913,129040.34321719967
FL02076,VH038,TR03811,2026-03-16 17:09:31.074214,Diesel,72.59559704744954,190,13793.163439015414,61075.17423077593
FL02077,VH022,TR01686,2026-03-16 18:01:22.096419,Petrol,55.2527007894996,200,11050.540157899919,171472.40649186342
FL02078,VH044,TR03713,2026-03-16 18:53:13.118623,Petrol,11.896205349416292,200,2379.241069883258,38269.67092609901
FL02079,VH028,TR00542,2026-03-16 19:45:04.140828,Petrol,121.5947031267731,200,24318.94062535462,24805.948256730684
FL02080,VH001,TR02945,2026-03-16 20:36:55.163032,Petrol,55.91141226503833,200,11182.282453007665,102377.19247897266
FL02081,VH039,TR01328,2026-03-16 21:28:46.185237,Diesel,60.02332571712703,190,11404.431886254135,108357.94666832918
FL02082,VH013,TR00639,2026-03-16 22:20:37.207441,Petrol,57.040862833833714,200,11408.172566766743,86737.74556635668
FL02083,VH049,TR04532,2026-03-16 23:12:28.229645,Diesel,79.82350631372734,190,15166.466199608194,71907.1930187801
FL02084,VH022,TR02261,2026-03-17 00:04:19.251850,Petrol,108.34994025067078,200,21669.988050134158,91306.32280228728
FL02085,VH014,TR01430,2026-03-17 00:56:10.274054,Diesel,118.06083834007151,190,22431.559284613588,49210.13774850472
FL02086,VH030,TR02866,2026-03-17 01:48:01.296259,Diesel,64.95990085644218,190,12342.381162724014,106828.59259189057
FL02087,VH037,TR00962,2026-03-17 02:39:52.318463,Diesel,102.83428490632367,190,19538.514132201497,227104.8096441865
FL02088,VH022,TR02963,2026-03-17 03:31:43.340668,Petrol,110.89579503798413,200,22179.159007596827,63862.45149012118
FL02089,VH021,TR02469,2026-03-17 04:23:34.362872,Petrol,51.56842643483342,200,10313.685286966684,174268.26504408408
FL02090,VH040,TR03229,2026-03-17 05:15:25.385077,Petrol,23.527005735193057,200,4705.401147038611,44028.28249548144
FL02091,VH007,TR00129,2026-03-17 06:07:16.407281,Petrol,135.25320089022475,200,27050.64017804495,94937.58976245538
FL02092,VH050,TR04400,2026-03-17 06:59:07.429485,Diesel,104.796236049423,190,19911.28484939037,87081.94733086151
FL02093,VH028,TR03967,2026-03-17 07:50:58.451690,Petrol,100.73545724268081,200,20147.09144853616,234887.05465799867
FL02094,VH010,TR00917,2026-03-17 08:42:49.473894,Diesel,18.246352129676918,190,3466.8069046386145,112715.69339243414
FL02095,VH035,TR01251,2026-03-17 09:34:40.496099,Diesel,124.5022280505497,190,23655.423329604444,175711.82650753215
FL02096,VH021,TR02199,2026-03-17 10:26:31.518303,Petrol,89.24758185204745,200,17849.51637040949,154591.07415311903
FL02097,VH009,TR04689,2026-03-17 11:18:22.540508,Diesel,128.70381842445926,190,24453.72550064726,43847.218068342736
FL02098,VH016,TR04074,2026-03-17 12:10:13.562712,Diesel,146.4385657231466,190,27823.327487397855,235489.7082473484
FL02099,VH025,TR03788,2026-03-17 13:02:04.584916,Diesel,143.9940449232339,190,27358.86853541444,93008.63004538316
FL02100,VH005,TR00940,2026-03-17 13:53:55.607121,Diesel,129.85250849462903,190,24671.976613979517,20742.005388075937
FL02101,VH024,TR02279,2026-03-17 14:45:46.629325,Petrol,11.532632336391647,200,2306.526467278329,82106.48964260504
FL02102,VH033,TR01002,2026-03-17 15:37:37.651530,Petrol,134.0018091531739,200,26800.361830634778,90552.09421175826
FL02103,VH030,TR03773,2026-03-17 16:29:28.673734,Diesel,20.50872393587037,190,3896.6575478153704,32258.87857089453
FL02104,VH019,TR02213,2026-03-17 17:21:19.695939,Diesel,129.1671558247474,190,24541.759606702006,158794.57753118628
FL02105,VH028,TR01611,2026-03-17 18:13:10.718143,Petrol,49.22436960562731,200,9844.873921125461,93223.4093299709
FL02106,VH023,TR01628,2026-03-17 19:05:01.740348,Diesel,95.40956739467147,190,18127.81780498758,160992.305519433
FL02107,VH008,TR03138,2026-03-17 19:56:52.762552,Diesel,15.329552360983154,190,2912.614948586799,11617.735261376118
FL02108,VH033,TR03992,2026-03-17 20:48:43.784756,Petrol,117.96543745655192,200,23593.087491310383,245691.6157577806
FL02109,VH041,TR01104,2026-03-17 21:40:34.806961,Diesel,25.63885711261601,190,4871.382851397042,50923.92605072359
FL02110,VH036,TR02188,2026-03-17 22:32:25.829165,Diesel,67.49634403460806,190,12824.30536657553,168239.43680918473
FL02111,VH008,TR04226,2026-03-17 23:24:16.851370,Diesel,124.4424403255422,190,23644.063661853015,181788.23278708372
FL02112,VH041,TR03033,2026-03-18 00:16:07.873574,Diesel,107.34885951116692,190,20396.283307121714,51186.00393939426
FL02113,VH041,TR02814,2026-03-18 01:07:58.895779,Diesel,10.845977560129366,190,2060.7357364245795,36810.94770458045
FL02114,VH006,TR02494,2026-03-18 01:59:49.917983,Diesel,66.42452683595684,190,12620.660098831799,46618.52604275408
FL02115,VH050,TR03904,2026-03-18 02:51:40.940188,Diesel,15.869852375031124,190,3015.271951255914,69236.38140278669
FL02116,VH028,TR00029,2026-03-18 03:43:31.962392,Petrol,104.28998051458568,200,20857.996102917135,50375.708318298115
FL02117,VH047,TR04060,2026-03-18 04:35:22.984596,Petrol,145.652788845465,200,29130.557769093,171759.8624694596
FL02118,VH017,TR01261,2026-03-18 05:27:14.006801,Petrol,101.73657672210629,200,20347.31534442126,110999.96889425613
FL02119,VH034,TR03671,2026-03-18 06:19:05.029005,Diesel,41.41214035645781,190,7868.306667726984,139069.98268368712
FL02120,VH003,TR04895,2026-03-18 07:10:56.051210,Diesel,59.73262448931562,190,11349.198652969968,21360.82931419798
FL02121,VH003,TR03511,2026-03-18 08:02:47.073414,Diesel,146.7310777921855,190,27878.904780515244,216699.75114417358
FL02122,VH036,TR02337,2026-03-18 08:54:38.095619,Diesel,41.367337684529005,190,7859.794160060511,50937.17276948613
FL02123,VH029,TR03324,2026-03-18 09:46:29.117823,Diesel,88.61407022762197,190,16836.673343248174,96436.55954922116
FL02124,VH006,TR00100,2026-03-18 10:38:20.140028,Diesel,66.06353321544427,190,12552.07131093441,27256.393558664076
FL02125,VH021,TR03657,2026-03-18 11:30:11.162232,Petrol,117.56414170995103,200,23512.828341990207,42830.35231559911
FL02126,VH002,TR04518,2026-03-18 12:22:02.184436,Petrol,131.4344980771842,200,26286.89961543684,169791.85839415874
FL02127,VH037,TR00694,2026-03-18 13:13:53.206641,Diesel,57.71721840904155,190,10966.271497717895,176220.88054136533
FL02128,VH001,TR04802,2026-03-18 14:05:44.228845,Petrol,102.45549091791356,200,20491.09818358271,172471.7163100845
FL02129,VH029,TR00018,2026-03-18 14:57:35.251050,Diesel,86.86667765248183,190,16504.668753971546,142512.8290830453
FL02130,VH026,TR03710,2026-03-18 15:49:26.273254,Diesel,48.982228607760675,190,9306.623435474528,238605.1993628576
FL02131,VH023,TR02771,2026-03-18 16:41:17.295459,Diesel,48.071712393820235,190,9133.625354825845,131722.51858445833
FL02132,VH029,TR01031,2026-03-18 17:33:08.317663,Diesel,85.40843065452256,190,16227.601824359286,117858.88703114717
FL02133,VH032,TR04476,2026-03-18 18:24:59.339867,Petrol,31.56040229452197,200,6312.080458904395,69410.93577211443
FL02134,VH018,TR04210,2026-03-18 19:16:50.362072,Diesel,123.513385507546,190,23467.54324643374,33723.88702398703
FL02135,VH036,TR01620,2026-03-18 20:08:41.384276,Diesel,19.66067748805628,190,3735.528722730693,141557.1831918829
FL02136,VH034,TR00851,2026-03-18 21:00:32.406481,Diesel,23.240428069164285,190,4415.681333141214,85573.64480627874
FL02137,VH029,TR01897,2026-03-18 21:52:23.428685,Diesel,57.91168324981746,190,11003.219817465317,135766.09196572364
FL02138,VH040,TR00976,2026-03-18 22:44:14.450890,Petrol,26.53284614759867,200,5306.569229519734,59468.57878251513
FL02139,VH032,TR02517,2026-03-18 23:36:05.473094,Petrol,76.59800297576895,200,15319.60059515379,211161.44132989872
FL02140,VH013,TR04189,2026-03-19 00:27:56.495299,Petrol,65.95462466186186,200,13190.92493237237,249927.33031817657
FL02141,VH025,TR01516,2026-03-19 01:19:47.517503,Diesel,111.05337142400039,190,21100.140570560074,87376.84242895588
FL02142,VH029,TR01126,2026-03-19 02:11:38.539707,Diesel,143.42058172936086,190,27249.910528578563,212158.62574247914
FL02143,VH043,TR00493,2026-03-19 03:03:29.561912,Diesel,115.49820186347763,190,21944.65835406075,219516.6727341778
FL02144,VH017,TR03037,2026-03-19 03:55:20.584116,Petrol,35.12281280328461,200,7024.562560656922,249057.7093016991
FL02145,VH010,TR02527,2026-03-19 04:47:11.606321,Diesel,140.97297996501644,190,26784.866193353122,92252.83114671505
FL02146,VH018,TR00167,2026-03-19 05:39:02.628525,Diesel,64.8986805574294,190,12330.749305911586,191449.9344913854
FL02147,VH020,TR04236,2026-03-19 06:30:53.650730,Petrol,76.3865105297678,200,15277.30210595356,64914.1608740765
FL02148,VH050,TR04190,2026-03-19 07:22:44.672934,Diesel,69.02067323188898,190,13113.927914058906,159951.0403101144
FL02149,VH015,TR00576,2026-03-19 08:14:35.695139,Petrol,49.27658326028065,200,9855.31665205613,179162.21667348105
FL02150,VH033,TR00606,2026-03-19 09:06:26.717343,Petrol,135.30620029164774,200,27061.24005832955,187868.96620842314
FL02151,VH004,TR03344,2026-03-19 09:58:17.739547,Diesel,56.51344122552626,190,10737.55383284999,59721.32046027079
FL02152,VH032,TR01819,2026-03-19 10:50:08.761752,Petrol,91.00350575513649,200,18200.701151027297,213694.13691908674
FL02153,VH029,TR01156,2026-03-19 11:41:59.783956,Diesel,43.604701812406226,190,8284.893344357182,111033.24649421005
FL02154,VH050,TR04680,2026-03-19 12:33:50.806161,Diesel,121.63255246782525,190,23110.1849688868,61928.68425629321
FL02155,VH028,TR00816,2026-03-19 13:25:41.828365,Petrol,118.38781233408612,200,23677.562466817224,140207.46120925638
FL02156,VH044,TR02641,2026-03-19 14:17:32.850570,Petrol,51.48369938258615,200,10296.739876517231,217205.7111056661
FL02157,VH049,TR01536,2026-03-19 15:09:23.872774,Diesel,105.4175702400835,190,20029.338345615866,242101.0983467473
FL02158,VH032,TR02734,2026-03-19 16:01:14.894978,Petrol,108.54229463329295,200,21708.45892665859,189569.87721468986
FL02159,VH005,TR00963,2026-03-19 16:53:05.917183,Diesel,88.75159825466727,190,16862.803668386783,11349.492705126982
FL02160,VH022,TR03035,2026-03-19 17:44:56.939387,Petrol,94.08377351803382,200,18816.754703606766,42328.18251182947
FL02161,VH034,TR02048,2026-03-19 18:36:47.961592,Diesel,90.42364936071141,190,17180.493378535168,28305.756745327777
FL02162,VH028,TR04542,2026-03-19 19:28:38.983796,Petrol,21.461016559278388,200,4292.203311855677,34291.29831853234
FL02163,VH032,TR03861,2026-03-19 20:20:30.006001,Petrol,103.83714825992989,200,20767.429651985978,101928.38944474602
FL02164,VH034,TR01515,2026-03-19 21:12:21.028205,Diesel,75.76850137741677,190,14396.015261709186,91238.39555887066
FL02165,VH045,TR03352,2026-03-19 22:04:12.050410,Diesel,71.3840192757979,190,13562.9636624016,37284.395504394415
FL02166,VH044,TR01068,2026-03-19 22:56:03.072614,Petrol,130.3998906294521,200,26079.97812589042,221736.48438741977
FL02167,VH006,TR00882,2026-03-19 23:47:54.094818,Diesel,13.251739884556478,190,2517.830578065731,157702.61831976645
FL02168,VH022,TR03640,2026-03-20 00:39:45.117023,Petrol,45.18408851422572,200,9036.817702845145,201151.19414954772
FL02169,VH038,TR01550,2026-03-20 01:31:36.139227,Diesel,26.99648997798449,190,5129.333095817053,99171.85332530341
FL02170,VH012,TR02738,2026-03-20 02:23:27.161432,Diesel,14.947746245361607,190,2840.071786618705,108456.64390901629
FL02171,VH013,TR04558,2026-03-20 03:15:18.183636,Petrol,48.594779674632655,200,9718.955934926531,86229.09052881472
FL02172,VH016,TR00101,2026-03-20 04:07:09.205841,Diesel,148.38667819125487,190,28193.468856338426,115222.38690363786
FL02173,VH021,TR03533,2026-03-20 04:59:00.228045,Petrol,47.83208424906033,200,9566.416849812065,156490.54296521287
FL02174,VH009,TR02817,2026-03-20 05:50:51.250250,Diesel,102.918814771408,190,19554.574806567518,128316.16188165794
FL02175,VH023,TR00408,2026-03-20 06:42:42.272454,Diesel,26.561844605701005,190,5046.750475083191,211100.08148522806
FL02176,VH006,TR02516,2026-03-20 07:34:33.294658,Diesel,94.2586682066122,190,17909.14695925632,226033.40046635782
FL02177,VH006,TR01740,2026-03-20 08:26:24.316863,Diesel,147.82740763936386,190,28087.20745147913,122724.12480822382
FL02178,VH047,TR04053,2026-03-20 09:18:15.339067,Petrol,50.857253284465145,200,10171.450656893028,67539.51528367586
FL02179,VH026,TR00259,2026-03-20 10:10:06.361272,Diesel,128.7305862925816,190,24458.811395590503,236846.18067023414
FL02180,VH050,TR00509,2026-03-20 11:01:57.383476,Diesel,149.65999325131497,190,28435.398717749846,186409.27433222145
FL02181,VH019,TR03822,2026-03-20 11:53:48.405681,Diesel,92.39757242090415,190,17555.53875997179,163630.50065293116
FL02182,VH027,TR04405,2026-03-20 12:45:39.427885,Petrol,53.316154059924955,200,10663.230811984991,188899.2960697542
FL02183,VH008,TR03684,2026-03-20 13:37:30.450090,Diesel,104.29437638588186,190,19815.931513317555,28235.62777526149
FL02184,VH018,TR04721,2026-03-20 14:29:21.472294,Diesel,128.27874887760663,190,24372.96228674526,26230.318633041403
FL02185,VH014,TR03727,2026-03-20 15:21:12.494498,Diesel,33.98903401467696,190,6457.916462788622,46748.956619436976
FL02186,VH026,TR00679,2026-03-20 16:13:03.516703,Diesel,73.35220693780346,190,13936.919318182658,45388.232185727786
FL02187,VH018,TR01284,2026-03-20 17:04:54.538907,Diesel,54.68627941733773,190,10390.393089294168,110960.91396385706
FL02188,VH012,TR04838,2026-03-20 17:56:45.561112,Diesel,49.67025957473318,190,9437.349319199304,47776.9797484874
FL02189,VH038,TR00907,2026-03-20 18:48:36.583316,Diesel,130.51497650362415,190,24797.84553568859,215086.15462398317
FL02190,VH020,TR00268,2026-03-20 19:40:27.605521,Petrol,69.03156095505739,200,13806.312191011477,148743.2634227262
FL02191,VH010,TR03104,2026-03-20 20:32:18.627725,Diesel,57.47068785254779,190,10919.43069198408,98382.85512406034
FL02192,VH029,TR04907,2026-03-20 21:24:09.649929,Diesel,94.49147579964192,190,17953.380401931965,26709.4091740641
FL02193,VH028,TR01201,2026-03-20 22:16:00.672134,Petrol,40.71622114923338,200,8143.244229846676,151846.67103019005
FL02194,VH043,TR01117,2026-03-20 23:07:51.694338,Diesel,42.185088679531056,190,8015.1668491109,37967.87694211032
FL02195,VH033,TR00899,2026-03-20 23:59:42.716543,Petrol,82.84042232201065,200,16568.08446440213,188372.8600966255
FL02196,VH042,TR02791,2026-03-21 00:51:33.738747,Diesel,67.29818201046578,190,12786.654581988498,202661.94321851715
FL02197,VH008,TR02645,2026-03-21 01:43:24.760952,Diesel,51.29753374912542,190,9746.53141233383,140554.3019103619
FL02198,VH013,TR01059,2026-03-21 02:35:15.783156,Petrol,17.553158518374307,200,3510.6317036748615,45904.68619380579
FL02199,VH030,TR00688,2026-03-21 03:27:06.805361,Diesel,82.90839340939301,190,15752.594747784673,198847.05369771173
FL02200,VH035,TR00788,2026-03-21 04:18:57.827565,Diesel,124.32528878415052,190,23621.804868988598,83878.66942224016
FL02201,VH049,TR04495,2026-03-21 05:10:48.849769,Diesel,129.19280874004812,190,24546.633660609143,63436.754260830356
FL02202,VH008,TR02645,2026-03-21 06:02:39.871974,Diesel,42.96159716165123,190,8162.703460713733,122933.59384442208
FL02203,VH014,TR02165,2026-03-21 06:54:30.894178,Diesel,93.94976855264837,190,17850.45602500319,231435.0979319003
FL02204,VH009,TR04458,2026-03-21 07:46:21.916383,Diesel,129.82338332481166,190,24666.442831714216,81369.59009788568
FL02205,VH005,TR00204,2026-03-21 08:38:12.938587,Diesel,67.22162995867706,190,12772.10969214864,227338.84023342887
FL02206,VH011,TR03218,2026-03-21 09:30:03.960792,Diesel,140.499154423054,190,26694.83934038026,22876.79409755869
FL02207,VH035,TR02492,2026-03-21 10:21:54.982996,Diesel,136.4169940781374,190,25919.228874846107,30045.689204307237
FL02208,VH016,TR04823,2026-03-21 11:13:46.005201,Diesel,39.13874563863331,190,7436.361671340329,177654.64603245928
FL02209,VH033,TR02039,2026-03-21 12:05:37.027405,Petrol,46.25507660602853,200,9251.015321205707,55742.23874756213
FL02210,VH020,TR03369,2026-03-21 12:57:28.049609,Petrol,35.261879810435644,200,7052.375962087129,85988.9639671901
FL02211,VH023,TR03559,2026-03-21 13:49:19.071814,Diesel,37.44760920365832,190,7115.04574869508,42729.515435338966
FL02212,VH027,TR04058,2026-03-21 14:41:10.094018,Petrol,137.10069220428971,200,27420.138440857943,89739.58459181161
FL02213,VH018,TR04863,2026-03-21 15:33:01.116223,Diesel,140.3593072869672,190,26668.26838452377,77310.3985341912
FL02214,VH048,TR01227,2026-03-21 16:24:52.138427,Diesel,17.26561376591833,190,3280.466615524483,186721.03335735606
FL02215,VH029,TR04491,2026-03-21 17:16:43.160632,Diesel,93.10446979410867,190,17689.84926088065,178485.61316537054
FL02216,VH048,TR04344,2026-03-21 18:08:34.182836,Diesel,88.99241880006002,190,16908.559572011403,239182.5223428077
FL02217,VH020,TR03512,2026-03-21 19:00:25.205041,Petrol,64.67667054142439,200,12935.334108284876,183861.20444152982
FL02218,VH033,TR00914,2026-03-21 19:52:16.227245,Petrol,98.43766299523497,200,19687.532599046994,176756.2607251324
FL02219,VH029,TR01420,2026-03-21 20:44:07.249449,Diesel,142.63149557151903,190,27099.984158588613,176608.9333750364
FL02220,VH002,TR02704,2026-03-21 21:35:58.271654,Petrol,33.83568358110047,200,6767.136716220094,221912.18935556227
FL02221,VH021,TR00356,2026-03-21 22:27:49.293858,Petrol,26.857527360303788,200,5371.505472060758,81096.81589013201
FL02222,VH047,TR03473,2026-03-21 23:19:40.316063,Petrol,14.674679916056593,200,2934.9359832113187,82022.10620651302
FL02223,VH032,TR00241,2026-03-22 00:11:31.338267,Petrol,60.936663097620084,200,12187.332619524017,187891.31432918482
FL02224,VH035,TR01911,2026-03-22 01:03:22.360472,Diesel,57.26798679090125,190,10880.917490271237,64889.23291603058
FL02225,VH004,TR02277,2026-03-22 01:55:13.382676,Diesel,70.31475634221015,190,13359.803705019927,228884.80099551278
FL02226,VH010,TR00621,2026-03-22 02:47:04.404880,Diesel,80.46340432333285,190,15288.046821433241,138347.61402085266
FL02227,VH033,TR00855,2026-03-22 03:38:55.427085,Petrol,116.09535916426366,200,23219.071832852733,82029.98274227962
FL02228,VH033,TR03744,2026-03-22 04:30:46.449289,Petrol,64.89587466405257,200,12979.174932810514,196263.98312559578
FL02229,VH035,TR02315,2026-03-22 05:22:37.471494,Diesel,56.2858353105727,190,10694.308709008814,84956.95117007106
FL02230,VH021,TR03201,2026-03-22 06:14:28.493698,Petrol,125.76303483634777,200,25152.606967269556,241186.7960972492
FL02231,VH037,TR03625,2026-03-22 07:06:19.515903,Diesel,128.9715338915119,190,24504.591439387263,245917.41033399632
FL02232,VH018,TR01061,2026-03-22 07:58:10.538107,Diesel,42.587235001069445,190,8091.574650203194,170031.09807188707
FL02233,VH027,TR00382,2026-03-22 08:50:01.560312,Petrol,54.054055179583166,200,10810.811035916633,37272.133540055016
FL02234,VH049,TR01133,2026-03-22 09:41:52.582516,Diesel,125.51629192741235,190,23848.095466208346,73170.1239839902
FL02235,VH020,TR02477,2026-03-22 10:33:43.604720,Petrol,21.117154201687075,200,4223.430840337415,133700.0709318533
FL02236,VH028,TR03136,2026-03-22 11:25:34.626925,Petrol,55.618549254703304,200,11123.70985094066,214347.38802351558
FL02237,VH024,TR02839,2026-03-22 12:17:25.649129,Petrol,72.76901498572056,200,14553.802997144112,54372.75926608687
FL02238,VH026,TR02080,2026-03-22 13:09:16.671334,Diesel,36.19002612807994,190,6876.104964335189,35056.83016334376
FL02239,VH009,TR00945,2026-03-22 14:01:07.693538,Diesel,35.187987525497746,190,6685.717629844572,27874.59596536854
FL02240,VH017,TR03963,2026-03-22 14:52:58.715743,Petrol,69.48068812189402,200,13896.137624378804,131672.21496641127
FL02241,VH012,TR04202,2026-03-22 15:44:49.737947,Diesel,115.63304146287979,190,21970.27787794716,222328.23270272938
FL02242,VH011,TR02530,2026-03-22 16:36:40.760152,Diesel,127.63261713666785,190,24250.19725596689,20166.218234534164
FL02243,VH045,TR04302,2026-03-22 17:28:31.782356,Diesel,147.09291295506426,190,27947.65346146221,60957.1681584483
FL02244,VH041,TR03319,2026-03-22 18:20:22.804560,Diesel,20.357767012840668,190,3867.975732439727,176381.68380148042
FL02245,VH047,TR00835,2026-03-22 19:12:13.826765,Petrol,40.33550816043898,200,8067.101632087795,208207.22443449168
FL02246,VH013,TR03751,2026-03-22 20:04:04.848969,Petrol,115.92817793378768,200,23185.635586757537,203775.8870318007
FL02247,VH033,TR04185,2026-03-22 20:55:55.871174,Petrol,85.68381884779266,200,17136.763769558533,198416.33375687944
FL02248,VH008,TR03388,2026-03-22 21:47:46.893378,Diesel,55.87516835473855,190,10616.281987400323,41151.95219520159
FL02249,VH004,TR04992,2026-03-22 22:39:37.915583,Diesel,38.782552574614094,190,7368.684989176678,105337.01972390043
FL02250,VH022,TR04239,2026-03-22 23:31:28.937787,Petrol,49.26685722994272,200,9853.371445988545,246338.7190796192
FL02251,VH004,TR00207,2026-03-23 00:23:19.959991,Diesel,70.10045304213327,190,13319.08607800532,247333.01718114116
FL02252,VH031,TR03535,2026-03-23 01:15:10.982196,Petrol,34.80117073084458,200,6960.234146168917,154582.57406900512
FL02253,VH031,TR02053,2026-03-23 02:07:02.004400,Petrol,144.9916338227451,200,28998.326764549016,180224.12913307222
FL02254,VH041,TR04307,2026-03-23 02:58:53.026605,Diesel,25.062382243982412,190,4761.852626356658,238308.1111084742
FL02255,VH028,TR00029,2026-03-23 03:50:44.048809,Petrol,147.98084082849067,200,29596.168165698135,117982.6866978905
FL02256,VH037,TR01214,2026-03-23 04:42:35.071014,Diesel,127.86506004009416,190,24294.361407617893,42848.045892110385
FL02257,VH022,TR00188,2026-03-23 05:34:26.093218,Petrol,69.24122645192347,200,13848.245290384693,170547.73012385875
FL02258,VH031,TR01861,2026-03-23 06:26:17.115423,Petrol,113.57428681434942,200,22714.857362869883,240424.55317612563
FL02259,VH038,TR02573,2026-03-23 07:18:08.137627,Diesel,104.01213411749404,190,19762.305482323867,177329.46252791065
FL02260,VH021,TR04015,2026-03-23 08:09:59.159831,Petrol,39.860168512850336,200,7972.033702570067,202797.07048569704
FL02261,VH024,TR04253,2026-03-23 09:01:50.182036,Petrol,57.46981205665249,200,11493.962411330498,111459.71295294762
FL02262,VH038,TR02128,2026-03-23 09:53:41.204240,Diesel,81.8371587927641,190,15549.060170625178,33151.15699476426
FL02263,VH019,TR01892,2026-03-23 10:45:32.226445,Diesel,99.29818518428176,190,18866.655185013537,50531.70077241599
FL02264,VH016,TR02708,2026-03-23 11:37:23.248649,Diesel,86.00529738992701,190,16341.006504086132,245837.1590645145
FL02265,VH005,TR01742,2026-03-23 12:29:14.270854,Diesel,76.21824454090634,190,14481.466462772205,128364.23607862901
FL02266,VH010,TR02674,2026-03-23 13:21:05.293058,Diesel,72.04131828368602,190,13687.850473900344,12884.94164253997
FL02267,VH024,TR01814,2026-03-23 14:12:56.315263,Petrol,79.75702990130252,200,15951.405980260502,239288.14737548173
FL02268,VH007,TR04328,2026-03-23 15:04:47.337467,Petrol,70.80921277843584,200,14161.842555687166,129467.17887305272
FL02269,VH048,TR00160,2026-03-23 15:56:38.359671,Diesel,85.78621085640023,190,16299.380062716044,210704.41559004103
FL02270,VH028,TR00344,2026-03-23 16:48:29.381876,Petrol,134.31794186653335,200,26863.58837330667,141629.95408885443
FL02271,VH048,TR00205,2026-03-23 17:40:20.404080,Diesel,98.59610382764563,190,18733.25972725267,34408.54808194266
FL02272,VH001,TR03043,2026-03-23 18:32:11.426285,Petrol,111.16692249839562,200,22233.384499679123,157736.6997116672
FL02273,VH030,TR02886,2026-03-23 19:24:02.448489,Diesel,93.64763872230871,190,17793.051357238655,249376.06631670622
FL02274,VH040,TR00305,2026-03-23 20:15:53.470694,Petrol,100.02247553796032,200,20004.495107592065,18337.067835026337
FL02275,VH009,TR02718,2026-03-23 21:07:44.492898,Diesel,90.96897598274522,190,17284.10543672159,212030.60740361057
FL02276,VH021,TR03942,2026-03-23 21:59:35.515103,Petrol,13.761313107415248,200,2752.2626214830498,66515.39095618359
FL02277,VH029,TR00400,2026-03-23 22:51:26.537307,Diesel,149.94377350800278,190,28489.316966520528,104527.89345092454
FL02278,VH040,TR03521,2026-03-23 23:43:17.559511,Petrol,14.705293629805535,200,2941.058725961107,99450.28282549488
FL02279,VH033,TR00986,2026-03-24 00:35:08.581716,Petrol,65.32072115271151,200,13064.144230542302,225711.32662458872
FL02280,VH045,TR01806,2026-03-24 01:26:59.603920,Diesel,24.71619496185068,190,4696.077042751629,131076.68531964114
FL02281,VH004,TR02097,2026-03-24 02:18:50.626125,Diesel,23.569983061730543,190,4478.296781728804,117321.8288402626
FL02282,VH045,TR04302,2026-03-24 03:10:41.648329,Diesel,121.0937732344277,190,23007.816914541265,206326.02612082634
FL02283,VH042,TR01460,2026-03-24 04:02:32.670534,Diesel,69.62960911013077,190,13229.625730924847,21737.71223318746
FL02284,VH034,TR01346,2026-03-24 04:54:23.692738,Diesel,122.15941916182709,190,23210.289640747145,30749.515622853705
FL02285,VH003,TR00231,2026-03-24 05:46:14.714942,Diesel,48.190105895316414,190,9156.12012011012,15205.32565030943
FL02286,VH030,TR03783,2026-03-24 06:38:05.737147,Diesel,45.904790852872864,190,8721.910262045843,175115.89696181216
FL02287,VH010,TR03501,2026-03-24 07:29:56.759351,Diesel,45.1723934540247,190,8582.754756264692,136147.8728990035
FL02288,VH049,TR00883,2026-03-24 08:21:47.781556,Diesel,96.2603876971087,190,18289.47366245065,220245.31020838785
FL02289,VH013,TR02774,2026-03-24 09:13:38.803760,Petrol,124.099914578384,200,24819.9829156768,129647.89671342536
FL02290,VH042,TR02332,2026-03-24 10:05:29.825965,Diesel,73.31654141053369,190,13930.142868001401,63236.6974628786
FL02291,VH049,TR00433,2026-03-24 10:57:20.848169,Diesel,63.09484468975153,190,11988.020491052792,203235.36954505986
FL02292,VH032,TR01209,2026-03-24 11:49:11.870374,Petrol,146.30113758823092,200,29260.227517646184,80637.72501582949
FL02293,VH031,TR02681,2026-03-24 12:41:02.892578,Petrol,26.345565041629435,200,5269.113008325887,234565.54771653016
FL02294,VH026,TR02264,2026-03-24 13:32:53.914782,Diesel,78.12857548628496,190,14844.429342394142,70101.7330845377
FL02295,VH026,TR03003,2026-03-24 14:24:44.936987,Diesel,67.18828544540082,190,12765.774234626157,50252.956688868835
FL02296,VH018,TR02413,2026-03-24 15:16:35.959191,Diesel,23.737723522164654,190,4510.167469211284,128397.75796256508
FL02297,VH046,TR01818,2026-03-24 16:08:26.981396,Diesel,47.548050692350685,190,9034.12963154663,22123.628312858396
FL02298,VH047,TR00618,2026-03-24 17:00:18.003600,Petrol,13.981769761075684,200,2796.353952215137,18738.814835828234
FL02299,VH006,TR04493,2026-03-24 17:52:09.025805,Diesel,132.77360045761398,190,25226.984086946657,129043.49086130991
FL02300,VH012,TR02506,2026-03-24 18:44:00.048009,Diesel,95.09893405865616,190,18068.79747114467,61625.651390749015
FL02301,VH023,TR00318,2026-03-24 19:35:51.070214,Diesel,124.1025897018351,190,23579.49204334867,12244.633214843512
FL02302,VH025,TR00457,2026-03-24 20:27:42.092418,Diesel,83.01762333641858,190,15773.348433919531,81053.6587435652
FL02303,VH017,TR00501,2026-03-24 21:19:33.114622,Petrol,93.9313761190652,200,18786.27522381304,124568.16492318206
FL02304,VH042,TR04419,2026-03-24 22:11:24.136827,Diesel,108.11962689328308,190,20542.729109723787,104629.28835050156
FL02305,VH007,TR02316,2026-03-24 23:03:15.159031,Petrol,137.1216278449901,200,27424.325568998018,42512.67187850154
FL02306,VH022,TR03875,2026-03-24 23:55:06.181236,Petrol,22.845264295618406,200,4569.052859123682,149121.9586796746
FL02307,VH015,TR04974,2026-03-25 00:46:57.203440,Petrol,56.332775263001764,200,11266.555052600354,180479.91787543288
FL02308,VH015,TR04775,2026-03-25 01:38:48.225645,Petrol,109.26366669800007,200,21852.733339600014,172129.3989191909
FL02309,VH039,TR01004,2026-03-25 02:30:39.247849,Diesel,144.16907882019498,190,27392.124975837047,104502.86110798539
FL02310,VH043,TR04251,2026-03-25 03:22:30.270054,Diesel,147.31303998860076,190,27989.477597834146,43023.07628106736
FL02311,VH016,TR04197,2026-03-25 04:14:21.292258,Diesel,99.33442127921673,190,18873.540043051176,129876.82563777344
FL02312,VH012,TR01067,2026-03-25 05:06:12.314462,Diesel,37.103786885681416,190,7049.719508279469,223703.62118489985
FL02313,VH003,TR04717,2026-03-25 05:58:03.336667,Diesel,26.689247597953944,190,5070.957043611249,122493.48374589588
FL02314,VH042,TR01629,2026-03-25 06:49:54.358871,Diesel,142.44611019925955,190,27064.760937859315,56963.45193798103
FL02315,VH020,TR03235,2026-03-25 07:41:45.381076,Petrol,70.74987652475104,200,14149.975304950209,32332.792742495294
FL02316,VH039,TR02282,2026-03-25 08:33:36.403280,Diesel,37.27424465677588,190,7082.106484787417,236542.39314373108
FL02317,VH005,TR04499,2026-03-25 09:25:27.425485,Diesel,140.74495220886416,190,26741.54091968419,188322.25813045958
FL02318,VH045,TR02399,2026-03-25 10:17:18.447689,Diesel,24.633398019003664,190,4680.345623610696,85112.07344811577
FL02319,VH003,TR03239,2026-03-25 11:09:09.469893,Diesel,112.13995355999052,190,21306.591176398197,80884.57748924187
FL02320,VH037,TR04355,2026-03-25 12:01:00.492098,Diesel,97.53682385606679,190,18531.99653265269,224852.4368134234
FL02321,VH047,TR03670,2026-03-25 12:52:51.514302,Petrol,22.282853013324857,200,4456.570602664971,52616.37635431627
FL02322,VH050,TR04716,2026-03-25 13:44:42.536507,Diesel,57.4248313895219,190,10910.71796400916,138408.94951757067
FL02323,VH032,TR01466,2026-03-25 14:36:33.558711,Petrol,30.99029653560149,200,6198.059307120298,181241.02604303233
FL02324,VH002,TR01962,2026-03-25 15:28:24.580916,Petrol,94.62980295464259,200,18925.960590928516,105133.6844717655
FL02325,VH002,TR00876,2026-03-25 16:20:15.603120,Petrol,76.79582443484003,200,15359.164886968007,19576.562210341253
FL02326,VH033,TR04070,2026-03-25 17:12:06.625325,Petrol,10.598517452468734,200,2119.703490493747,64662.11529268517
FL02327,VH023,TR03902,2026-03-25 18:03:57.647529,Diesel,146.59947927974713,190,27853.901063151956,226433.9529861697
FL02328,VH020,TR00543,2026-03-25 18:55:48.669733,Petrol,58.941850984535655,200,11788.370196907132,135548.55204149307
FL02329,VH038,TR03517,2026-03-25 19:47:39.691938,Diesel,46.148614997186996,190,8768.23684946553,205705.89915711276
FL02330,VH020,TR03866,2026-03-25 20:39:30.714142,Petrol,41.14201381117437,200,8228.402762234875,143364.53026974815
FL02331,VH019,TR04549,2026-03-25 21:31:21.736347,Diesel,32.2342254642995,190,6124.502838216905,236464.5029709528
FL02332,VH027,TR04500,2026-03-25 22:23:12.758551,Petrol,149.87919067031137,200,29975.838134062276,228192.17813364282
FL02333,VH033,TR01019,2026-03-25 23:15:03.780756,Petrol,51.31532550342468,200,10263.065100684937,125893.13008249646
FL02334,VH017,TR01429,2026-03-26 00:06:54.802960,Petrol,66.77188961139943,200,13354.377922279886,86385.76610472387
FL02335,VH002,TR04979,2026-03-26 00:58:45.825165,Petrol,131.98982826493244,200,26397.965652986488,154400.50896294645
FL02336,VH014,TR00575,2026-03-26 01:50:36.847369,Diesel,99.86425049600294,190,18974.207594240557,171973.04360067364
FL02337,VH035,TR01459,2026-03-26 02:42:27.869573,Diesel,61.617217644338155,190,11707.27135242425,129605.22215215157
FL02338,VH009,TR01500,2026-03-26 03:34:18.891778,Diesel,135.76598102933943,190,25795.53639557449,207347.97306282265
FL02339,VH004,TR01492,2026-03-26 04:26:09.913982,Diesel,114.96138830990402,190,21842.663778881764,53998.84522837187
FL02340,VH034,TR03173,2026-03-26 05:18:00.936187,Diesel,41.906071055837955,190,7962.153500609212,90258.83934976776
FL02341,VH002,TR02471,2026-03-26 06:09:51.958391,Petrol,100.12345924398886,200,20024.69184879777,174730.3257679487
FL02342,VH042,TR03428,2026-03-26 07:01:42.980596,Diesel,139.1357897609362,190,26435.800054577878,69204.12769301375
FL02343,VH006,TR02516,2026-03-26 07:53:34.002800,Diesel,79.50452298305775,190,15105.859366780973,115562.73872407213
FL02344,VH032,TR03552,2026-03-26 08:45:25.025005,Petrol,112.70573639643341,200,22541.14727928668,241296.05119079025
FL02345,VH019,TR04207,2026-03-26 09:37:16.047209,Diesel,145.9545241584823,190,27731.359590111635,160210.23344477778
FL02346,VH043,TR02201,2026-03-26 10:29:07.069413,Diesel,106.65797972532981,190,20265.016147812665,237773.73631387018
FL02347,VH007,TR02965,2026-03-26 11:20:58.091618,Petrol,24.341416567251287,200,4868.283313450257,183385.9367796582
FL02348,VH004,TR03314,2026-03-26 12:12:49.113822,Diesel,44.23833713038051,190,8405.284054772297,183920.0247201215
FL02349,VH026,TR02928,2026-03-26 13:04:40.136027,Diesel,93.31350122797085,190,17729.56523331446,152045.72168564936
FL02350,VH050,TR00682,2026-03-26 13:56:31.158231,Diesel,48.57781415206686,190,9229.784688892703,44130.06275553443
FL02351,VH022,TR04865,2026-03-26 14:48:22.180436,Petrol,144.05583875447957,200,28811.167750895915,134731.42981270904
FL02352,VH002,TR00279,2026-03-26 15:40:13.202640,Petrol,66.74928476310433,200,13349.856952620865,70639.88812083304
FL02353,VH013,TR04459,2026-03-26 16:32:04.224844,Petrol,74.01225680253111,200,14802.451360506222,249681.41304430726
FL02354,VH049,TR01649,2026-03-26 17:23:55.247049,Diesel,108.22429308581641,190,20562.61568630512,74070.86562429293
FL02355,VH042,TR04697,2026-03-26 18:15:46.269253,Diesel,83.39496238786238,190,15845.042853693853,65364.60243074764
FL02356,VH040,TR01159,2026-03-26 19:07:37.291458,Petrol,63.50043536442757,200,12700.087072885513,159731.9572297707
FL02357,VH003,TR02342,2026-03-26 19:59:28.313662,Diesel,20.729302521641024,190,3938.5674791117945,132627.71517271124
FL02358,VH008,TR01519,2026-03-26 20:51:19.335867,Diesel,93.50238253110093,190,17765.452680909177,15124.699181083399
FL02359,VH026,TR01839,2026-03-26 21:43:10.358071,Diesel,131.46120431116486,190,24977.628819121324,41087.962958192766
FL02360,VH037,TR00871,2026-03-26 22:35:01.380276,Diesel,106.00674184640786,190,20141.280950817494,204650.306038603
FL02361,VH014,TR03278,2026-03-26 23:26:52.402480,Diesel,63.409301406573306,190,12047.767267248928,126086.06923541454
FL02362,VH043,TR01342,2026-03-27 00:18:43.424684,Diesel,27.881649047238117,190,5297.513318975242,45043.65155752345
FL02363,VH032,TR02307,2026-03-27 01:10:34.446889,Petrol,124.28734616659415,200,24857.46923331883,121658.21508057608
FL02364,VH004,TR01172,2026-03-27 02:02:25.469093,Diesel,141.84477071236867,190,26950.50643535005,70755.77993977688
FL02365,VH016,TR04073,2026-03-27 02:54:16.491298,Diesel,64.35821871147706,190,12228.061555180642,63661.9506669625
FL02366,VH026,TR01129,2026-03-27 03:46:07.513502,Diesel,112.00990648576861,190,21281.882232296037,239854.06634682507
FL02367,VH006,TR03628,2026-03-27 04:37:58.535707,Diesel,67.5068815847058,190,12826.307501094101,96885.88644585785
FL02368,VH024,TR04000,2026-03-27 05:29:49.557911,Petrol,80.31737143930792,200,16063.474287861583,21143.46512136139
FL02369,VH011,TR03888,2026-03-27 06:21:40.580116,Diesel,127.10669328629736,190,24150.271724396498,242878.40143295267
FL02370,VH021,TR01285,2026-03-27 07:13:31.602320,Petrol,21.6794079095615,200,4335.8815819123,200761.49794531788
FL02371,VH018,TR00571,2026-03-27 08:05:22.624524,Diesel,84.2469488301387,190,16006.920277726354,71059.19357539804
FL02372,VH034,TR02865,2026-03-27 08:57:13.646729,Diesel,40.04683845397115,190,7608.899306254518,108134.04032929393
FL02373,VH002,TR03985,2026-03-27 09:49:04.668933,Petrol,57.57283236940673,200,11514.566473881347,216949.49790283083
FL02374,VH043,TR03142,2026-03-27 10:40:55.691138,Diesel,100.2200354499184,190,19041.806735484497,95779.24463758583
FL02375,VH028,TR01978,2026-03-27 11:32:46.713342,Petrol,13.811977727158771,200,2762.3955454317543,146176.97008158374
FL02376,VH013,TR00447,2026-03-27 12:24:37.735547,Petrol,93.13551385624278,200,18627.102771248556,138365.64871950704
FL02377,VH028,TR04879,2026-03-27 13:16:28.757751,Petrol,49.681913523524955,200,9936.38270470499,106310.69167091191
FL02378,VH037,TR01281,2026-03-27 14:08:19.779955,Diesel,103.72781051313011,190,19708.28399749472,163480.45643529188
FL02379,VH027,TR00637,2026-03-27 15:00:10.802160,Petrol,29.82138926782759,200,5964.277853565518,123589.77695245271
FL02380,VH025,TR02974,2026-03-27 15:52:01.824364,Diesel,113.013624534265,190,21472.58866151035,15095.318001753481
FL02381,VH027,TR04627,2026-03-27 16:43:52.846569,Petrol,100.38956076681694,200,20077.912153363388,205451.945835505
FL02382,VH001,TR00119,2026-03-27 17:35:43.868773,Petrol,145.97385660324917,200,29194.771320649834,37157.38786089263
FL02383,VH032,TR04162,2026-03-27 18:27:34.890978,Petrol,137.57295085614072,200,27514.590171228145,121381.58341392722
FL02384,VH049,TR02293,2026-03-27 19:19:25.913182,Diesel,49.662400847958324,190,9435.856161112082,149176.18982259932
FL02385,VH005,TR02105,2026-03-27 20:11:16.935387,Diesel,13.824320181561177,190,2626.6208344966235,179321.45300638978
FL02386,VH044,TR01068,2026-03-27 21:03:07.957591,Petrol,101.75159855564608,200,20350.319711129217,108591.16846910787
FL02387,VH036,TR00424,2026-03-27 21:54:58.979795,Diesel,94.40423446065415,190,17936.80454752429,186531.63688732754
FL02388,VH034,TR03820,2026-03-27 22:46:50.002000,Diesel,13.84002762730245,190,2629.6052491874652,41524.02033245686
FL02389,VH029,TR04491,2026-03-27 23:38:41.024204,Diesel,27.174854088362974,190,5163.222276788965,166826.93158498697
FL02390,VH037,TR01281,2026-03-28 00:30:32.046409,Diesel,91.85823863503798,190,17453.065340657216,208321.3426205687
FL02391,VH015,TR01820,2026-03-28 01:22:23.068613,Petrol,137.65581696608888,200,27531.163393217776,223466.5534810003
FL02392,VH037,TR03433,2026-03-28 02:14:14.090818,Diesel,136.91003871187695,190,26012.90735525662,149095.9590289334
FL02393,VH005,TR00763,2026-03-28 03:06:05.113022,Diesel,31.20790764569048,190,5929.502452681191,85094.84753800895
FL02394,VH010,TR01630,2026-03-28 03:57:56.135227,Diesel,63.84035249673494,190,12129.666974379637,49205.56281127034
FL02395,VH032,TR00443,2026-03-28 04:49:47.157431,Petrol,16.048401009304364,200,3209.680201860873,92934.10069058677
FL02396,VH049,TR03015,2026-03-28 05:41:38.179635,Diesel,75.69805849081007,190,14382.631113253914,139593.84955706552
FL02397,VH021,TR02582,2026-03-28 06:33:29.201840,Petrol,115.43168435424879,200,23086.33687084976,57119.253757974526
FL02398,VH046,TR01498,2026-03-28 07:25:20.224044,Diesel,120.5961795911856,190,22913.274122325263,238603.5773663423
FL02399,VH024,TR04253,2026-03-28 08:17:11.246249,Petrol,79.85852532352021,200,15971.705064704041,225312.50292949827
FL02400,VH038,TR00089,2026-03-28 09:09:02.268453,Diesel,23.421754459150574,190,4450.133347238609,17909.726767703498
FL02401,VH020,TR02250,2026-03-28 10:00:53.290658,Petrol,63.3909565254193,200,12678.19130508386,144870.83157529333
FL02402,VH033,TR00980,2026-03-28 10:52:44.312862,Petrol,140.49427439641102,200,28098.854879282204,199434.10965918715
FL02403,VH036,TR00462,2026-03-28 11:44:35.335067,Diesel,42.145757912760054,190,8007.69400342441,68894.07038416168
FL02404,VH003,TR03553,2026-03-28 12:36:26.357271,Diesel,54.76562298778171,190,10405.468367678524,135735.09577425855
FL02405,VH025,TR02757,2026-03-28 13:28:17.379475,Diesel,114.55580456482993,190,21765.602867317688,107438.05177825096
FL02406,VH004,TR03629,2026-03-28 14:20:08.401680,Diesel,112.70131044403134,190,21413.248984365953,57171.10341233834
FL02407,VH025,TR02502,2026-03-28 15:11:59.423884,Diesel,137.70832032349054,190,26164.580861463204,157536.97213019745
FL02408,VH028,TR00380,2026-03-28 16:03:50.446089,Petrol,64.33661670085256,200,12867.323340170511,248486.12209763943
FL02409,VH019,TR04497,2026-03-28 16:55:41.468293,Diesel,82.04382134240076,190,15588.326055056144,97668.94246718676
FL02410,VH021,TR04647,2026-03-28 17:47:32.490498,Petrol,75.43494457086686,200,15086.988914173373,142570.96198347208
FL02411,VH043,TR02984,2026-03-28 18:39:23.512702,Diesel,139.88530394314344,190,26578.207749197252,88685.12358916014
FL02412,VH038,TR03061,2026-03-28 19:31:14.534906,Diesel,117.70628243544887,190,22364.193662735284,220467.66803259926
FL02413,VH044,TR02951,2026-03-28 20:23:05.557111,Petrol,126.40184917673875,200,25280.36983534775,217504.64810168635
FL02414,VH005,TR04541,2026-03-28 21:14:56.579315,Diesel,28.633757636117526,190,5440.41395086233,52905.613107512865
FL02415,VH047,TR03731,2026-03-28 22:06:47.601520,Petrol,120.85853700154239,200,24171.707400308478,225987.72981713456
FL02416,VH011,TR04425,2026-03-28 22:58:38.623724,Diesel,70.61702724804957,190,13417.235177129418,46362.09065345611
FL02417,VH041,TR01932,2026-03-28 23:50:29.645929,Diesel,13.267415596290595,190,2520.8089632952133,32905.590310080224
FL02418,VH020,TR03422,2026-03-29 00:42:20.668133,Petrol,18.412369384059843,200,3682.4738768119687,166704.30776836764
FL02419,VH011,TR01991,2026-03-29 01:34:11.690338,Diesel,104.90711156287823,190,19932.351196946864,102616.9854087748
FL02420,VH033,TR04866,2026-03-29 02:26:02.712542,Petrol,62.08174176043578,200,12416.348352087156,137377.742430849
FL02421,VH022,TR03857,2026-03-29 03:17:53.734746,Petrol,131.53618025128725,200,26307.23605025745,166616.98766499123
FL02422,VH005,TR01483,2026-03-29 04:09:44.756951,Diesel,112.79823874262131,190,21431.66536109805,22680.937070316373
FL02423,VH033,TR02546,2026-03-29 05:01:35.779155,Petrol,13.035201633374648,200,2607.0403266749295,80308.76106183842
FL02424,VH002,TR04221,2026-03-29 05:53:26.801360,Petrol,106.16436365704027,200,21232.872731408053,120617.5148245281
FL02425,VH001,TR04300,2026-03-29 06:45:17.823564,Petrol,36.92934618252987,200,7385.869236505974,73980.97835342365
FL02426,VH013,TR02816,2026-03-29 07:37:08.845769,Petrol,69.1615596185477,200,13832.31192370954,21753.132228525028
FL02427,VH035,TR00643,2026-03-29 08:28:59.867973,Diesel,97.46292829721479,190,18517.95637647081,30802.37757545281
FL02428,VH015,TR04686,2026-03-29 09:20:50.890178,Petrol,132.18049778139698,200,26436.099556279398,202419.48850089603
FL02429,VH044,TR03919,2026-03-29 10:12:41.912382,Petrol,73.85370437487148,200,14770.740874974297,228732.82221110223
FL02430,VH048,TR01587,2026-03-29 11:04:32.934586,Diesel,123.18866358675882,190,23405.846081484175,46535.99258330773
FL02431,VH020,TR02410,2026-03-29 11:56:23.956791,Petrol,119.61519279208859,200,23923.03855841772,69822.86974995656
FL02432,VH041,TR03850,2026-03-29 12:48:14.978995,Diesel,68.03539179917615,190,12926.72444184347,166539.85713545672
FL02433,VH015,TR00055,2026-03-29 13:40:06.001200,Petrol,80.1372228806064,200,16027.444576121281,239025.22626218732
FL02434,VH040,TR00842,2026-03-29 14:31:57.023404,Petrol,108.06790140697383,200,21613.580281394767,81901.53019198506
FL02435,VH049,TR04588,2026-03-29 15:23:48.045609,Diesel,14.360780850571562,190,2728.5483616085967,215251.2702966403
FL02436,VH017,TR00985,2026-03-29 16:15:39.067813,Petrol,134.71359793189444,200,26942.719586378887,131445.91466809035
FL02437,VH033,TR02621,2026-03-29 17:07:30.090018,Petrol,117.77426232127708,200,23554.852464255415,239574.0733793873
FL02438,VH011,TR02907,2026-03-29 17:59:21.112222,Diesel,44.918223396326255,190,8534.462445301988,42702.07898276591
FL02439,VH016,TR01995,2026-03-29 18:51:12.134426,Diesel,147.36519344645657,190,27999.386754826748,243681.37556991674
FL02440,VH036,TR01933,2026-03-29 19:43:03.156631,Diesel,35.11464936254663,190,6671.78337888386,115834.87067908193
FL02441,VH049,TR02273,2026-03-29 20:34:54.178835,Diesel,137.97213431861624,190,26214.705520537085,238705.2137023028
FL02442,VH003,TR00103,2026-03-29 21:26:45.201040,Diesel,55.42628416523556,190,10530.993991394756,120085.65209236462
FL02443,VH042,TR00970,2026-03-29 22:18:36.223244,Diesel,116.84053942297902,190,22199.702490366013,137219.71218893875
FL02444,VH005,TR01072,2026-03-29 23:10:27.245449,Diesel,73.89272305471232,190,14039.61738039534,203146.00234655704
FL02445,VH016,TR00737,2026-03-30 00:02:18.267653,Diesel,113.1054342430003,190,21490.032506170057,183430.84017745455
FL02446,VH044,TR01366,2026-03-30 00:54:09.289857,Petrol,31.809626711511278,200,6361.925342302256,158704.79690014853
FL02447,VH009,TR03631,2026-03-30 01:46:00.312062,Diesel,47.73090417410759,190,9068.871793080443,110075.20566149344
FL02448,VH032,TR00228,2026-03-30 02:37:51.334266,Petrol,23.980095426083587,200,4796.019085216717,200185.2081759054
FL02449,VH007,TR03571,2026-03-30 03:29:42.356471,Petrol,131.12015740129243,200,26224.031480258487,237574.7999894369
FL02450,VH012,TR00445,2026-03-30 04:21:33.378675,Diesel,51.4810182877299,190,9781.393474668681,12354.61526632644
FL02451,VH036,TR01620,2026-03-30 05:13:24.400880,Diesel,107.22667211833289,190,20373.067702483248,151082.82314863868
FL02452,VH017,TR04694,2026-03-30 06:05:15.423084,Petrol,124.83096768381394,200,24966.19353676279,217835.42295480362
FL02453,VH025,TR02205,2026-03-30 06:57:06.445289,Diesel,136.19855309310844,190,25877.725087690604,166747.00896293376
FL02454,VH002,TR02704,2026-03-30 07:48:57.467493,Petrol,24.881596143640493,200,4976.319228728099,202199.02188000083
FL02455,VH010,TR03051,2026-03-30 08:40:48.489697,Diesel,135.02209069176575,190,25654.197231435493,224814.6649237565
FL02456,VH011,TR03503,2026-03-30 09:32:39.511902,Diesel,37.61538888230073,190,7146.923887637138,190228.2438047339
FL02457,VH023,TR03627,2026-03-30 10:24:30.534106,Diesel,113.16628162273462,190,21501.593508319576,182084.17632754386
FL02458,VH046,TR01182,2026-03-30 11:16:21.556311,Diesel,112.03886271104557,190,21287.383915098657,241539.0139273404
FL02459,VH018,TR03257,2026-03-30 12:08:12.578515,Diesel,11.190439843733593,190,2126.1835703093825,217284.31789397745
FL02460,VH002,TR00798,2026-03-30 13:00:03.600720,Petrol,40.88734716343559,200,8177.469432687119,205690.6886998657
FL02461,VH047,TR00835,2026-03-30 13:51:54.622924,Petrol,78.86719205308142,200,15773.438410616285,30736.80651325027
FL02462,VH007,TR03000,2026-03-30 14:43:45.645129,Petrol,68.8048589328595,200,13760.971786571901,67367.17195346029
FL02463,VH029,TR02033,2026-03-30 15:35:36.667333,Diesel,138.60028718384535,190,26334.05456493062,143621.4458380215
FL02464,VH039,TR04453,2026-03-30 16:27:27.689537,Diesel,60.36372173035324,190,11469.107128767117,180294.42519395528
FL02465,VH021,TR02765,2026-03-30 17:19:18.711742,Petrol,141.17772007703473,200,28235.544015406947,82771.57439211446
FL02466,VH020,TR02410,2026-03-30 18:11:09.733946,Petrol,74.32010457495436,200,14864.020914990871,32398.7471489976
FL02467,VH028,TR03685,2026-03-30 19:03:00.756151,Petrol,145.0094055296232,200,29001.88110592464,84663.80483565945
FL02468,VH040,TR03276,2026-03-30 19:54:51.778355,Petrol,113.22967340348056,200,22645.93468069611,195047.0033393246
FL02469,VH049,TR00008,2026-03-30 20:46:42.800560,Diesel,126.10684282850184,190,23960.30013741535,220576.24704192954
FL02470,VH002,TR02520,2026-03-30 21:38:33.822764,Petrol,24.68276436886014,200,4936.552873772028,229096.87560264228
FL02471,VH029,TR02220,2026-03-30 22:30:24.844968,Diesel,92.05980065393149,190,17491.36212424698,100928.00299459546
FL02472,VH022,TR03875,2026-03-30 23:22:15.867173,Petrol,29.978050376109113,200,5995.610075221823,99409.25796644716
FL02473,VH018,TR03729,2026-03-31 00:14:06.889377,Diesel,51.66694028713637,190,9816.71865455591,107609.79303322986
FL02474,VH011,TR03330,2026-03-31 01:05:57.911582,Diesel,97.29915686341754,190,18486.83980404933,100194.27266114746
FL02475,VH007,TR03372,2026-03-31 01:57:48.933786,Petrol,111.67159865714471,200,22334.319731428943,169887.18580173032
FL02476,VH035,TR00614,2026-03-31 02:49:39.955991,Diesel,15.485729481575117,190,2942.2886014992723,95997.58291167826
FL02477,VH017,TR00689,2026-03-31 03:41:30.978195,Petrol,84.33212235013106,200,16866.424470026213,14882.544787419
FL02478,VH020,TR00898,2026-03-31 04:33:22.000400,Petrol,89.1439580805841,200,17828.79161611682,115365.90416508922
FL02479,VH020,TR00110,2026-03-31 05:25:13.022604,Petrol,21.03591959542816,200,4207.183919085633,63796.495882861054
FL02480,VH042,TR04806,2026-03-31 06:17:04.044808,Diesel,80.0963247881069,190,15218.30170974031,16913.71306830879
FL02481,VH037,TR03013,2026-03-31 07:08:55.067013,Diesel,109.93791920697572,190,20888.204649325387,123002.30836817157
FL02482,VH030,TR02919,2026-03-31 08:00:46.089217,Diesel,17.451819882574334,190,3315.8457776891237,59429.094207590344
FL02483,VH018,TR01161,2026-03-31 08:52:37.111422,Diesel,116.43748868535468,190,22123.12285021739,118658.03556153618
FL02484,VH013,TR03982,2026-03-31 09:44:28.133626,Petrol,90.69971068657915,200,18139.94213731583,76659.99678646876
FL02485,VH026,TR03611,2026-03-31 10:36:19.155831,Diesel,126.65180915805072,190,24063.84374002964,154890.12886730395
FL02486,VH039,TR04745,2026-03-31 11:28:10.178035,Diesel,40.52876019956979,190,7700.46443791826,247810.57284975026
FL02487,VH020,TR02004,2026-03-31 12:20:01.200240,Petrol,126.65831578983658,200,25331.663157967316,141335.6609707996
FL02488,VH041,TR01528,2026-03-31 13:11:52.222444,Diesel,23.23853653744552,190,4415.321942114649,165255.0200542648
FL02489,VH033,TR01914,2026-03-31 14:03:43.244648,Petrol,66.53615750225399,200,13307.231500450796,230626.1818602883
FL02490,VH008,TR04342,2026-03-31 14:55:34.266853,Diesel,37.92787081345079,190,7206.2954545556495,99760.10025402199
FL02491,VH006,TR03182,2026-03-31 15:47:25.289057,Diesel,132.6429165207224,190,25202.154138937254,49971.62794853993
FL02492,VH019,TR04894,2026-03-31 16:39:16.311262,Diesel,108.68877428224833,190,20650.867113627184,77871.34790333279
FL02493,VH034,TR03347,2026-03-31 17:31:07.333466,Diesel,13.550648802501946,190,2574.62327247537,106670.78577149182
FL02494,VH024,TR02864,2026-03-31 18:22:58.355671,Petrol,11.333269785953856,200,2266.653957190771,164804.2435014012
FL02495,VH020,TR04611,2026-03-31 19:14:49.377875,Petrol,50.77489562743376,200,10154.979125486752,11101.127063133048
FL02496,VH040,TR00506,2026-03-31 20:06:40.400080,Petrol,30.059635999279156,200,6011.9271998558315,214811.97154407622
FL02497,VH043,TR04251,2026-03-31 20:58:31.422284,Diesel,98.24262685842741,190,18666.09910310121,28262.553531959307
FL02498,VH012,TR02007,2026-03-31 21:50:22.444488,Diesel,102.93157074355837,190,19556.99844127609,226157.2357404521
FL02499,VH019,TR04207,2026-03-31 22:42:13.466693,Diesel,141.87312651259145,190,26955.894037392376,237864.2850891757
FL02500,VH004,TR02856,2026-03-31 23:34:04.488897,Diesel,143.28558943641772,190,27224.261992919368,247624.67058691217
FL02501,VH048,TR03965,2026-04-01 00:25:55.511102,Diesel,102.24553875758838,190,19426.65236394179,204282.4442576506
FL02502,VH032,TR01675,2026-04-01 01:17:46.533306,Petrol,10.794515799379221,200,2158.9031598758443,44045.32622563662
FL02503,VH008,TR01191,2026-04-01 02:09:37.555511,Diesel,60.259708319746004,190,11449.34458075174,179480.09037404472
FL02504,VH012,TR02393,2026-04-01 03:01:28.577715,Diesel,81.83981185461727,190,15549.56425237728,58797.109745962356
FL02505,VH020,TR01922,2026-04-01 03:53:19.599919,Petrol,79.88516591118523,200,15977.033182237044,225310.68053929697
FL02506,VH004,TR04390,2026-04-01 04:45:10.622124,Diesel,94.46768813031173,190,17948.86074475923,85985.42215728274
FL02507,VH014,TR02693,2026-04-01 05:37:01.644328,Diesel,144.47720759266647,190,27450.66944260663,88431.03449800987
FL02508,VH021,TR04434,2026-04-01 06:28:52.666533,Petrol,133.92697687372151,200,26785.3953747443,230236.791019568
FL02509,VH032,TR01828,2026-04-01 07:20:43.688737,Petrol,25.247124683068357,200,5049.424936613671,13175.456988089094
FL02510,VH034,TR02500,2026-04-01 08:12:34.710942,Diesel,47.23725479507505,190,8975.07841106426,56551.876356056746
FL02511,VH005,TR00717,2026-04-01 09:04:25.733146,Diesel,126.63531843874908,190,24060.710503362327,111263.74397522921
FL02512,VH049,TR00631,2026-04-01 09:56:16.755351,Diesel,125.40296723468897,190,23826.563774590904,178173.17615444632
FL02513,VH006,TR04861,2026-04-01 10:48:07.777555,Diesel,48.551901377033936,190,9224.861261636448,165415.8798507365
FL02514,VH032,TR00085,2026-04-01 11:39:58.799759,Petrol,112.28232429605674,200,22456.464859211348,170658.85004011577
FL02515,VH041,TR03769,2026-04-01 12:31:49.821964,Diesel,104.08523302050003,190,19776.194273895006,221205.2868185594
FL02516,VH016,TR00737,2026-04-01 13:23:40.844168,Diesel,76.29335509579461,190,14495.737468200976,39047.29895038159
FL02517,VH016,TR02708,2026-04-01 14:15:31.866373,Diesel,38.203693375064105,190,7258.70174126218,135318.8070925049
FL02518,VH021,TR00227,2026-04-01 15:07:22.888577,Petrol,134.41004532517206,200,26882.009065034414,184114.64538459724
FL02519,VH046,TR03358,2026-04-01 15:59:13.910782,Diesel,104.89916580295687,190,19930.841502561805,162668.42630179948
FL02520,VH007,TR01308,2026-04-01 16:51:04.932986,Petrol,33.65900948297246,200,6731.801896594491,117595.3887854242
FL02521,VH025,TR04205,2026-04-01 17:42:55.955191,Diesel,108.67232827772051,190,20647.742372766897,14107.500609319351
FL02522,VH030,TR04231,2026-04-01 18:34:46.977395,Diesel,113.80072074077718,190,21622.136940747663,24508.543755492312
FL02523,VH003,TR04387,2026-04-01 19:26:37.999599,Diesel,134.1632399169457,190,25491.015584219684,38545.91844492079
FL02524,VH019,TR03959,2026-04-01 20:18:29.021804,Diesel,41.197495733870895,190,7827.52418943547,92374.66068048726
FL02525,VH031,TR01653,2026-04-01 21:10:20.044008,Petrol,148.42557475787692,200,29685.114951575382,38236.82864011525
FL02526,VH050,TR01868,2026-04-01 22:02:11.066213,Diesel,31.475079153768974,190,5980.265039216105,112259.755135026
FL02527,VH045,TR00027,2026-04-01 22:54:02.088417,Diesel,94.09644486034163,190,17878.32452346491,52874.077740539055
FL02528,VH034,TR04650,2026-04-01 23:45:53.110622,Diesel,102.00471073828699,190,19380.89504027453,196999.88740628946
FL02529,VH015,TR00933,2026-04-02 00:37:44.132826,Petrol,68.65340533722048,200,13730.681067444095,219157.02801093174
FL02530,VH048,TR03459,2026-04-02 01:29:35.155031,Diesel,76.50527922785412,190,14536.003053292283,103515.4019123622
FL02531,VH009,TR00467,2026-04-02 02:21:26.177235,Diesel,134.72741354109922,190,25598.208572808853,132719.6236757533
FL02532,VH012,TR02701,2026-04-02 03:13:17.199439,Diesel,100.33839215316466,190,19064.294509101284,238839.09797462597
FL02533,VH015,TR01499,2026-04-02 04:05:08.221644,Petrol,79.58013415285608,200,15916.026830571214,138521.8612836689
FL02534,VH047,TR00618,2026-04-02 04:56:59.243848,Petrol,27.968938740693456,200,5593.787748138691,248817.57180242197
FL02535,VH008,TR03778,2026-04-02 05:48:50.266053,Diesel,11.027267531238849,190,2095.1808309353814,44111.43848609311
FL02536,VH047,TR04554,2026-04-02 06:40:41.288257,Petrol,27.495606541256684,200,5499.121308251337,216934.34094320762
FL02537,VH050,TR02688,2026-04-02 07:32:32.310462,Diesel,143.86583944671077,190,27334.509494875045,129328.72064151168
FL02538,VH012,TR01505,2026-04-02 08:24:23.332666,Diesel,116.9721496187863,190,22224.708427569396,15451.386699920356
FL02539,VH041,TR03968,2026-04-02 09:16:14.354870,Diesel,145.3962858514347,190,27625.29431177259,243333.50594544364
FL02540,VH008,TR00180,2026-04-02 10:08:05.377075,Diesel,14.99921935914406,190,2849.8516782373713,241611.4959384059
FL02541,VH021,TR02586,2026-04-02 10:59:56.399279,Petrol,105.23085654020949,200,21046.171308041896,101985.00164389292
FL02542,VH008,TR02070,2026-04-02 11:51:47.421484,Diesel,16.20109369647852,190,3078.2078023309186,238994.09706061718
FL02543,VH002,TR04859,2026-04-02 12:43:38.443688,Petrol,119.48790564163525,200,23897.58112832705,43842.31413725098
FL02544,VH002,TR00922,2026-04-02 13:35:29.465893,Petrol,63.3330241829272,200,12666.604836585439,173226.43386896374
FL02545,VH035,TR03093,2026-04-02 14:27:20.488097,Diesel,23.407150414909275,190,4447.358578832762,56062.95685308029
FL02546,VH003,TR04841,2026-04-02 15:19:11.510302,Diesel,89.52652985025215,190,17010.040671547908,69195.33672035864
FL02547,VH046,TR01511,2026-04-02 16:11:02.532506,Diesel,49.216827524194336,190,9351.197229596924,197040.9849286253
FL02548,VH004,TR03600,2026-04-02 17:02:53.554710,Diesel,102.34035186205459,190,19444.66685379037,100565.94029567079
FL02549,VH024,TR03277,2026-04-02 17:54:44.576915,Petrol,102.14446633193064,200,20428.89326638613,11710.600678869083
FL02550,VH040,TR02720,2026-04-02 18:46:35.599119,Petrol,108.7010463769054,200,21740.20927538108,109417.22180694269
FL02551,VH038,TR04733,2026-04-02 19:38:26.621324,Diesel,148.94511102888626,190,28299.57109548839,64736.63695191027
FL02552,VH036,TR01024,2026-04-02 20:30:17.643528,Diesel,64.13767939263676,190,12186.159084600984,173999.1792539899
FL02553,VH011,TR00152,2026-04-02 21:22:08.665733,Diesel,75.14416642791413,190,14277.391621303685,56667.68721364007
FL02554,VH023,TR00013,2026-04-02 22:13:59.687937,Diesel,122.64563814354771,190,23302.671247274066,212140.84682475418
FL02555,VH042,TR00715,2026-04-02 23:05:50.710142,Diesel,90.97180322306394,190,17284.64261238215,74102.32290595942
FL02556,VH012,TR03151,2026-04-02 23:57:41.732346,Diesel,15.21600949629195,190,2891.0418042954702,104326.78198792328
FL02557,VH035,TR03626,2026-04-03 00:49:32.754550,Diesel,128.0309928363799,190,24325.888638912184,81528.84659130352
FL02558,VH026,TR00249,2026-04-03 01:41:23.776755,Diesel,17.209815471325737,190,3269.86493955189,164541.6034742478
FL02559,VH001,TR01145,2026-04-03 02:33:14.798959,Petrol,33.9148191088498,200,6782.963821769959,34279.24989433521
FL02560,VH035,TR04483,2026-04-03 03:25:05.821164,Diesel,24.291195376386206,190,4615.327121513379,124743.84944757858
FL02561,VH005,TR04535,2026-04-03 04:16:56.843368,Diesel,20.909798603356826,190,3972.861734637797,90269.15565161395
FL02562,VH004,TR03344,2026-04-03 05:08:47.865573,Diesel,13.595882542659428,190,2583.217683105291,222193.11118919554
FL02563,VH017,TR00721,2026-04-03 06:00:38.887777,Petrol,17.703879956131434,200,3540.775991226287,27618.902457854172
FL02564,VH024,TR04569,2026-04-03 06:52:29.909981,Petrol,71.9414864850334,200,14388.297297006678,209126.81558388512
FL02565,VH028,TR03230,2026-04-03 07:44:20.932186,Petrol,45.39931779756594,200,9079.86355951319,50243.314367178195
FL02566,VH029,TR01007,2026-04-03 08:36:11.954390,Diesel,27.715163678634624,190,5265.881098940578,31258.638383189234
FL02567,VH013,TR04729,2026-04-03 09:28:02.976595,Petrol,102.21877598171365,200,20443.75519634273,58557.48594952191
FL02568,VH038,TR03299,2026-04-03 10:19:53.998799,Diesel,41.65566748879619,190,7914.576822871276,34636.71568283449
FL02569,VH021,TR02469,2026-04-03 11:11:45.021004,Petrol,12.652881748273323,200,2530.5763496546647,135036.14756851015
FL02570,VH026,TR04120,2026-04-03 12:03:36.043208,Diesel,68.57876972742588,190,13029.966248210916,247171.5886997875
FL02571,VH008,TR03814,2026-04-03 12:55:27.065413,Diesel,53.46061887696271,190,10157.517586622915,18238.56446182212
FL02572,VH003,TR00538,2026-04-03 13:47:18.087617,Diesel,54.604620388508984,190,10374.877873816708,120670.80383667072
FL02573,VH014,TR02825,2026-04-03 14:39:09.109821,Diesel,72.33780394541861,190,13744.182749629537,102656.87898588683
FL02574,VH002,TR02686,2026-04-03 15:31:00.132026,Petrol,103.64794981279887,200,20729.589962559774,91505.53941913608
FL02575,VH037,TR01981,2026-04-03 16:22:51.154230,Diesel,96.30707680531916,190,18298.34459301064,89647.2665040066
FL02576,VH013,TR00540,2026-04-03 17:14:42.176435,Petrol,141.21662537044259,200,28243.325074088516,224803.06159035093
FL02577,VH034,TR03885,2026-04-03 18:06:33.198639,Diesel,82.480333282353,190,15671.26332364707,14554.27605001697
FL02578,VH017,TR04054,2026-04-03 18:58:24.220844,Petrol,76.1597873615101,200,15231.95747230202,195979.9329712332
FL02579,VH048,TR03200,2026-04-03 19:50:15.243048,Diesel,39.87802093036557,190,7576.823976769459,70703.962913426
FL02580,VH023,TR04517,2026-04-03 20:42:06.265253,Diesel,115.75338043874196,190,21993.142283360972,101990.92259621796
FL02581,VH045,TR00484,2026-04-03 21:33:57.287457,Diesel,29.70860866999986,190,5644.635647299974,110835.97908365865
FL02582,VH008,TR01029,2026-04-03 22:25:48.309661,Diesel,78.75860457486777,190,14964.134869224878,83135.62097769842
FL02583,VH042,TR00052,2026-04-03 23:17:39.331866,Diesel,68.98510777424222,190,13107.170477106023,32454.126840495486
FL02584,VH022,TR00243,2026-04-04 00:09:30.354070,Petrol,102.16212297661644,200,20432.42459532329,37439.40371906434
FL02585,VH026,TR01687,2026-04-04 01:01:21.376275,Diesel,138.46700579393223,190,26308.731100847122,81551.46977983463
FL02586,VH012,TR02822,2026-04-04 01:53:12.398479,Diesel,142.52338280975115,190,27079.44273385272,207234.17269294013
FL02587,VH039,TR01841,2026-04-04 02:45:03.420684,Diesel,33.49189740284218,190,6363.460506540014,42310.63666897884
FL02588,VH025,TR00425,2026-04-04 03:36:54.442888,Diesel,46.654410557404944,190,8864.338005906939,188233.55995502337
FL02589,VH038,TR02128,2026-04-04 04:28:45.465093,Diesel,123.62894479505893,190,23489.499511061196,79328.73506302905
FL02590,VH021,TR00695,2026-04-04 05:20:36.487297,Petrol,82.559166742887,200,16511.833348577402,222031.58442690226
FL02591,VH026,TR00354,2026-04-04 06:12:27.509501,Diesel,73.42483956980246,190,13950.719518262467,112798.83409615382
FL02592,VH027,TR03691,2026-04-04 07:04:18.531706,Petrol,109.48756333329882,200,21897.512666659764,51213.595191370136
FL02593,VH014,TR01690,2026-04-04 07:56:09.553910,Diesel,94.26949336497604,190,17911.20373934545,246602.66802652247
FL02594,VH008,TR00293,2026-04-04 08:48:00.576115,Diesel,145.89996761898684,190,27720.9938476075,52392.28461517878
FL02595,VH005,TR00717,2026-04-04 09:39:51.598319,Diesel,91.75645132035737,190,17433.7257508679,146228.75709574466
FL02596,VH006,TR04625,2026-04-04 10:31:42.620524,Diesel,75.23633568861545,190,14294.903780836936,146628.7547430722
FL02597,VH010,TR04576,2026-04-04 11:23:33.642728,Diesel,85.9944306909446,190,16338.941831279473,99475.22828266717
FL02598,VH008,TR04573,2026-04-04 12:15:24.664932,Diesel,123.19557433757626,190,23407.15912413949,238357.26221179144
FL02599,VH044,TR04121,2026-04-04 13:07:15.687137,Petrol,95.77450794993092,200,19154.901589986184,212529.8949788156
FL02600,VH010,TR02479,2026-04-04 13:59:06.709341,Diesel,100.58673279414047,190,19111.47923088669,209156.69460117808
FL02601,VH022,TR02365,2026-04-04 14:50:57.731546,Petrol,146.00144320512288,200,29200.288641024577,243796.46450307468
FL02602,VH049,TR00638,2026-04-04 15:42:48.753750,Diesel,96.57536781956402,190,18349.319885717163,119706.24116711604
FL02603,VH044,TR02406,2026-04-04 16:34:39.775955,Petrol,63.239934766835574,200,12647.986953367115,33324.58614880702
FL02604,VH027,TR01300,2026-04-04 17:26:30.798159,Petrol,106.78564378179152,200,21357.128756358303,193709.42210795052
FL02605,VH011,TR03949,2026-04-04 18:18:21.820364,Diesel,102.3243155768236,190,19441.619959596483,101395.01906846411
FL02606,VH048,TR00690,2026-04-04 19:10:12.842568,Diesel,11.938668970893467,190,2268.3471044697585,55682.83643284439
FL02607,VH036,TR04440,2026-04-04 20:02:03.864772,Diesel,75.42610155001664,190,14330.959294503162,125979.36237286082
FL02608,VH038,TR02607,2026-04-04 20:53:54.886977,Diesel,114.0065044035359,190,21661.23583667182,232172.54564011918
FL02609,VH024,TR00712,2026-04-04 21:45:45.909181,Petrol,79.86580408095806,200,15973.160816191612,51125.68456351082
FL02610,VH013,TR02611,2026-04-04 22:37:36.931386,Petrol,119.14695903095452,200,23829.391806190903,213687.71565513805
FL02611,VH039,TR00439,2026-04-04 23:29:27.953590,Diesel,73.12371749986602,190,13893.506324974544,110369.18598762817
FL02612,VH049,TR03534,2026-04-05 00:21:18.975795,Diesel,147.66502366921299,190,28056.354497150467,42832.47536875407
FL02613,VH023,TR03879,2026-04-05 01:13:09.997999,Diesel,51.00482248854442,190,9690.91627282344,213611.75295727755
FL02614,VH009,TR03342,2026-04-05 02:05:01.020204,Diesel,22.897165140450294,190,4350.4613766855555,242708.88188594286
FL02615,VH035,TR03093,2026-04-05 02:56:52.042408,Diesel,70.20165216157363,190,13338.313910698991,79904.9718004028
FL02616,VH022,TR04239,2026-04-05 03:48:43.064612,Petrol,85.83926348234867,200,17167.852696469734,82848.69036209653
FL02617,VH036,TR01784,2026-04-05 04:40:34.086817,Diesel,58.87312243554461,190,11185.893262753476,103731.03592958396
FL02618,VH003,TR00868,2026-04-05 05:32:25.109021,Diesel,43.919362416514254,190,8344.678859137708,205391.2874705937
FL02619,VH014,TR01489,2026-04-05 06:24:16.131226,Diesel,104.08821679396846,190,19776.761190854006,12500.127217479956
FL02620,VH007,TR00468,2026-04-05 07:16:07.153430,Petrol,62.79751397987529,200,12559.502795975059,63749.57241700825
FL02621,VH036,TR04973,2026-04-05 08:07:58.175635,Diesel,98.39159407408917,190,18694.402874076943,179415.95466551828
FL02622,VH018,TR03922,2026-04-05 08:59:49.197839,Diesel,119.07000280382861,190,22623.300532727437,107353.46811652626
FL02623,VH050,TR01418,2026-04-05 09:51:40.220044,Diesel,116.54036788640332,190,22142.66989841663,89270.9495123506
FL02624,VH025,TR01777,2026-04-05 10:43:31.242248,Diesel,62.54330348899678,190,11883.227662909389,219347.89333648418
FL02625,VH040,TR01082,2026-04-05 11:35:22.264452,Petrol,89.50575205302447,200,17901.150410604892,230160.14083509744
FL02626,VH026,TR04937,2026-04-05 12:27:13.286657,Diesel,72.95215142198393,190,13860.908770176946,237516.6925998869
FL02627,VH035,TR02926,2026-04-05 13:19:04.308861,Diesel,131.91273537935245,190,25063.419722076967,75412.12783703119
FL02628,VH033,TR04085,2026-04-05 14:10:55.331066,Petrol,133.02618717199988,200,26605.237434399976,229003.02628938566
FL02629,VH041,TR04062,2026-04-05 15:02:46.353270,Diesel,58.12382160432515,190,11043.526104821778,186871.73313454931
FL02630,VH033,TR01012,2026-04-05 15:54:37.375475,Petrol,22.8432427030223,200,4568.64854060446,47011.53963725935
FL02631,VH025,TR00814,2026-04-05 16:46:28.397679,Diesel,33.46154766536273,190,6357.694056418919,156464.80679397046
FL02632,VH024,TR03947,2026-04-05 17:38:19.419883,Petrol,61.38024389832373,200,12276.048779664745,16320.356633677893
FL02633,VH021,TR02317,2026-04-05 18:30:10.442088,Petrol,88.99499366681869,200,17798.998733363736,180010.75738500763
FL02634,VH015,TR02144,2026-04-05 19:22:01.464292,Petrol,101.95018153502009,200,20390.03630700402,186056.20543622522
FL02635,VH014,TR00273,2026-04-05 20:13:52.486497,Diesel,56.39194648004003,190,10714.469831207607,199441.24206279937
FL02636,VH049,TR03645,2026-04-05 21:05:43.508701,Diesel,103.449876747358,190,19655.47658199802,51406.01298938438
FL02637,VH039,TR01717,2026-04-05 21:57:34.530906,Diesel,141.28359771432585,190,26843.883565721913,160779.98582740742
FL02638,VH006,TR02976,2026-04-05 22:49:25.553110,Diesel,101.28197780365306,190,19243.575782694083,52925.60435863705
FL02639,VH015,TR04101,2026-04-05 23:41:16.575315,Petrol,32.19913212220918,200,6439.826424441836,237196.0200134022
FL02640,VH039,TR00357,2026-04-06 00:33:07.597519,Diesel,91.15364781686786,190,17319.193085204894,172002.56624340027
FL02641,VH005,TR00204,2026-04-06 01:24:58.619723,Diesel,85.86537234737759,190,16314.420746001742,32878.20352097338
FL02642,VH008,TR03746,2026-04-06 02:16:49.641928,Diesel,131.8980155257789,190,25060.622949897992,54887.735201397474
FL02643,VH029,TR01597,2026-04-06 03:08:40.664132,Diesel,59.04242772981641,190,11218.061268665118,169230.42355113948
FL02644,VH012,TR00497,2026-04-06 04:00:31.686337,Diesel,69.21238540793519,190,13150.353227507685,124400.91907830608
FL02645,VH019,TR04798,2026-04-06 04:52:22.708541,Diesel,93.81226776810911,190,17824.33087594073,186711.43989061084
FL02646,VH015,TR04933,2026-04-06 05:44:13.730746,Petrol,83.41954364388356,200,16683.90872877671,77389.31174215818
FL02647,VH039,TR00063,2026-04-06 06:36:04.752950,Diesel,110.6623229367244,190,21025.841357977635,167900.20884329846
FL02648,VH008,TR01580,2026-04-06 07:27:55.775155,Diesel,15.654458727749414,190,2974.3471582723887,52470.44032730536
FL02649,VH023,TR04335,2026-04-06 08:19:46.797359,Diesel,88.89224268897438,190,16889.52611090513,140490.46320664795
FL02650,VH013,TR00540,2026-04-06 09:11:37.819563,Petrol,27.03406502054254,200,5406.813004108508,239871.90197199667
FL02651,VH020,TR04294,2026-04-06 10:03:28.841768,Petrol,54.129258952760985,200,10825.851790552197,160773.33574983673
FL02652,VH009,TR04877,2026-04-06 10:55:19.863972,Diesel,102.62776061453465,190,19499.274516761583,21998.46820117996
FL02653,VH010,TR04126,2026-04-06 11:47:10.886177,Diesel,32.037988082904874,190,6087.217735751926,247302.91305679042
FL02654,VH015,TR02714,2026-04-06 12:39:01.908381,Petrol,53.23785697064804,200,10647.571394129607,47647.919115727746
FL02655,VH014,TR01081,2026-04-06 13:30:52.930586,Diesel,108.42090759694368,190,20599.972443419298,182336.58464730522
FL02656,VH006,TR01856,2026-04-06 14:22:43.952790,Diesel,101.11273395375675,190,19211.41945121378,137807.20937540702
FL02657,VH010,TR03505,2026-04-06 15:14:34.974995,Diesel,22.745553689363327,190,4321.655200979032,80646.5650730329
FL02658,VH022,TR03380,2026-04-06 16:06:25.997199,Petrol,90.81758908892535,200,18163.51781778507,52554.516502650185
FL02659,VH040,TR01599,2026-04-06 16:58:17.019403,Petrol,30.615624668609524,200,6123.124933721905,52648.56742641177
FL02660,VH042,TR01629,2026-04-06 17:50:08.041608,Diesel,45.31799302002897,190,8610.418673805505,216015.9234899585
FL02661,VH009,TR03179,2026-04-06 18:41:59.063812,Diesel,74.28957900900902,190,14115.020011711713,219499.0033992216
FL02662,VH023,TR02648,2026-04-06 19:33:50.086017,Diesel,25.308555261746477,190,4808.625499731831,121634.92518993089
FL02663,VH028,TR03373,2026-04-06 20:25:41.108221,Petrol,149.11057550859934,200,29822.115101719868,34869.15110199373
FL02664,VH048,TR01070,2026-04-06 21:17:32.130426,Diesel,33.15173854756016,190,6298.83032403643,222199.6249232296
FL02665,VH037,TR02777,2026-04-06 22:09:23.152630,Diesel,119.38376798000462,190,22682.915916200876,126883.95668202138
FL02666,VH003,TR01193,2026-04-06 23:01:14.174834,Diesel,126.1774383032515,190,23973.713277617786,115302.98148805929
FL02667,VH025,TR00814,2026-04-06 23:53:05.197039,Diesel,149.2249557854402,190,28352.741599233635,107765.68586502885
FL02668,VH029,TR01153,2026-04-07 00:44:56.219243,Diesel,70.01145049931758,190,13302.17559487034,97603.40172620935
FL02669,VH043,TR02756,2026-04-07 01:36:47.241448,Diesel,132.37323281950762,190,25150.91423570645,136241.2968660626
FL02670,VH011,TR01884,2026-04-07 02:28:38.263652,Diesel,144.05552146235914,190,27370.549077848234,155089.894386809
FL02671,VH020,TR00268,2026-04-07 03:20:29.285857,Petrol,34.205180285253405,200,6841.036057050681,121943.72885750941
FL02672,VH011,TR03672,2026-04-07 04:12:20.308061,Diesel,77.12105246833457,190,14652.999968983568,225195.5592292107
FL02673,VH002,TR02813,2026-04-07 05:04:11.330266,Petrol,18.40151463985228,200,3680.302927970456,86238.69484707936
FL02674,VH035,TR04681,2026-04-07 05:56:02.352470,Diesel,96.90136168338822,190,18411.25871984376,148794.84562882752
FL02675,VH023,TR04086,2026-04-07 06:47:53.374674,Diesel,91.39686195991929,190,17365.403772384667,81988.94084655646
FL02676,VH024,TR00384,2026-04-07 07:39:44.396879,Petrol,38.5776798528476,200,7715.53597056952,190804.0057102082
FL02677,VH020,TR03957,2026-04-07 08:31:35.419083,Petrol,121.70638624517765,200,24341.27724903553,34509.06383877656
FL02678,VH004,TR02851,2026-04-07 09:23:26.441288,Diesel,15.217621186895583,190,2891.348025510161,55287.759230879805
FL02679,VH016,TR04526,2026-04-07 10:15:17.463492,Diesel,122.87182537785799,190,23345.646821793016,202288.33838246818
FL02680,VH045,TR03412,2026-04-07 11:07:08.485697,Diesel,13.730340762941433,190,2608.764744958872,53967.42285268929
FL02681,VH006,TR01050,2026-04-07 11:58:59.507901,Diesel,101.95603369908903,190,19371.646402826915,160179.12308673764
FL02682,VH041,TR01834,2026-04-07 12:50:50.530106,Diesel,21.027731948086178,190,3995.2690701363736,242858.42845700725
FL02683,VH002,TR00798,2026-04-07 13:42:41.552310,Petrol,45.17157270372521,200,9034.314540745043,135493.7473038318
FL02684,VH047,TR04468,2026-04-07 14:34:32.574514,Petrol,111.06786890365701,200,22213.573780731404,54975.14712161662
FL02685,VH006,TR02976,2026-04-07 15:26:23.596719,Diesel,49.256671947554146,190,9358.767670035288,86965.850966233
FL02686,VH017,TR01291,2026-04-07 16:18:14.618923,Petrol,81.56433882048286,200,16312.867764096573,207629.93834901717
FL02687,VH036,TR02188,2026-04-07 17:10:05.641128,Diesel,138.134757732816,190,26245.603969235042,94398.61914879369
FL02688,VH037,TR00067,2026-04-07 18:01:56.663332,Diesel,16.948809565120968,190,3220.273817372984,183642.72616715526
FL02689,VH018,TR01393,2026-04-07 18:53:47.685537,Diesel,123.55117112299429,190,23474.722513368913,196564.01509216244
FL02690,VH033,TR03992,2026-04-07 19:45:38.707741,Petrol,19.138079799588535,200,3827.615959917707,130283.8833388394
FL02691,VH050,TR03022,2026-04-07 20:37:29.729945,Diesel,27.75127820713473,190,5272.742859355599,197971.21224793335
FL02692,VH047,TR01702,2026-04-07 21:29:20.752150,Petrol,26.70467454448952,200,5340.934908897904,86056.72106277145
FL02693,VH003,TR00579,2026-04-07 22:21:11.774354,Diesel,149.17431964950165,190,28343.120733405314,133878.31521193738
FL02694,VH006,TR01606,2026-04-07 23:13:02.796559,Diesel,35.226084706414674,190,6692.956094218788,174773.98335331373
FL02695,VH043,TR04044,2026-04-08 00:04:53.818763,Diesel,135.54665847587756,190,25753.865110416737,50337.55535305129
FL02696,VH002,TR01979,2026-04-08 00:56:44.840968,Petrol,148.73050281251759,200,29746.100562503518,75669.27217172552
FL02697,VH035,TR04506,2026-04-08 01:48:35.863172,Diesel,63.729867857721715,190,12108.674892967127,166488.7848144765
FL02698,VH036,TR02881,2026-04-08 02:40:26.885377,Diesel,98.34679609401596,190,18685.891257863033,167286.4287590928
FL02699,VH030,TR02671,2026-04-08 03:32:17.907581,Diesel,119.07277552690576,190,22623.827350112093,128392.63514871495
FL02700,VH038,TR03717,2026-04-08 04:24:08.929785,Diesel,64.97031145706916,190,12344.35917684314,200940.48562770893
FL02701,VH032,TR04936,2026-04-08 05:15:59.951990,Petrol,32.65397966969302,200,6530.795933938604,125693.17648119414
FL02702,VH049,TR04285,2026-04-08 06:07:50.974194,Diesel,70.72678413095856,190,13438.088984882126,221517.34369929598
FL02703,VH023,TR04373,2026-04-08 06:59:41.996399,Diesel,118.06427030041225,190,22432.211357078326,186616.82340926692
FL02704,VH032,TR02155,2026-04-08 07:51:33.018603,Petrol,119.30678678477643,200,23861.357356955286,85526.76719280191
FL02705,VH043,TR02805,2026-04-08 08:43:24.040808,Diesel,42.27543090392787,190,8032.331871746295,104860.96203629332
FL02706,VH047,TR02221,2026-04-08 09:35:15.063012,Petrol,34.49518958470452,200,6899.037916940904,170244.80458476295
FL02707,VH011,TR03990,2026-04-08 10:27:06.085217,Diesel,138.87849829404897,190,26386.914675869302,224668.6285176379
FL02708,VH015,TR00999,2026-04-08 11:18:57.107421,Petrol,16.15986427816348,200,3231.972855632696,52890.095848842095
FL02709,VH010,TR00722,2026-04-08 12:10:48.129625,Diesel,112.86338660711216,190,21444.04345535131,133519.2492980752
FL02710,VH021,TR01215,2026-04-08 13:02:39.151830,Petrol,16.498993962545562,200,3299.7987925091124,38508.261117850416
FL02711,VH036,TR01694,2026-04-08 13:54:30.174034,Diesel,127.3060071205383,190,24188.141352902276,77069.2372768315
FL02712,VH017,TR03395,2026-04-08 14:46:21.196239,Petrol,136.7580738670543,200,27351.61477341086,174635.52623037816
FL02713,VH037,TR04026,2026-04-08 15:38:12.218443,Diesel,51.63867739207386,190,9811.348704494034,28656.31245955881
FL02714,VH010,TR03580,2026-04-08 16:30:03.240648,Diesel,20.35099009233766,190,3866.6881175441554,168966.05965332338
FL02715,VH034,TR02804,2026-04-08 17:21:54.262852,Diesel,77.29583508864,190,14686.208666841601,226194.6690268713
FL02716,VH049,TR02231,2026-04-08 18:13:45.285057,Diesel,51.78482514436675,190,9839.116777429683,242648.86984443187
FL02717,VH046,TR04813,2026-04-08 19:05:36.307261,Diesel,68.39905999345306,190,12995.821398756083,61991.72824612372
FL02718,VH013,TR00459,2026-04-08 19:57:27.329465,Petrol,103.09796348841523,200,20619.592697683045,189735.5095858902
FL02719,VH047,TR01702,2026-04-08 20:49:18.351670,Petrol,39.37564503282037,200,7875.129006564074,232328.90768932714
FL02720,VH001,TR00627,2026-04-08 21:41:09.373874,Petrol,59.97321973197209,200,11994.643946394417,31928.63460386464
FL02721,VH030,TR02457,2026-04-08 22:33:00.396079,Diesel,119.55874864097431,190,22716.16224178512,109365.66603740926
FL02722,VH004,TR00207,2026-04-08 23:24:51.418283,Diesel,100.12667299339503,190,19024.067868745056,230658.34404931986
FL02723,VH008,TR03317,2026-04-09 00:16:42.440488,Diesel,55.67856876117341,190,10578.928064622947,58668.99958115922
FL02724,VH040,TR01357,2026-04-09 01:08:33.462692,Petrol,103.00222403639,200,20600.444807278,234102.56410908204
FL02725,VH022,TR04769,2026-04-09 02:00:24.484896,Petrol,117.14380920487532,200,23428.761840975065,136526.09706106683
FL02726,VH038,TR03597,2026-04-09 02:52:15.507101,Diesel,92.94798133339025,190,17660.116453344148,33974.33980901337
FL02727,VH006,TR01940,2026-04-09 03:44:06.529305,Diesel,43.529556550141194,190,8270.615744526827,117970.5560213236
FL02728,VH005,TR02796,2026-04-09 04:35:57.551510,Diesel,10.034340671679029,190,1906.5247276190155,88302.68691209589
FL02729,VH003,TR04369,2026-04-09 05:27:48.573714,Diesel,122.39887497835939,190,23255.786245888285,77728.998532434
FL02730,VH010,TR02674,2026-04-09 06:19:39.595919,Diesel,125.16869774426303,190,23782.052571409975,139954.13815208408
FL02731,VH006,TR01050,2026-04-09 07:11:30.618123,Diesel,107.66463019521069,190,20456.27973709003,126062.24578044881
FL02732,VH017,TR02592,2026-04-09 08:03:21.640328,Petrol,20.72133039146593,200,4144.266078293186,125672.11830882207
FL02733,VH001,TR03790,2026-04-09 08:55:12.662532,Petrol,91.93112025112646,200,18386.22405022529,31154.01546474767
FL02734,VH003,TR04005,2026-04-09 09:47:03.684736,Diesel,124.94289397802501,190,23739.14985582475,202556.36344651278
FL02735,VH005,TR00091,2026-04-09 10:38:54.706941,Diesel,64.55356481514319,190,12265.177314877206,125545.43568539085
FL02736,VH035,TR00476,2026-04-09 11:30:45.729145,Diesel,37.720102790835575,190,7166.819530258759,207017.39888844982
FL02737,VH043,TR02047,2026-04-09 12:22:36.751350,Diesel,92.26782161380589,190,17530.88610662312,207902.71397222808
FL02738,VH039,TR04822,2026-04-09 13:14:27.773554,Diesel,125.6829278221229,190,23879.756286203352,86112.47796353037
FL02739,VH027,TR03691,2026-04-09 14:06:18.795759,Petrol,16.84179421898918,200,3368.358843797836,11043.112913826966
FL02740,VH037,TR04026,2026-04-09 14:58:09.817963,Diesel,93.57317040250301,190,17778.902376475573,228698.96258994844
FL02741,VH036,TR03267,2026-04-09 15:50:00.840168,Diesel,100.04433134750786,190,19008.422956026494,192566.72634069767
FL02742,VH033,TR04630,2026-04-09 16:41:51.862372,Petrol,94.33138550875914,200,18866.277101751828,35740.46963763307
FL02743,VH046,TR02746,2026-04-09 17:33:42.884576,Diesel,101.00471579318679,190,19190.89600070549,178414.4881607443
FL02744,VH032,TR00085,2026-04-09 18:25:33.906781,Petrol,98.39254306458163,200,19678.508612916325,14805.584480531345
FL02745,VH032,TR02640,2026-04-09 19:17:24.928985,Petrol,28.256543897248868,200,5651.308779449773,16662.176612967636
FL02746,VH026,TR04937,2026-04-09 20:09:15.951190,Diesel,42.89114877284815,190,8149.318266841148,136197.5775034822
FL02747,VH033,TR00077,2026-04-09 21:01:06.973394,Petrol,96.65916074046142,200,19331.832148092282,33048.983016723185
FL02748,VH002,TR02431,2026-04-09 21:52:57.995599,Petrol,12.477042559147907,200,2495.4085118295816,241440.76539638054
FL02749,VH010,TR03505,2026-04-09 22:44:49.017803,Diesel,98.86423262125422,190,18784.2041980383,224519.494396063
FL02750,VH023,TR02425,2026-04-09 23:36:40.040008,Diesel,103.15412732990448,190,19599.28419268185,165954.88749949235
FL02751,VH028,TR02222,2026-04-10 00:28:31.062212,Petrol,43.484466380632185,200,8696.893276126437,25290.153001195187
FL02752,VH050,TR00406,2026-04-10 01:20:22.084416,Diesel,93.73859616543955,190,17810.333271433512,87960.46187369563
FL02753,VH006,TR02130,2026-04-10 02:12:13.106621,Diesel,84.77260850132703,190,16106.795615252135,99213.51949745054
FL02754,VH022,TR04117,2026-04-10 03:04:04.128825,Petrol,46.49681674143593,200,9299.363348287186,125411.16059888792
FL02755,VH043,TR00398,2026-04-10 03:55:55.151030,Diesel,74.81636166246565,190,14215.108715868473,50536.68976154853
FL02756,VH047,TR01801,2026-04-10 04:47:46.173234,Petrol,137.3474341177054,200,27469.48682354108,148602.79427132703
FL02757,VH023,TR03474,2026-04-10 05:39:37.195439,Diesel,69.7243892643836,190,13247.633960232884,114584.95549821359
FL02758,VH038,TR01809,2026-04-10 06:31:28.217643,Diesel,98.17818476313023,190,18653.855104994745,237351.27121428604
FL02759,VH014,TR04990,2026-04-10 07:23:19.239847,Diesel,14.949114945697188,190,2840.3318396824657,234686.85511005257
FL02760,VH006,TR03927,2026-04-10 08:15:10.262052,Diesel,20.892015865093832,190,3969.483014367828,145713.74928159337
FL02761,VH045,TR01945,2026-04-10 09:07:01.284256,Diesel,21.383130262464583,190,4062.7947498682706,164643.84063772846
FL02762,VH049,TR00438,2026-04-10 09:58:52.306461,Diesel,118.95370690770237,190,22601.20431246345,43071.15226569818
FL02763,VH046,TR00223,2026-04-10 10:50:43.328665,Diesel,59.035965272483374,190,11216.83340177184,63597.577321641176
FL02764,VH028,TR01611,2026-04-10 11:42:34.350870,Petrol,41.86563637121387,200,8373.127274242774,226171.6970084583
FL02765,VH014,TR01961,2026-04-10 12:34:25.373074,Diesel,114.62543958324117,190,21778.833520815824,177799.8214949764
FL02766,VH043,TR04605,2026-04-10 13:26:16.395279,Diesel,33.794408757864424,190,6420.93766399424,55463.24734793861
FL02767,VH008,TR04001,2026-04-10 14:18:07.417483,Diesel,44.50895350983929,190,8456.701166869465,146850.47345757348
FL02768,VH019,TR02665,2026-04-10 15:09:58.439687,Diesel,70.33040205780293,190,13362.776390982557,234342.70011746773
FL02769,VH043,TR01066,2026-04-10 16:01:49.461892,Diesel,56.40132966204585,190,10716.252635788713,92841.06547885686
FL02770,VH029,TR01277,2026-04-10 16:53:40.484096,Diesel,91.9549095451302,190,17471.43281357474,54596.89012458046
FL02771,VH017,TR00604,2026-04-10 17:45:31.506301,Petrol,57.29768667047867,200,11459.537334095734,236086.0664581836
FL02772,VH046,TR00189,2026-04-10 18:37:22.528505,Diesel,65.01322902024486,190,12352.513513846525,120703.6864701038
FL02773,VH031,TR00676,2026-04-10 19:29:13.550710,Petrol,130.80412515492804,200,26160.82503098561,110138.07967906394
FL02774,VH049,TR00638,2026-04-10 20:21:04.572914,Diesel,133.83440154792032,190,25428.536294104862,74216.12795026007
FL02775,VH029,TR01997,2026-04-10 21:12:55.595119,Diesel,125.87956671387705,190,23917.11767563664,223980.4707873146
FL02776,VH026,TR01845,2026-04-10 22:04:46.617323,Diesel,131.07633057864857,190,24904.502809943227,212948.02405349803
FL02777,VH008,TR00047,2026-04-10 22:56:37.639527,Diesel,89.76201370747638,190,17054.782604420514,106717.69586482098
FL02778,VH039,TR00820,2026-04-10 23:48:28.661732,Diesel,100.47265006519375,190,19089.80351238681,17347.187175298925
FL02779,VH004,TR03808,2026-04-11 00:40:19.683936,Diesel,88.00424331769167,190,16720.806230361417,117196.34332147348
FL02780,VH004,TR03023,2026-04-11 01:32:10.706141,Diesel,119.98233176740881,190,22796.643035807672,53405.92397921279
FL02781,VH014,TR01081,2026-04-11 02:24:01.728345,Diesel,87.14006800660219,190,16556.612921254415,44256.17683573148
FL02782,VH046,TR03147,2026-04-11 03:15:52.750550,Diesel,25.550775037109275,190,4854.647257050762,104342.46685490166
FL02783,VH045,TR01278,2026-04-11 04:07:43.772754,Diesel,123.34121686396038,190,23434.831204152473,33778.464962710525
FL02784,VH045,TR03735,2026-04-11 04:59:34.794958,Diesel,116.4819238948551,190,22131.565540022468,239791.48166359958
FL02785,VH046,TR02218,2026-04-11 05:51:25.817163,Diesel,124.84208333956755,190,23719.995834517835,21409.403627507632
FL02786,VH049,TR02887,2026-04-11 06:43:16.839367,Diesel,36.66012487456666,190,6965.423726167666,106328.71057569452
FL02787,VH014,TR00796,2026-04-11 07:35:07.861572,Diesel,48.026387380095386,190,9125.013602218123,49048.64848760678
FL02788,VH035,TR03329,2026-04-11 08:26:58.883776,Diesel,51.405237616894205,190,9766.995147209898,175314.71716690148
FL02789,VH021,TR03007,2026-04-11 09:18:49.905981,Petrol,81.1312750659943,200,16226.255013198861,28914.747811494817
FL02790,VH011,TR03185,2026-04-11 10:10:40.928185,Diesel,28.742791782884368,190,5461.1304387480295,141233.33781007223
FL02791,VH012,TR02390,2026-04-11 11:02:31.950390,Diesel,63.953445458481426,190,12151.154637111471,195544.35884846502
FL02792,VH047,TR04144,2026-04-11 11:54:22.972594,Petrol,35.50214255106414,200,7100.428510212828,238014.36041175298
FL02793,VH017,TR03859,2026-04-11 12:46:13.994798,Petrol,47.06677982458311,200,9413.355964916622,177646.61511265903
FL02794,VH018,TR01219,2026-04-11 13:38:05.017003,Diesel,108.89426883817983,190,20689.91107925417,33878.021832300044
FL02795,VH017,TR01761,2026-04-11 14:29:56.039207,Petrol,129.67356188441937,200,25934.712376883876,31244.931931393847
FL02796,VH024,TR00725,2026-04-11 15:21:47.061412,Petrol,13.20682132360574,200,2641.3642647211477,185583.5316491358
FL02797,VH043,TR01345,2026-04-11 16:13:38.083616,Diesel,89.22557486970005,190,16952.85922524301,61679.057200832474
FL02798,VH005,TR00138,2026-04-11 17:05:29.105821,Diesel,15.048366688717397,190,2859.1896708563054,117337.4340719797
FL02799,VH047,TR04451,2026-04-11 17:57:20.128025,Petrol,21.934894301617042,200,4386.978860323408,244389.06432432614
FL02800,VH029,TR04907,2026-04-11 18:49:11.150230,Diesel,108.71176484597527,190,20655.2353207353,206777.63161693013
FL02801,VH028,TR03555,2026-04-11 19:41:02.172434,Petrol,112.98513491029632,200,22597.026982059266,213182.40575204813
FL02802,VH029,TR02760,2026-04-11 20:32:53.194638,Diesel,123.95729424419183,190,23551.88590639645,216584.7771347389
FL02803,VH041,TR00059,2026-04-11 21:24:44.216843,Diesel,76.3938116478427,190,14514.824213090113,158690.8816291739
FL02804,VH026,TR00771,2026-04-11 22:16:35.239047,Diesel,130.37304748226634,190,24770.879021630604,188544.1417269948
FL02805,VH033,TR00389,2026-04-11 23:08:26.261252,Petrol,33.35736082982741,200,6671.4721659654815,96150.61951222894
FL02806,VH019,TR03925,2026-04-12 00:00:17.283456,Diesel,44.960297908900365,190,8542.456602691069,249627.09437748417
FL02807,VH033,TR03423,2026-04-12 00:52:08.305661,Petrol,28.830300664275985,200,5766.060132855197,77109.32071711481
FL02808,VH037,TR04435,2026-04-12 01:43:59.327865,Diesel,121.65521648146272,190,23114.491131477916,151601.7767928447
FL02809,VH048,TR04853,2026-04-12 02:35:50.350070,Diesel,42.014516574126645,190,7982.758149084063,77694.8027970864
FL02810,VH008,TR00596,2026-04-12 03:27:41.372274,Diesel,31.77157398616139,190,6036.599057370664,36897.05213441756
FL02811,VH036,TR00436,2026-04-12 04:19:32.394478,Diesel,97.23549626232787,190,18474.744289842296,146220.5955624824
FL02812,VH044,TR01474,2026-04-12 05:11:23.416683,Petrol,20.791483690494417,200,4158.296738098883,94803.68100787354
FL02813,VH026,TR04473,2026-04-12 06:03:14.438887,Diesel,16.286038810824156,190,3094.3473740565896,149972.62420561304
FL02814,VH001,TR01983,2026-04-12 06:55:05.461092,Petrol,24.940470797344247,200,4988.094159468849,144082.83439959827
FL02815,VH004,TR02439,2026-04-12 07:46:56.483296,Diesel,10.033723758203463,190,1906.4075140586579,140141.61499445478
FL02816,VH031,TR02869,2026-04-12 08:38:47.505501,Petrol,107.57862159105095,200,21515.72431821019,39592.26929116706
FL02817,VH018,TR04210,2026-04-12 09:30:38.527705,Diesel,88.71294504002701,190,16855.459557605132,115643.3858440857
FL02818,VH045,TR03818,2026-04-12 10:22:29.549909,Diesel,39.38251526528134,190,7482.677900403455,204880.94545571003
FL02819,VH009,TR00774,2026-04-12 11:14:20.572114,Diesel,42.62069271686342,190,8097.9316162040495,85634.4389307126
FL02820,VH020,TR01927,2026-04-12 12:06:11.594318,Petrol,123.53560378580555,200,24707.12075716111,116519.56127009564
FL02821,VH029,TR02220,2026-04-12 12:58:02.616523,Diesel,80.25481622044205,190,15248.41508188399,128519.58167686433
FL02822,VH029,TR00018,2026-04-12 13:49:53.638727,Diesel,107.79396999144355,190,20480.854298374274,217055.51502201875
FL02823,VH005,TR04331,2026-04-12 14:41:44.660932,Diesel,73.38576317848818,190,13943.295003912754,167343.94461424454
FL02824,VH028,TR03967,2026-04-12 15:33:35.683136,Petrol,43.28052364291092,200,8656.104728582184,34048.60836095536
FL02825,VH012,TR01693,2026-04-12 16:25:26.705341,Diesel,145.85639209560696,190,27712.714498165322,217641.0365932051
FL02826,VH023,TR02771,2026-04-12 17:17:17.727545,Diesel,89.19065887255564,190,16946.225185785574,209695.83411570158
FL02827,VH041,TR04377,2026-04-12 18:09:08.749749,Diesel,28.337466527507736,190,5384.11864022647,190875.0353438021
FL02828,VH001,TR04927,2026-04-12 19:00:59.771954,Petrol,66.85260590574694,200,13370.521181149388,121853.92439652103
FL02829,VH008,TR03268,2026-04-12 19:52:50.794158,Diesel,56.1072376725661,190,10660.37515778756,191810.89203659364
FL02830,VH020,TR01139,2026-04-12 20:44:41.816363,Petrol,39.97224560239299,200,7994.449120478597,124898.09503426173
FL02831,VH012,TR01696,2026-04-12 21:36:32.838567,Diesel,140.68159849363633,190,26729.503713790902,186789.6482385191
FL02832,VH048,TR01587,2026-04-12 22:28:23.860772,Diesel,133.32879936436535,190,25332.471879229415,221226.4395934087
FL02833,VH031,TR04514,2026-04-12 23:20:14.882976,Petrol,37.880596312816294,200,7576.119262563259,223729.98043134323
FL02834,VH042,TR02332,2026-04-13 00:12:05.905181,Diesel,59.30070446777235,190,11267.133848876747,119098.85780498911
FL02835,VH035,TR04681,2026-04-13 01:03:56.927385,Diesel,116.72415483391502,190,22177.589418443855,216242.24304448703
FL02836,VH005,TR02670,2026-04-13 01:55:47.949589,Diesel,39.190846739630196,190,7446.260880529737,34349.77132185115
FL02837,VH042,TR02269,2026-04-13 02:47:38.971794,Diesel,92.81908076459422,190,17635.6253452729,34436.66019682745
FL02838,VH023,TR02057,2026-04-13 03:39:29.993998,Diesel,107.97115189747433,190,20514.518860520122,141584.0672481952
FL02839,VH049,TR04928,2026-04-13 04:31:21.016203,Diesel,101.55612559950728,190,19295.663863906382,166442.70842950454
FL02840,VH036,TR02423,2026-04-13 05:23:12.038407,Diesel,108.89720963857008,190,20690.469831328315,46718.50623481665
FL02841,VH033,TR04630,2026-04-13 06:15:03.060612,Petrol,108.93794246402682,200,21787.588492805364,123323.21075343831
FL02842,VH019,TR03487,2026-04-13 07:06:54.082816,Diesel,145.07282877884998,190,27563.837467981495,32647.040275821535
FL02843,VH023,TR02750,2026-04-13 07:58:45.105021,Diesel,58.509844532844745,190,11116.870461240502,154503.8765327945
FL02844,VH024,TR04042,2026-04-13 08:50:36.127225,Petrol,133.00265941261753,200,26600.531882523508,215222.5688206835
FL02845,VH014,TR02825,2026-04-13 09:42:27.149429,Diesel,13.052988752114949,190,2480.0678629018403,187033.3542446857
FL02846,VH017,TR01406,2026-04-13 10:34:18.171634,Petrol,50.34841486525965,200,10069.68297305193,100789.9725830251
FL02847,VH023,TR01887,2026-04-13 11:26:09.193838,Diesel,16.81180947987842,190,3194.2438011769,248510.51119290918
FL02848,VH033,TR02988,2026-04-13 12:18:00.216043,Petrol,101.16855439381763,200,20233.710878763526,169104.39435187282
FL02849,VH047,TR03576,2026-04-13 13:09:51.238247,Petrol,24.11065190242674,200,4822.130380485348,205659.62426619497
FL02850,VH014,TR04543,2026-04-13 14:01:42.260452,Diesel,128.39896091128648,190,24395.802573144432,170727.37295001585
FL02851,VH044,TR02728,2026-04-13 14:53:33.282656,Petrol,100.52283573063637,200,20104.567146127276,247459.90986091038
FL02852,VH018,TR04721,2026-04-13 15:45:24.304860,Diesel,14.034156147504797,190,2666.4896680259117,207126.3441322655
FL02853,VH050,TR01864,2026-04-13 16:37:15.327065,Diesel,110.06883116084722,190,20913.077920560972,134661.57229490572
FL02854,VH044,TR02354,2026-04-13 17:29:06.349269,Petrol,130.68489261597455,200,26136.97852319491,98051.09508102156
FL02855,VH006,TR02897,2026-04-13 18:20:57.371474,Diesel,102.55694107270092,190,19485.818803813174,173717.1589957222
FL02856,VH006,TR04828,2026-04-13 19:12:48.393678,Diesel,14.273390230904505,190,2711.944143871856,151653.23411368215
FL02857,VH025,TR02502,2026-04-13 20:04:39.415883,Diesel,130.1087367844569,190,24720.659989046813,161044.14184661087
FL02858,VH031,TR00938,2026-04-13 20:56:30.438087,Petrol,112.5449478107649,200,22508.98956215298,92322.82390810167
FL02859,VH043,TR02081,2026-04-13 21:48:21.460292,Diesel,62.98318374775779,190,11966.80491207398,112894.82093693307
FL02860,VH016,TR01756,2026-04-13 22:40:12.482496,Diesel,56.00823616417037,190,10641.56487119237,143943.17797375596
FL02861,VH006,TR03391,2026-04-13 23:32:03.504700,Diesel,77.17482539704162,190,14663.216825437907,211428.01646124234
FL02862,VH031,TR01217,2026-04-14 00:23:54.526905,Petrol,131.39424513130194,200,26278.84902626039,193098.14026309675
FL02863,VH034,TR01204,2026-04-14 01:15:45.549109,Diesel,45.28830926173805,190,8604.77875973023,38477.40892066969
FL02864,VH045,TR01891,2026-04-14 02:07:36.571314,Diesel,24.13493357376816,190,4585.6373790159505,68933.02000465404
FL02865,VH043,TR03032,2026-04-14 02:59:27.593518,Diesel,131.049092214547,190,24899.327520763927,16397.853983926583
FL02866,VH037,TR00391,2026-04-14 03:51:18.615723,Diesel,13.680578843301213,190,2599.3099802272304,11910.53631174194
FL02867,VH014,TR02512,2026-04-14 04:43:09.637927,Diesel,137.53958311416903,190,26132.520791692117,63850.11262725802
FL02868,VH009,TR02978,2026-04-14 05:35:00.660132,Diesel,52.80432720219609,190,10032.822168417257,201837.0275222391
FL02869,VH019,TR03747,2026-04-14 06:26:51.682336,Diesel,81.15117823635747,190,15418.723864907919,227139.4379618529
FL02870,VH009,TR00099,2026-04-14 07:18:42.704540,Diesel,28.521373465311928,190,5419.060958409266,104024.40781566354
FL02871,VH044,TR02196,2026-04-14 08:10:33.726745,Petrol,136.31569571273593,200,27263.139142547185,145167.66318560287
FL02872,VH036,TR04666,2026-04-14 09:02:24.748949,Diesel,114.97707127381666,190,21845.643542025166,179452.6244692914
FL02873,VH016,TR04823,2026-04-14 09:54:15.771154,Diesel,139.3817821251248,190,26482.53860377371,238704.80782041437
FL02874,VH033,TR01002,2026-04-14 10:46:06.793358,Petrol,105.65206715654274,200,21130.41343130855,229103.7369513836
FL02875,VH015,TR01571,2026-04-14 11:37:57.815563,Petrol,35.85712874392566,200,7171.425748785131,23726.15281153118
FL02876,VH023,TR04399,2026-04-14 12:29:48.837767,Diesel,53.15738041807491,190,10099.902279434233,69559.8023702274
FL02877,VH018,TR03630,2026-04-14 13:21:39.859971,Diesel,78.15880051448627,190,14850.172097752393,21794.6905492425
FL02878,VH047,TR01064,2026-04-14 14:13:30.882176,Petrol,95.01614875042897,200,19003.229750085793,157970.18103737233
FL02879,VH013,TR00639,2026-04-14 15:05:21.904380,Petrol,139.7043212270783,200,27940.86424541566,180518.39595343336
FL02880,VH013,TR02743,2026-04-14 15:57:12.926585,Petrol,63.75320521047946,200,12750.641042095891,83988.01896556275
FL02881,VH049,TR01143,2026-04-14 16:49:03.948789,Diesel,108.43008306700042,190,20601.71578273008,214924.4579519715
FL02882,VH041,TR02121,2026-04-14 17:40:54.970994,Diesel,144.54123884751505,190,27462.83538102786,118675.06009875945
FL02883,VH049,TR00552,2026-04-14 18:32:45.993198,Diesel,31.33236887816342,190,5953.15008685105,249611.56362328303
FL02884,VH040,TR03276,2026-04-14 19:24:37.015403,Petrol,130.77934242913676,200,26155.868485827352,10095.926221437983
FL02885,VH014,TR00977,2026-04-14 20:16:28.037607,Diesel,68.89884985504781,190,13090.781472459084,36277.530020453596
FL02886,VH031,TR04192,2026-04-14 21:08:19.059811,Petrol,112.53904863010715,200,22507.80972602143,82430.3783044817
FL02887,VH008,TR03351,2026-04-14 22:00:10.082016,Diesel,51.09536742319172,190,9708.119810406426,16121.823508891157
FL02888,VH017,TR03215,2026-04-14 22:52:01.104220,Petrol,56.75779055724022,200,11351.558111448045,197761.46985718017
FL02889,VH038,TR03548,2026-04-14 23:43:52.126425,Diesel,13.798651481529259,190,2621.7437814905593,22665.229089108936
FL02890,VH020,TR02932,2026-04-15 00:35:43.148629,Petrol,145.99658144337434,200,29199.31628867487,189755.11199051852
FL02891,VH033,TR04070,2026-04-15 01:27:34.170834,Petrol,123.88336053230982,200,24776.672106461963,22616.43010949186
FL02892,VH016,TR03986,2026-04-15 02:19:25.193038,Diesel,23.14851410967087,190,4398.217680837465,70654.54351673095
FL02893,VH038,TR04142,2026-04-15 03:11:16.215243,Diesel,149.93123139292842,190,28486.9339646564,211906.4357580471
FL02894,VH047,TR00346,2026-04-15 04:03:07.237447,Petrol,94.7034436084118,200,18940.68872168236,238262.87061705382
FL02895,VH029,TR04943,2026-04-15 04:54:58.259651,Diesel,129.52200931501363,190,24609.181769852592,109486.32223852295
FL02896,VH050,TR02943,2026-04-15 05:46:49.281856,Diesel,19.332506858901652,190,3673.1763031913138,242785.35143501233
FL02897,VH028,TR01077,2026-04-15 06:38:40.304060,Petrol,64.52316498886931,200,12904.632997773862,160451.4217020502
FL02898,VH004,TR01172,2026-04-15 07:30:31.326265,Diesel,103.75115712250539,190,19712.719853276023,109800.42938390354
FL02899,VH035,TR03771,2026-04-15 08:22:22.348469,Diesel,24.900720617958214,190,4731.136917412061,202672.32255230006
FL02900,VH028,TR03162,2026-04-15 09:14:13.370674,Petrol,78.44639741156008,200,15689.279482312017,80878.84483364828
FL02901,VH025,TR00233,2026-04-15 10:06:04.392878,Diesel,71.97490243617982,190,13675.231462874166,73791.10272645242
FL02902,VH036,TR03799,2026-04-15 10:57:55.415083,Diesel,40.24563142630116,190,7646.66997099722,167571.44245865784
FL02903,VH046,TR04147,2026-04-15 11:49:46.437287,Diesel,52.03777701925231,190,9887.177633657939,103716.96687234279
FL02904,VH015,TR04761,2026-04-15 12:41:37.459491,Petrol,145.39656962929755,200,29079.313925859507,42620.3264667951
FL02905,VH005,TR03908,2026-04-15 13:33:28.481696,Diesel,50.41078804139104,190,9578.049727864296,26071.416469578115
FL02906,VH028,TR03700,2026-04-15 14:25:19.503900,Petrol,39.879658755577545,200,7975.931751115509,199082.21829963455
FL02907,VH041,TR00451,2026-04-15 15:17:10.526105,Diesel,85.06928394956668,190,16163.16395041767,172218.57563256272
FL02908,VH050,TR01363,2026-04-15 16:09:01.548309,Diesel,103.9341247698417,190,19747.483706269923,108831.5739055848
FL02909,VH012,TR00351,2026-04-15 17:00:52.570514,Diesel,111.51303554973909,190,21187.476754450425,225094.6324410536
FL02910,VH050,TR02697,2026-04-15 17:52:43.592718,Diesel,115.59460582956827,190,21962.97510761797,108605.6205862239
FL02911,VH010,TR01309,2026-04-15 18:44:34.614922,Diesel,15.156548812065434,190,2879.7442742924327,180470.91315169205
FL02912,VH003,TR04005,2026-04-15 19:36:25.637127,Diesel,65.12645605313887,190,12374.026650096384,228187.6660497503
FL02913,VH035,TR02926,2026-04-15 20:28:16.659331,Diesel,118.35413116963262,190,22487.2849222302,211771.71009002643
FL02914,VH027,TR04679,2026-04-15 21:20:07.681536,Petrol,136.6792942520181,200,27335.858850403623,132665.14632149896
FL02915,VH002,TR00245,2026-04-15 22:11:58.703740,Petrol,94.30801726658966,200,18861.60345331793,173352.73418721586
FL02916,VH048,TR04646,2026-04-15 23:03:49.725945,Diesel,17.322959491355995,190,3291.362303357639,109279.78641456857
FL02917,VH033,TR04824,2026-04-15 23:55:40.748149,Petrol,65.53041281971838,200,13106.082563943675,165327.32135058736
FL02918,VH027,TR04735,2026-04-16 00:47:31.770354,Petrol,20.39179622158365,200,4078.35924431673,71812.58520289502
FL02919,VH050,TR04680,2026-04-16 01:39:22.792558,Diesel,114.79530077584184,190,21811.107147409948,114338.10730469279
FL02920,VH026,TR02274,2026-04-16 02:31:13.814762,Diesel,18.890765699433132,190,3589.245482892295,60290.97702444137
FL02921,VH024,TR00441,2026-04-16 03:23:04.836967,Petrol,36.002349342924816,200,7200.4698685849635,19164.388643091526
FL02922,VH045,TR03546,2026-04-16 04:14:55.859171,Diesel,68.37417935506839,190,12991.094077462994,151249.56413808934
FL02923,VH035,TR01468,2026-04-16 05:06:46.881376,Diesel,74.77077139608208,190,14206.446565255595,217463.04288419144
FL02924,VH029,TR00412,2026-04-16 05:58:37.903580,Diesel,66.90743804410172,190,12712.413228379328,16138.785909565962
FL02925,VH025,TR00814,2026-04-16 06:50:28.925785,Diesel,74.87553052484,190,14226.350799719601,57047.13777503102
FL02926,VH008,TR04342,2026-04-16 07:42:19.947989,Diesel,109.85348128282797,190,20872.161443737314,120444.4142249008
FL02927,VH027,TR04679,2026-04-16 08:34:10.970194,Petrol,61.69763521377581,200,12339.527042755162,169815.2360421408
FL02928,VH017,TR01731,2026-04-16 09:26:01.992398,Petrol,86.68506428108668,200,17337.012856217338,51095.00648077274
FL02929,VH006,TR01975,2026-04-16 10:17:53.014602,Diesel,52.47169605402251,190,9969.622250264276,23606.75895294983
FL02930,VH013,TR00550,2026-04-16 11:09:44.036807,Petrol,59.50784931266757,200,11901.569862533514,134571.6922544534
FL02931,VH034,TR01938,2026-04-16 12:01:35.059011,Diesel,95.93185426589132,190,18227.05231051935,206490.3311337541
FL02932,VH005,TR00204,2026-04-16 12:53:26.081216,Diesel,78.6692512291828,190,14947.157733544733,18456.37823506511
FL02933,VH032,TR04447,2026-04-16 13:45:17.103420,Petrol,111.22508128029935,200,22245.01625605987,93848.66808616622
FL02934,VH008,TR04415,2026-04-16 14:37:08.125625,Diesel,88.47540232724496,190,16810.32644217654,169243.53827040046
FL02935,VH049,TR03589,2026-04-16 15:28:59.147829,Diesel,122.5003719537422,190,23275.07067121102,41378.08146459208
FL02936,VH009,TR02537,2026-04-16 16:20:50.170034,Diesel,72.07714981926031,190,13694.658465659459,66627.22645426163
FL02937,VH026,TR00107,2026-04-16 17:12:41.192238,Diesel,78.7447067813522,190,14961.49428845692,138518.23450870387
FL02938,VH011,TR03812,2026-04-16 18:04:32.214442,Diesel,103.79598884613154,190,19721.23788076499,238775.6071274123
FL02939,VH027,TR02702,2026-04-16 18:56:23.236647,Petrol,40.97415221768684,200,8194.830443537368,78962.22837850146
FL02940,VH032,TR03898,2026-04-16 19:48:14.258851,Petrol,64.03013517037652,200,12806.027034075305,127006.58109297049
FL02941,VH029,TR02220,2026-04-16 20:40:05.281056,Diesel,97.47777416163909,190,18520.777090711428,105983.40713546038
FL02942,VH025,TR03937,2026-04-16 21:31:56.303260,Diesel,14.042677697203095,190,2668.108762468588,225375.2012872192
FL02943,VH004,TR04091,2026-04-16 22:23:47.325465,Diesel,71.17600070875183,190,13523.440134662847,27253.567367467753
FL02944,VH014,TR00958,2026-04-16 23:15:38.347669,Diesel,93.83899108285635,190,17829.40830574271,145875.42192178345
FL02945,VH010,TR02576,2026-04-17 00:07:29.369873,Diesel,145.4325744769477,190,27632.189150620063,213068.72780558656
FL02946,VH023,TR02368,2026-04-17 00:59:20.392078,Diesel,132.78231862647397,190,25228.640539030053,247148.218495022
FL02947,VH018,TR01061,2026-04-17 01:51:11.414282,Diesel,49.30387341197214,190,9367.735948274707,177694.11940523377
FL02948,VH004,TR02547,2026-04-17 02:43:02.436487,Diesel,81.00941456404946,190,15391.788767169399,101184.51415996588
FL02949,VH048,TR03737,2026-04-17 03:34:53.458691,Diesel,17.898012172412784,190,3400.622312758429,108837.84460814654
FL02950,VH012,TR03767,2026-04-17 04:26:44.480896,Diesel,43.705618074492996,190,8304.067434153669,94403.73273826334
FL02951,VH004,TR01673,2026-04-17 05:18:35.503100,Diesel,118.47982152953261,190,22511.166090611197,154867.14395366883
FL02952,VH012,TR00402,2026-04-17 06:10:26.525305,Diesel,27.263961718548238,190,5180.152726524165,187457.38497238024
FL02953,VH036,TR00602,2026-04-17 07:02:17.547509,Diesel,46.076673476753925,190,8754.567960583247,206672.21526134343
FL02954,VH007,TR03000,2026-04-17 07:54:08.569713,Petrol,142.1659502430131,200,28433.19004860262,109982.34632396125
FL02955,VH045,TR04314,2026-04-17 08:45:59.591918,Diesel,125.33981206894411,190,23814.56429309938,182010.04054216942
FL02956,VH030,TR04282,2026-04-17 09:37:50.614122,Diesel,119.45587977084769,190,22696.61715646106,229893.42208714635
FL02957,VH019,TR03453,2026-04-17 10:29:41.636327,Diesel,131.03804864230193,190,24897.229242037367,230997.95066816927
FL02958,VH047,TR03635,2026-04-17 11:21:32.658531,Petrol,114.94479612152955,200,22988.95922430591,178966.9606515142
FL02959,VH006,TR00288,2026-04-17 12:13:23.680736,Diesel,26.882070256552893,190,5107.593348745049,162856.52627500868
FL02960,VH017,TR00088,2026-04-17 13:05:14.702940,Petrol,82.31858570793239,200,16463.717141586476,137566.25812600163
FL02961,VH036,TR02206,2026-04-17 13:57:05.725145,Diesel,72.19414891232509,190,13716.888293341766,53967.440363710855
FL02962,VH014,TR02968,2026-04-17 14:48:56.747349,Diesel,53.561220957853216,190,10176.631981992112,39671.116625300434
FL02963,VH043,TR04251,2026-04-17 15:40:47.769553,Diesel,126.76565736074477,190,24085.474898541506,126570.64162945127
FL02964,VH031,TR03535,2026-04-17 16:32:38.791758,Petrol,74.97948833239272,200,14995.897666478544,48266.59748979024
FL02965,VH024,TR00220,2026-04-17 17:24:29.813962,Petrol,18.441664190056954,200,3688.332838011391,148479.98216064065
FL02966,VH005,TR01483,2026-04-17 18:16:20.836167,Diesel,48.49518172083756,190,9214.084526959135,164968.65527229235
FL02967,VH003,TR03239,2026-04-17 19:08:11.858371,Diesel,42.00694812412232,190,7981.320143583241,136147.7434048098
FL02968,VH001,TR00322,2026-04-17 20:00:02.880576,Petrol,134.24704387357968,200,26849.408774715936,18742.411003027275
FL02969,VH041,TR02739,2026-04-17 20:51:53.902780,Diesel,100.64133408945999,190,19121.8534769974,23854.71011255972
FL02970,VH026,TR04937,2026-04-17 21:43:44.924984,Diesel,88.45267722349051,190,16806.0086724632,37201.884323556515
FL02971,VH033,TR01837,2026-04-17 22:35:35.947189,Petrol,80.93089383501871,200,16186.178767003741,46874.993197201366
FL02972,VH035,TR02560,2026-04-17 23:27:26.969393,Diesel,101.01582385580517,190,19193.00653260298,247571.82730463997
FL02973,VH042,TR01569,2026-04-18 00:19:17.991598,Diesel,115.68257654879747,190,21979.689544271518,92678.80404714939
FL02974,VH049,TR02323,2026-04-18 01:11:09.013802,Diesel,87.61385881641138,190,16646.63317511816,80073.60967390868
FL02975,VH018,TR04721,2026-04-18 02:03:00.036007,Diesel,141.35995812136548,190,26858.39204305944,22543.992559414975
FL02976,VH028,TR02964,2026-04-18 02:54:51.058211,Petrol,146.75678389105383,200,29351.356778210764,162476.89376454317
FL02977,VH026,TR00353,2026-04-18 03:46:42.080416,Diesel,149.34792432523523,190,28376.105621794693,166525.78843150736
FL02978,VH008,TR01029,2026-04-18 04:38:33.102620,Diesel,103.71475541241026,190,19705.80352835795,52107.68549887952
FL02979,VH010,TR04571,2026-04-18 05:30:24.124824,Diesel,140.56686534582298,190,26707.704415706365,230617.96982190714
FL02980,VH028,TR02010,2026-04-18 06:22:15.147029,Petrol,66.62715734311365,200,13325.43146862273,202118.45118283055
FL02981,VH037,TR00928,2026-04-18 07:14:06.169233,Diesel,130.34293477463393,190,24765.15760718045,65276.63603380194
FL02982,VH028,TR00030,2026-04-18 08:05:57.191438,Petrol,137.28440182355533,200,27456.880364711065,126603.93541996897
FL02983,VH028,TR02541,2026-04-18 08:57:48.213642,Petrol,136.5796661265186,200,27315.933225303717,120013.80548772398
FL02984,VH034,TR03820,2026-04-18 09:49:39.235847,Diesel,126.31847960717342,190,24000.511125362947,93644.90664215699
FL02985,VH018,TR00495,2026-04-18 10:41:30.258051,Diesel,66.92388262977505,190,12715.53769965726,206232.33107814717
FL02986,VH040,TR04484,2026-04-18 11:33:21.280256,Petrol,32.24704747730281,200,6449.409495460562,36223.47654907624
FL02987,VH024,TR00873,2026-04-18 12:25:12.302460,Petrol,56.753889888222425,200,11350.777977644484,109675.41755867025
FL02988,VH047,TR00835,2026-04-18 13:17:03.324664,Petrol,117.42039970173302,200,23484.079940346604,112727.47133181209
FL02989,VH049,TR03325,2026-04-18 14:08:54.346869,Diesel,42.603971586196536,190,8094.754601377342,122494.14510740312
FL02990,VH047,TR00630,2026-04-18 15:00:45.369073,Petrol,76.95808907563614,200,15391.617815127227,216723.99786367087
FL02991,VH050,TR02987,2026-04-18 15:52:36.391278,Diesel,89.15593251785408,190,16939.627178392275,62360.048848360304
FL02992,VH028,TR00030,2026-04-18 16:44:27.413482,Petrol,94.54019874130253,200,18908.039748260508,34701.56164294546
FL02993,VH030,TR03783,2026-04-18 17:36:18.435687,Diesel,141.00157677303181,190,26790.299586876044,158274.0310770659
FL02994,VH043,TR00807,2026-04-18 18:28:09.457891,Diesel,102.60902285800447,190,19495.71434302085,51720.27399473132
FL02995,VH014,TR01969,2026-04-18 19:20:00.480096,Diesel,120.08183425082231,190,22815.54850765624,27983.700605108737
FL02996,VH046,TR03469,2026-04-18 20:11:51.502300,Diesel,91.46296870482868,190,17377.96405391745,112395.81293705283
FL02997,VH018,TR03581,2026-04-18 21:03:42.524504,Diesel,126.70124464067486,190,24073.23648172822,62715.14340595383
FL02998,VH014,TR01961,2026-04-18 21:55:33.546709,Diesel,46.91290582976679,190,8913.45210765569,96691.98852831607
FL02999,VH045,TR04340,2026-04-18 22:47:24.568913,Diesel,39.38287403363049,190,7482.746066389794,72330.65922458979
FL03000,VH029,TR00221,2026-04-18 23:39:15.591118,Diesel,139.68480682611576,190,26540.113296961994,32232.75105361978
FL03001,VH045,TR01344,2026-04-19 00:31:06.613322,Diesel,107.08732269003298,190,20346.591311106265,144483.32870180838
FL03002,VH027,TR04627,2026-04-19 01:22:57.635527,Petrol,104.01358078815096,200,20802.71615763019,16484.42032947656
FL03003,VH009,TR02263,2026-04-19 02:14:48.657731,Diesel,75.42133340798298,190,14330.053347516767,241930.08351865588
FL03004,VH039,TR02415,2026-04-19 03:06:39.679935,Diesel,62.73761630109147,190,11920.14709720738,91919.3252163919
FL03005,VH035,TR02162,2026-04-19 03:58:30.702140,Diesel,87.79676722700943,190,16681.38577313179,176837.80251755292
FL03006,VH044,TR04121,2026-04-19 04:50:21.724344,Petrol,26.879288919033396,200,5375.857783806679,204487.08941138798
FL03007,VH020,TR02982,2026-04-19 05:42:12.746549,Petrol,73.6597585516351,200,14731.95171032702,76985.15092949323
FL03008,VH006,TR00858,2026-04-19 06:34:03.768753,Diesel,73.75147862516732,190,14012.78093878179,189697.2901864164
FL03009,VH031,TR04994,2026-04-19 07:25:54.790958,Petrol,85.36711181219712,200,17073.422362439425,209781.0053019303
FL03010,VH027,TR00773,2026-04-19 08:17:45.813162,Petrol,98.85598601140832,200,19771.197202281663,67916.13611478725
FL03011,VH041,TR02493,2026-04-19 09:09:36.835367,Diesel,144.0245712379507,190,27364.668535210636,248198.72245505746
FL03012,VH013,TR00020,2026-04-19 10:01:27.857571,Petrol,101.30367779284596,200,20260.73555856919,14965.283882101445
FL03013,VH046,TR00806,2026-04-19 10:53:18.879775,Diesel,133.7215212734776,190,25407.089041960746,62080.11525652986
FL03014,VH024,TR01381,2026-04-19 11:45:09.901980,Petrol,87.88254060568293,200,17576.508121136587,197204.98150647827
FL03015,VH006,TR02176,2026-04-19 12:37:00.924184,Diesel,97.76990356784857,190,18576.281677891227,56591.446013380686
FL03016,VH044,TR02406,2026-04-19 13:28:51.946389,Petrol,19.777173435339748,200,3955.4346870679497,177582.36719348957
FL03017,VH029,TR03364,2026-04-19 14:20:42.968593,Diesel,28.65692120381818,190,5444.815028725454,215327.29719589688
FL03018,VH049,TR03427,2026-04-19 15:12:33.990798,Diesel,91.15386092765554,190,17319.23357625455,240211.42543222243
FL03019,VH015,TR00881,2026-04-19 16:04:25.013002,Petrol,65.3998017941241,200,13079.960358824821,123819.40369606469
FL03020,VH036,TR03109,2026-04-19 16:56:16.035207,Diesel,121.83347278117024,190,23148.359828422348,243066.18951570816
FL03021,VH022,TR01334,2026-04-19 17:48:07.057411,Petrol,86.04490248238464,200,17208.98049647693,108789.35120360287
FL03022,VH001,TR01685,2026-04-19 18:39:58.079615,Petrol,133.52074545318732,200,26704.149090637464,62350.72952185258
FL03023,VH007,TR02965,2026-04-19 19:31:49.101820,Petrol,146.1264349847208,200,29225.286996944156,133341.24474033405
FL03024,VH006,TR01606,2026-04-19 20:23:40.124024,Diesel,30.668925917007897,190,5827.0959242315,165957.57863475822
FL03025,VH050,TR02558,2026-04-19 21:15:31.146229,Diesel,65.27588523178773,190,12402.418194039668,119911.1958519865
FL03026,VH037,TR00444,2026-04-19 22:07:22.168433,Diesel,103.09734353332432,190,19588.49527133162,146073.38655203
FL03027,VH042,TR02043,2026-04-19 22:59:13.190638,Diesel,52.768425756048956,190,10026.000893649301,109938.20505452527
FL03028,VH030,TR00779,2026-04-19 23:51:04.212842,Diesel,47.38452728100932,190,9003.06018339177,135942.86896509997
FL03029,VH034,TR03160,2026-04-20 00:42:55.235047,Diesel,123.92339848803714,190,23545.445712727054,238622.96126717477
FL03030,VH034,TR01747,2026-04-20 01:34:46.257251,Diesel,147.252985668224,190,27978.06727696256,129959.47660871969
FL03031,VH021,TR03941,2026-04-20 02:26:37.279455,Petrol,118.3324663746474,200,23666.49327492948,70763.11187422246
FL03032,VH045,TR00421,2026-04-20 03:18:28.301660,Diesel,83.3147271925759,190,15829.798166589422,192099.18916301697
FL03033,VH049,TR01852,2026-04-20 04:10:19.323864,Diesel,71.95157247234405,190,13670.79876974537,91020.26986757184
FL03034,VH002,TR02109,2026-04-20 05:02:10.346069,Petrol,85.55068087425109,200,17110.136174850217,205889.72099713376
FL03035,VH038,TR04675,2026-04-20 05:54:01.368273,Diesel,74.79755830628302,190,14211.536078193774,23642.07735613244
FL03036,VH045,TR03997,2026-04-20 06:45:52.390478,Diesel,80.40432794999353,190,15276.82231049877,89722.71450608592
FL03037,VH025,TR01359,2026-04-20 07:37:43.412682,Diesel,38.48342707409188,190,7311.851144077456,32646.377982553466
FL03038,VH028,TR03911,2026-04-20 08:29:34.434886,Petrol,136.52387290330586,200,27304.77458066117,30476.277818999548
FL03039,VH011,TR02627,2026-04-20 09:21:25.457091,Diesel,115.63490021325754,190,21970.631040518932,168013.49420138495
FL03040,VH050,TR02688,2026-04-20 10:13:16.479295,Diesel,105.3368391770508,190,20013.999443639652,102480.35232486579
FL03041,VH019,TR04207,2026-04-20 11:05:07.501500,Diesel,142.98949593642624,190,27168.004227920985,219154.946076427
FL03042,VH023,TR00491,2026-04-20 11:56:58.523704,Diesel,49.815206467797324,190,9464.889228881491,133937.233089647
FL03043,VH023,TR01296,2026-04-20 12:48:49.545909,Diesel,21.362317525105993,190,4058.840329770139,80882.37308134786
FL03044,VH010,TR02082,2026-04-20 13:40:40.568113,Diesel,125.65941244974644,190,23875.288365451823,183013.33311092673
FL03045,VH007,TR03372,2026-04-20 14:32:31.590318,Petrol,149.77837491089568,200,29955.674982179135,159764.02998056792
FL03046,VH008,TR02173,2026-04-20 15:24:22.612522,Diesel,90.98054132282792,190,17286.302851337303,201902.7089990088
FL03047,VH005,TR03175,2026-04-20 16:16:13.634726,Diesel,18.233314307775462,190,3464.329718477338,164461.18632205238
FL03048,VH006,TR04065,2026-04-20 17:08:04.656931,Diesel,119.26552562169176,190,22660.449868121435,50083.22010374086
FL03049,VH031,TR03754,2026-04-20 17:59:55.679135,Petrol,20.32486683841782,200,4064.973367683564,170874.40904009584
FL03050,VH014,TR04990,2026-04-20 18:51:46.701340,Diesel,85.60195807629937,190,16264.37203449688,103971.80742779447
FL03051,VH016,TR03830,2026-04-20 19:43:37.723544,Diesel,48.85454638947379,190,9282.36381400002,121154.32726181635
FL03052,VH033,TR01950,2026-04-20 20:35:28.745749,Petrol,138.10374928293535,200,27620.74985658707,231175.49817696275
FL03053,VH044,TR03381,2026-04-20 21:27:19.767953,Petrol,73.1863698563279,200,14637.27397126558,96391.37111145929
FL03054,VH029,TR00412,2026-04-20 22:19:10.790158,Diesel,135.78486878699746,190,25799.125069529517,156870.1943178013
FL03055,VH030,TR01423,2026-04-20 23:11:01.812362,Diesel,51.87135193563946,190,9855.556867771498,97235.6160189375
FL03056,VH020,TR02982,2026-04-21 00:02:52.834566,Petrol,64.23076173498917,200,12846.152346997835,32734.596485870017
FL03057,VH050,TR01677,2026-04-21 00:54:43.856771,Diesel,142.59668635459127,190,27093.370407372342,118846.08209159212
FL03058,VH046,TR01647,2026-04-21 01:46:34.878975,Diesel,38.184023130428955,190,7254.964394781501,153294.76107031645
FL03059,VH011,TR02712,2026-04-21 02:38:25.901180,Diesel,90.99016123116031,190,17288.13063392046,107800.79008902369
FL03060,VH012,TR03960,2026-04-21 03:30:16.923384,Diesel,64.39144599841559,190,12234.374739698962,103759.88432276425
FL03061,VH003,TR01240,2026-04-21 04:22:07.945589,Diesel,118.38336390962182,190,22492.839142828147,206890.84333465528
FL03062,VH027,TR00603,2026-04-21 05:13:58.967793,Petrol,28.101491963990036,200,5620.298392798007,17124.44134947285
FL03063,VH034,TR01938,2026-04-21 06:05:49.989998,Diesel,71.2100956606536,190,13529.918175524183,80940.49521762879
FL03064,VH042,TR00026,2026-04-21 06:57:41.012202,Diesel,107.85056775833684,190,20491.607874084,204821.7436905308
FL03065,VH050,TR04680,2026-04-21 07:49:32.034406,Diesel,66.98227290086237,190,12726.631851163851,230927.2356666793
FL03066,VH044,TR01068,2026-04-21 08:41:23.056611,Petrol,18.194443498552737,200,3638.8886997105474,108951.90060179878
FL03067,VH028,TR00380,2026-04-21 09:33:14.078815,Petrol,108.71571658694815,200,21743.14331738963,223310.6183670583
FL03068,VH021,TR01285,2026-04-21 10:25:05.101020,Petrol,80.44776587589763,200,16089.553175179526,57743.229310007846
FL03069,VH049,TR04465,2026-04-21 11:16:56.123224,Diesel,11.583216135214077,190,2200.8110656906747,63142.496286441434
FL03070,VH019,TR03183,2026-04-21 12:08:47.145429,Diesel,95.77182533197222,190,18196.646813074723,213085.93038035283
FL03071,VH038,TR03748,2026-04-21 13:00:38.167633,Diesel,138.7833431540301,190,26368.83519926572,226781.85792174836
FL03072,VH047,TR02257,2026-04-21 13:52:29.189837,Petrol,25.54363274963646,200,5108.726549927292,63473.384311040194
FL03073,VH048,TR03928,2026-04-21 14:44:20.212042,Diesel,92.69397290128366,190,17611.854851243894,24237.805592466666
FL03074,VH044,TR04121,2026-04-21 15:36:11.234246,Petrol,112.01364344676824,200,22402.728689353647,31677.79289326906
FL03075,VH041,TR00546,2026-04-21 16:28:02.256451,Diesel,19.908313819642764,190,3782.5796257321254,72731.40049032719
FL03076,VH023,TR00275,2026-04-21 17:19:53.278655,Diesel,13.166164142986084,190,2501.5711871673557,192747.77851523078
FL03077,VH013,TR03442,2026-04-21 18:11:44.300860,Petrol,74.98742133029262,200,14997.484266058524,132398.03867110788
FL03078,VH008,TR02270,2026-04-21 19:03:35.323064,Diesel,120.76613621281093,190,22945.56588043408,119341.32213826472
FL03079,VH036,TR03109,2026-04-21 19:55:26.345269,Diesel,32.50071741390597,190,6175.136308642133,150193.58347984022
FL03080,VH045,TR02923,2026-04-21 20:47:17.367473,Diesel,127.12921811008921,190,24154.551440916952,223653.54723092468
FL03081,VH008,TR03388,2026-04-21 21:39:08.389677,Diesel,101.92081575930345,190,19364.954994267657,31703.29109575782
FL03082,VH047,TR01871,2026-04-21 22:30:59.411882,Petrol,56.50426029038799,200,11300.852058077598,176733.7906327795
FL03083,VH036,TR04014,2026-04-21 23:22:50.434086,Diesel,82.21561178894292,190,15620.966239899155,232429.80295729724
FL03084,VH032,TR00111,2026-04-22 00:14:41.456291,Petrol,145.18049716174338,200,29036.099432348674,61204.010022016
FL03085,VH016,TR01756,2026-04-22 01:06:32.478495,Diesel,40.30117588852743,190,7657.223418820212,211065.35583084027
FL03086,VH012,TR04804,2026-04-22 01:58:23.500700,Diesel,79.93495568416563,190,15187.64157999147,177525.93058228053
FL03087,VH038,TR01368,2026-04-22 02:50:14.522904,Diesel,97.4281178550669,190,18511.34239246271,13472.448657554725
FL03088,VH049,TR01529,2026-04-22 03:42:05.545109,Diesel,29.322044766593272,190,5571.188505652722,65586.80328691077
FL03089,VH049,TR00552,2026-04-22 04:33:56.567313,Diesel,16.09309240726335,190,3057.687557380036,155402.7426150114
FL03090,VH002,TR00134,2026-04-22 05:25:47.589517,Petrol,11.88439341040598,200,2376.878682081196,130576.0814778908
FL03091,VH005,TR02912,2026-04-22 06:17:38.611722,Diesel,55.456999924002275,190,10536.829985560433,136704.70060644782
FL03092,VH037,TR02014,2026-04-22 07:09:29.633926,Diesel,20.35262122788115,190,3866.9980332974187,65663.30190563743
FL03093,VH034,TR03263,2026-04-22 08:01:20.656131,Diesel,122.52779335575605,190,23280.28073759365,172000.8329700704
FL03094,VH018,TR01061,2026-04-22 08:53:11.678335,Diesel,149.62473380264444,190,28428.699422502443,73940.40902482645
FL03095,VH032,TR02508,2026-04-22 09:45:02.700540,Petrol,18.582535042824965,200,3716.507008564993,103464.39195482893
FL03096,VH006,TR02023,2026-04-22 10:36:53.722744,Diesel,70.58167863068155,190,13410.518939829495,98539.81981121829
FL03097,VH044,TR02187,2026-04-22 11:28:44.744948,Petrol,13.602497217560467,200,2720.4994435120934,171286.00530877567
FL03098,VH007,TR02666,2026-04-22 12:20:35.767153,Petrol,28.758724706016853,200,5751.74494120337,31660.662803972173
FL03099,VH025,TR03171,2026-04-22 13:12:26.789357,Diesel,55.20915852749437,190,10489.740120223929,59330.056249644455
FL03100,VH044,TR02728,2026-04-22 14:04:17.811562,Petrol,65.11774982807097,200,13023.549965614195,58119.29696441628
FL03101,VH048,TR03336,2026-04-22 14:56:08.833766,Diesel,141.5696125000096,190,26898.226375001825,36021.92178777042
FL03102,VH008,TR02647,2026-04-22 15:47:59.855971,Diesel,65.41715322596542,190,12429.25911293343,59822.79492075017
FL03103,VH008,TR00596,2026-04-22 16:39:50.878175,Diesel,79.4788722680363,190,15100.985730926897,155694.46430160504
FL03104,VH040,TR04107,2026-04-22 17:31:41.900380,Petrol,44.381671558341296,200,8876.334311668259,185720.36100980517
FL03105,VH023,TR02375,2026-04-22 18:23:32.922584,Diesel,10.017519425920568,190,1903.328690924908,168472.82727258943
FL03106,VH020,TR03422,2026-04-22 19:15:23.944788,Petrol,135.90682394263894,200,27181.364788527786,124045.15311541175
FL03107,VH024,TR02279,2026-04-22 20:07:14.966993,Petrol,21.440065985082676,200,4288.013197016535,22584.297063055274
FL03108,VH050,TR01165,2026-04-22 20:59:05.989197,Diesel,144.99483774507206,190,27549.01917156369,240161.682564826
FL03109,VH047,TR00618,2026-04-22 21:50:57.011402,Petrol,28.318174574036437,200,5663.634914807288,50338.35060099807
FL03110,VH006,TR04861,2026-04-22 22:42:48.033606,Diesel,94.68298730506163,190,17989.76758796171,170421.128897361
FL03111,VH031,TR04145,2026-04-22 23:34:39.055811,Petrol,149.91748229992916,200,29983.496459985832,229093.74771570665
FL03112,VH041,TR00451,2026-04-23 00:26:30.078015,Diesel,29.385043449754622,190,5583.158255453378,177466.50303543726
FL03113,VH018,TR01799,2026-04-23 01:18:21.100220,Diesel,69.3520318915754,190,13176.886059399325,62331.91364534805
FL03114,VH041,TR04587,2026-04-23 02:10:12.122424,Diesel,119.25931365600671,190,22659.269594641275,85791.11170336553
FL03115,VH046,TR01893,2026-04-23 03:02:03.144628,Diesel,14.506620978995556,190,2756.2579860091555,17249.40808266284
FL03116,VH045,TR02455,2026-04-23 03:53:54.166833,Diesel,106.56958515960623,190,20248.221180325185,157061.97780210723
FL03117,VH035,TR02223,2026-04-23 04:45:45.189037,Diesel,21.25226730471193,190,4037.9307878952663,157118.31541157598
FL03118,VH030,TR03809,2026-04-23 05:37:36.211242,Diesel,43.112819918251695,190,8191.4357844678225,184120.13953033104
FL03119,VH021,TR01285,2026-04-23 06:29:27.233446,Petrol,32.41066274907046,200,6482.132549814092,12639.109426149123
FL03120,VH025,TR02528,2026-04-23 07:21:18.255651,Diesel,137.02710043057107,190,26035.149081808504,206281.909317872
FL03121,VH008,TR01758,2026-04-23 08:13:09.277855,Diesel,35.263940349435316,190,6700.14866639271,187290.62977607394
FL03122,VH046,TR00223,2026-04-23 09:05:00.300060,Diesel,15.660773372122009,190,2975.5469407031815,43812.786285781316
FL03123,VH024,TR04365,2026-04-23 09:56:51.322264,Petrol,92.2675949826867,200,18453.51899653734,93430.38622455487
FL03124,VH049,TR00901,2026-04-23 10:48:42.344468,Diesel,58.46532955735828,190,11108.412615898073,163245.97429701203
FL03125,VH006,TR02366,2026-04-23 11:40:33.366673,Diesel,66.79887088979129,190,12691.785469060345,128991.24998567869
FL03126,VH019,TR04481,2026-04-23 12:32:24.388877,Diesel,26.668784280756576,190,5067.069013343749,37622.62333630298
FL03127,VH040,TR01610,2026-04-23 13:24:15.411082,Petrol,114.75282880064724,200,22950.565760129448,30962.89003278158
FL03128,VH030,TR04722,2026-04-23 14:16:06.433286,Diesel,94.21751095009252,190,17901.327080517578,197549.51178594198
FL03129,VH020,TR03291,2026-04-23 15:07:57.455491,Petrol,60.990386264759195,200,12198.07725295184,47432.108324274355
FL03130,VH023,TR01224,2026-04-23 15:59:48.477695,Diesel,34.02049212683904,190,6463.893504099417,51302.24174330646
FL03131,VH003,TR01908,2026-04-23 16:51:39.499899,Diesel,93.08324348387845,190,17685.816261936907,209421.55008562183
FL03132,VH050,TR01363,2026-04-23 17:43:30.522104,Diesel,119.00361913103282,190,22610.687634896236,156913.51229517208
FL03133,VH032,TR02752,2026-04-23 18:35:21.544308,Petrol,53.735619741407284,200,10747.123948281456,155131.74595695338
FL03134,VH047,TR03970,2026-04-23 19:27:12.566513,Petrol,13.620453695403594,200,2724.090739080719,125042.9851272016
FL03135,VH025,TR01269,2026-04-23 20:19:03.588717,Diesel,40.00815786541776,190,7601.549994429374,146558.80345654982
FL03136,VH016,TR04938,2026-04-23 21:10:54.610922,Diesel,105.5356946449961,190,20051.78198254926,154424.72568923465
FL03137,VH002,TR01232,2026-04-23 22:02:45.633126,Petrol,148.47349284396918,200,29694.698568793836,242278.29636245928
FL03138,VH025,TR04069,2026-04-23 22:54:36.655331,Diesel,11.872673517228714,190,2255.8079682734556,63513.59379221902
FL03139,VH035,TR01748,2026-04-23 23:46:27.677535,Diesel,52.86149869849411,190,10043.684752713882,61494.98072811018
FL03140,VH037,TR02559,2026-04-24 00:38:18.699739,Diesel,18.68292186283744,190,3549.7551539391134,23732.437049275763
FL03141,VH031,TR00738,2026-04-24 01:30:09.721944,Petrol,54.28890028682451,200,10857.780057364902,167967.71171423735
FL03142,VH049,TR04437,2026-04-24 02:22:00.744148,Diesel,66.82800803783897,190,12697.321527189404,141770.12339734286
FL03143,VH036,TR02980,2026-04-24 03:13:51.766353,Diesel,138.9206928724757,190,26394.931645770386,36697.40892319354
FL03144,VH026,TR01952,2026-04-24 04:05:42.788557,Diesel,21.27851191669702,190,4042.917264172434,97489.34442836494
FL03145,VH044,TR01782,2026-04-24 04:57:33.810762,Petrol,118.7987674292078,200,23759.75348584156,52879.16927948892
FL03146,VH019,TR00530,2026-04-24 05:49:24.832966,Diesel,65.37481544881487,190,12421.214935274826,89555.61769620677
FL03147,VH013,TR04130,2026-04-24 06:41:15.855171,Petrol,123.57679895336989,200,24715.359790673978,238303.40065470643
FL03148,VH042,TR04419,2026-04-24 07:33:06.877375,Diesel,81.87630594558698,190,15556.498129661526,173996.52133132695
FL03149,VH035,TR01205,2026-04-24 08:24:57.899579,Diesel,15.49948543807741,190,2944.902233234708,11816.584190834068
FL03150,VH045,TR01987,2026-04-24 09:16:48.921784,Diesel,142.46882386007744,190,27069.076533414715,70601.93770818968
FL03151,VH049,TR00347,2026-04-24 10:08:39.943988,Diesel,21.582768880833058,190,4100.726087358281,12486.771298666969
FL03152,VH014,TR01216,2026-04-24 11:00:30.966193,Diesel,93.67569035472586,190,17798.381167397914,181568.43970448337
FL03153,VH031,TR02769,2026-04-24 11:52:21.988397,Petrol,132.8734868106922,200,26574.697362138442,122661.2324933148
FL03154,VH002,TR00245,2026-04-24 12:44:13.010602,Petrol,21.167771685027144,200,4233.554337005429,248564.48603545342
FL03155,VH020,TR02726,2026-04-24 13:36:04.032806,Petrol,87.54507437824181,200,17509.01487564836,186059.982645438
FL03156,VH034,TR03052,2026-04-24 14:27:55.055011,Diesel,125.4005825734233,190,23826.11068895043,134299.10624989166
FL03157,VH049,TR00133,2026-04-24 15:19:46.077215,Diesel,148.08545921041141,190,28136.23724997817,203129.30276995245
FL03158,VH019,TR01371,2026-04-24 16:11:37.099419,Diesel,111.40583611396298,190,21167.108861652967,179152.87629617826
FL03159,VH004,TR02097,2026-04-24 17:03:28.121624,Diesel,48.96681256486111,190,9303.69438732361,68506.28263263691
FL03160,VH046,TR01088,2026-04-24 17:55:19.143828,Diesel,107.93984617835733,190,20508.570773887892,137261.98595860397
FL03161,VH027,TR01648,2026-04-24 18:47:10.166033,Petrol,108.80734770306951,200,21761.469540613904,143439.693960177
FL03162,VH019,TR01892,2026-04-24 19:39:01.188237,Diesel,107.99524169464644,190,20519.095921982822,118295.60766587283
FL03163,VH011,TR01721,2026-04-24 20:30:52.210442,Diesel,129.5964611930348,190,24623.32762667661,53006.22948528687
FL03164,VH036,TR04003,2026-04-24 21:22:43.232646,Diesel,22.23320875272873,190,4224.309663018458,63608.57239789288
FL03165,VH022,TR02261,2026-04-24 22:14:34.254850,Petrol,25.17877835816067,200,5035.755671632134,77451.37622943078
FL03166,VH001,TR00119,2026-04-24 23:06:25.277055,Petrol,99.68639739157813,200,19937.279478315624,12461.235850759298
FL03167,VH006,TR02904,2026-04-24 23:58:16.299259,Diesel,143.5433534537463,190,27273.2371562118,230066.53412068225
FL03168,VH046,TR02809,2026-04-25 00:50:07.321464,Diesel,75.21740944869443,190,14291.307795251942,174663.03798003495
FL03169,VH026,TR00895,2026-04-25 01:41:58.343668,Diesel,144.47877822759452,190,27450.967863242957,175508.155788273
FL03170,VH040,TR01266,2026-04-25 02:33:49.365873,Petrol,141.33193633226156,200,28266.38726645231,147359.3473141891
FL03171,VH010,TR00363,2026-04-25 03:25:40.388077,Diesel,136.40736335280474,190,25917.3990370329,175434.5939586542
FL03172,VH020,TR01774,2026-04-25 04:17:31.410282,Petrol,137.37913648097194,200,27475.827296194388,245647.01196967275
FL03173,VH028,TR00314,2026-04-25 05:09:22.432486,Petrol,135.76463106591802,200,27152.926213183604,102438.48103227839
FL03174,VH026,TR01707,2026-04-25 06:01:13.454690,Diesel,124.7845136954855,190,23709.057602142246,181006.1408503753
FL03175,VH008,TR03466,2026-04-25 06:53:04.476895,Diesel,107.29705420474625,190,20386.440298901787,96286.96105060677
FL03176,VH004,TR04368,2026-04-25 07:44:55.499099,Diesel,13.417145002965153,190,2549.257550563379,215029.31169923823
FL03177,VH024,TR01790,2026-04-25 08:36:46.521304,Petrol,28.51550290184735,200,5703.10058036947,215926.8656536084
FL03178,VH008,TR02394,2026-04-25 09:28:37.543508,Diesel,28.7924876344054,190,5470.572650537026,226543.9421016364
FL03179,VH026,TR03611,2026-04-25 10:20:28.565713,Diesel,13.295639799142583,190,2526.171561837091,11311.197818050801
FL03180,VH047,TR03695,2026-04-25 11:12:19.587917,Petrol,26.338247579309133,200,5267.649515861826,81565.94679906276
FL03181,VH036,TR02281,2026-04-25 12:04:10.610122,Diesel,138.7645006993949,190,26365.255132885028,42141.84428838306
FL03182,VH040,TR00990,2026-04-25 12:56:01.632326,Petrol,102.93260016751003,200,20586.520033502005,118956.68749363764
FL03183,VH037,TR03681,2026-04-25 13:47:52.654530,Diesel,53.69022256135914,190,10201.142286658238,128907.91424303147
FL03184,VH016,TR02464,2026-04-25 14:39:43.676735,Diesel,121.0704017131352,190,23003.376325495687,71416.97027911732
FL03185,VH026,TR00905,2026-04-25 15:31:34.698939,Diesel,78.37172817367913,190,14890.628352999034,183627.1580908169
FL03186,VH021,TR03045,2026-04-25 16:23:25.721144,Petrol,29.897785168222722,200,5979.557033644544,74744.73212535265
FL03187,VH026,TR03398,2026-04-25 17:15:16.743348,Diesel,133.83029137170897,190,25427.755360624702,214933.93006800607
FL03188,VH034,TR03998,2026-04-25 18:07:07.765553,Diesel,57.41267247310615,190,10908.407769890167,52638.248354028845
FL03189,VH016,TR04840,2026-04-25 18:58:58.787757,Diesel,107.84029227418519,190,20489.655532095185,98136.47074366806
FL03190,VH013,TR00911,2026-04-25 19:50:49.809961,Petrol,50.68318246994504,200,10136.636493989008,159337.0620218332
FL03191,VH042,TR02608,2026-04-25 20:42:40.832166,Diesel,80.00997509433199,190,15201.895267923079,155280.4169111808
FL03192,VH015,TR01746,2026-04-25 21:34:31.854370,Petrol,124.27537961425816,200,24855.075922851633,28726.986881234443
FL03193,VH034,TR02124,2026-04-25 22:26:22.876575,Diesel,31.948828499411476,190,6070.277414888181,213102.06692582756
FL03194,VH041,TR04343,2026-04-25 23:18:13.898779,Diesel,146.81519533349896,190,27894.887113364803,153535.58402314605
FL03195,VH049,TR01852,2026-04-26 00:10:04.920984,Diesel,19.83022920050167,190,3767.7435480953172,218766.2916897204
FL03196,VH032,TR04672,2026-04-26 01:01:55.943188,Petrol,84.76124736367058,200,16952.249472734115,218232.53877468844
FL03197,VH016,TR03766,2026-04-26 01:53:46.965393,Diesel,138.2435727092727,190,26266.278814761816,141020.48569000745
FL03198,VH043,TR01616,2026-04-26 02:45:37.987597,Diesel,142.39714388355355,190,27055.457337875174,228587.5497547451
FL03199,VH017,TR02391,2026-04-26 03:37:29.009801,Petrol,42.49525480316864,200,8499.05096063373,213617.87171522944
FL03200,VH002,TR02763,2026-04-26 04:29:20.032006,Petrol,30.157897370073208,200,6031.579474014641,239949.50669482505
FL03201,VH032,TR01206,2026-04-26 05:21:11.054210,Petrol,111.41642004450473,200,22283.284008900948,214119.61565425753
FL03202,VH038,TR04027,2026-04-26 06:13:02.076415,Diesel,15.876299558673194,190,3016.496916147907,207088.92424027587
FL03203,VH017,TR02680,2026-04-26 07:04:53.098619,Petrol,77.933455664244,200,15586.691132848799,122646.51536245875
FL03204,VH037,TR02447,2026-04-26 07:56:44.120824,Diesel,121.48973175104547,190,23083.04903269864,60887.45449070266
FL03205,VH041,TR03313,2026-04-26 08:48:35.143028,Diesel,88.43566143235674,190,16802.77567214778,228570.09593811663
FL03206,VH022,TR04388,2026-04-26 09:40:26.165233,Petrol,36.3218572083607,200,7264.37144167214,183411.80474705817
FL03207,VH016,TR02102,2026-04-26 10:32:17.187437,Diesel,78.18620192579485,190,14855.37836590102,77619.48740764486
FL03208,VH044,TR03217,2026-04-26 11:24:08.209641,Petrol,138.978460302845,200,27795.692060569003,91838.9734613542
FL03209,VH047,TR03670,2026-04-26 12:15:59.231846,Petrol,96.40981692619874,200,19281.96338523975,174658.84284573293
FL03210,VH028,TR03031,2026-04-26 13:07:50.254050,Petrol,111.00868785966277,200,22201.737571932554,124676.15400488101
FL03211,VH019,TR02525,2026-04-26 13:59:41.276255,Diesel,57.07694315275209,190,10844.619199022896,29555.814843128384
FL03212,VH041,TR04118,2026-04-26 14:51:32.298459,Diesel,36.38772852346648,190,6913.6684194586305,43947.50697895768
FL03213,VH011,TR03308,2026-04-26 15:43:23.320664,Diesel,45.78991218594451,190,8700.083315329457,188955.68404295467
FL03214,VH013,TR02743,2026-04-26 16:35:14.342868,Petrol,84.6448631264413,200,16928.972625288257,88856.68683563941
FL03215,VH002,TR01962,2026-04-26 17:27:05.365073,Petrol,49.230821505498525,200,9846.164301099705,131835.86281648942
FL03216,VH015,TR04626,2026-04-26 18:18:56.387277,Petrol,85.87507023965415,200,17175.01404793083,193989.15478084618
FL03217,VH037,TR03622,2026-04-26 19:10:47.409481,Diesel,109.09086983266477,190,20727.265268206305,190282.14248945258
FL03218,VH016,TR00101,2026-04-26 20:02:38.431686,Diesel,112.8154226638422,190,21434.930306130016,50083.60645294573
FL03219,VH028,TR01314,2026-04-26 20:54:29.453890,Petrol,33.05589155255308,200,6611.178310510615,33614.527455768475
FL03220,VH045,TR03449,2026-04-26 21:46:20.476095,Diesel,115.06031883674083,190,21861.460578980757,151876.5503116216
FL03221,VH021,TR03245,2026-04-26 22:38:11.498299,Petrol,104.17633954293026,200,20835.267908586055,187991.8897434975
FL03222,VH018,TR01902,2026-04-26 23:30:02.520504,Diesel,11.680718671618935,190,2219.336547607598,45769.58127889849
FL03223,VH038,TR04675,2026-04-27 00:21:53.542708,Diesel,18.24210451256512,190,3465.9998573873727,99269.26895854594
FL03224,VH021,TR01215,2026-04-27 01:13:44.564912,Petrol,100.47493026045325,200,20094.98605209065,218866.71903223376
FL03225,VH023,TR03627,2026-04-27 02:05:35.587117,Diesel,63.71854593891935,190,12106.523728394675,236613.55397447705
FL03226,VH047,TR00790,2026-04-27 02:57:26.609321,Petrol,30.454559940593224,200,6090.911988118645,118976.74262792424
FL03227,VH030,TR01367,2026-04-27 03:49:17.631526,Diesel,16.215518283748658,190,3080.948473912245,29083.824167399922
FL03228,VH042,TR03624,2026-04-27 04:41:08.653730,Diesel,32.31576769414032,190,6139.99586188666,71847.14948857058
FL03229,VH007,TR00503,2026-04-27 05:32:59.675935,Petrol,144.05195500502631,200,28810.391001005264,65912.78087572791
FL03230,VH033,TR00173,2026-04-27 06:24:50.698139,Petrol,111.85918981993576,200,22371.837963987153,67351.29292985366
FL03231,VH015,TR00887,2026-04-27 07:16:41.720344,Petrol,83.87875893080114,200,16775.75178616023,128531.60929102001
FL03232,VH050,TR01418,2026-04-27 08:08:32.742548,Diesel,141.81567000764284,190,26944.977301452138,149974.15640597706
FL03233,VH021,TR03533,2026-04-27 09:00:23.764752,Petrol,96.67546127542454,200,19335.092255084906,39402.30128318448
FL03234,VH003,TR04369,2026-04-27 09:52:14.786957,Diesel,111.59032635929341,190,21202.16200826575,223445.44156680023
FL03235,VH041,TR03430,2026-04-27 10:44:05.809161,Diesel,49.571254590822086,190,9418.538372256196,158793.71758746757
FL03236,VH022,TR01410,2026-04-27 11:35:56.831366,Petrol,92.45745810248741,200,18491.49162049748,153340.4152643213
FL03237,VH019,TR02924,2026-04-27 12:27:47.853570,Diesel,30.086814201697635,190,5716.494698322551,246946.95961222818
FL03238,VH002,TR04954,2026-04-27 13:19:38.875775,Petrol,66.62764032768855,200,13325.52806553771,160754.55459835008
FL03239,VH035,TR01911,2026-04-27 14:11:29.897979,Diesel,14.653645498125416,190,2784.1926446438288,232950.1958322844
FL03240,VH050,TR00261,2026-04-27 15:03:20.920184,Diesel,40.32793226157527,190,7662.307129699301,78701.67336635002
FL03241,VH023,TR03353,2026-04-27 15:55:11.942388,Diesel,20.481608119174457,190,3891.505542643147,67631.07768315941
FL03242,VH017,TR01353,2026-04-27 16:47:02.964592,Petrol,64.28903473101239,200,12857.806946202478,133964.48483786875
FL03243,VH009,TR01500,2026-04-27 17:38:53.986797,Diesel,128.02492304938863,190,24324.73537938384,132066.14743279986
FL03244,VH045,TR04374,2026-04-27 18:30:45.009001,Diesel,62.91077488830743,190,11953.047228778412,64356.07587613525
FL03245,VH007,TR02141,2026-04-27 19:22:36.031206,Petrol,126.42954763925007,200,25285.909527850014,177917.35765598743
FL03246,VH021,TR03007,2026-04-27 20:14:27.053410,Petrol,101.90976376104423,200,20381.952752208847,17112.116616806386
FL03247,VH015,TR03619,2026-04-27 21:06:18.075615,Petrol,81.33412252831589,200,16266.824505663177,175751.31341186864
FL03248,VH044,TR00823,2026-04-27 21:58:09.097819,Petrol,43.16483705658627,200,8632.967411317255,119722.69266959203
FL03249,VH039,TR00532,2026-04-27 22:50:00.120024,Diesel,139.10185299818133,190,26429.35206965445,175361.80260281896
FL03250,VH026,TR02821,2026-04-27 23:41:51.142228,Diesel,17.588113237884656,190,3341.7415151980845,124499.35135396455
FL03251,VH018,TR00167,2026-04-28 00:33:42.164432,Diesel,106.44782247783414,190,20225.086270788484,244560.1078923268
FL03252,VH001,TR04927,2026-04-28 01:25:33.186637,Petrol,96.97358499331165,200,19394.71699866233,90324.38826474827
FL03253,VH021,TR04332,2026-04-28 02:17:24.208841,Petrol,71.74581311591376,200,14349.162623182752,245817.50488057316
FL03254,VH043,TR01056,2026-04-28 03:09:15.231046,Diesel,43.644933740964746,190,8292.537410783301,25593.74619495409
FL03255,VH017,TR01255,2026-04-28 04:01:06.253250,Petrol,70.29743115833736,200,14059.486231667472,174102.5859418136
FL03256,VH027,TR04287,2026-04-28 04:52:57.275455,Petrol,132.1881815774789,200,26437.63631549578,119012.60962837891
FL03257,VH044,TR04008,2026-04-28 05:44:48.297659,Petrol,127.14725543569358,200,25429.451087138717,207313.03012712806
FL03258,VH046,TR04709,2026-04-28 06:36:39.319863,Diesel,141.79337499678408,190,26940.741249388975,199507.85673207953
FL03259,VH005,TR01532,2026-04-28 07:28:30.342068,Diesel,53.09104892753472,190,10087.299296231597,202050.44389022497
FL03260,VH045,TR03529,2026-04-28 08:20:21.364272,Diesel,64.19458217164221,190,12196.97061261202,32737.26383260473
FL03261,VH029,TR04043,2026-04-28 09:12:12.386477,Diesel,12.621661372380865,190,2398.1156607523644,207367.76796671073
FL03262,VH040,TR00973,2026-04-28 10:04:03.408681,Petrol,142.01299926080114,200,28402.599852160227,61369.63778650262
FL03263,VH002,TR03825,2026-04-28 10:55:54.430886,Petrol,56.11461285441764,200,11222.92257088353,16163.263326168344
FL03264,VH039,TR04745,2026-04-28 11:47:45.453090,Diesel,66.58293501461905,190,12650.75765277762,62257.29272425873
FL03265,VH019,TR00106,2026-04-28 12:39:36.475295,Diesel,137.09264560263523,190,26047.602664500693,125028.42512795987
FL03266,VH033,TR01605,2026-04-28 13:31:27.497499,Petrol,83.72378022335384,200,16744.75604467077,188106.72637874368
FL03267,VH047,TR03774,2026-04-28 14:23:18.519703,Petrol,89.26443584576691,200,17852.887169153382,62471.79539988489
FL03268,VH026,TR04288,2026-04-28 15:15:09.541908,Diesel,34.67259734112836,190,6587.793494814388,37121.81154166513
FL03269,VH030,TR01003,2026-04-28 16:07:00.564112,Diesel,79.81240291461162,190,15164.356553776208,165032.14120574613
FL03270,VH003,TR04731,2026-04-28 16:58:51.586317,Diesel,138.5492041272284,190,26324.348784173395,246135.5287264042
FL03271,VH032,TR00085,2026-04-28 17:50:42.608521,Petrol,88.22053233510964,200,17644.106467021928,154208.87250054834
FL03272,VH020,TR02996,2026-04-28 18:42:33.630726,Petrol,45.71629104956613,200,9143.258209913227,175853.76738962124
FL03273,VH033,TR04824,2026-04-28 19:34:24.652930,Petrol,14.365320978866798,200,2873.0641957733596,144680.1864991408
FL03274,VH019,TR03288,2026-04-28 20:26:15.675135,Diesel,57.08224828356952,190,10845.627173878209,197763.62661484093
FL03275,VH006,TR04166,2026-04-28 21:18:06.697339,Diesel,90.16272796902412,190,17130.918314114584,244193.06085026675
FL03276,VH008,TR00154,2026-04-28 22:09:57.719543,Diesel,15.965860371916216,190,3033.513470664081,140591.01505700435
FL03277,VH030,TR01462,2026-04-28 23:01:48.741748,Diesel,95.37096082076187,190,18120.482555944756,110029.7228182542
FL03278,VH002,TR02813,2026-04-28 23:53:39.763952,Petrol,83.27793579653579,200,16655.587159307157,216482.33467843034
FL03279,VH028,TR02020,2026-04-29 00:45:30.786157,Petrol,119.68096568331993,200,23936.193136663984,242734.80250239762
FL03280,VH021,TR01098,2026-04-29 01:37:21.808361,Petrol,14.044344118074656,200,2808.8688236149314,41003.593808696314
FL03281,VH018,TR00571,2026-04-29 02:29:12.830566,Diesel,119.31862827462324,190,22670.539372178417,148761.0317137307
FL03282,VH024,TR00149,2026-04-29 03:21:03.852770,Petrol,82.92278640613496,200,16584.557281226993,200190.39821103937
FL03283,VH019,TR03578,2026-04-29 04:12:54.874974,Diesel,61.8741065891596,190,11756.080251940324,138001.4572375338
FL03284,VH004,TR02692,2026-04-29 05:04:45.897179,Diesel,145.15361669023537,190,27579.18717114472,108207.27236630769
FL03285,VH050,TR02110,2026-04-29 05:56:36.919383,Diesel,32.416736613047426,190,6159.179956479011,167255.15707250094
FL03286,VH021,TR01919,2026-04-29 06:48:27.941588,Petrol,85.78551667275491,200,17157.103334550982,74830.7426832036
FL03287,VH032,TR04870,2026-04-29 07:40:18.963792,Petrol,54.937406302946975,200,10987.481260589395,93792.09830520865
FL03288,VH049,TR03656,2026-04-29 08:32:09.985997,Diesel,83.848093031347,190,15931.137675955932,248146.39813152273
FL03289,VH017,TR01713,2026-04-29 09:24:01.008201,Petrol,87.3185633612577,200,17463.71267225154,162751.6802498789
FL03290,VH041,TR02493,2026-04-29 10:15:52.030406,Diesel,22.522754779478408,190,4279.323408100898,219502.5515946579
FL03291,VH043,TR01345,2026-04-29 11:07:43.052610,Diesel,102.55892056856896,190,19486.194908028105,203864.44312891443
FL03292,VH039,TR03966,2026-04-29 11:59:34.074814,Diesel,98.82740942866165,190,18777.207791445715,166545.41305456578
FL03293,VH026,TR01107,2026-04-29 12:51:25.097019,Diesel,117.72541844882495,190,22367.829505276743,211774.97979010557
FL03294,VH014,TR03506,2026-04-29 13:43:16.119223,Diesel,22.69218911228394,190,4311.515931333949,78918.03890405703
FL03295,VH011,TR04113,2026-04-29 14:35:07.141428,Diesel,51.616196566516294,190,9807.077347638096,162907.9477149516
FL03296,VH012,TR00583,2026-04-29 15:26:58.163632,Diesel,101.01548396193418,190,19192.941952767495,151744.83748575542
FL03297,VH027,TR04351,2026-04-29 16:18:49.185837,Petrol,29.142315628185187,200,5828.463125637038,159380.70419040276
FL03298,VH036,TR02691,2026-04-29 17:10:40.208041,Diesel,104.86374951038192,190,19924.112406972567,50471.66251522605
FL03299,VH045,TR04657,2026-04-29 18:02:31.230246,Diesel,18.263739514859218,190,3470.1105078232513,76538.32959953642
FL03300,VH013,TR02581,2026-04-29 18:54:22.252450,Petrol,56.89041741434788,200,11378.083482869575,78797.99651020938
FL03301,VH012,TR00320,2026-04-29 19:46:13.274654,Diesel,128.53955712655267,190,24422.515854045007,154467.07901746317
FL03302,VH029,TR04316,2026-04-29 20:38:04.296859,Diesel,118.40078065336243,190,22496.148324138863,243411.25130554868
FL03303,VH045,TR04795,2026-04-29 21:29:55.319063,Diesel,100.2665001317923,190,19050.635025040538,238976.21228371555
FL03304,VH037,TR01438,2026-04-29 22:21:46.341268,Diesel,131.86417832751417,190,25054.193882227693,64525.49271752717
FL03305,VH044,TR00032,2026-04-29 23:13:37.363472,Petrol,109.29773618410806,200,21859.54723682161,83162.8583360254
FL03306,VH042,TR00715,2026-04-30 00:05:28.385677,Diesel,82.71251472951242,190,15715.37779860736,18654.854147000107
FL03307,VH036,TR01040,2026-04-30 00:57:19.407881,Diesel,147.16045005401014,190,27960.485510261926,105715.7415662546
FL03308,VH017,TR00409,2026-04-30 01:49:10.430086,Petrol,107.27985117050473,200,21455.970234100947,210321.78920328725
FL03309,VH022,TR01128,2026-04-30 02:41:01.452290,Petrol,94.19140475382044,200,18838.28095076409,229780.4173566736
FL03310,VH015,TR00707,2026-04-30 03:32:52.474494,Petrol,67.24187853349906,200,13448.375706699811,66759.15509630647
FL03311,VH003,TR03840,2026-04-30 04:24:43.496699,Diesel,136.33774980106705,190,25904.17246220274,73790.67363732142
FL03312,VH042,TR03024,2026-04-30 05:16:34.518903,Diesel,51.39927338469899,190,9765.861943092808,63003.95596210088
FL03313,VH021,TR03660,2026-04-30 06:08:25.541108,Petrol,11.290743189526376,200,2258.1486379052753,94024.8562178989
FL03314,VH026,TR00783,2026-04-30 07:00:16.563312,Diesel,37.543673140530395,190,7133.297896700775,203142.2556617307
FL03315,VH025,TR02180,2026-04-30 07:52:07.585517,Diesel,25.332448871930282,190,4813.165285666753,165245.79277227042
FL03316,VH010,TR01179,2026-04-30 08:43:58.607721,Diesel,54.65912838423009,190,10385.234393003717,198625.820287288
FL03317,VH001,TR02407,2026-04-30 09:35:49.629925,Petrol,125.6230148441837,200,25124.60296883674,149927.4655204735
FL03318,VH021,TR02808,2026-04-30 10:27:40.652130,Petrol,101.21415595110105,200,20242.83119022021,71855.93873419522
FL03319,VH037,TR04261,2026-04-30 11:19:31.674334,Diesel,33.65728249271975,190,6394.883673616753,64718.603251010594
FL03320,VH021,TR02765,2026-04-30 12:11:22.696539,Petrol,120.4350409529274,200,24087.00819058548,12160.169407299949
FL03321,VH030,TR02725,2026-04-30 13:03:13.718743,Diesel,80.59078125391638,190,15312.24843824411,197435.7128497774
FL03322,VH019,TR02536,2026-04-30 13:55:04.740948,Diesel,81.78004737656157,190,15538.209001546698,213309.09427953226
FL03323,VH030,TR00213,2026-04-30 14:46:55.763152,Diesel,60.69570533732226,190,11532.18401409123,194387.82391081992
FL03324,VH015,TR01949,2026-04-30 15:38:46.785357,Petrol,131.04629107508327,200,26209.258215016656,27856.493854837776
FL03325,VH044,TR04862,2026-04-30 16:30:37.807561,Petrol,54.56582253981097,200,10913.164507962194,192933.19052076782
FL03326,VH046,TR03147,2026-04-30 17:22:28.829765,Diesel,23.17956649375641,190,4404.117633813718,20984.188756064636
FL03327,VH047,TR01202,2026-04-30 18:14:19.851970,Petrol,52.38205915607231,200,10476.411831214462,35342.33576953388
FL03328,VH015,TR01820,2026-04-30 19:06:10.874174,Petrol,110.149496477504,200,22029.8992955008,115714.08950384014
FL03329,VH049,TR02890,2026-04-30 19:58:01.896379,Diesel,102.06146415246604,190,19391.678188968548,124275.28214196162
FL03330,VH021,TR00645,2026-04-30 20:49:52.918583,Petrol,36.3224014975009,200,7264.48029950018,205868.47278848712
FL03331,VH008,TR02360,2026-04-30 21:41:43.940788,Diesel,25.649801874691885,190,4873.462356191459,173086.45408981852
FL03332,VH008,TR04223,2026-04-30 22:33:34.962992,Diesel,102.52120617624449,190,19479.029173486455,46796.84287149191
FL03333,VH026,TR04473,2026-04-30 23:25:25.985197,Diesel,104.69275699168772,190,19891.623828420667,64275.22797491232
FL03334,VH035,TR04321,2026-05-01 00:17:17.007401,Diesel,61.2609492094799,190,11639.580349801181,78562.04518208482
FL03335,VH008,TR03089,2026-05-01 01:09:08.029605,Diesel,127.99219369407116,190,24318.51680187352,39681.432989166
FL03336,VH012,TR00497,2026-05-01 02:00:59.051810,Diesel,146.94872853198837,190,27920.25842107779,79034.77272621536
FL03337,VH049,TR02017,2026-05-01 02:52:50.074014,Diesel,38.79033128291536,190,7370.162943753919,184863.55732953592
FL03338,VH047,TR00473,2026-05-01 03:44:41.096219,Petrol,90.78962019884398,200,18157.924039768797,67936.35282574792
FL03339,VH013,TR01889,2026-05-01 04:36:32.118423,Petrol,10.748486060551484,200,2149.6972121102967,210486.31529449276
FL03340,VH024,TR03383,2026-05-01 05:28:23.140628,Petrol,109.82761544368023,200,21965.523088736045,122684.07883004988
FL03341,VH018,TR01161,2026-05-01 06:20:14.162832,Diesel,67.9994958988645,190,12919.904220784254,87504.58269865332
FL03342,VH031,TR02523,2026-05-01 07:12:05.185037,Petrol,37.05769176644308,200,7411.538353288615,108980.34509172954
FL03343,VH034,TR04313,2026-05-01 08:03:56.207241,Diesel,115.31106904701267,190,21909.103118932406,180279.21774243793
FL03344,VH027,TR00196,2026-05-01 08:55:47.229445,Petrol,123.49083165785129,200,24698.166331570257,134030.24877903768
FL03345,VH036,TR02249,2026-05-01 09:47:38.251650,Diesel,25.563310164631222,190,4857.028931279932,11746.879354013932
FL03346,VH020,TR04462,2026-05-01 10:39:29.273854,Petrol,15.739406657324759,200,3147.881331464952,231357.72318041802
FL03347,VH027,TR02767,2026-05-01 11:31:20.296059,Petrol,56.770981833676416,200,11354.196366735283,25839.040720444413
FL03348,VH047,TR01552,2026-05-01 12:23:11.318263,Petrol,97.63866520654499,200,19527.733041309,235269.1237154526
FL03349,VH042,TR02448,2026-05-01 13:15:02.340468,Diesel,121.07873380640864,190,23004.959423217642,16756.67766881312
FL03350,VH001,TR04310,2026-05-01 14:06:53.362672,Petrol,86.44874952826407,200,17289.749905652814,195035.0403897876
FL03351,VH016,TR02389,2026-05-01 14:58:44.384876,Diesel,91.30482868297729,190,17347.917449765686,138321.92996398918
FL03352,VH021,TR03007,2026-05-01 15:50:35.407081,Petrol,121.98015104540475,200,24396.03020908095,131374.28334498545
FL03353,VH001,TR00119,2026-05-01 16:42:26.429285,Petrol,84.03807239062631,200,16807.614478125262,27466.84061056109
FL03354,VH039,TR03497,2026-05-01 17:34:17.451490,Diesel,95.56162863168207,190,18156.709440019593,67298.8024810999
FL03355,VH039,TR01717,2026-05-01 18:26:08.473694,Diesel,82.27042759671829,190,15631.381243376476,196611.35609564607
FL03356,VH045,TR02884,2026-05-01 19:17:59.495899,Diesel,133.26415267147854,190,25320.189007580924,223902.35918139858
FL03357,VH016,TR04938,2026-05-01 20:09:50.518103,Diesel,42.97232660191244,190,8164.742054363364,136988.4834527151
FL03358,VH003,TR02915,2026-05-01 21:01:41.540308,Diesel,46.95910183567131,190,8922.22934877755,94802.41512702289
FL03359,VH004,TR01673,2026-05-01 21:53:32.562512,Diesel,27.914604624255606,190,5303.774878608565,24386.3699354106
FL03360,VH008,TR01203,2026-05-01 22:45:23.584716,Diesel,124.72534520921904,190,23697.81558975162,173722.8462559217
FL03361,VH042,TR01456,2026-05-01 23:37:14.606921,Diesel,67.64882067873003,190,12853.275928958707,76827.18656470782
FL03362,VH036,TR04662,2026-05-02 00:29:05.629125,Diesel,58.70515172337414,190,11153.978827441086,23203.291598115233
FL03363,VH013,TR03979,2026-05-02 01:20:56.651330,Petrol,147.38882039220186,200,29477.764078440374,169804.4149836693
FL03364,VH027,TR02472,2026-05-02 02:12:47.673534,Petrol,139.75247130156995,200,27950.49426031399,126572.75044810202
FL03365,VH040,TR00118,2026-05-02 03:04:38.695739,Petrol,146.0782754974666,200,29215.655099493317,12870.915928413744
FL03366,VH010,TR00368,2026-05-02 03:56:29.717943,Diesel,29.921859546216997,190,5685.153313781229,36621.769385523294
FL03367,VH028,TR03177,2026-05-02 04:48:20.740148,Petrol,134.7752538407433,200,26955.050768148656,177808.4630190266
FL03368,VH004,TR03375,2026-05-02 05:40:11.762352,Diesel,56.01934391424321,190,10643.675343706209,25281.119935789247
FL03369,VH035,TR03813,2026-05-02 06:32:02.784556,Diesel,11.771947829660752,190,2236.6700876355426,217831.13556231765
FL03370,VH045,TR02198,2026-05-02 07:23:53.806761,Diesel,64.78176703762962,190,12308.535737149628,84718.30658078384
FL03371,VH049,TR04912,2026-05-02 08:15:44.828965,Diesel,81.28748943932835,190,15444.622993472387,31279.95290474191
FL03372,VH006,TR02130,2026-05-02 09:07:35.851170,Diesel,25.15085929943675,190,4778.663266892982,192341.7707603357
FL03373,VH049,TR00901,2026-05-02 09:59:26.873374,Diesel,85.27486636239588,190,16202.224608855218,135862.5362687257
FL03374,VH045,TR00193,2026-05-02 10:51:17.895579,Diesel,124.72490178474241,190,23697.731339101058,83593.60777103143
FL03375,VH023,TR02771,2026-05-02 11:43:08.917783,Diesel,62.871133117487155,190,11945.51529232256,107463.6020006243
FL03376,VH032,TR03349,2026-05-02 12:34:59.939987,Petrol,59.37027291480231,200,11874.054582960462,15138.974945158212
FL03377,VH040,TR00951,2026-05-02 13:26:50.962192,Petrol,57.43345883229484,200,11486.691766458967,169047.64900946294
FL03378,VH003,TR03607,2026-05-02 14:18:41.984396,Diesel,139.23322242371688,190,26454.31226050621,97785.68535122668
FL03379,VH042,TR00258,2026-05-02 15:10:33.006601,Diesel,16.826133830627874,190,3196.965427819296,181369.01673475112
FL03380,VH007,TR01222,2026-05-02 16:02:24.028805,Petrol,72.31065987901374,200,14462.131975802748,160761.07502861132
FL03381,VH031,TR00651,2026-05-02 16:54:15.051010,Petrol,47.04392358096036,200,9408.784716192073,166301.00461833712
FL03382,VH003,TR02319,2026-05-02 17:46:06.073214,Diesel,135.1329835542492,190,25675.26687530735,200294.25064106376
FL03383,VH019,TR04492,2026-05-02 18:37:57.095419,Diesel,23.44731690173255,190,4454.990211329185,161477.93881030026
FL03384,VH050,TR02426,2026-05-02 19:29:48.117623,Diesel,67.60198733525752,190,12844.377593698928,110494.22301805418
FL03385,VH013,TR00923,2026-05-02 20:21:39.139827,Petrol,66.95426128435199,200,13390.852256870397,103582.61481631255
FL03386,VH034,TR03160,2026-05-02 21:13:30.162032,Diesel,134.37521845658318,190,25531.291506750804,38699.705623565394
FL03387,VH043,TR00398,2026-05-02 22:05:21.184236,Diesel,40.16908230573573,190,7632.1256380897885,197066.41915749802
FL03388,VH003,TR02915,2026-05-02 22:57:12.206441,Diesel,100.28535744222556,190,19054.217914022858,192666.02602110922
FL03389,VH047,TR00561,2026-05-02 23:49:03.228645,Petrol,28.81685776429047,200,5763.371552858094,69111.60810052563
FL03390,VH030,TR00190,2026-05-03 00:40:54.250850,Diesel,143.55659997127597,190,27275.753994542436,217043.6590475547
FL03391,VH048,TR00205,2026-05-03 01:32:45.273054,Diesel,93.02209429812002,190,17674.197916642803,151360.7818697508
FL03392,VH019,TR03016,2026-05-03 02:24:36.295259,Diesel,97.67594224489385,190,18558.42902652983,124884.84217469614
FL03393,VH049,TR04140,2026-05-03 03:16:27.317463,Diesel,70.7282762324661,190,13438.37248416856,14199.112390119008
FL03394,VH007,TR03372,2026-05-03 04:08:18.339667,Petrol,57.919579773285115,200,11583.915954657023,101857.8846074359
FL03395,VH034,TR03042,2026-05-03 05:00:09.361872,Diesel,39.77470012928268,190,7557.193024563709,163760.98437655912
FL03396,VH023,TR01706,2026-05-03 05:52:00.384076,Diesel,94.55828553651625,190,17966.074251938087,31539.48104521203
FL03397,VH015,TR00713,2026-05-03 06:43:51.406281,Petrol,143.63864434875333,200,28727.728869750666,120296.15413301159
FL03398,VH045,TR03457,2026-05-03 07:35:42.428485,Diesel,60.37073357293642,190,11470.43937885792,248424.62832678307
FL03399,VH009,TR02685,2026-05-03 08:27:33.450690,Diesel,133.64196441268757,190,25391.97323841064,181969.2729301762
FL03400,VH048,TR04407,2026-05-03 09:19:24.472894,Diesel,30.828683798614954,190,5857.449921736841,141249.01300038505
FL03401,VH015,TR04974,2026-05-03 10:11:15.495099,Petrol,141.0576429234521,200,28211.528584690423,137927.8923853784
FL03402,VH004,TR03600,2026-05-03 11:03:06.517303,Diesel,59.06807974573072,190,11222.935151688836,20503.61974196666
FL03403,VH019,TR04953,2026-05-03 11:54:57.539507,Diesel,63.16180962306839,190,12000.743828382994,239755.46497790466
FL03404,VH041,TR02322,2026-05-03 12:46:48.561712,Diesel,74.79791598480595,190,14211.604037113131,232762.63846841033
FL03405,VH013,TR03878,2026-05-03 13:38:39.583916,Petrol,110.55419779267103,200,22110.839558534208,173777.13056210717
FL03406,VH017,TR03523,2026-05-03 14:30:30.606121,Petrol,110.75148071646493,200,22150.296143292984,33762.79592357199
FL03407,VH027,TR04627,2026-05-03 15:22:21.628325,Petrol,77.14240186075314,200,15428.480372150629,59880.135219865166
FL03408,VH011,TR04113,2026-05-03 16:14:12.650530,Diesel,83.24140590395103,190,15815.867121750696,54138.28861014046
FL03409,VH015,TR02766,2026-05-03 17:06:03.672734,Petrol,14.201468288379765,200,2840.293657675953,134698.83642429253
FL03410,VH029,TR04566,2026-05-03 17:57:54.694938,Diesel,52.601538218165594,190,9994.292261451463,59872.929880476535
FL03411,VH029,TR04907,2026-05-03 18:49:45.717143,Diesel,58.442390392285326,190,11104.054174534213,176992.13477060758
FL03412,VH038,TR00555,2026-05-03 19:41:36.739347,Diesel,88.22181762160632,190,16762.1453481052,140855.17263265338
FL03413,VH007,TR02141,2026-05-03 20:33:27.761552,Petrol,88.16196743198263,200,17632.393486396526,14237.962490237318
FL03414,VH018,TR04978,2026-05-03 21:25:18.783756,Diesel,109.38597168190225,190,20783.33461956143,188573.73688855636
FL03415,VH028,TR02679,2026-05-03 22:17:09.805961,Petrol,110.38382147053133,200,22076.764294106266,55318.89679694764
FL03416,VH017,TR04917,2026-05-03 23:09:00.828165,Petrol,42.92950138969162,200,8585.900277938325,207972.42872336245
FL03417,VH010,TR00584,2026-05-04 00:00:51.850370,Diesel,117.82620115467546,190,22386.978219388337,95210.90490951495
FL03418,VH001,TR04942,2026-05-04 00:52:42.872574,Petrol,12.744499526479487,200,2548.8999052958975,91268.72319559274
FL03419,VH029,TR01997,2026-05-04 01:44:33.894778,Diesel,110.26266384494086,190,20949.906130538762,12836.16058677053
FL03420,VH040,TR00842,2026-05-04 02:36:24.916983,Petrol,24.288554492719236,200,4857.710898543847,247054.9559015241
FL03421,VH030,TR02376,2026-05-04 03:28:15.939187,Diesel,112.15074917897067,190,21308.642344004427,156881.04140124732
FL03422,VH038,TR04039,2026-05-04 04:20:06.961392,Diesel,83.7965326795766,190,15921.341209119553,111455.23988463776
FL03423,VH011,TR01805,2026-05-04 05:11:57.983596,Diesel,71.21563009563289,190,13530.969718170249,33189.13707072137
FL03424,VH013,TR00730,2026-05-04 06:03:49.005801,Petrol,106.69329456660006,200,21338.65891332001,177795.53539624403
FL03425,VH046,TR04350,2026-05-04 06:55:40.028005,Diesel,15.09191672461258,190,2867.46417767639,77855.31279806532
FL03426,VH013,TR01464,2026-05-04 07:47:31.050210,Petrol,41.28584559458097,200,8257.169118916194,247187.39641012694
FL03427,VH044,TR04947,2026-05-04 08:39:22.072414,Petrol,96.30161994547156,200,19260.32398909431,238131.36619583753
FL03428,VH046,TR02168,2026-05-04 09:31:13.094618,Diesel,128.6101569283145,190,24435.929816379754,186471.20291266925
FL03429,VH007,TR04918,2026-05-04 10:23:04.116823,Petrol,63.35506917231638,200,12671.013834463276,243057.26326791255
FL03430,VH025,TR01573,2026-05-04 11:14:55.139027,Diesel,46.22660616869799,190,8783.055172052618,35352.12698890308
FL03431,VH008,TR04967,2026-05-04 12:06:46.161232,Diesel,82.62310101045921,190,15698.38919198725,77179.68652877085
FL03432,VH025,TR01394,2026-05-04 12:58:37.183436,Diesel,97.1241353341578,190,18453.58571348998,70778.38930988297
FL03433,VH029,TR00257,2026-05-04 13:50:28.205641,Diesel,68.8144243968045,190,13074.740635392855,27283.038030232598
FL03434,VH035,TR00128,2026-05-04 14:42:19.227845,Diesel,132.7394955723657,190,25220.504158749485,243334.3835131494
FL03435,VH008,TR01383,2026-05-04 15:34:10.250050,Diesel,83.28141924040187,190,15823.469655676356,24393.780795254526
FL03436,VH018,TR03729,2026-05-04 16:26:01.272254,Diesel,15.015302259881903,190,2852.9074293775616,215605.33695863912
FL03437,VH025,TR04652,2026-05-04 17:17:52.294458,Diesel,41.227553658866654,190,7833.235195184664,194358.74189844143
FL03438,VH012,TR02701,2026-05-04 18:09:43.316663,Diesel,73.09058432849403,190,13887.211022413867,100208.10099315028
FL03439,VH019,TR03148,2026-05-04 19:01:34.338867,Diesel,107.68157266237067,190,20459.498805850428,14513.767031151758
FL03440,VH036,TR02206,2026-05-04 19:53:25.361072,Diesel,40.76531413096244,190,7745.409684882863,11463.017195648685
FL03441,VH044,TR04181,2026-05-04 20:45:16.383276,Petrol,146.67604156043896,200,29335.20831208779,58958.52176654158
FL03442,VH001,TR00322,2026-05-04 21:37:07.405481,Petrol,54.59815614633169,200,10919.631229266339,128530.37920811035
FL03443,VH021,TR02357,2026-05-04 22:28:58.427685,Petrol,84.54722896048237,200,16909.445792096474,119898.39476443632
FL03444,VH010,TR04380,2026-05-04 23:20:49.449889,Diesel,12.655293862345765,190,2404.505833845695,150470.2183755826
FL03445,VH047,TR03114,2026-05-05 00:12:40.472094,Petrol,133.88470100031262,200,26776.940200062523,195270.2343185829
FL03446,VH030,TR01918,2026-05-05 01:04:31.494298,Diesel,120.43685149352568,190,22883.00178376988,100565.10756644937
FL03447,VH020,TR03957,2026-05-05 01:56:22.516503,Petrol,37.36412060138298,200,7472.824120276596,48487.28692223618
FL03448,VH005,TR04710,2026-05-05 02:48:13.538707,Diesel,140.653136773578,190,26724.09598697982,202011.74003882174
FL03449,VH050,TR02697,2026-05-05 03:40:04.560912,Diesel,54.21756693163665,190,10301.337717010963,89845.7635194906
FL03450,VH007,TR01517,2026-05-05 04:31:55.583116,Petrol,106.9060803732164,200,21381.21607464328,78851.65547040418
FL03451,VH014,TR03294,2026-05-05 05:23:46.605321,Diesel,124.65668452232399,190,23684.770059241557,193434.88922301648
FL03452,VH045,TR04325,2026-05-05 06:15:37.627525,Diesel,113.72802457320532,190,21608.324668909012,234193.46513995467
FL03453,VH005,TR03046,2026-05-05 07:07:28.649729,Diesel,138.46158976417777,190,26307.70205519378,229590.70768258165
FL03454,VH001,TR00119,2026-05-05 07:59:19.671934,Petrol,130.99846644769917,200,26199.693289539835,42986.182205722864
FL03455,VH017,TR02372,2026-05-05 08:51:10.694138,Petrol,149.2456119728254,200,29849.12239456508,130757.9568326319
FL03456,VH049,TR04416,2026-05-05 09:43:01.716343,Diesel,35.56559776066038,190,6757.463574525473,32288.86809476162
FL03457,VH044,TR03919,2026-05-05 10:34:52.738547,Petrol,52.66665217173801,200,10533.330434347601,240634.23013753595
FL03458,VH023,TR03261,2026-05-05 11:26:43.760752,Diesel,99.0716214404282,190,18823.60807368136,61654.69261044145
FL03459,VH021,TR02586,2026-05-05 12:18:34.782956,Petrol,112.62660602482171,200,22525.32120496434,57383.097943785935
FL03460,VH020,TR04797,2026-05-05 13:10:25.805161,Petrol,84.84470763779929,200,16968.94152755986,223332.56152155506
FL03461,VH035,TR02442,2026-05-05 14:02:16.827365,Diesel,20.34997108412609,190,3866.494505983957,242284.1332292716
FL03462,VH036,TR02700,2026-05-05 14:54:07.849569,Diesel,127.82333175205348,190,24286.43303289016,177431.7422308616
FL03463,VH010,TR01018,2026-05-05 15:45:58.871774,Diesel,144.52240984297808,190,27459.257870165835,39041.20808781397
FL03464,VH006,TR04502,2026-05-05 16:37:49.893978,Diesel,66.77235813569527,190,12686.748045782102,126605.34652976172
FL03465,VH022,TR03048,2026-05-05 17:29:40.916183,Petrol,41.47374743783845,200,8294.74948756769,205985.22257478492
FL03466,VH001,TR02069,2026-05-05 18:21:31.938387,Petrol,12.703925694692256,200,2540.785138938451,147394.52408997883
FL03467,VH028,TR03666,2026-05-05 19:13:22.960592,Petrol,43.221865053101936,200,8644.373010620388,41822.76513480031
FL03468,VH043,TR04251,2026-05-05 20:05:13.982796,Diesel,107.98862847737911,190,20517.839410702032,51253.05988077468
FL03469,VH018,TR04963,2026-05-05 20:57:05.005001,Diesel,137.62251427418227,190,26148.27771209463,217394.00220035322
FL03470,VH001,TR04655,2026-05-05 21:48:56.027205,Petrol,23.091829300447216,200,4618.365860089443,136486.999284996
FL03471,VH008,TR00194,2026-05-05 22:40:47.049409,Diesel,87.45628620267019,190,16616.694378507334,179400.82570401096
FL03472,VH037,TR02447,2026-05-05 23:32:38.071614,Diesel,107.37437479165652,190,20401.13121041474,99535.00629593556
FL03473,VH026,TR01400,2026-05-06 00:24:29.093818,Diesel,48.69331495487761,190,9251.729841426746,137796.53990052198
FL03474,VH002,TR02520,2026-05-06 01:16:20.116023,Petrol,89.78558548384228,200,17957.117096768456,244504.75369304602
FL03475,VH048,TR03928,2026-05-06 02:08:11.138227,Diesel,110.1347796408082,190,20925.608131753557,89128.72887235314
FL03476,VH037,TR03688,2026-05-06 03:00:02.160432,Diesel,127.28069403895276,190,24183.331867401026,171949.24660198585
FL03477,VH047,TR04898,2026-05-06 03:51:53.182636,Petrol,73.34997911479732,200,14669.995822959465,51401.33372685514
FL03478,VH025,TR00553,2026-05-06 04:43:44.204840,Diesel,114.70001064865448,190,21793.002023244353,39217.57246247999
FL03479,VH013,TR00730,2026-05-06 05:35:35.227045,Petrol,52.24961604357895,200,10449.92320871579,198073.62670216715
FL03480,VH007,TR02561,2026-05-06 06:27:26.249249,Petrol,39.826544548102206,200,7965.308909620441,212585.97039691976
FL03481,VH034,TR03998,2026-05-06 07:19:17.271454,Diesel,36.22392445269344,190,6882.545646011753,170394.8068838597
FL03482,VH045,TR04267,2026-05-06 08:11:08.293658,Diesel,60.24218245560167,190,11446.014666564317,47967.00101067402
FL03483,VH041,TR04946,2026-05-06 09:02:59.315863,Diesel,15.023155450438866,190,2854.3995355833845,67741.11175420927
FL03484,VH028,TR00794,2026-05-06 09:54:50.338067,Petrol,49.61885727313496,200,9923.77145462699,228682.1699428268
FL03485,VH031,TR00125,2026-05-06 10:46:41.360272,Petrol,101.31119542205195,200,20262.23908441039,79288.97171194151
FL03486,VH033,TR00175,2026-05-06 11:38:32.382476,Petrol,100.70866660241914,200,20141.73332048383,206526.5238873082
FL03487,VH037,TR02552,2026-05-06 12:30:23.404680,Diesel,20.297532908808773,190,3856.5312526736666,78624.94933849639
FL03488,VH017,TR03849,2026-05-06 13:22:14.426885,Petrol,50.23818639128682,200,10047.637278257364,235471.0166376243
FL03489,VH045,TR03457,2026-05-06 14:14:05.449089,Diesel,89.73807305490904,190,17050.233880432716,229468.69908088073
FL03490,VH028,TR02759,2026-05-06 15:05:56.471294,Petrol,54.597299250434396,200,10919.45985008688,20383.16167090911
FL03491,VH003,TR03840,2026-05-06 15:57:47.493498,Diesel,68.51832338644229,190,13018.481443424034,194899.35684817805
FL03492,VH050,TR03756,2026-05-06 16:49:38.515703,Diesel,109.79350599620696,190,20860.766139279323,50670.822456257694
FL03493,VH037,TR03643,2026-05-06 17:41:29.537907,Diesel,11.297356123928207,190,2146.4976635463595,61665.190217531555
FL03494,VH012,TR04202,2026-05-06 18:33:20.560112,Diesel,48.695096172380275,190,9252.068272752253,120362.85095955418
FL03495,VH025,TR01971,2026-05-06 19:25:11.582316,Diesel,29.932114129902335,190,5687.101684681444,148316.35593986802
FL03496,VH030,TR01661,2026-05-06 20:17:02.604520,Diesel,27.865285587028843,190,5294.40426153548,88191.93255291808
FL03497,VH010,TR02576,2026-05-06 21:08:53.626725,Diesel,144.2656303026146,190,27410.469757496772,148092.00773301022
FL03498,VH039,TR00038,2026-05-06 22:00:44.648929,Diesel,62.71844641873849,190,11916.504819560312,50958.00912187278
FL03499,VH029,TR04491,2026-05-06 22:52:35.671134,Diesel,83.79240188734957,190,15920.55635859642,15361.037051448897
FL03500,VH019,TR02525,2026-05-06 23:44:26.693338,Diesel,112.73506418974856,190,21419.662196052224,147093.85320682314
FL03501,VH046,TR04818,2026-05-07 00:36:17.715543,Diesel,16.642646480407027,190,3162.102831277335,134179.66239095654
FL03502,VH020,TR03577,2026-05-07 01:28:08.737747,Petrol,43.74316939807777,200,8748.633879615554,175516.95137822197
FL03503,VH010,TR01309,2026-05-07 02:19:59.759951,Diesel,126.50069022811975,190,24035.131143342755,165957.29487227788
FL03504,VH025,TR03536,2026-05-07 03:11:50.782156,Diesel,130.67868584490333,190,24828.950310531633,225396.7312561493
FL03505,VH006,TR04461,2026-05-07 04:03:41.804360,Diesel,62.21312888971229,190,11820.494489045335,120272.468838771
FL03506,VH018,TR02229,2026-05-07 04:55:32.826565,Diesel,62.48062395124755,190,11871.318550737034,12008.673926306086
FL03507,VH035,TR04830,2026-05-07 05:47:23.848769,Diesel,115.96556279524346,190,22033.456931096258,161356.64358324496
FL03508,VH019,TR02924,2026-05-07 06:39:14.870974,Diesel,51.30983174498168,190,9748.868031546519,172031.78310477242
FL03509,VH034,TR03042,2026-05-07 07:31:05.893178,Diesel,26.393171359599734,190,5014.702558323949,135158.79745503273
FL03510,VH032,TR02709,2026-05-07 08:22:56.915383,Petrol,46.05496303368168,200,9210.992606736336,175433.16885789175
FL03511,VH045,TR04340,2026-05-07 09:14:47.937587,Diesel,64.22826242900848,190,12203.369861511612,87660.11517667666
FL03512,VH036,TR04409,2026-05-07 10:06:38.959791,Diesel,17.308659343313757,190,3288.6452752296136,45713.992765859
FL03513,VH046,TR04172,2026-05-07 10:58:29.981996,Diesel,77.01523558802447,190,14632.894761724649,169492.87934953757
FL03514,VH025,TR03953,2026-05-07 11:50:21.004200,Diesel,113.60105178818898,190,21584.199839755907,68844.74301172688
FL03515,VH009,TR02310,2026-05-07 12:42:12.026405,Diesel,81.92432022726463,190,15565.620843180279,119515.81822820916
FL03516,VH003,TR00231,2026-05-07 13:34:03.048609,Diesel,20.065347672030974,190,3812.416057685885,127989.45534679567
FL03517,VH044,TR02751,2026-05-07 14:25:54.070814,Petrol,71.62094838843419,200,14324.189677686838,124527.89211241323
FL03518,VH041,TR02694,2026-05-07 15:17:45.093018,Diesel,109.24664512599658,190,20756.86257393935,153627.7944831894
FL03519,VH043,TR02805,2026-05-07 16:09:36.115223,Diesel,18.13353155862659,190,3445.3709961390523,17068.890142206124
FL03520,VH040,TR00842,2026-05-07 17:01:27.137427,Petrol,18.378606561764393,200,3675.7213123528786,247523.79878322114
FL03521,VH043,TR03584,2026-05-07 17:53:18.159631,Diesel,61.88419644533757,190,11757.997324614138,181914.5137452571
FL03522,VH027,TR04612,2026-05-07 18:45:09.181836,Petrol,37.29495497731927,200,7458.990995463854,112093.06763170304
FL03523,VH046,TR02490,2026-05-07 19:37:00.204040,Diesel,140.86931078317886,190,26765.169048803982,55919.20726965863
FL03524,VH024,TR04915,2026-05-07 20:28:51.226245,Petrol,91.38810452356404,200,18277.620904712807,29242.55738640551
FL03525,VH031,TR03535,2026-05-07 21:20:42.248449,Petrol,50.22555591682546,200,10045.111183365092,171325.70095026927
FL03526,VH013,TR00608,2026-05-07 22:12:33.270654,Petrol,108.66874207609311,200,21733.748415218623,86069.34759005399
FL03527,VH047,TR04619,2026-05-07 23:04:24.292858,Petrol,62.49006719030604,200,12498.013438061209,65074.82997996832
FL03528,VH037,TR03961,2026-05-07 23:56:15.315063,Diesel,28.496190213061404,190,5414.2761404816665,101189.05290696002
FL03529,VH048,TR04258,2026-05-08 00:48:06.337267,Diesel,43.21251217810126,190,8210.377313839239,152301.5410738504
FL03530,VH026,TR02032,2026-05-08 01:39:57.359471,Diesel,99.98461982431259,190,18997.077766619394,171209.25200416028
FL03531,VH047,TR00202,2026-05-08 02:31:48.381676,Petrol,17.262654839578833,200,3452.5309679157667,164840.81664508724
FL03532,VH044,TR01365,2026-05-08 03:23:39.403880,Petrol,48.17646560672892,200,9635.293121345783,217183.74003807365
FL03533,VH050,TR00752,2026-05-08 04:15:30.426085,Diesel,39.16360686990444,190,7441.085305281844,62501.78345682766
FL03534,VH032,TR01206,2026-05-08 05:07:21.448289,Petrol,38.15891549471448,200,7631.783098942896,162819.07916731253
FL03535,VH029,TR01321,2026-05-08 05:59:12.470494,Diesel,105.58673767663595,190,20061.48015856083,34267.450284662584
FL03536,VH011,TR03888,2026-05-08 06:51:03.492698,Diesel,125.61436834561104,190,23866.729985666097,141504.32557580268
FL03537,VH034,TR01331,2026-05-08 07:42:54.514902,Diesel,110.22132512899623,190,20942.051774509284,150150.01659752108
FL03538,VH024,TR00431,2026-05-08 08:34:45.537107,Petrol,100.40189421207171,200,20080.378842414342,61896.95174420167
FL03539,VH010,TR02166,2026-05-08 09:26:36.559311,Diesel,138.30324805450095,190,26277.617130355182,104006.35119789685
FL03540,VH028,TR04684,2026-05-08 10:18:27.581516,Petrol,18.174933259401556,200,3634.986651880311,208526.29350011257
FL03541,VH040,TR03118,2026-05-08 11:10:18.603720,Petrol,33.4476320366737,200,6689.526407334741,45618.17290071122
FL03542,VH027,TR02275,2026-05-08 12:02:09.625925,Petrol,68.01695979387449,200,13603.391958774899,114281.48742780165
FL03543,VH040,TR03366,2026-05-08 12:54:00.648129,Petrol,62.14323009054148,200,12428.646018108297,233855.93709074846
FL03544,VH014,TR01264,2026-05-08 13:45:51.670334,Diesel,68.52722441482314,190,13020.172638816397,130986.14264790421
FL03545,VH003,TR02396,2026-05-08 14:37:42.692538,Diesel,38.90368670597884,190,7391.70047413598,184032.09083998887
FL03546,VH024,TR04237,2026-05-08 15:29:33.714742,Petrol,30.93046418123197,200,6186.092836246394,208447.84949333224
FL03547,VH001,TR04300,2026-05-08 16:21:24.736947,Petrol,81.28705464410993,200,16257.410928821986,58905.84996291818
FL03548,VH007,TR03734,2026-05-08 17:13:15.759151,Petrol,139.9273533696311,200,27985.470673926222,62372.13652790377
FL03549,VH034,TR01666,2026-05-08 18:05:06.781356,Diesel,64.87572472898839,190,12326.387698507793,192061.94946361205
FL03550,VH004,TR00861,2026-05-08 18:56:57.803560,Diesel,16.06944997673393,190,3053.195495579447,190793.61716233622
FL03551,VH019,TR00845,2026-05-08 19:48:48.825765,Diesel,108.86342800453343,190,20684.051320861352,24443.996953508577
FL03552,VH001,TR03043,2026-05-08 20:40:39.847969,Petrol,50.754686773804494,200,10150.9373547609,87399.57776679145
FL03553,VH033,TR03341,2026-05-08 21:32:30.870174,Petrol,44.31330102268489,200,8862.660204536978,105647.79805802512
FL03554,VH040,TR03490,2026-05-08 22:24:21.892378,Petrol,55.396120097714686,200,11079.224019542937,208969.6968330769
FL03555,VH036,TR01939,2026-05-08 23:16:12.914582,Diesel,111.33417334710268,190,21153.492935949507,111246.94130313698
FL03556,VH012,TR00137,2026-05-09 00:08:03.936787,Diesel,124.63471416184257,190,23680.595690750088,232222.93369677852
FL03557,VH006,TR03233,2026-05-09 00:59:54.958991,Diesel,92.32784942745491,190,17542.291391216433,249185.86651375363
FL03558,VH047,TR02221,2026-05-09 01:51:45.981196,Petrol,55.14702552073722,200,11029.405104147445,197374.27976664391
FL03559,VH049,TR01154,2026-05-09 02:43:37.003400,Diesel,53.466952636418945,190,10158.721000919599,169932.80549614178
FL03560,VH030,TR04175,2026-05-09 03:35:28.025605,Diesel,27.403168986764822,190,5206.602107485316,104055.31983690946
FL03561,VH038,TR00979,2026-05-09 04:27:19.047809,Diesel,140.66214675292724,190,26725.807883056175,26089.467052488013
FL03562,VH019,TR00569,2026-05-09 05:19:10.070014,Diesel,99.33951585563474,190,18874.5080125706,147553.30153507134
FL03563,VH016,TR02911,2026-05-09 06:11:01.092218,Diesel,13.776446779820963,190,2617.524888165983,96809.17733055782
FL03564,VH006,TR02411,2026-05-09 07:02:52.114422,Diesel,102.73139332613529,190,19518.964731965705,94215.53819976245
FL03565,VH035,TR03407,2026-05-09 07:54:43.136627,Diesel,72.6014793870911,190,13794.28108354731,175050.22065026456
FL03566,VH002,TR00134,2026-05-09 08:46:34.158831,Petrol,146.15811482656872,200,29231.622965313745,121273.44606319258
FL03567,VH045,TR02062,2026-05-09 09:38:25.181036,Diesel,124.66963547289697,190,23687.230739850424,190502.52274514802
FL03568,VH037,TR04379,2026-05-09 10:30:16.203240,Diesel,33.984205536591745,190,6456.999051952432,105561.57344449099
FL03569,VH017,TR02854,2026-05-09 11:22:07.225445,Petrol,110.8155566424813,200,22163.11132849626,46207.212516775035
FL03570,VH047,TR03731,2026-05-09 12:13:58.247649,Petrol,77.97924053693687,200,15595.848107387374,120723.40628565918
FL03571,VH033,TR03493,2026-05-09 13:05:49.269853,Petrol,36.186322913789944,200,7237.264582757989,238243.00343808718
FL03572,VH042,TR00127,2026-05-09 13:57:40.292058,Diesel,107.82358702619287,190,20486.481534976643,202365.910987974
FL03573,VH021,TR01796,2026-05-09 14:49:31.314262,Petrol,86.63426101719435,200,17326.85220343887,59379.82121760801
FL03574,VH042,TR01850,2026-05-09 15:41:22.336467,Diesel,14.252343028019869,190,2707.945175323775,103912.12039478624
FL03575,VH045,TR04314,2026-05-09 16:33:13.358671,Diesel,100.52231307403562,190,19099.23948406677,232670.10285292906
FL03576,VH007,TR03977,2026-05-09 17:25:04.380876,Petrol,98.89819258074169,200,19779.638516148338,39687.774094375956
FL03577,VH003,TR04841,2026-05-09 18:16:55.403080,Diesel,30.17192254720477,190,5732.665283968906,70948.05804758464
FL03578,VH044,TR02728,2026-05-09 19:08:46.425285,Petrol,58.858281779537,200,11771.6563559074,72933.43500925513
FL03579,VH014,TR03727,2026-05-09 20:00:37.447489,Diesel,92.02585590514559,190,17484.912621977663,147023.89015887602
FL03580,VH011,TR03561,2026-05-09 20:52:28.469693,Diesel,29.429621974942183,190,5591.628175239015,108575.99673071747
FL03581,VH035,TR00260,2026-05-09 21:44:19.491898,Diesel,129.3812728968659,190,24582.441850404524,29168.96175911197
FL03582,VH012,TR01242,2026-05-09 22:36:10.514102,Diesel,13.84804648027853,190,2631.1288312529205,161003.54909850055
FL03583,VH039,TR01844,2026-05-09 23:28:01.536307,Diesel,24.397238095709692,190,4635.475238184841,33778.68748483605
FL03584,VH011,TR01513,2026-05-10 00:19:52.558511,Diesel,26.25496877968377,190,4988.444068139916,155539.58367497876
FL03585,VH006,TR04195,2026-05-10 01:11:43.580716,Diesel,83.93499763650772,190,15947.649550936467,131682.01125424617
FL03586,VH049,TR04278,2026-05-10 02:03:34.602920,Diesel,96.81596170360754,190,18395.032723685432,128480.47857407502
FL03587,VH048,TR02217,2026-05-10 02:55:25.625125,Diesel,66.52371151020812,190,12639.505186939543,26199.098871815157
FL03588,VH036,TR02281,2026-05-10 03:47:16.647329,Diesel,50.41335587354327,190,9578.53761597322,163412.9072520486
FL03589,VH041,TR00956,2026-05-10 04:39:07.669533,Diesel,123.30443258757803,190,23427.842191639826,113516.86206143939
FL03590,VH029,TR04568,2026-05-10 05:30:58.691738,Diesel,19.56003772169882,190,3716.4071671227757,108665.46934856477
FL03591,VH038,TR01109,2026-05-10 06:22:49.713942,Diesel,49.24086055859084,190,9355.76350613226,153148.33514044882
FL03592,VH015,TR04775,2026-05-10 07:14:40.736147,Petrol,15.476181032555907,200,3095.2362065111815,155499.53438717138
FL03593,VH050,TR01543,2026-05-10 08:06:31.758351,Diesel,11.944618895277522,190,2269.477590102729,13607.990982877247
FL03594,VH032,TR00381,2026-05-10 08:58:22.780556,Petrol,59.473184170508176,200,11894.636834101635,40054.216288769596
FL03595,VH010,TR01256,2026-05-10 09:50:13.802760,Diesel,37.27531274229048,190,7082.309421035191,66764.37300273296
FL03596,VH017,TR02299,2026-05-10 10:42:04.824964,Petrol,47.57121967735448,200,9514.243935470895,172714.56000303497
FL03597,VH010,TR02241,2026-05-10 11:33:55.847169,Diesel,124.93260204369554,190,23737.194388302152,148417.8704871058
FL03598,VH006,TR01659,2026-05-10 12:25:46.869373,Diesel,32.81721347489099,190,6235.270560229288,191830.9917723409
FL03599,VH021,TR02985,2026-05-10 13:17:37.891578,Petrol,119.23267140125213,200,23846.534280250427,187745.87333052568
FL03600,VH043,TR02649,2026-05-10 14:09:28.913782,Diesel,104.5070872404909,190,19856.34657569327,214763.88860947618
FL03601,VH019,TR03959,2026-05-10 15:01:19.935987,Diesel,55.70237351971657,190,10583.450968746149,100435.56670537934
FL03602,VH007,TR03372,2026-05-10 15:53:10.958191,Petrol,86.5178603246803,200,17303.57206493606,92815.32788399266
FL03603,VH041,TR03430,2026-05-10 16:45:01.980396,Diesel,72.22098536843544,190,13721.987220002733,209443.69673283116
FL03604,VH005,TR01581,2026-05-10 17:36:53.002600,Diesel,27.97534416967315,190,5315.315392237899,67024.36812812428
FL03605,VH006,TR04861,2026-05-10 18:28:44.024804,Diesel,137.0059450427846,190,26031.129558129072,120681.36968166567
FL03606,VH049,TR02933,2026-05-10 19:20:35.047009,Diesel,89.74651546200641,190,17051.83793778122,56638.15648533993
FL03607,VH048,TR01587,2026-05-10 20:12:26.069213,Diesel,133.23360641136367,190,25314.385218159096,229321.77811341127
FL03608,VH033,TR02113,2026-05-10 21:04:17.091418,Petrol,125.33571165386064,200,25067.142330772127,107872.72314319009
FL03609,VH032,TR03638,2026-05-10 21:56:08.113622,Petrol,21.168629543319252,200,4233.7259086638505,60996.855575398804
FL03610,VH023,TR04562,2026-05-10 22:47:59.135827,Diesel,39.01789324258334,190,7413.399716090835,176083.21373653886
FL03611,VH029,TR04984,2026-05-10 23:39:50.158031,Diesel,30.33655601247631,190,5763.945642370499,68714.72277051487
FL03612,VH019,TR02522,2026-05-11 00:31:41.180236,Diesel,126.30913459016863,190,23998.73557213204,236440.8647608536
FL03613,VH047,TR03752,2026-05-11 01:23:32.202440,Petrol,130.74252770372834,200,26148.505540745668,98228.08355425874
FL03614,VH040,TR02703,2026-05-11 02:15:23.224644,Petrol,83.91601137317123,200,16783.202274634245,169513.7709044409
FL03615,VH036,TR00019,2026-05-11 03:07:14.246849,Diesel,24.58493015112097,190,4671.136728712984,92858.78347777922
FL03616,VH002,TR02570,2026-05-11 03:59:05.269053,Petrol,28.98632659602227,200,5797.265319204454,203738.9399184337
FL03617,VH036,TR00784,2026-05-11 04:50:56.291258,Diesel,123.89683374135743,190,23540.39841085791,225261.45784546618
FL03618,VH026,TR01707,2026-05-11 05:42:47.313462,Diesel,140.08661911410624,190,26616.457631680187,199100.40625954868
FL03619,VH026,TR00415,2026-05-11 06:34:38.335667,Diesel,37.926595915491944,190,7206.05322394347,213639.7644946048
FL03620,VH005,TR00364,2026-05-11 07:26:29.357871,Diesel,11.55926070610423,190,2196.2595341598035,34451.39870503264
FL03621,VH010,TR02576,2026-05-11 08:18:20.380076,Diesel,56.33340672110891,190,10703.347277010693,231775.52248793593
FL03622,VH041,TR01104,2026-05-11 09:10:11.402280,Diesel,14.269914550703389,190,2711.283764633644,159832.17493006727
FL03623,VH033,TR04892,2026-05-11 10:02:02.424484,Petrol,125.91648825092531,200,25183.29765018506,218612.20771988793
FL03624,VH004,TR01172,2026-05-11 10:53:53.446689,Diesel,78.81171601167522,190,14974.226042218292,174264.8234044997
FL03625,VH011,TR01699,2026-05-11 11:45:44.468893,Diesel,99.86050902682278,190,18973.496715096328,58443.440450490496
FL03626,VH032,TR00443,2026-05-11 12:37:35.491098,Petrol,67.6078826591159,200,13521.57653182318,156293.22439496237
FL03627,VH013,TR03944,2026-05-11 13:29:26.513302,Petrol,58.37105658174746,200,11674.211316349492,31827.097533553835
FL03628,VH049,TR04746,2026-05-11 14:21:17.535507,Diesel,41.10805783065188,190,7810.530987823858,176973.52725235806
FL03629,VH043,TR04605,2026-05-11 15:13:08.557711,Diesel,117.8745565853404,190,22396.165751214678,108160.27385933745
FL03630,VH023,TR04562,2026-05-11 16:04:59.579915,Diesel,107.3766618181741,190,20401.565745453077,46415.96154405015
FL03631,VH018,TR02413,2026-05-11 16:56:50.602120,Diesel,60.50205782945206,190,11495.390987595893,245015.15580841937
FL03632,VH032,TR02590,2026-05-11 17:48:41.624324,Petrol,54.95625880188561,200,10991.251760377123,226260.26181056348
FL03633,VH022,TR01840,2026-05-11 18:40:32.646529,Petrol,10.17400301081506,200,2034.800602163012,224450.4912167809
FL03634,VH004,TR01504,2026-05-11 19:32:23.668733,Diesel,18.89729820636614,190,3590.486659209567,199316.8735245407
FL03635,VH017,TR00723,2026-05-11 20:24:14.690938,Petrol,97.25577348496887,200,19451.154696993774,176075.47003444424
FL03636,VH040,TR00842,2026-05-11 21:16:05.713142,Petrol,82.04502343296464,200,16409.00468659293,167219.07527013883
FL03637,VH039,TR02348,2026-05-11 22:07:56.735347,Diesel,70.87244862790315,190,13465.7652393016,35462.521048925264
FL03638,VH028,TR02222,2026-05-11 22:59:47.757551,Petrol,125.85031371223218,200,25170.062742446436,226135.89647642898
FL03639,VH048,TR00646,2026-05-11 23:51:38.779755,Diesel,80.54574861639853,190,15303.69223711572,221470.81511310648
FL03640,VH028,TR00024,2026-05-12 00:43:29.801960,Petrol,63.82910139702479,200,12765.82027940496,189484.6303659648
FL03641,VH020,TR03273,2026-05-12 01:35:20.824164,Petrol,32.5758886534979,200,6515.17773069958,232555.5901780294
FL03642,VH009,TR04827,2026-05-12 02:27:11.846369,Diesel,124.89632115004669,190,23730.30101850887,142740.0283355181
FL03643,VH039,TR00007,2026-05-12 03:19:02.868573,Diesel,90.67475501696629,190,17228.203453223596,117434.16033221327
FL03644,VH017,TR03702,2026-05-12 04:10:53.890778,Petrol,22.94439522918602,200,4588.879045837204,242307.3765199069
FL03645,VH006,TR03233,2026-05-12 05:02:44.912982,Diesel,100.84577571959062,190,19160.69738672222,121391.48507143745
FL03646,VH035,TR02926,2026-05-12 05:54:35.935187,Diesel,69.50990436837739,190,13206.881829991704,163917.86585611786
FL03647,VH022,TR01272,2026-05-12 06:46:26.957391,Petrol,123.59407130231942,200,24718.814260463885,99534.91524602535
FL03648,VH027,TR04262,2026-05-12 07:38:17.979595,Petrol,138.64804357943947,200,27729.608715887895,162718.2942447347
FL03649,VH003,TR04524,2026-05-12 08:30:09.001800,Diesel,94.06521384467445,190,17872.390630488146,182823.75895016504
FL03650,VH006,TR02193,2026-05-12 09:22:00.024004,Diesel,112.4257947038713,190,21360.900993735548,159917.3260692521
FL03651,VH039,TR02557,2026-05-12 10:13:51.046209,Diesel,17.922718664303197,190,3405.3165462176075,133495.10589188745
FL03652,VH025,TR02955,2026-05-12 11:05:42.068413,Diesel,88.43576370016201,190,16802.79510303078,82026.59143005588
FL03653,VH034,TR01600,2026-05-12 11:57:33.090618,Diesel,115.74759696976636,190,21992.043424255608,164522.9622726936
FL03654,VH028,TR01667,2026-05-12 12:49:24.112822,Petrol,79.54670092693452,200,15909.340185386904,228022.93486272707
FL03655,VH005,TR04920,2026-05-12 13:41:15.135027,Diesel,93.0970125306072,190,17688.432380815368,11659.021880720165
FL03656,VH025,TR01062,2026-05-12 14:33:06.157231,Diesel,135.8527459813462,190,25812.02173645578,42142.966583125686
FL03657,VH036,TR04662,2026-05-12 15:24:57.179435,Diesel,37.733940084367916,190,7169.448616029904,38745.55803996537
FL03658,VH040,TR03802,2026-05-12 16:16:48.201640,Petrol,23.754511057267663,200,4750.902211453533,231569.27269428497
FL03659,VH047,TR01164,2026-05-12 17:08:39.223844,Petrol,106.69010583953013,200,21338.021167906027,169059.44535102753
FL03660,VH008,TR03880,2026-05-12 18:00:30.246049,Diesel,125.19884677314217,190,23787.78088689701,238429.14555283613
FL03661,VH011,TR01282,2026-05-12 18:52:21.268253,Diesel,129.0686264015589,190,24523.039016296192,149875.18557098278
FL03662,VH019,TR02665,2026-05-12 19:44:12.290458,Diesel,99.83022959277083,190,18967.743622626458,120815.8953182209
FL03663,VH017,TR02896,2026-05-12 20:36:03.312662,Petrol,126.64987854391248,200,25329.975708782495,200162.298835447
FL03664,VH032,TR01209,2026-05-12 21:27:54.334866,Petrol,108.09298880126063,200,21618.597760252127,48626.14419405389
FL03665,VH047,TR00303,2026-05-12 22:19:45.357071,Petrol,22.232768226950704,200,4446.55364539014,101521.14791615713
FL03666,VH018,TR00756,2026-05-12 23:11:36.379275,Diesel,116.68609110389833,190,22170.357309740684,121905.81772821369
FL03667,VH022,TR04260,2026-05-13 00:03:27.401480,Petrol,35.11035653704615,200,7022.07130740923,81630.01468290837
FL03668,VH048,TR01227,2026-05-13 00:55:18.423684,Diesel,43.12530796273619,190,8193.808512919875,99108.54697803484
FL03669,VH047,TR01234,2026-05-13 01:47:09.445889,Petrol,65.25108777981308,200,13050.217555962616,28745.24486186038
FL03670,VH003,TR03518,2026-05-13 02:39:00.468093,Diesel,54.039389285687164,190,10267.483964280562,57516.06146789391
FL03671,VH020,TR00898,2026-05-13 03:30:51.490298,Petrol,55.031243362407686,200,11006.248672481537,90519.2128794228
FL03672,VH028,TR04879,2026-05-13 04:22:42.512502,Petrol,33.69633338856641,200,6739.266677713282,201013.70397595223
FL03673,VH014,TR03311,2026-05-13 05:14:33.534706,Diesel,51.141946595336215,190,9716.96985311388,53799.36516228734
FL03674,VH016,TR04823,2026-05-13 06:06:24.556911,Diesel,12.752762596623448,190,2423.0248933584553,93193.68975621392
FL03675,VH026,TR03363,2026-05-13 06:58:15.579115,Diesel,76.20753253636565,190,14479.431181909473,25580.86916726444
FL03676,VH038,TR02420,2026-05-13 07:50:06.601320,Diesel,117.60273422777294,190,22344.51950327686,143705.04275838545
FL03677,VH026,TR02910,2026-05-13 08:41:57.623524,Diesel,130.71463169147756,190,24835.78002138074,156700.21315382267
FL03678,VH045,TR01455,2026-05-13 09:33:48.645729,Diesel,124.85999825432138,190,23723.399668321064,217723.95123092007
FL03679,VH019,TR02328,2026-05-13 10:25:39.667933,Diesel,68.30408065931584,190,12977.77532527001,206587.83964047136
FL03680,VH003,TR02364,2026-05-13 11:17:30.690138,Diesel,112.25970736293988,190,21329.344398958576,78490.70912413132
FL03681,VH047,TR02013,2026-05-13 12:09:21.712342,Petrol,50.304708373329746,200,10060.94167466595,42868.88540556633
FL03682,VH009,TR01101,2026-05-13 13:01:12.734546,Diesel,17.778746180466513,190,3377.9617742886376,47459.9637304969
FL03683,VH028,TR00816,2026-05-13 13:53:03.756751,Petrol,104.63601355477732,200,20927.202710955466,242551.3463297067
FL03684,VH037,TR04247,2026-05-13 14:44:54.778955,Diesel,100.83146306309683,190,19157.9779819884,171574.19536176577
FL03685,VH029,TR01321,2026-05-13 15:36:45.801160,Diesel,122.22811536480258,190,23223.34191931249,20216.989072777433
FL03686,VH022,TR04765,2026-05-13 16:28:36.823364,Petrol,96.25486893840318,200,19250.973787680636,42827.0212108227
FL03687,VH040,TR04503,2026-05-13 17:20:27.845569,Petrol,31.964827496348295,200,6392.965499269659,126592.01562422937
FL03688,VH045,TR02335,2026-05-13 18:12:18.867773,Diesel,129.44273488702774,190,24594.11962853527,59878.91303034875
FL03689,VH049,TR04588,2026-05-13 19:04:09.889977,Diesel,97.81539032261811,190,18584.92416129744,202878.15640000452
FL03690,VH004,TR01033,2026-05-13 19:56:00.912182,Diesel,123.06535786490056,190,23382.417994331106,147572.10821664758
FL03691,VH029,TR01156,2026-05-13 20:47:51.934386,Diesel,118.37499685264571,190,22491.249402002686,157031.7298694316
FL03692,VH009,TR01101,2026-05-13 21:39:42.956591,Diesel,51.70102821151238,190,9823.195360187352,121078.13153181084
FL03693,VH047,TR02786,2026-05-13 22:31:33.978795,Petrol,20.437416479287332,200,4087.4832958574666,71455.06610231573
FL03694,VH008,TR00997,2026-05-13 23:23:25.001000,Diesel,34.71061727254188,190,6595.017281782957,151456.86716861118
FL03695,VH034,TR01436,2026-05-14 00:15:16.023204,Diesel,23.000726803855105,190,4370.13809273247,182072.81107857564
FL03696,VH033,TR02546,2026-05-14 01:07:07.045409,Petrol,44.077740491219096,200,8815.548098243818,99027.53863124005
FL03697,VH005,TR03701,2026-05-14 01:58:58.067613,Diesel,74.33451822363902,190,14123.558462491414,131186.4713482805
FL03698,VH042,TR04985,2026-05-14 02:50:49.089817,Diesel,136.9534846973796,190,26021.162092502123,211524.15291328798
FL03699,VH026,TR00354,2026-05-14 03:42:40.112022,Diesel,132.08262582888887,190,25095.698907488884,45683.62283739047
FL03700,VH003,TR02319,2026-05-14 04:34:31.134226,Diesel,110.60397411340192,190,21014.755081546366,140853.8606257841
FL03701,VH018,TR04528,2026-05-14 05:26:22.156431,Diesel,13.375730336695637,190,2541.388763972171,93619.03883901476
FL03702,VH011,TR00739,2026-05-14 06:18:13.178635,Diesel,57.794488184877494,190,10980.952755126724,178670.74197213532
FL03703,VH002,TR02520,2026-05-14 07:10:04.200840,Petrol,105.52877970783277,200,21105.755941566553,14514.458358974718
FL03704,VH026,TR04604,2026-05-14 08:01:55.223044,Diesel,28.064045557469573,190,5332.1686559192185,170913.5919527653
FL03705,VH015,TR00055,2026-05-14 08:53:46.245249,Petrol,122.15229900222721,200,24430.459800445442,34695.45616388498
FL03706,VH018,TR02085,2026-05-14 09:45:37.267453,Diesel,138.0403151982631,190,26227.65988766999,25544.26071847792
FL03707,VH020,TR00900,2026-05-14 10:37:28.289657,Petrol,59.57462252929557,200,11914.924505859113,183909.5922300671
FL03708,VH014,TR02103,2026-05-14 11:29:19.311862,Diesel,108.81802866093668,190,20675.42544557797,163682.11669697764
FL03709,VH025,TR00524,2026-05-14 12:21:10.334066,Diesel,30.74857857361987,190,5842.229928987776,224784.6234142381
FL03710,VH012,TR00463,2026-05-14 13:13:01.356271,Diesel,106.71430287582378,190,20275.71754640652,134717.18939215483
FL03711,VH007,TR04793,2026-05-14 14:04:52.378475,Petrol,13.00375772018606,200,2600.751544037212,137205.8621265201
FL03712,VH049,TR01502,2026-05-14 14:56:43.400680,Diesel,31.108010953554135,190,5910.522081175286,179684.2805383721
FL03713,VH004,TR03877,2026-05-14 15:48:34.422884,Diesel,109.38340252521381,190,20782.846479790624,87615.41832478029
FL03714,VH017,TR00716,2026-05-14 16:40:25.445089,Petrol,109.65903120268287,200,21931.806240536574,18858.989301263813
FL03715,VH014,TR03298,2026-05-14 17:32:16.467293,Diesel,99.76277881832479,190,18954.92797548171,65210.99817257388
FL03716,VH019,TR02780,2026-05-14 18:24:07.489497,Diesel,76.83096341378845,190,14597.883048619806,67123.21885512798
FL03717,VH027,TR03612,2026-05-14 19:15:58.511702,Petrol,104.48713276407231,200,20897.426552814464,90558.12406676653
FL03718,VH014,TR00989,2026-05-14 20:07:49.533906,Diesel,118.33211176043035,190,22483.10123448177,236431.0559297111
FL03719,VH050,TR01829,2026-05-14 20:59:40.556111,Diesel,145.30743226514412,190,27608.412130377383,203162.2716791555
FL03720,VH028,TR00212,2026-05-14 21:51:31.578315,Petrol,134.4097444168047,200,26881.94888336094,234629.4988492461
FL03721,VH046,TR03147,2026-05-14 22:43:22.600520,Diesel,121.23478835925745,190,23034.609788258917,249666.3016271201
FL03722,VH021,TR00754,2026-05-14 23:35:13.622724,Petrol,107.26605234001221,200,21453.210468002442,114106.96098089068
FL03723,VH013,TR03751,2026-05-15 00:27:04.644928,Petrol,90.38177636053142,200,18076.355272106284,64497.59600327311
FL03724,VH019,TR03690,2026-05-15 01:18:55.667133,Diesel,26.885235269268275,190,5108.194701160972,144400.99870125978
FL03725,VH033,TR03223,2026-05-15 02:10:46.689337,Petrol,33.177957893775016,200,6635.591578755003,221472.2593475485
FL03726,VH036,TR00436,2026-05-15 03:02:37.711542,Diesel,124.83913849392593,190,23719.436313845927,121775.64664349877
FL03727,VH018,TR01902,2026-05-15 03:54:28.733746,Diesel,122.46380770901088,190,23268.123464712065,131295.83261734084
FL03728,VH008,TR04180,2026-05-15 04:46:19.755951,Diesel,96.02424963627081,190,18244.607430891454,42265.38542267841
FL03729,VH020,TR01236,2026-05-15 05:38:10.778155,Petrol,71.43761858026147,200,14287.523716052294,110909.31821626265
FL03730,VH030,TR00779,2026-05-15 06:30:01.800360,Diesel,13.644570975304791,190,2592.46848530791,102878.75435405875
FL03731,VH043,TR04930,2026-05-15 07:21:52.822564,Diesel,55.804771953996145,190,10602.906671259267,94405.2406877079
FL03732,VH021,TR03853,2026-05-15 08:13:43.844768,Petrol,68.8895520591445,200,13777.910411828901,222951.68078180795
FL03733,VH014,TR01961,2026-05-15 09:05:34.866973,Diesel,78.01428006427888,190,14822.713212212986,24232.343970959904
FL03734,VH001,TR04273,2026-05-15 09:57:25.889177,Petrol,140.1054437985693,200,28021.08875971386,243315.32389536325
FL03735,VH025,TR01807,2026-05-15 10:49:16.911382,Diesel,25.219315972019995,190,4791.670034683799,11979.238065552647
FL03736,VH047,TR03231,2026-05-15 11:41:07.933586,Petrol,82.64136876916785,200,16528.27375383357,236942.56334795416
FL03737,VH014,TR01725,2026-05-15 12:32:58.955791,Diesel,61.50912157415916,190,11686.733099090241,141531.40068125044
FL03738,VH012,TR00186,2026-05-15 13:24:49.977995,Diesel,148.61373669024724,190,28236.609971146976,178586.8586560278
FL03739,VH025,TR01495,2026-05-15 14:16:41.000200,Diesel,130.66096227960674,190,24825.58283312528,54911.88392682958
FL03740,VH035,TR01980,2026-05-15 15:08:32.022404,Diesel,71.43001959344892,190,13571.703722755294,167010.7693639857
FL03741,VH017,TR04054,2026-05-15 16:00:23.044608,Petrol,149.95738530966645,200,29991.47706193329,221669.8404466558
FL03742,VH027,TR00246,2026-05-15 16:52:14.066813,Petrol,81.96885450600949,200,16393.770901201897,43475.23356007638
FL03743,VH038,TR04048,2026-05-15 17:44:05.089017,Diesel,33.3964915227961,190,6345.333389331258,40499.58694558959
FL03744,VH024,TR00384,2026-05-15 18:35:56.111222,Petrol,87.82245685574004,200,17564.491371148008,82954.69819587347
FL03745,VH022,TR00285,2026-05-15 19:27:47.133426,Petrol,41.66880721251052,200,8333.761442502104,48814.214194095555
FL03746,VH023,TR03995,2026-05-15 20:19:38.155631,Diesel,99.08379761067528,190,18825.9215460283,36555.003542403305
FL03747,VH045,TR00300,2026-05-15 21:11:29.177835,Diesel,141.24162448374958,190,26835.908651912418,172796.56863647
FL03748,VH049,TR00901,2026-05-15 22:03:20.200040,Diesel,120.06780075690395,190,22812.882143811752,61318.387338997796
FL03749,VH042,TR01460,2026-05-15 22:55:11.222244,Diesel,48.242916658667724,190,9166.154165146867,170083.5758564767
FL03750,VH017,TR02922,2026-05-15 23:47:02.244448,Petrol,51.560207495240995,200,10312.041499048199,216863.01450779592
FL03751,VH009,TR02534,2026-05-16 00:38:53.266653,Diesel,19.700348432643686,190,3743.0662022023002,166485.94993912012
FL03752,VH046,TR00806,2026-05-16 01:30:44.288857,Diesel,50.02149699047883,190,9504.084428190978,38648.09677969622
FL03753,VH018,TR02229,2026-05-16 02:22:35.311062,Diesel,22.967471954894414,190,4363.819671429938,147658.6177713868
FL03754,VH020,TR01922,2026-05-16 03:14:26.333266,Petrol,79.92282070559,200,15984.564141118,104470.8842107722
FL03755,VH036,TR04973,2026-05-16 04:06:17.355471,Diesel,109.16859112975607,190,20742.032314653654,92409.02481339873
FL03756,VH028,TR04790,2026-05-16 04:58:08.377675,Petrol,115.16536260988218,200,23033.072521976435,86447.55247115972
FL03757,VH030,TR02388,2026-05-16 05:49:59.399879,Diesel,18.33409251474507,190,3483.4775778015633,233063.73371671492
FL03758,VH021,TR02539,2026-05-16 06:41:50.422084,Petrol,57.593825753348284,200,11518.765150669657,188201.78960265467
FL03759,VH029,TR01997,2026-05-16 07:33:41.444288,Diesel,50.34404731664072,190,9565.368990161736,42123.7094992708
FL03760,VH021,TR04826,2026-05-16 08:25:32.466493,Petrol,24.602045218226845,200,4920.409043645369,124241.3151357913
FL03761,VH004,TR02504,2026-05-16 09:17:23.488697,Diesel,60.7459835304808,190,11541.736870791352,86373.5380609407
FL03762,VH036,TR00105,2026-05-16 10:09:14.510902,Diesel,51.90481527949306,190,9861.914903103681,244705.19501102998
FL03763,VH039,TR00439,2026-05-16 11:01:05.533106,Diesel,98.82989210749874,190,18777.67950042476,244726.95350876066
FL03764,VH045,TR01522,2026-05-16 11:52:56.555311,Diesel,133.6623729227198,190,25395.850855316763,86688.27383992838
FL03765,VH040,TR01352,2026-05-16 12:44:47.577515,Petrol,73.67784092225023,200,14735.568184450045,94507.14787490913
FL03766,VH021,TR02699,2026-05-16 13:36:38.599719,Petrol,114.5331241873546,200,22906.62483747092,153859.40971277095
FL03767,VH046,TR03613,2026-05-16 14:28:29.621924,Diesel,30.441451395494397,190,5783.8757651439355,125033.68343860003
FL03768,VH050,TR00509,2026-05-16 15:20:20.644128,Diesel,135.29529301014105,190,25706.105671926798,61144.20931802594
FL03769,VH039,TR04347,2026-05-16 16:12:11.666333,Diesel,31.36326335011292,190,5959.020036521455,168498.92007726672
FL03770,VH028,TR04975,2026-05-16 17:04:02.688537,Petrol,36.894165283914504,200,7378.833056782901,90190.87453005722
FL03771,VH004,TR01275,2026-05-16 17:55:53.710742,Diesel,24.904932502274708,190,4731.937175432195,166891.95959972023
FL03772,VH017,TR02823,2026-05-16 18:47:44.732946,Petrol,53.3551302128751,200,10671.02604257502,102083.56535867194
FL03773,VH002,TR00064,2026-05-16 19:39:35.755151,Petrol,87.33746254017365,200,17467.49250803473,178050.3745255052
FL03774,VH018,TR03922,2026-05-16 20:31:26.777355,Diesel,148.31917559688574,190,28180.64336340829,170271.87301351613
FL03775,VH049,TR04416,2026-05-16 21:23:17.799559,Diesel,121.07152485205614,190,23003.58972189067,132115.06142104015
FL03776,VH048,TR00860,2026-05-16 22:15:08.821764,Diesel,63.26101240487748,190,12019.59235692672,179137.5977705994
FL03777,VH011,TR02828,2026-05-16 23:06:59.843968,Diesel,90.61844810649987,190,17217.505140234975,120631.76229568366
FL03778,VH032,TR01548,2026-05-16 23:58:50.866173,Petrol,97.26312433148908,200,19452.624866297818,37873.19191602949
FL03779,VH047,TR02077,2026-05-17 00:50:41.888377,Petrol,125.18181097462859,200,25036.362194925718,53705.500800965114
FL03780,VH018,TR00437,2026-05-17 01:42:32.910582,Diesel,113.10324995877207,190,21489.617492166693,69038.35219974708
FL03781,VH046,TR03658,2026-05-17 02:34:23.932786,Diesel,89.70075777595966,190,17043.143977432333,25174.942774167183
FL03782,VH005,TR00763,2026-05-17 03:26:14.954991,Diesel,103.68562378555194,190,19700.268519254867,180731.49295136082
FL03783,VH023,TR00736,2026-05-17 04:18:05.977195,Diesel,114.42846553480595,190,21741.40845161313,98173.65443958841
FL03784,VH001,TR03665,2026-05-17 05:09:56.999399,Petrol,28.640168278676605,200,5728.033655735321,32445.59111847935
FL03785,VH041,TR04095,2026-05-17 06:01:48.021604,Diesel,38.063764582753194,190,7232.115270723107,206789.94897413926
FL03786,VH013,TR04729,2026-05-17 06:53:39.043808,Petrol,106.40180044705235,200,21280.36008941047,174077.02827125796
FL03787,VH038,TR01579,2026-05-17 07:45:30.066013,Diesel,129.0595786782685,190,24521.319948871016,118533.81691064821
FL03788,VH028,TR03730,2026-05-17 08:37:21.088217,Petrol,67.2967195779675,200,13459.3439155935,69382.08042225621
FL03789,VH028,TR01077,2026-05-17 09:29:12.110422,Petrol,147.18464514596883,200,29436.929029193765,46419.01451028322
FL03790,VH036,TR02281,2026-05-17 10:21:03.132626,Diesel,40.2500425742722,190,7647.508089111718,120009.80602121488
FL03791,VH002,TR01831,2026-05-17 11:12:54.154830,Petrol,68.33789948608144,200,13667.579897216288,222458.97832253497
FL03792,VH044,TR01899,2026-05-17 12:04:45.177035,Petrol,62.99322608485544,200,12598.645216971088,55214.877585272785
FL03793,VH018,TR04296,2026-05-17 12:56:36.199239,Diesel,140.24143170170007,190,26645.872023323012,146478.2149579571
FL03794,VH034,TR00674,2026-05-17 13:48:27.221444,Diesel,49.952992460155535,190,9491.068567429551,240804.63885334143
FL03795,VH003,TR00549,2026-05-17 14:40:18.243648,Diesel,75.91070892591019,190,14423.034695922935,162907.9779435071
FL03796,VH030,TR00937,2026-05-17 15:32:09.265853,Diesel,36.21273754614613,190,6880.420133767765,115591.5352374084
FL03797,VH031,TR04145,2026-05-17 16:24:00.288057,Petrol,82.97727339874213,200,16595.454679748425,181929.51350533802
FL03798,VH004,TR00896,2026-05-17 17:15:51.310262,Diesel,130.03658372490275,190,24706.950907731523,207898.70056448955
FL03799,VH002,TR02570,2026-05-17 18:07:42.332466,Petrol,52.56552466467899,200,10513.104932935797,151723.9114928421
FL03800,VH008,TR02088,2026-05-17 18:59:33.354670,Diesel,123.51089010279595,190,23467.069119531232,219239.76615831823
FL03801,VH033,TR00914,2026-05-17 19:51:24.376875,Petrol,137.58362150458765,200,27516.72430091753,133502.02225017705
FL03802,VH003,TR01177,2026-05-17 20:43:15.399079,Diesel,20.21410456003891,190,3840.6798664073926,209206.96052950158
FL03803,VH024,TR04772,2026-05-17 21:35:06.421284,Petrol,115.89943508469514,200,23179.88701693903,238484.61769736683
FL03804,VH033,TR04866,2026-05-17 22:26:57.443488,Petrol,45.74808106106872,200,9149.616212213743,130298.4320856441
FL03805,VH041,TR04307,2026-05-17 23:18:48.465693,Diesel,34.54587275512807,190,6563.715823474334,155200.41174047804
FL03806,VH049,TR03274,2026-05-18 00:10:39.487897,Diesel,94.15713488350505,190,17889.85562786596,156272.2103079604
FL03807,VH009,TR04243,2026-05-18 01:02:30.510102,Diesel,108.78436627201796,190,20669.02959168341,197544.36726358975
FL03808,VH046,TR01523,2026-05-18 01:54:21.532306,Diesel,65.26653800292993,190,12400.642220556687,207511.80164258147
FL03809,VH042,TR02803,2026-05-18 02:46:12.554510,Diesel,15.484318991506683,190,2942.02060838627,16535.035889454575
FL03810,VH012,TR03123,2026-05-18 03:38:03.576715,Diesel,137.21863338755105,190,26071.5403436347,186006.29538169308
FL03811,VH012,TR04591,2026-05-18 04:29:54.598919,Diesel,112.3045683586493,190,21337.867988143367,198115.65871125704
FL03812,VH030,TR02457,2026-05-18 05:21:45.621124,Diesel,48.033352935622055,190,9126.33705776819,178103.06546997686
FL03813,VH041,TR01650,2026-05-18 06:13:36.643328,Diesel,79.56093980426358,190,15116.57856281008,181286.95823754306
FL03814,VH039,TR02321,2026-05-18 07:05:27.665533,Diesel,13.890990595390921,190,2639.288213124275,19936.686204224665
FL03815,VH012,TR02506,2026-05-18 07:57:18.687737,Diesel,57.499589452831856,190,10924.921996038052,116089.27886773745
FL03816,VH007,TR01144,2026-05-18 08:49:09.709941,Petrol,83.15493298191656,200,16630.98659638331,206363.11593321775
FL03817,VH030,TR03773,2026-05-18 09:41:00.732146,Diesel,82.41130611627501,190,15658.148162092253,234161.71391082488
FL03818,VH006,TR00046,2026-05-18 10:32:51.754350,Diesel,39.145882921195756,190,7437.717755027194,65072.30093726434
FL03819,VH004,TR03315,2026-05-18 11:24:42.776555,Diesel,118.7446312657447,190,22561.479940491492,149006.78568467082
FL03820,VH048,TR04407,2026-05-18 12:16:33.798759,Diesel,51.84070219373008,190,9849.733416808715,203039.25749214008
FL03821,VH042,TR02610,2026-05-18 13:08:24.820964,Diesel,91.25740324491616,190,17338.90661653407,190577.83428620457
FL03822,VH010,TR04427,2026-05-18 14:00:15.843168,Diesel,48.01311157531647,190,9122.49119931013,158533.628075219
FL03823,VH040,TR04107,2026-05-18 14:52:06.865373,Petrol,69.52350221814783,200,13904.700443629565,14485.885182880054
FL03824,VH042,TR03120,2026-05-18 15:43:57.887577,Diesel,39.05204753503223,190,7419.889031656124,183732.6016267758
FL03825,VH047,TR01401,2026-05-18 16:35:48.909781,Petrol,98.62109095448537,200,19724.218190897074,195578.20078691558
FL03826,VH017,TR01592,2026-05-18 17:27:39.931986,Petrol,69.5818104197891,200,13916.362083957818,183483.8815901524
FL03827,VH049,TR00008,2026-05-18 18:19:30.954190,Diesel,12.256422628286998,190,2328.7202993745295,193794.19875758962
FL03828,VH025,TR00984,2026-05-18 19:11:21.976395,Diesel,13.943099162347252,190,2649.188840845978,113419.57424292646
FL03829,VH001,TR03598,2026-05-18 20:03:12.998599,Petrol,75.9588045859991,200,15191.760917199821,248500.51502209384
FL03830,VH024,TR01751,2026-05-18 20:55:04.020804,Petrol,35.65162136674961,200,7130.324273349922,194988.85980943815
FL03831,VH020,TR03512,2026-05-18 21:46:55.043008,Petrol,91.90588674026394,200,18381.177348052788,148883.20126719653
FL03832,VH042,TR03829,2026-05-18 22:38:46.065213,Diesel,67.14684944808297,190,12757.901395135765,234205.90473918975
FL03833,VH037,TR00566,2026-05-18 23:30:37.087417,Diesel,101.61877697556118,190,19307.567625356623,227967.60146992438
FL03834,VH039,TR02321,2026-05-19 00:22:28.109621,Diesel,143.33532436895322,190,27233.711630101112,205496.09568022357
FL03835,VH049,TR00901,2026-05-19 01:14:19.131826,Diesel,84.02305887133551,190,15964.381185553746,145286.7805561039
FL03836,VH026,TR02179,2026-05-19 02:06:10.154030,Diesel,120.23300450261394,190,22844.27085549665,136504.24459521123
FL03837,VH008,TR03593,2026-05-19 02:58:01.176235,Diesel,115.4257394842312,190,21930.890502003927,88889.90367388498
FL03838,VH024,TR02772,2026-05-19 03:49:52.198439,Petrol,139.05075460534113,200,27810.150921068227,70210.71498494761
FL03839,VH033,TR00114,2026-05-19 04:41:43.220644,Petrol,39.962501413320865,200,7992.500282664173,132966.28407402075
FL03840,VH039,TR00532,2026-05-19 05:33:34.242848,Diesel,125.82577590989172,190,23906.897422879425,148667.62281087373
FL03841,VH046,TR01523,2026-05-19 06:25:25.265053,Diesel,136.77285299065613,190,25986.842068224665,68686.34355012293
FL03842,VH048,TR03411,2026-05-19 07:17:16.287257,Diesel,64.98681733266088,190,12347.495293205566,231424.2984768349
FL03843,VH020,TR01045,2026-05-19 08:09:07.309461,Petrol,53.934267243855544,200,10786.85344877111,143745.75921623645
FL03844,VH020,TR00033,2026-05-19 09:00:58.331666,Petrol,143.28502735496028,200,28657.005470992055,136361.27809171518
FL03845,VH049,TR00133,2026-05-19 09:52:49.353870,Diesel,97.8685950994415,190,18595.033068893885,114553.21320787365
FL03846,VH014,TR02968,2026-05-19 10:44:40.376075,Diesel,63.29470793380557,190,12025.994507423058,23937.11097204653
FL03847,VH022,TR01727,2026-05-19 11:36:31.398279,Petrol,120.85588093042823,200,24171.176186085646,221776.32027036382
FL03848,VH042,TR00026,2026-05-19 12:28:22.420484,Diesel,52.62634622620011,190,9999.005782978022,86078.61434632714
FL03849,VH043,TR02649,2026-05-19 13:20:13.442688,Diesel,34.69706204978069,190,6592.441789458331,164190.48027239068
FL03850,VH026,TR04641,2026-05-19 14:12:04.464892,Diesel,86.15574901167878,190,16369.592312218969,155784.0541528085
FL03851,VH050,TR01262,2026-05-19 15:03:55.487097,Diesel,89.26968628748448,190,16961.24039462205,150276.83809228643
FL03852,VH008,TR02066,2026-05-19 15:55:46.509301,Diesel,125.60450751742732,190,23864.856428311192,136170.92848278017
FL03853,VH017,TR03346,2026-05-19 16:47:37.531506,Petrol,73.9838297028602,200,14796.76594057204,53545.56002351874
FL03854,VH024,TR00934,2026-05-19 17:39:28.553710,Petrol,124.04211553074782,200,24808.423106149563,77345.37785151173
FL03855,VH008,TR01051,2026-05-19 18:31:19.575915,Diesel,53.58517510876739,190,10181.183270665804,135805.13710487203
FL03856,VH010,TR00817,2026-05-19 19:23:10.598119,Diesel,90.55154830489087,190,17204.794177929267,199442.18838326223
FL03857,VH037,TR04204,2026-05-19 20:15:01.620324,Diesel,39.18618904610021,190,7445.37591875904,113677.35295610047
FL03858,VH031,TR00738,2026-05-19 21:06:52.642528,Petrol,63.9624331283235,200,12792.4866256647,58941.412731071396
FL03859,VH003,TR02915,2026-05-19 21:58:43.664732,Diesel,130.05555769659915,190,24710.55596235384,31106.66195330223
FL03860,VH050,TR03603,2026-05-19 22:50:34.686937,Diesel,40.238347081005706,190,7645.285945391084,169122.6408385658
FL03861,VH026,TR00793,2026-05-19 23:42:25.709141,Diesel,123.43352480589748,190,23452.36971312052,111601.5929490795
FL03862,VH035,TR03176,2026-05-20 00:34:16.731346,Diesel,49.60203209863687,190,9424.386098741004,40089.014229434055
FL03863,VH043,TR01356,2026-05-20 01:26:07.753550,Diesel,14.828560755123517,190,2817.4265434734684,171872.0511968761
FL03864,VH017,TR01386,2026-05-20 02:17:58.775755,Petrol,25.39083980795848,200,5078.1679615916955,59818.89540504956
FL03865,VH036,TR03993,2026-05-20 03:09:49.797959,Diesel,114.42313634491035,190,21740.395905532965,132163.85159288248
FL03866,VH021,TR04385,2026-05-20 04:01:40.820164,Petrol,46.68992971030075,200,9337.98594206015,83485.11401844652
FL03867,VH018,TR01061,2026-05-20 04:53:31.842368,Diesel,101.58038291377811,190,19300.27275361784,233605.6154641601
FL03868,VH037,TR01372,2026-05-20 05:45:22.864572,Diesel,107.88784638601263,190,20498.6908133424,64789.13590507975
FL03869,VH001,TR04139,2026-05-20 06:37:13.886777,Petrol,58.31658502085588,200,11663.317004171176,110780.44517008684
FL03870,VH019,TR01150,2026-05-20 07:29:04.908981,Diesel,76.48865820955963,190,14532.845059816329,240278.4632387214
FL03871,VH026,TR03203,2026-05-20 08:20:55.931186,Diesel,66.52739266381349,190,12640.204606124562,86494.0431851957
FL03872,VH047,TR03354,2026-05-20 09:12:46.953390,Petrol,142.62885948963475,200,28525.77189792695,164702.35912264002
FL03873,VH050,TR02943,2026-05-20 10:04:37.975595,Diesel,54.792840729222235,190,10410.639738552225,86014.49048951805
FL03874,VH009,TR04629,2026-05-20 10:56:28.997799,Diesel,35.6652259114945,190,6776.392923183956,36561.99498813976
FL03875,VH045,TR03449,2026-05-20 11:48:20.020004,Diesel,61.18299800258095,190,11624.76962049038,160611.33584423029
FL03876,VH022,TR03048,2026-05-20 12:40:11.042208,Petrol,103.7321990642817,200,20746.43981285634,229847.5684684817
FL03877,VH034,TR02711,2026-05-20 13:32:02.064412,Diesel,107.63077665060514,190,20449.847563614978,118615.52013618204
FL03878,VH015,TR01501,2026-05-20 14:23:53.086617,Petrol,139.36802415040097,200,27873.604830080192,160282.37024619212
FL03879,VH017,TR00069,2026-05-20 15:15:44.108821,Petrol,133.44562788261328,200,26689.125576522656,156135.61918158954
FL03880,VH008,TR01867,2026-05-20 16:07:35.131026,Diesel,50.36487285841857,190,9569.325843099528,109621.52863069023
FL03881,VH015,TR01949,2026-05-20 16:59:26.153230,Petrol,73.7228548554635,200,14744.570971092699,157575.19330353534
FL03882,VH023,TR03902,2026-05-20 17:51:17.175435,Diesel,114.61765834568077,190,21777.355085679344,72236.34026055332
FL03883,VH039,TR03509,2026-05-20 18:43:08.197639,Diesel,138.3152192842835,190,26279.891664013867,100729.0971047325
FL03884,VH032,TR00301,2026-05-20 19:34:59.219843,Petrol,57.203101799964855,200,11440.62035999297,116156.52552697003
FL03885,VH042,TR04123,2026-05-20 20:26:50.242048,Diesel,72.22180078477942,190,13722.14214910809,217362.08405499533
FL03886,VH009,TR02978,2026-05-20 21:18:41.264252,Diesel,135.92695786350524,190,25826.121994065994,93599.89475998118
FL03887,VH018,TR02601,2026-05-20 22:10:32.286457,Diesel,60.187742242179176,190,11435.671026014044,162432.89154779832
FL03888,VH049,TR02154,2026-05-20 23:02:23.308661,Diesel,77.27181806684301,190,14681.645432700172,61216.92098053568
FL03889,VH021,TR04682,2026-05-20 23:54:14.330866,Petrol,136.63057977053103,200,27326.115954106204,70616.73497294242
FL03890,VH034,TR04906,2026-05-21 00:46:05.353070,Diesel,122.31405051857875,190,23239.669598529963,165622.93011039463
FL03891,VH046,TR04730,2026-05-21 01:37:56.375275,Diesel,44.08032950137239,190,8375.262605260754,192954.38256798487
FL03892,VH049,TR04019,2026-05-21 02:29:47.397479,Diesel,55.471309157670674,190,10539.548739957429,120908.12236630755
FL03893,VH028,TR03083,2026-05-21 03:21:38.419683,Petrol,59.41422184430748,200,11882.844368861495,90423.92722666396
FL03894,VH038,TR04755,2026-05-21 04:13:29.441888,Diesel,137.78338628034837,190,26178.84339326619,228465.1734237454
FL03895,VH003,TR01240,2026-05-21 05:05:20.464092,Diesel,149.8507231946355,190,28471.637406980743,42593.87561177025
FL03896,VH021,TR02934,2026-05-21 05:57:11.486297,Petrol,118.36060230176159,200,23672.12046035232,182971.4170358433
FL03897,VH044,TR02369,2026-05-21 06:49:02.508501,Petrol,77.80568234909093,200,15561.136469818186,175640.9799393047
FL03898,VH019,TR00460,2026-05-21 07:40:53.530706,Diesel,11.424334529447055,190,2170.6235605949405,175658.8390546706
FL03899,VH002,TR04029,2026-05-21 08:32:44.552910,Petrol,107.64832792371404,200,21529.66558474281,234500.90666164583
FL03900,VH011,TR02627,2026-05-21 09:24:35.575115,Diesel,64.51056302968985,190,12257.00697564107,184765.6722353901
FL03901,VH042,TR03764,2026-05-21 10:16:26.597319,Diesel,98.61810583200476,190,18737.440108080904,82375.64545830019
FL03902,VH032,TR02802,2026-05-21 11:08:17.619523,Petrol,94.93715488474002,200,18987.430976948006,94818.21381575422
FL03903,VH002,TR04256,2026-05-21 12:00:08.641728,Petrol,77.31648792041423,200,15463.297584082846,103866.63356797463
FL03904,VH041,TR00464,2026-05-21 12:51:59.663932,Diesel,142.2142356816852,190,27020.70477952019,17394.081783545455
FL03905,VH042,TR00998,2026-05-21 13:43:50.686137,Diesel,13.240488349747832,190,2515.692786452088,229242.4756979817
FL03906,VH021,TR03007,2026-05-21 14:35:41.708341,Petrol,109.69854782616235,200,21939.70956523247,27652.624927552934
FL03907,VH027,TR01679,2026-05-21 15:27:32.730546,Petrol,67.37758156193644,200,13475.516312387288,177950.6277033932
FL03908,VH031,TR00865,2026-05-21 16:19:23.752750,Petrol,109.93066306882558,200,21986.132613765116,185238.6411623948
FL03909,VH008,TR01191,2026-05-21 17:11:14.774954,Diesel,104.53075065554847,190,19860.84262455421,212491.61215132952
FL03910,VH010,TR02698,2026-05-21 18:03:05.797159,Diesel,11.433320360639353,190,2172.330868521477,142806.94134292542
FL03911,VH023,TR02375,2026-05-21 18:54:56.819363,Diesel,49.94738932445397,190,9490.003971646254,184063.46172556886
FL03912,VH031,TR00865,2026-05-21 19:46:47.841568,Petrol,36.47281287052926,200,7294.562574105852,82653.50187182825
FL03913,VH023,TR02577,2026-05-21 20:38:38.863772,Diesel,33.37808941194892,190,6341.836988270295,188940.1626190696
FL03914,VH009,TR03916,2026-05-21 21:30:29.885977,Diesel,111.98673577695858,190,21277.47979762213,92419.77694285262
FL03915,VH046,TR02927,2026-05-21 22:22:20.908181,Diesel,43.537188873037444,190,8272.065885877115,226681.23482240704
FL03916,VH004,TR04430,2026-05-21 23:14:11.930386,Diesel,76.46326609822212,190,14528.020558662203,49211.633863931864
FL03917,VH030,TR02398,2026-05-22 00:06:02.952590,Diesel,44.578459339995135,190,8469.907274599076,85781.75456174885
FL03918,VH028,TR02222,2026-05-22 00:57:53.974794,Petrol,91.23273528094619,200,18246.547056189236,129704.66837323135
FL03919,VH020,TR01783,2026-05-22 01:49:44.996999,Petrol,110.88032752839551,200,22176.065505679104,196204.13371554346
FL03920,VH009,TR03999,2026-05-22 02:41:36.019203,Diesel,56.350463417744706,190,10706.588049371494,189711.78522472768
FL03921,VH034,TR02804,2026-05-22 03:33:27.041408,Diesel,94.42291876019708,190,17940.354564437446,60572.04983788083
FL03922,VH022,TR04168,2026-05-22 04:25:18.063612,Petrol,125.47966841792346,200,25095.93368358469,44616.567186831126
FL03923,VH041,TR04548,2026-05-22 05:17:09.085817,Diesel,23.191399923028833,190,4406.365985375478,82952.70503058357
FL03924,VH024,TR02959,2026-05-22 06:09:00.108021,Petrol,109.49388386577796,200,21898.77677315559,126100.99640221661
FL03925,VH014,TR01779,2026-05-22 07:00:51.130226,Diesel,55.24029222095323,190,10495.655521981114,139361.21075818015
FL03926,VH013,TR00826,2026-05-22 07:52:42.152430,Petrol,27.170993913492197,200,5434.19878269844,112993.02182926699
FL03927,VH011,TR03662,2026-05-22 08:44:33.174634,Diesel,86.39158906600883,190,16414.401922541678,169141.62799552167
FL03928,VH029,TR03370,2026-05-22 09:36:24.196839,Diesel,41.67672469748245,190,7918.577692521665,112614.14646333703
FL03929,VH023,TR03096,2026-05-22 10:28:15.219043,Diesel,124.99065097368207,190,23748.223684999593,237118.9623853107
FL03930,VH044,TR02158,2026-05-22 11:20:06.241248,Petrol,16.00542733435066,200,3201.085466870132,72632.52351556864
FL03931,VH042,TR00052,2026-05-22 12:11:57.263452,Diesel,23.811405477925646,190,4524.167040805873,160569.30896082273
FL03932,VH019,TR03362,2026-05-22 13:03:48.285657,Diesel,82.93945763801436,190,15758.496951222729,156730.70527843162
FL03933,VH029,TR03516,2026-05-22 13:55:39.307861,Diesel,92.45184977077395,190,17565.85145644705,77577.93325174817
FL03934,VH014,TR04563,2026-05-22 14:47:30.330066,Diesel,112.18413303318457,190,21314.985276305066,108805.02988336654
FL03935,VH046,TR03331,2026-05-22 15:39:21.352270,Diesel,46.296501955307136,190,8796.335371508356,97713.668665593
FL03936,VH032,TR01675,2026-05-22 16:31:12.374474,Petrol,127.84645714986085,200,25569.29142997217,51399.774404917436
FL03937,VH030,TR02866,2026-05-22 17:23:03.396679,Diesel,143.43992756832964,190,27253.586237982632,124550.85103157055
FL03938,VH003,TR01362,2026-05-22 18:14:54.418883,Diesel,79.86550250328091,190,15174.445475623372,102798.94072524195
FL03939,VH049,TR00787,2026-05-22 19:06:45.441088,Diesel,116.47439109577218,190,22130.134308196713,52796.16641611825
FL03940,VH006,TR00556,2026-05-22 19:58:36.463292,Diesel,83.47876963613099,190,15860.966230864888,117971.21090026275
FL03941,VH049,TR02040,2026-05-22 20:50:27.485497,Diesel,19.725384117709485,190,3747.822982364802,111242.55238209739
FL03942,VH008,TR01763,2026-05-22 21:42:18.507701,Diesel,55.65561179796695,190,10574.56624161372,41527.76263827033
FL03943,VH033,TR02113,2026-05-22 22:34:09.529905,Petrol,22.2481365477821,200,4449.62730955642,41485.0100603226
FL03944,VH013,TR02211,2026-05-22 23:26:00.552110,Petrol,148.44307669570188,200,29688.615339140375,165401.77116296737
FL03945,VH047,TR01702,2026-05-23 00:17:51.574314,Petrol,42.06362769027281,200,8412.725538054561,179579.39313210495
FL03946,VH026,TR02087,2026-05-23 01:09:42.596519,Diesel,99.02605871820062,190,18814.951156458115,235883.30077813714
FL03947,VH010,TR02713,2026-05-23 02:01:33.618723,Diesel,49.80831427229123,190,9463.579711735332,30881.125710663957
FL03948,VH030,TR02408,2026-05-23 02:53:24.640928,Diesel,101.45447014982962,190,19276.349328467626,38286.75817078084
FL03949,VH021,TR02317,2026-05-23 03:45:15.663132,Petrol,39.45623672186754,200,7891.247344373508,22436.35083229864
FL03950,VH028,TR01611,2026-05-23 04:37:06.685337,Petrol,119.93780922741044,200,23987.561845482087,137734.8233816632
FL03951,VH015,TR04353,2026-05-23 05:28:57.707541,Petrol,25.513624397128968,200,5102.724879425794,159459.18743085436
FL03952,VH032,TR04706,2026-05-23 06:20:48.729745,Petrol,135.32105601263925,200,27064.211202527847,106845.62846371783
FL03953,VH022,TR01128,2026-05-23 07:12:39.751950,Petrol,127.65903695571123,200,25531.807391142247,201496.53303067185
FL03954,VH026,TR00905,2026-05-23 08:04:30.774154,Diesel,105.03302810937399,190,19956.275340781056,174807.86464091204
FL03955,VH029,TR00164,2026-05-23 08:56:21.796359,Diesel,19.4380477999987,190,3693.229081999753,246601.7010272464
FL03956,VH041,TR01137,2026-05-23 09:48:12.818563,Diesel,39.19966396604997,190,7447.936153549494,43094.795991922874
FL03957,VH043,TR04711,2026-05-23 10:40:03.840768,Diesel,130.31062339675063,190,24759.01844538262,23995.759442200324
FL03958,VH050,TR02026,2026-05-23 11:31:54.862972,Diesel,27.07642080236332,190,5144.519952449031,75952.88933665308
FL03959,VH019,TR00106,2026-05-23 12:23:45.885177,Diesel,31.83049348312281,190,6047.793761793334,14572.04687604257
FL03960,VH045,TR04795,2026-05-23 13:15:36.907381,Diesel,86.1604653257729,190,16370.488411896851,233826.74268796304
FL03961,VH006,TR04460,2026-05-23 14:07:27.929585,Diesel,48.38484155440812,190,9193.119895337542,82948.3980851621
FL03962,VH035,TR03093,2026-05-23 14:59:18.951790,Diesel,41.09059799215013,190,7807.213618508525,142583.24007315014
FL03963,VH015,TR02022,2026-05-23 15:51:09.973994,Petrol,90.61388045874529,200,18122.776091749056,86336.71189089806
FL03964,VH029,TR01153,2026-05-23 16:43:00.996199,Diesel,62.16073470412407,190,11810.539593783573,68994.06927731764
FL03965,VH039,TR00699,2026-05-23 17:34:52.018403,Diesel,29.678385547753624,190,5638.8932540731885,46567.5337539712
FL03966,VH050,TR03868,2026-05-23 18:26:43.040608,Diesel,84.87952745636503,190,16127.110216709354,86887.82087899254
FL03967,VH030,TR03271,2026-05-23 19:18:34.062812,Diesel,64.18173645900718,190,12194.529927211364,157700.5432979139
FL03968,VH032,TR00747,2026-05-23 20:10:25.085017,Petrol,112.83234839832771,200,22566.46967966554,243189.08792500666
FL03969,VH021,TR00961,2026-05-23 21:02:16.107221,Petrol,24.385761924882488,200,4877.152384976497,143942.08968811587
FL03970,VH049,TR03492,2026-05-23 21:54:07.129425,Diesel,96.88585415243634,190,18408.312288962905,137850.17586376122
FL03971,VH014,TR03298,2026-05-23 22:45:58.151630,Diesel,71.10906577205468,190,13510.722496690389,18463.12434523525
FL03972,VH009,TR02978,2026-05-23 23:37:49.173834,Diesel,66.84866250733657,190,12701.245876393948,211623.76376024625
FL03973,VH049,TR00209,2026-05-24 00:29:40.196039,Diesel,42.52027632116777,190,8078.852501021876,20761.929999417574
FL03974,VH008,TR03317,2026-05-24 01:21:31.218243,Diesel,14.259643948379557,190,2709.332350192116,227495.745784835
FL03975,VH019,TR01892,2026-05-24 02:13:22.240448,Diesel,128.67648721105036,190,24448.532570099567,139281.2140856123
FL03976,VH003,TR01177,2026-05-24 03:05:13.262652,Diesel,55.69741204481963,190,10582.50828851573,50431.98525616851
FL03977,VH018,TR03507,2026-05-24 03:57:04.284856,Diesel,105.3527455621786,190,20017.021656813933,118409.77408155009
FL03978,VH049,TR02040,2026-05-24 04:48:55.307061,Diesel,142.66223596873903,190,27105.824834060415,248796.2753639676
FL03979,VH028,TR03290,2026-05-24 05:40:46.329265,Petrol,89.09864173149843,200,17819.728346299686,83219.88449058232
FL03980,VH033,TR01453,2026-05-24 06:32:37.351470,Petrol,65.60056635278127,200,13120.113270556254,74670.34445165888
FL03981,VH028,TR04762,2026-05-24 07:24:28.373674,Petrol,47.55829928881852,200,9511.659857763703,38321.414810201415
FL03982,VH032,TR03861,2026-05-24 08:16:19.395879,Petrol,140.76613097064907,200,28153.226194129813,153314.16370980133
FL03983,VH025,TR01618,2026-05-24 09:08:10.418083,Diesel,105.49075452716,190,20043.2433601604,31414.4797633511
FL03984,VH048,TR00435,2026-05-24 10:00:01.440288,Diesel,103.13939505591834,190,19596.485060624484,193841.93531297852
FL03985,VH019,TR02328,2026-05-24 10:51:52.462492,Diesel,69.66216552033877,190,13235.811448864368,230613.64343933394
FL03986,VH046,TR01647,2026-05-24 11:43:43.484696,Diesel,128.3068198014403,190,24378.295762273658,233649.06669171984
FL03987,VH031,TR03164,2026-05-24 12:35:34.506901,Petrol,109.9141061813282,200,21982.821236265638,35899.90069058507
FL03988,VH018,TR04763,2026-05-24 13:27:25.529105,Diesel,49.64565804934225,190,9432.675029375028,143983.0233647125
FL03989,VH026,TR01441,2026-05-24 14:19:16.551310,Diesel,93.94101240350672,190,17848.792356666276,33306.36517651999
FL03990,VH002,TR04444,2026-05-24 15:11:07.573514,Petrol,70.22715364417719,200,14045.43072883544,147283.87395623134
FL03991,VH006,TR04861,2026-05-24 16:02:58.595719,Diesel,10.922622796159825,190,2075.298331270367,205595.34045029947
FL03992,VH024,TR00934,2026-05-24 16:54:49.617923,Petrol,123.06728041025164,200,24613.45608205033,139069.63895278831
FL03993,VH003,TR04279,2026-05-24 17:46:40.640128,Diesel,27.19624884875811,190,5167.287281264041,219292.91826560348
FL03994,VH038,TR02556,2026-05-24 18:38:31.662332,Diesel,81.39363084036599,190,15464.789859669538,202401.84516385064
FL03995,VH013,TR01147,2026-05-24 19:30:22.684536,Petrol,57.071667031874185,200,11414.333406374837,76371.60398558281
FL03996,VH045,TR03997,2026-05-24 20:22:13.706741,Diesel,57.89246576809485,190,10999.568495938021,161224.547891786
FL03997,VH032,TR00381,2026-05-24 21:14:04.728945,Petrol,76.83108367793312,200,15366.216735586624,11778.910354271544
FL03998,VH017,TR00825,2026-05-24 22:05:55.751150,Petrol,149.58323456276432,200,29916.646912552864,105050.05982196744
FL03999,VH020,TR01539,2026-05-24 22:57:46.773354,Petrol,67.1731552884066,200,13434.631057681321,67110.44026823084
FL04000,VH022,TR03376,2026-05-24 23:49:37.795559,Petrol,35.52609217432014,200,7105.2184348640285,234907.92302643668
FL04001,VH002,TR01638,2026-05-25 00:41:28.817763,Petrol,95.90488732691165,200,19180.97746538233,107293.3628135584
FL04002,VH026,TR04288,2026-05-25 01:33:19.839967,Diesel,43.080279125532975,190,8185.253033851265,166975.46282139534
FL04003,VH045,TR00525,2026-05-25 02:25:10.862172,Diesel,24.776879139813058,190,4707.607036564481,185675.58622566573
FL04004,VH041,TR03108,2026-05-25 03:17:01.884376,Diesel,17.024384089230075,190,3234.632976953714,195571.0092835618
FL04005,VH023,TR01094,2026-05-25 04:08:52.906581,Diesel,13.203378362755743,190,2508.641888923591,186586.04608420693
FL04006,VH036,TR00105,2026-05-25 05:00:43.928785,Diesel,70.36305076354893,190,13368.979645074296,79399.61463705634
FL04007,VH006,TR01740,2026-05-25 05:52:34.950990,Diesel,69.74160918227511,190,13250.905744632271,174656.2472150133
FL04008,VH050,TR02361,2026-05-25 06:44:25.973194,Diesel,35.97635601091341,190,6835.507642073549,141762.275742948
FL04009,VH003,TR03127,2026-05-25 07:36:16.995399,Diesel,119.7626675279693,190,22754.90683031417,153369.43955140453
FL04010,VH050,TR01677,2026-05-25 08:28:08.017603,Diesel,28.097887908783026,190,5338.598702668775,10195.50815410117
FL04011,VH027,TR02355,2026-05-25 09:19:59.039807,Petrol,138.14440696950234,200,27628.88139390047,71981.82422868558
FL04012,VH017,TR04917,2026-05-25 10:11:50.062012,Petrol,92.26063687005814,200,18452.127374011627,233364.08721175732
FL04013,VH040,TR04132,2026-05-25 11:03:41.084216,Petrol,13.866292654690147,200,2773.2585309380293,79618.25999337419
FL04014,VH010,TR02935,2026-05-25 11:55:32.106421,Diesel,144.81616760398032,190,27515.07184475626,115123.72533991422
FL04015,VH011,TR01873,2026-05-25 12:47:23.128625,Diesel,53.1117763364195,190,10091.237503919705,54801.755726977855
FL04016,VH027,TR01043,2026-05-25 13:39:14.150830,Petrol,72.99649434089947,200,14599.298868179894,43264.61245688554
FL04017,VH041,TR03435,2026-05-25 14:31:05.173034,Diesel,49.7976170192373,190,9461.547233655087,60080.55247328922
FL04018,VH023,TR01442,2026-05-25 15:22:56.195239,Diesel,111.97898172472885,190,21276.006527698482,142875.35892807352
FL04019,VH046,TR01846,2026-05-25 16:14:47.217443,Diesel,77.99523090073541,190,14819.093871139727,230566.87633362596
FL04020,VH002,TR03502,2026-05-25 17:06:38.239647,Petrol,28.532214316350363,200,5706.442863270073,88287.80317508568
FL04021,VH035,TR01542,2026-05-25 17:58:29.261852,Diesel,24.58855333032353,190,4671.825132761471,87617.90852991305
FL04022,VH009,TR00467,2026-05-25 18:50:20.284056,Diesel,111.55255786544046,190,21194.98599443369,145393.7408528484
FL04023,VH001,TR02945,2026-05-25 19:42:11.306261,Petrol,43.19139669037801,200,8638.279338075603,95618.25224635247
FL04024,VH027,TR04295,2026-05-25 20:34:02.328465,Petrol,29.291072449386153,200,5858.21448987723,228499.85151615713
FL04025,VH017,TR01592,2026-05-25 21:25:53.350670,Petrol,79.91986357969799,200,15983.972715939597,100683.53023414286
FL04026,VH013,TR02816,2026-05-25 22:17:44.372874,Petrol,122.38714025508257,200,24477.428051016515,127706.1406046721
FL04027,VH016,TR04073,2026-05-25 23:09:35.395079,Diesel,49.029584422238266,190,9315.621040225271,138013.42815289862
FL04028,VH037,TR03573,2026-05-26 00:01:26.417283,Diesel,48.70042563811309,190,9253.080871241487,197696.2708313131
FL04029,VH020,TR04337,2026-05-26 00:53:17.439487,Petrol,126.74337643645276,200,25348.675287290553,145337.42545957208
FL04030,VH024,TR01194,2026-05-26 01:45:08.461692,Petrol,30.69673123962957,200,6139.346247925914,67397.2240353578
FL04031,VH044,TR00294,2026-05-26 02:36:59.483896,Petrol,96.34186285011661,200,19268.372570023323,39756.92959032815
FL04032,VH002,TR00922,2026-05-26 03:28:50.506101,Petrol,143.70188761756197,200,28740.377523512394,235065.89120535136
FL04033,VH020,TR01339,2026-05-26 04:20:41.528305,Petrol,127.78244094082307,200,25556.488188164614,202375.11871338577
FL04034,VH026,TR03199,2026-05-26 05:12:32.550510,Diesel,18.654132729162086,190,3544.2852185407964,15511.650469339776
FL04035,VH023,TR04564,2026-05-26 06:04:23.572714,Diesel,54.78752271862756,190,10409.629316539236,207166.95623765144
FL04036,VH039,TR02415,2026-05-26 06:56:14.594918,Diesel,29.932425182966288,190,5687.160784763595,151743.4705371445
FL04037,VH023,TR04854,2026-05-26 07:48:05.617123,Diesel,142.89368927619955,190,27149.800962477915,134534.6164083864
FL04038,VH047,TR03476,2026-05-26 08:39:56.639327,Petrol,148.03181927109136,200,29606.363854218274,12935.00296565414
FL04039,VH035,TR01542,2026-05-26 09:31:47.661532,Diesel,42.899022875605304,190,8150.814346365008,197407.37353225963
FL04040,VH021,TR02499,2026-05-26 10:23:38.683736,Petrol,103.75786627602535,200,20751.573255205072,57535.60341790003
FL04041,VH037,TR00908,2026-05-26 11:15:29.705941,Diesel,127.82844248659657,190,24287.404072453348,184715.49116657898
FL04042,VH006,TR02494,2026-05-26 12:07:20.728145,Diesel,42.71523981802672,190,8115.895565425076,13808.379367796144
FL04043,VH038,TR02128,2026-05-26 12:59:11.750350,Diesel,36.27528880493685,190,6892.304872938002,201124.87591988468
FL04044,VH008,TR03089,2026-05-26 13:51:02.772554,Diesel,11.56954325461924,190,2198.2132183776557,15529.472405209734
FL04045,VH022,TR04648,2026-05-26 14:42:53.794758,Petrol,67.67474397181363,200,13534.948794362725,66614.29697740458
FL04046,VH022,TR03991,2026-05-26 15:34:44.816963,Petrol,135.9212447352603,200,27184.24894705206,74386.77100305122
FL04047,VH047,TR03752,2026-05-26 16:26:35.839167,Petrol,136.41715086788884,200,27283.430173577766,47802.07314566233
FL04048,VH033,TR02098,2026-05-26 17:18:26.861372,Petrol,27.88403785126228,200,5576.807570252457,125453.96708688857
FL04049,VH005,TR03175,2026-05-26 18:10:17.883576,Diesel,38.60934727397529,190,7335.775982055305,78085.11030801013
FL04050,VH033,TR00388,2026-05-26 19:02:08.905781,Petrol,67.12662633083471,200,13425.325266166943,248389.1141745416
FL04051,VH006,TR00299,2026-05-26 19:53:59.927985,Diesel,119.28743632291827,190,22664.61290135447,149192.51040770535
FL04052,VH037,TR04435,2026-05-26 20:45:50.950190,Diesel,95.659207694442,190,18175.249461943982,145954.67801301772
FL04053,VH045,TR03461,2026-05-26 21:37:41.972394,Diesel,81.93896409283029,190,15568.403177637754,63008.711225549254
FL04054,VH041,TR04062,2026-05-26 22:29:32.994598,Diesel,92.87046379116444,190,17645.388120321244,108085.46529157873
FL04055,VH016,TR00474,2026-05-26 23:21:24.016803,Diesel,23.46795713232153,190,4458.911855141091,39754.718646400004
FL04056,VH048,TR04712,2026-05-27 00:13:15.039007,Diesel,76.87290991568698,190,14605.852883980526,193007.0205400927
FL04057,VH008,TR04888,2026-05-27 01:05:06.061212,Diesel,148.88886053547796,190,28288.883501740813,89478.21907683446
FL04058,VH022,TR03214,2026-05-27 01:56:57.083416,Petrol,22.382460571472294,200,4476.492114294459,190471.80001437047
FL04059,VH005,TR04109,2026-05-27 02:48:48.105621,Diesel,82.69453486888409,190,15711.961625087977,99207.03998307411
FL04060,VH025,TR00449,2026-05-27 03:40:39.127825,Diesel,51.390896632032444,190,9764.270360086164,247301.73762756292
FL04061,VH028,TR02222,2026-05-27 04:32:30.150030,Petrol,85.58786156067426,200,17117.572312134853,51069.18934110923
FL04062,VH001,TR01983,2026-05-27 05:24:21.172234,Petrol,90.33462640472453,200,18066.925280944906,10365.734531999511
FL04063,VH027,TR03612,2026-05-27 06:16:12.194438,Petrol,90.84620573672663,200,18169.241147345325,152758.12993081257
FL04064,VH023,TR02643,2026-05-27 07:08:03.216643,Diesel,129.30922994352414,190,24568.753689269586,238708.76802108114
FL04065,VH024,TR01921,2026-05-27 07:59:54.238847,Petrol,64.56463805431252,200,12912.927610862505,165292.97317743505
FL04066,VH021,TR02317,2026-05-27 08:51:45.261052,Petrol,82.28958277330943,200,16457.916554661886,30573.64545956343
FL04067,VH004,TR01275,2026-05-27 09:43:36.283256,Diesel,11.529975855484798,190,2190.6954125421116,139715.29179189412
FL04068,VH043,TR04869,2026-05-27 10:35:27.305461,Diesel,120.53708422116735,190,22902.046002021794,228276.86467305457
FL04069,VH043,TR01616,2026-05-27 11:27:18.327665,Diesel,46.328279032619406,190,8802.373016197687,11561.456291203056
FL04070,VH029,TR04984,2026-05-27 12:19:09.349869,Diesel,124.31770336567229,190,23620.363639477735,50058.93108107171
FL04071,VH015,TR03619,2026-05-27 13:11:00.372074,Petrol,47.18941329324441,200,9437.882658648881,205494.77346462794
FL04072,VH032,TR02307,2026-05-27 14:02:51.394278,Petrol,11.510389476748912,200,2302.0778953497825,224537.7055785959
FL04073,VH035,TR00260,2026-05-27 14:54:42.416483,Diesel,31.676384547082545,190,6018.513063945684,179718.54900838502
FL04074,VH034,TR03207,2026-05-27 15:46:33.438687,Diesel,147.99560636010352,190,28119.16520841967,247974.43927355699
FL04075,VH011,TR01513,2026-05-27 16:38:24.460892,Diesel,54.772174432718394,190,10406.713142216495,31651.823100776637
FL04076,VH042,TR04739,2026-05-27 17:30:15.483096,Diesel,25.2353462817846,190,4794.715793539074,140962.36380077447
FL04077,VH019,TR02129,2026-05-27 18:22:06.505301,Diesel,26.626232507605074,190,5058.984176444964,174398.7334354207
FL04078,VH039,TR03439,2026-05-27 19:13:57.527505,Diesel,53.44797996801133,190,10155.116193922153,178634.7328885811
FL04079,VH028,TR02177,2026-05-27 20:05:48.549709,Petrol,15.270305756346826,200,3054.061151269365,200436.30768260383
FL04080,VH012,TR04508,2026-05-27 20:57:39.571914,Diesel,81.60840233707353,190,15505.596444043971,230230.25082385197
FL04081,VH039,TR03509,2026-05-27 21:49:30.594118,Diesel,39.92372816850482,190,7585.508352015916,96793.94694810752
FL04082,VH043,TR04711,2026-05-27 22:41:21.616323,Diesel,82.7034897955621,190,15713.6630611568,20311.2142738326
FL04083,VH043,TR04995,2026-05-27 23:33:12.638527,Diesel,29.706990617890824,190,5644.328217399257,96986.05947543
FL04084,VH041,TR03081,2026-05-28 00:25:03.660732,Diesel,70.18001206244892,190,13334.202291865295,171187.54321293638
FL04085,VH018,TR00232,2026-05-28 01:16:54.682936,Diesel,93.70836017617424,190,17804.588433473105,61229.460960074444
FL04086,VH013,TR00730,2026-05-28 02:08:45.705141,Petrol,18.679991367335123,200,3735.998273467025,204393.5083740905
FL04087,VH037,TR03013,2026-05-28 03:00:36.727345,Diesel,65.8249032951482,190,12506.731626078159,62743.46985347939
FL04088,VH029,TR02930,2026-05-28 03:52:27.749549,Diesel,52.35333493855629,190,9947.133638325695,12415.2165712416
FL04089,VH023,TR00318,2026-05-28 04:44:18.771754,Diesel,43.650374308408765,190,8293.571118597665,131939.38581365906
FL04090,VH006,TR01531,2026-05-28 05:36:09.793958,Diesel,94.6348476518295,190,17980.621053847604,184350.7771368688
FL04091,VH007,TR01111,2026-05-28 06:28:00.816163,Petrol,92.39587800715702,200,18479.175601431405,93917.28172884016
FL04092,VH017,TR00716,2026-05-28 07:19:51.838367,Petrol,98.2979729348771,200,19659.594586975418,189734.9918888288
FL04093,VH043,TR01342,2026-05-28 08:11:42.860572,Diesel,32.243573860552985,190,6126.279033505067,115217.04018904197
FL04094,VH045,TR03405,2026-05-28 09:03:33.882776,Diesel,49.999294280725884,190,9499.865913337919,51211.5081536165
FL04095,VH041,TR03313,2026-05-28 09:55:24.904980,Diesel,39.355028919311025,190,7477.455494669095,31734.01451174918
FL04096,VH020,TR03121,2026-05-28 10:47:15.927185,Petrol,85.67050469969786,200,17134.10093993957,180540.9195777634
FL04097,VH003,TR03088,2026-05-28 11:39:06.949389,Diesel,74.54919648934629,190,14164.347332975794,102571.54902469067
FL04098,VH047,TR00202,2026-05-28 12:30:57.971594,Petrol,56.241123262985006,200,11248.224652597,229065.70430170489
FL04099,VH007,TR02141,2026-05-28 13:22:48.993798,Petrol,120.04207324158064,200,24008.414648316128,139661.21405774791
FL04100,VH004,TR01673,2026-05-28 14:14:40.016003,Diesel,23.15632421717359,190,4399.701601262982,93623.78037296863
FL04101,VH012,TR01057,2026-05-28 15:06:31.038207,Diesel,146.48553642578992,190,27832.251920900086,93757.82247753355
FL04102,VH011,TR03672,2026-05-28 15:58:22.060412,Diesel,26.316170894144623,190,5000.072469887478,41545.0874686358
FL04103,VH004,TR00419,2026-05-28 16:50:13.082616,Diesel,118.22991375957172,190,22463.683614318626,152509.3968613976
FL04104,VH034,TR02599,2026-05-28 17:42:04.104820,Diesel,61.55222648251646,190,11694.923031678127,149720.11249847733
FL04105,VH033,TR00626,2026-05-28 18:33:55.127025,Petrol,131.13671207845277,200,26227.342415690553,201998.48606475844
FL04106,VH009,TR04941,2026-05-28 19:25:46.149229,Diesel,20.38379282978269,190,3872.920637658711,58287.27099209826
FL04107,VH038,TR03831,2026-05-28 20:17:37.171434,Diesel,62.46103942692729,190,11867.597491116187,79789.51419419858
FL04108,VH026,TR01879,2026-05-28 21:09:28.193638,Diesel,56.96207691003308,190,10822.794612906286,33337.112582939604
FL04109,VH045,TR01945,2026-05-28 22:01:19.215843,Diesel,149.04198535157494,190,28317.977216799238,80882.12854453761
FL04110,VH029,TR02930,2026-05-28 22:53:10.238047,Diesel,147.97685928454757,190,28115.60326406404,112744.50778105618
FL04111,VH050,TR02768,2026-05-28 23:45:01.260252,Diesel,36.57255421329432,190,6948.78530052592,241366.8174289561
FL04112,VH034,TR03384,2026-05-29 00:36:52.282456,Diesel,98.19257449776744,190,18656.589154575813,166735.8406899792
FL04113,VH021,TR03541,2026-05-29 01:28:43.304660,Petrol,84.97271878753163,200,16994.543757506326,197889.7431470069
FL04114,VH001,TR00394,2026-05-29 02:20:34.326865,Petrol,31.612288773703423,200,6322.457754740684,88122.37245291764
FL04115,VH029,TR02857,2026-05-29 03:12:25.349069,Diesel,33.48915885461923,190,6362.940182377653,44683.07507394315
FL04116,VH045,TR02920,2026-05-29 04:04:16.371274,Diesel,148.49524198713766,190,28214.095977556157,71612.78605919916
FL04117,VH048,TR02619,2026-05-29 04:56:07.393478,Diesel,73.38219910693059,190,13942.61783031681,71552.24583983707
FL04118,VH011,TR00632,2026-05-29 05:47:58.415683,Diesel,27.612180880010293,190,5246.314367201956,149947.6787904225
FL04119,VH029,TR02857,2026-05-29 06:39:49.437887,Diesel,40.0706054234956,190,7613.415030464164,91953.0717892069
FL04120,VH001,TR00322,2026-05-29 07:31:40.460092,Petrol,47.56872941479695,200,9513.745882959389,215775.72743998692
FL04121,VH018,TR03507,2026-05-29 08:23:31.482296,Diesel,81.5284168646067,190,15490.399204275272,247250.6846167595
FL04122,VH042,TR04670,2026-05-29 09:15:22.504500,Diesel,56.976738130883305,190,10825.580244867828,92391.61726322763
FL04123,VH036,TR01694,2026-05-29 10:07:13.526705,Diesel,73.70165002458893,190,14003.313504671896,179214.46568488257
FL04124,VH047,TR01064,2026-05-29 10:59:04.548909,Petrol,33.30993715419078,200,6661.987430838155,167796.7796608885
FL04125,VH008,TR03112,2026-05-29 11:50:55.571114,Diesel,55.74201668225087,190,10590.983169627665,56670.99705574755
FL04126,VH047,TR01477,2026-05-29 12:42:46.593318,Petrol,19.844322980485565,200,3968.864596097113,230322.06275695216
FL04127,VH049,TR02918,2026-05-29 13:34:37.615523,Diesel,134.55943828661884,190,25566.29327445758,57866.2209252163
FL04128,VH027,TR03262,2026-05-29 14:26:28.637727,Petrol,37.82534680360095,200,7565.06936072019,186869.71160072772
FL04129,VH001,TR02794,2026-05-29 15:18:19.659931,Petrol,115.96601896002343,200,23193.203792004686,93426.31414583499
FL04130,VH025,TR03087,2026-05-29 16:10:10.682136,Diesel,58.93725034846844,190,11198.077566209004,98099.57608215311
FL04131,VH011,TR03812,2026-05-29 17:02:01.704340,Diesel,76.41562465157106,190,14518.968683798503,119307.77269335047
FL04132,VH048,TR03971,2026-05-29 17:53:52.726545,Diesel,50.77654552457176,190,9647.543649668634,217481.91473323348
FL04133,VH045,TR03352,2026-05-29 18:45:43.748749,Diesel,107.50177795503178,190,20425.33781145604,43660.465962690905
FL04134,VH030,TR00959,2026-05-29 19:37:34.770954,Diesel,128.23649869845906,190,24364.93475270722,23096.698680340938
FL04135,VH047,TR04144,2026-05-29 20:29:25.793158,Petrol,50.07782586354233,200,10015.565172708466,106489.79653930754
FL04136,VH026,TR01583,2026-05-29 21:21:16.815363,Diesel,43.91047011290294,190,8342.98932145156,23340.42379410114
FL04137,VH028,TR03177,2026-05-29 22:13:07.837567,Petrol,105.40163716494557,200,21080.327432989114,175024.21193378573
FL04138,VH033,TR02417,2026-05-29 23:04:58.859771,Petrol,37.32142847948092,200,7464.285695896185,192478.01800653117
FL04139,VH019,TR00460,2026-05-29 23:56:49.881976,Diesel,99.57756718536812,190,18919.737765219943,215130.97474078214
FL04140,VH044,TR02295,2026-05-30 00:48:40.904180,Petrol,23.219931157108974,200,4643.986231421794,188522.13891606327
FL04141,VH013,TR02312,2026-05-30 01:40:31.926385,Petrol,96.8192023944962,200,19363.84047889924,229924.334486243
FL04142,VH029,TR01230,2026-05-30 02:32:22.948589,Diesel,81.87694276146064,190,15556.619124677522,189592.2694535733
FL04143,VH006,TR01531,2026-05-30 03:24:13.970794,Diesel,25.94680018068317,190,4929.892034329802,234658.1535708164
FL04144,VH015,TR04626,2026-05-30 04:16:04.992998,Petrol,100.87450888104397,200,20174.901776208793,56346.59061024716
FL04145,VH037,TR01388,2026-05-30 05:07:56.015203,Diesel,72.51800198477062,190,13778.420377106419,129967.15188825525
FL04146,VH001,TR02798,2026-05-30 05:59:47.037407,Petrol,40.396107114391995,200,8079.221422878399,248543.34392917808
FL04147,VH037,TR01364,2026-05-30 06:51:38.059611,Diesel,59.47378179830482,190,11300.018541677915,173578.76381025175
FL04148,VH040,TR04503,2026-05-30 07:43:29.081816,Petrol,78.89429478945016,200,15778.858957890032,220873.86831742176
FL04149,VH017,TR00453,2026-05-30 08:35:20.104020,Petrol,22.81759181701348,200,4563.518363402696,17294.510519885254
FL04150,VH008,TR03905,2026-05-30 09:27:11.126225,Diesel,144.0653276379696,190,27372.412251214224,219221.89565642495
FL04151,VH013,TR04910,2026-05-30 10:19:02.148429,Petrol,103.17870186969697,200,20635.740373939392,177451.17629730343
FL04152,VH001,TR00578,2026-05-30 11:10:53.170634,Petrol,24.354897380277443,200,4870.979476055489,50981.30415705055
FL04153,VH004,TR03920,2026-05-30 12:02:44.192838,Diesel,125.20070580598433,190,23788.13410313702,16163.42954166318
FL04154,VH037,TR03013,2026-05-30 12:54:35.215043,Diesel,55.157690332460355,190,10479.961163167467,72382.3787501567
FL04155,VH038,TR03265,2026-05-30 13:46:26.237247,Diesel,93.55193513984574,190,17774.86767657069,229785.60615826485
FL04156,VH041,TR01932,2026-05-30 14:38:17.259451,Diesel,48.79999782114025,190,9271.999586016647,170351.90528806875
FL04157,VH009,TR04243,2026-05-30 15:30:08.281656,Diesel,112.676832288045,190,21408.598134728552,230672.58502799782
FL04158,VH006,TR04502,2026-05-30 16:21:59.303860,Diesel,111.22125650001432,190,21132.03873500272,117076.18779862227
FL04159,VH017,TR00183,2026-05-30 17:13:50.326065,Petrol,87.28608396213852,200,17457.216792427706,234790.50285645784
FL04160,VH029,TR03178,2026-05-30 18:05:41.348269,Diesel,43.72958294602093,190,8308.620759743977,121110.35570680135
FL04161,VH003,TR00236,2026-05-30 18:57:32.370474,Diesel,45.518533051700366,190,8648.52127982307,59021.133860400274
FL04162,VH049,TR00638,2026-05-30 19:49:23.392678,Diesel,63.60079153729201,190,12084.150392085483,46334.43140426736
FL04163,VH037,TR03006,2026-05-30 20:41:14.414882,Diesel,30.301703435479943,190,5757.323652741189,248514.83512841063
FL04164,VH025,TR04275,2026-05-30 21:33:05.437087,Diesel,57.2717998467293,190,10881.641970878567,90127.03875389701
FL04165,VH025,TR02480,2026-05-30 22:24:56.459291,Diesel,105.80964417476375,190,20103.832393205113,48412.72607622105
FL04166,VH047,TR03473,2026-05-30 23:16:47.481496,Petrol,126.31833920831897,200,25263.667841663795,12018.023413780518
FL04167,VH045,TR00525,2026-05-31 00:08:38.503700,Diesel,56.561520669070596,190,10746.688927123414,78536.69596710938
FL04168,VH042,TR02791,2026-05-31 01:00:29.525905,Diesel,42.70263615561095,190,8113.500869566081,223387.87446460937
FL04169,VH038,TR02371,2026-05-31 01:52:20.548109,Diesel,126.56996096691881,190,24048.292583714574,138162.23696255242
FL04170,VH021,TR01285,2026-05-31 02:44:11.570314,Petrol,134.69856383402896,200,26939.71276680579,161784.41236598918
FL04171,VH018,TR01636,2026-05-31 03:36:02.592518,Diesel,67.403013263689,190,12806.57252010091,231373.8649337279
FL04172,VH047,TR01724,2026-05-31 04:27:53.614722,Petrol,13.766581538948738,200,2753.3163077897475,133081.58034568702
FL04173,VH037,TR02447,2026-05-31 05:19:44.636927,Diesel,107.29462692518126,190,20385.97911578444,211187.1630046275
FL04174,VH025,TR04433,2026-05-31 06:11:35.659131,Diesel,119.76465306563813,190,22755.284082471244,87719.98673832488
FL04175,VH029,TR04215,2026-05-31 07:03:26.681336,Diesel,12.523395443021633,190,2379.44513417411,244504.44708189278
FL04176,VH048,TR01582,2026-05-31 07:55:17.703540,Diesel,93.30431946781185,190,17727.82069888425,28915.329642988574
FL04177,VH014,TR02461,2026-05-31 08:47:08.725745,Diesel,92.3716261541845,190,17550.608969295055,183959.08612318352
FL04178,VH016,TR00580,2026-05-31 09:38:59.747949,Diesel,63.019107224707966,190,11973.630372694513,168535.90882247066
FL04179,VH021,TR03942,2026-05-31 10:30:50.770154,Petrol,114.96742561911728,200,22993.485123823455,56001.161404196064
FL04180,VH027,TR00196,2026-05-31 11:22:41.792358,Petrol,69.94506533601049,200,13989.013067202097,103322.55972316864
FL04181,VH005,TR00333,2026-05-31 12:14:32.814562,Diesel,104.74863325079097,190,19902.240317650285,85078.98802648154
FL04182,VH042,TR03092,2026-05-31 13:06:23.836767,Diesel,82.39642264892127,190,15655.320303295042,32678.28839979889
FL04183,VH011,TR04719,2026-05-31 13:58:14.858971,Diesel,44.78504465839815,190,8509.158485095648,150349.1255082019
FL04184,VH010,TR00658,2026-05-31 14:50:05.881176,Diesel,94.91012082141845,190,18032.922956069506,248480.7629356397
FL04185,VH034,TR00704,2026-05-31 15:41:56.903380,Diesel,113.16718927841784,190,21501.76596289939,144301.15385281344
FL04186,VH002,TR04979,2026-05-31 16:33:47.925585,Petrol,146.3467942811805,200,29269.3588562361,140862.37765104687
FL04187,VH025,TR01450,2026-05-31 17:25:38.947789,Diesel,63.21525255233789,190,12010.897984944198,19675.289765091595
FL04188,VH044,TR01253,2026-05-31 18:17:29.969994,Petrol,19.026156253289155,200,3805.231250657831,43412.85360728571
FL04189,VH025,TR00524,2026-05-31 19:09:20.992198,Diesel,148.31597097098927,190,28180.034484487962,133172.58138454263
FL04190,VH009,TR02265,2026-05-31 20:01:12.014402,Diesel,97.33293231957508,190,18493.257140719266,246442.85540417713
FL04191,VH036,TR02423,2026-05-31 20:53:03.036607,Diesel,142.5030641425077,190,27075.582187076463,220385.85651084612
FL04192,VH028,TR00036,2026-05-31 21:44:54.058811,Petrol,24.535792041556707,200,4907.158408311341,91650.1891295602
FL04193,VH047,TR00776,2026-05-31 22:36:45.081016,Petrol,57.88473758186407,200,11576.947516372815,140321.0210147506
FL04194,VH006,TR00028,2026-05-31 23:28:36.103220,Diesel,28.751137842181404,190,5462.7161900144665,142648.5333409928
FL04195,VH004,TR00086,2026-06-01 00:20:27.125425,Diesel,126.97142164148832,190,24124.570111882782,174486.54706292396
FL04196,VH030,TR02236,2026-06-01 01:12:18.147629,Diesel,133.24798380010424,190,25317.116922019806,175067.68989739325
FL04197,VH005,TR02353,2026-06-01 02:04:09.169833,Diesel,80.18363798250286,190,15234.891216675544,199550.19721263368
FL04198,VH012,TR03494,2026-06-01 02:56:00.192038,Diesel,36.124870472684265,190,6863.725389810011,15993.045961523774
FL04199,VH030,TR04282,2026-06-01 03:47:51.214242,Diesel,27.796655665559197,190,5281.364576456247,236483.245752987
FL04200,VH028,TR04654,2026-06-01 04:39:42.236447,Petrol,92.34297541122895,200,18468.59508224579,26814.89103741918
FL04201,VH039,TR02557,2026-06-01 05:31:33.258651,Diesel,80.89268544194208,190,15369.610233968995,124278.42675446559
FL04202,VH034,TR04313,2026-06-01 06:23:24.280856,Diesel,107.27047433147345,190,20381.390122979956,230699.02632617025
FL04203,VH029,TR00257,2026-06-01 07:15:15.303060,Diesel,52.72901676679877,190,10018.513185691767,127040.51901545915
FL04204,VH014,TR03807,2026-06-01 08:07:06.325265,Diesel,66.33151930341072,190,12602.988667648036,25272.84021594804
FL04205,VH029,TR01448,2026-06-01 08:58:57.347469,Diesel,12.990550339162033,190,2468.2045644407863,65017.60475486541
FL04206,VH010,TR04420,2026-06-01 09:50:48.369673,Diesel,95.42002631057406,190,18129.80499900907,148880.02128842144
FL04207,VH007,TR02245,2026-06-01 10:42:39.391878,Petrol,69.24009298850689,200,13848.018597701377,31086.788295752576
FL04208,VH024,TR04600,2026-06-01 11:34:30.414082,Petrol,138.7670487338827,200,27753.40974677654,111682.70344415115
FL04209,VH004,TR03344,2026-06-01 12:26:21.436287,Diesel,99.85008167867268,190,18971.51551894781,88982.38388593718
FL04210,VH037,TR00694,2026-06-01 13:18:12.458491,Diesel,65.81722880295713,190,12505.273472561856,205649.8306778175
FL04211,VH008,TR02066,2026-06-01 14:10:03.480696,Diesel,46.90248532226905,190,8911.47221123112,36431.66520050781
FL04212,VH049,TR03601,2026-06-01 15:01:54.502900,Diesel,136.73989196506943,190,25980.579473363192,173871.6280381087
FL04213,VH002,TR04221,2026-06-01 15:53:45.525105,Petrol,12.277110376442057,200,2455.422075288411,107581.37701021819
FL04214,VH039,TR00483,2026-06-01 16:45:36.547309,Diesel,55.76774541533491,190,10595.871628913632,151060.16331335885
FL04215,VH028,TR03666,2026-06-01 17:37:27.569513,Petrol,142.0907817303249,200,28418.156346064978,59327.625260930734
FL04216,VH015,TR03076,2026-06-01 18:29:18.591718,Petrol,101.56462097742038,200,20312.924195484076,156328.88434279012
FL04217,VH038,TR02675,2026-06-01 19:21:09.613922,Diesel,84.58066997966188,190,16070.327296135756,171754.65457986706
FL04218,VH045,TR02399,2026-06-01 20:13:00.636127,Diesel,38.494860508859844,190,7314.0234966833705,26855.57551865868
FL04219,VH012,TR00351,2026-06-01 21:04:51.658331,Diesel,126.67246839561419,190,24067.768995166694,207842.6242199049
FL04220,VH017,TR00649,2026-06-01 21:56:42.680536,Petrol,38.58786876298865,200,7717.573752597729,216700.98709317794
FL04221,VH028,TR03871,2026-06-01 22:48:33.702740,Petrol,44.755494412975,200,8951.098882594999,25252.97336387073
FL04222,VH032,TR00228,2026-06-01 23:40:24.724944,Petrol,36.85916000205973,200,7371.832000411946,154764.99714334856
FL04223,VH050,TR02064,2026-06-02 00:32:15.747149,Diesel,32.14092447973307,190,6106.7756511492835,152562.75927333446
FL04224,VH025,TR00425,2026-06-02 01:24:06.769353,Diesel,143.4637494370324,190,27258.112393036154,12990.018848426396
FL04225,VH014,TR02512,2026-06-02 02:15:57.791558,Diesel,94.28442345978318,190,17914.040457358806,92163.13934942833
FL04226,VH049,TR04820,2026-06-02 03:07:48.813762,Diesel,99.29719848141315,190,18866.467711468496,242542.18785129944
FL04227,VH022,TR01822,2026-06-02 03:59:39.835967,Petrol,143.6055651950297,200,28721.11303900594,143308.18054449832
FL04228,VH009,TR04890,2026-06-02 04:51:30.858171,Diesel,42.28050771757877,190,8033.296466339966,233970.8326579612
FL04229,VH001,TR04273,2026-06-02 05:43:21.880376,Petrol,10.82845540367689,200,2165.691080735378,172154.71261057217
FL04230,VH036,TR02591,2026-06-02 06:35:12.902580,Diesel,93.84371093984076,190,17830.305078569745,16813.724373586345
FL04231,VH039,TR02557,2026-06-02 07:27:03.924784,Diesel,81.09827945138221,190,15408.67309576262,28651.167531614094
FL04232,VH037,TR01586,2026-06-02 08:18:54.946989,Diesel,76.87105283576118,190,14605.500038794624,183322.9492881815
FL04233,VH027,TR01679,2026-06-02 09:10:45.969193,Petrol,18.663229574467877,200,3732.6459148935755,143096.26968856464
FL04234,VH049,TR04660,2026-06-02 10:02:36.991398,Diesel,73.62088132046983,190,13987.967450889268,40516.39950397017
FL04235,VH036,TR02281,2026-06-02 10:54:28.013602,Diesel,50.25833911269785,190,9549.084431412592,157375.0428048679
FL04236,VH005,TR03750,2026-06-02 11:46:19.035807,Diesel,48.439054811403835,190,9203.420414166729,204468.96653636708
FL04237,VH021,TR02539,2026-06-02 12:38:10.058011,Petrol,41.13342122507299,200,8226.6842450146,190715.78323182688
FL04238,VH005,TR01017,2026-06-02 13:30:01.080216,Diesel,56.553970365639906,190,10745.254369471582,69078.99040769608
FL04239,VH037,TR00444,2026-06-02 14:21:52.102420,Diesel,59.43863052007774,190,11293.33979881477,71966.79199745055
FL04240,VH021,TR02068,2026-06-02 15:13:43.124624,Petrol,53.22860869067965,200,10645.72173813593,242281.0732245073
FL04241,VH021,TR03683,2026-06-02 16:05:34.146829,Petrol,147.02538020073126,200,29405.076040146254,222977.1525166519
FL04242,VH036,TR03799,2026-06-02 16:57:25.169033,Diesel,140.5823519713282,190,26710.646874552356,86400.95546340928
FL04243,VH006,TR03628,2026-06-02 17:49:16.191238,Diesel,90.43141393348071,190,17181.968647361336,207773.07752056202
FL04244,VH032,TR00111,2026-06-02 18:41:07.213442,Petrol,147.34767737744338,200,29469.535475488676,48817.2471358109
FL04245,VH023,TR02535,2026-06-02 19:32:58.235647,Diesel,148.7677214446866,190,28265.867074490456,57241.864318375454
FL04246,VH038,TR00089,2026-06-02 20:24:49.257851,Diesel,59.83155940242235,190,11367.996286460246,53487.052922882875
FL04247,VH006,TR03391,2026-06-02 21:16:40.280056,Diesel,72.32625640356423,190,13741.988716677204,31052.986003243637
FL04248,VH042,TR01942,2026-06-02 22:08:31.302260,Diesel,144.26864877785317,190,27411.0432677921,215122.7478787253
FL04249,VH014,TR03311,2026-06-02 23:00:22.324464,Diesel,95.20766790181612,190,18089.456901345064,148913.65556909807
FL04250,VH002,TR00072,2026-06-02 23:52:13.346669,Petrol,39.810071597218155,200,7962.014319443631,72149.46219854525
FL04251,VH026,TR00822,2026-06-03 00:44:04.368873,Diesel,106.51329356711005,190,20237.52577775091,213677.2078546226
FL04252,VH030,TR03471,2026-06-03 01:35:55.391078,Diesel,38.80446548645225,190,7372.848442425928,202635.22225427686
FL04253,VH028,TR00816,2026-06-03 02:27:46.413282,Petrol,57.51008411405841,200,11502.016822811682,34228.364350661344
FL04254,VH046,TR00404,2026-06-03 03:19:37.435487,Diesel,41.858422833349216,190,7953.100338336351,164593.44969639325
FL04255,VH011,TR01699,2026-06-03 04:11:28.457691,Diesel,44.29723023073791,190,8416.473743840203,183240.06436618493
FL04256,VH039,TR04347,2026-06-03 05:03:19.479895,Diesel,10.651781419349515,190,2023.8384696764078,181798.56087663132
FL04257,VH043,TR02917,2026-06-03 05:55:10.502100,Diesel,133.29923650792324,190,25326.854936505417,183554.24988494502
FL04258,VH042,TR02043,2026-06-03 06:47:01.524304,Diesel,51.438669338611135,190,9773.347174336115,50669.86855576897
FL04259,VH036,TR01954,2026-06-03 07:38:52.546509,Diesel,22.092413133191226,190,4197.558495306333,85620.74902450465
FL04260,VH048,TR04964,2026-06-03 08:30:43.568713,Diesel,22.178236795352397,190,4213.864991116956,212602.84204107098
FL04261,VH014,TR03294,2026-06-03 09:22:34.590918,Diesel,87.8425587045333,190,16690.086153861328,225614.0200546119
FL04262,VH020,TR03703,2026-06-03 10:14:25.613122,Petrol,149.0088770747512,200,29801.775414950243,77005.33277556887
FL04263,VH035,TR03254,2026-06-03 11:06:16.635327,Diesel,30.30314541782683,190,5757.597629387098,15524.683882660585
FL04264,VH004,TR04992,2026-06-03 11:58:07.657531,Diesel,23.947049332952325,190,4549.9393732609415,216344.06731986595
FL04265,VH040,TR03802,2026-06-03 12:49:58.679735,Petrol,71.3625432562927,200,14272.508651258539,100502.04107801983
FL04266,VH039,TR00256,2026-06-03 13:41:49.701940,Diesel,88.86637553771136,190,16884.61135216516,89071.25343038474
FL04267,VH041,TR01932,2026-06-03 14:33:40.724144,Diesel,51.21325024291166,190,9730.517546153216,93279.92312527016
FL04268,VH018,TR01112,2026-06-03 15:25:31.746349,Diesel,52.3530929519413,190,9947.087660868847,109767.14175223396
FL04269,VH024,TR00873,2026-06-03 16:17:22.768553,Petrol,69.42671025885292,200,13885.342051770584,100783.98919718106
FL04270,VH049,TR04588,2026-06-03 17:09:13.790758,Diesel,53.98038612108484,190,10256.27336300612,145943.4157920545
FL04271,VH028,TR01562,2026-06-03 18:01:04.812962,Petrol,138.14642169959234,200,27629.284339918468,28945.666839565645
FL04272,VH013,TR04729,2026-06-03 18:52:55.835167,Petrol,15.873639980688054,200,3174.7279961376107,243169.64663404363
FL04273,VH009,TR04458,2026-06-03 19:44:46.857371,Diesel,42.839822381838445,190,8139.566252549304,234748.2482733187
FL04274,VH006,TR00894,2026-06-03 20:36:37.879575,Diesel,123.19739147183898,190,23407.504379649406,234257.59518771982
FL04275,VH009,TR02685,2026-06-03 21:28:28.901780,Diesel,126.75413745309395,190,24083.28611608785,221026.62977965924
FL04276,VH030,TR01247,2026-06-03 22:20:19.923984,Diesel,25.61771105498816,190,4867.365100447751,168478.31252361514
FL04277,VH032,TR00747,2026-06-03 23:12:10.946189,Petrol,146.32688300178035,200,29265.37660035607,63066.05505962377
FL04278,VH017,TR04054,2026-06-04 00:04:01.968393,Petrol,107.06967898587524,200,21413.935797175047,21876.03691512935
FL04279,VH023,TR04086,2026-06-04 00:55:52.990598,Diesel,48.16302783770339,190,9150.975289163644,33837.05554762398
FL04280,VH029,TR01007,2026-06-04 01:47:44.012802,Diesel,73.84530107402364,190,14030.60720406449,87758.20011174533
FL04281,VH018,TR02741,2026-06-04 02:39:35.035007,Diesel,51.5994067395154,190,9803.887280507926,130931.92611898851
FL04282,VH017,TR04311,2026-06-04 03:31:26.057211,Petrol,31.00311497961871,200,6200.622995923743,248380.73708435055
FL04283,VH026,TR04323,2026-06-04 04:23:17.079415,Diesel,50.764929064848126,190,9645.336522321144,114506.43803070381
FL04284,VH045,TR00891,2026-06-04 05:15:08.101620,Diesel,91.21287124854658,190,17330.445537223848,135915.06171793042
FL04285,VH035,TR02492,2026-06-04 06:06:59.123824,Diesel,125.63575727696562,190,23870.793882623468,176837.73932513935
FL04286,VH012,TR02877,2026-06-04 06:58:50.146029,Diesel,60.894070484540805,190,11569.873392062753,53376.15290747111
FL04287,VH043,TR01632,2026-06-04 07:50:41.168233,Diesel,58.706215676697845,190,11154.18097857259,233878.48037494137
FL04288,VH041,TR03704,2026-06-04 08:42:32.190438,Diesel,75.52009815138517,190,14348.818648763183,136968.3054022562
FL04289,VH014,TR02027,2026-06-04 09:34:23.212642,Diesel,100.23778399500848,190,19045.178959051613,76301.52294442446
FL04290,VH009,TR04108,2026-06-04 10:26:14.234846,Diesel,115.2262767405233,190,21892.99258069943,234426.1567213217
FL04291,VH016,TR03323,2026-06-04 11:18:05.257051,Diesel,55.75193067192634,190,10592.866827666005,160108.14845414803
FL04292,VH004,TR00742,2026-06-04 12:09:56.279255,Diesel,92.08934549551945,190,17496.975644148697,126085.5354998105
FL04293,VH005,TR03009,2026-06-04 13:01:47.301460,Diesel,64.51051777932355,190,12256.998378071474,149237.4183905858
FL04294,VH025,TR01977,2026-06-04 13:53:38.323664,Diesel,110.29597905087402,190,20956.236019666063,189592.5325372544
FL04295,VH039,TR03663,2026-06-04 14:45:29.345869,Diesel,33.05448887238292,190,6280.352885752754,47089.1208863088
FL04296,VH002,TR03801,2026-06-04 15:37:20.368073,Petrol,45.96948110718145,200,9193.896221436291,217559.30336877407
FL04297,VH004,TR03572,2026-06-04 16:29:11.390278,Diesel,69.64845877798497,190,13233.207167817145,240281.6344715711
FL04298,VH005,TR02912,2026-06-04 17:21:02.412482,Diesel,134.51807058899146,190,25558.43341190838,146079.9164200179
FL04299,VH049,TR03085,2026-06-04 18:12:53.434686,Diesel,90.26561050909663,190,17150.46599672836,173745.00323142353
FL04300,VH009,TR00774,2026-06-04 19:04:44.456891,Diesel,145.15545665739762,190,27579.536764905548,216360.03540309778
FL04301,VH001,TR02145,2026-06-04 19:56:35.479095,Petrol,24.458875939351735,200,4891.775187870347,99954.55153996013
FL04302,VH006,TR00993,2026-06-04 20:48:26.501300,Diesel,74.42455791113088,190,14140.666003114866,248279.6307717756
FL04303,VH026,TR01839,2026-06-04 21:40:17.523504,Diesel,68.67099420635378,190,13047.48889920722,173320.32863365544
FL04304,VH008,TR03814,2026-06-04 22:32:08.545709,Diesel,94.02886469683558,190,17865.48429239876,111759.68760591571
FL04305,VH048,TR04908,2026-06-04 23:23:59.567913,Diesel,123.67504521906096,190,23498.258591621583,172561.11400039052
FL04306,VH041,TR03322,2026-06-05 00:15:50.590118,Diesel,127.80272358162843,190,24282.517480509403,135203.20780322474
FL04307,VH014,TR03843,2026-06-05 01:07:41.612322,Diesel,103.82724521877115,190,19727.17659156652,36793.97716920765
FL04308,VH035,TR03254,2026-06-05 01:59:32.634526,Diesel,99.8150909943775,190,18964.867288931724,201007.67314463644
FL04309,VH004,TR01876,2026-06-05 02:51:23.656731,Diesel,142.86413588627306,190,27144.18581839188,145450.1392607037
FL04310,VH023,TR03238,2026-06-05 03:43:14.678935,Diesel,63.71623622937945,190,12106.084883582094,201002.93388973328
FL04311,VH042,TR00004,2026-06-05 04:35:05.701140,Diesel,126.58966398638836,190,24052.03615741379,47178.86568819179
FL04312,VH018,TR00165,2026-06-05 05:26:56.723344,Diesel,139.01052179292117,190,26411.99914065502,139205.71763218616
FL04313,VH036,TR04440,2026-06-05 06:18:47.745549,Diesel,78.81549419712756,190,14974.943897454237,193989.82533109907
FL04314,VH032,TR01898,2026-06-05 07:10:38.767753,Petrol,112.07436100446205,200,22414.87220089241,247193.0962217916
FL04315,VH025,TR03241,2026-06-05 08:02:29.789957,Diesel,62.782779933926854,190,11928.728187446102,222255.34633246207
FL04316,VH022,TR02568,2026-06-05 08:54:20.812162,Petrol,32.24306198735657,200,6448.612397471314,217443.91049455345
FL04317,VH009,TR03508,2026-06-05 09:46:11.834366,Diesel,92.11054340613954,190,17501.003247166514,69390.43315513551
FL04318,VH035,TR02560,2026-06-05 10:38:02.856571,Diesel,37.506031118934466,190,7126.145912597549,211116.30441017137
FL04319,VH020,TR01339,2026-06-05 11:29:53.878775,Petrol,74.06387831254166,200,14812.775662508333,50627.50661031114
FL04320,VH004,TR04638,2026-06-05 12:21:44.900980,Diesel,132.20310386596665,190,25118.589734533663,57545.83949162405
FL04321,VH046,TR00613,2026-06-05 13:13:35.923184,Diesel,22.042546258915273,190,4188.083789193902,36428.01849843329
FL04322,VH032,TR04996,2026-06-05 14:05:26.945389,Petrol,14.25999499305095,200,2851.99899861019,215823.16737130893
FL04323,VH018,TR01885,2026-06-05 14:57:17.967593,Diesel,94.90689863346427,190,18032.31074035821,35981.07914831648
FL04324,VH013,TR04025,2026-06-05 15:49:08.989797,Petrol,56.34858572328531,200,11269.717144657063,43146.75513880241
FL04325,VH033,TR03135,2026-06-05 16:41:00.012002,Petrol,68.51127896962814,200,13702.255793925628,69012.91601977259
FL04326,VH043,TR01056,2026-06-05 17:32:51.034206,Diesel,66.79948241216641,190,12691.901658311619,147438.97818895386
FL04327,VH007,TR01623,2026-06-05 18:24:42.056411,Petrol,22.1268320613389,200,4425.36641226778,221243.24447209673
FL04328,VH048,TR03283,2026-06-05 19:16:33.078615,Diesel,10.499300575143238,190,1994.8671092772151,110374.75726133634
FL04329,VH013,TR02611,2026-06-05 20:08:24.100820,Petrol,135.779254000997,200,27155.8508001994,141108.62780602844
FL04330,VH004,TR03070,2026-06-05 21:00:15.123024,Diesel,40.49179852652449,190,7693.441720039653,49957.455989740716
FL04331,VH010,TR01256,2026-06-05 21:52:06.145229,Diesel,69.65105886100037,190,13233.70118359007,73827.00541546999
FL04332,VH046,TR02661,2026-06-05 22:43:57.167433,Diesel,146.069611533951,190,27753.22619145069,42142.18299658598
FL04333,VH042,TR04225,2026-06-05 23:35:48.189637,Diesel,125.74676147771132,190,23891.88468076515,108380.52276810154
FL04334,VH027,TR01043,2026-06-06 00:27:39.211842,Petrol,25.110319736778308,200,5022.063947355662,151680.55808276616
FL04335,VH039,TR04453,2026-06-06 01:19:30.234046,Diesel,81.192664425762,190,15426.60624089478,78164.68720802899
FL04336,VH044,TR01443,2026-06-06 02:11:21.256251,Petrol,112.21106370930224,200,22442.212741860447,213039.00533795022
FL04337,VH022,TR03678,2026-06-06 03:03:12.278455,Petrol,107.77498989988973,200,21554.997979977947,245497.20424159226
FL04338,VH030,TR04177,2026-06-06 03:55:03.300660,Diesel,116.51785933662583,190,22138.393273958907,38837.16455549945
FL04339,VH017,TR03687,2026-06-06 04:46:54.322864,Petrol,74.04365168432494,200,14808.730336864988,14286.413443677795
FL04340,VH037,TR01905,2026-06-06 05:38:45.345069,Diesel,34.62921010623949,190,6579.549920185504,199546.45777474812
FL04341,VH015,TR02714,2026-06-06 06:30:36.367273,Petrol,75.08214214871217,200,15016.428429742433,55754.24267280277
FL04342,VH022,TR01878,2026-06-06 07:22:27.389477,Petrol,100.70421488426088,200,20140.842976852175,94755.18223860617
FL04343,VH022,TR00791,2026-06-06 08:14:18.411682,Petrol,95.20289212472352,200,19040.578424944702,104615.49238619447
FL04344,VH035,TR00225,2026-06-06 09:06:09.433886,Diesel,19.87308753040504,190,3775.8866307769576,229983.8533362267
FL04345,VH022,TR03035,2026-06-06 09:58:00.456091,Petrol,19.093340771506845,200,3818.668154301369,168121.17178387888
FL04346,VH034,TR04876,2026-06-06 10:49:51.478295,Diesel,145.13609636172967,190,27575.85830872864,19746.277672693777
FL04347,VH043,TR04233,2026-06-06 11:41:42.500500,Diesel,31.252763705567947,190,5938.02510405791,13554.457771397105
FL04348,VH033,TR00226,2026-06-06 12:33:33.522704,Petrol,51.22474496164107,200,10244.948992328214,57896.34340726724
FL04349,VH049,TR03406,2026-06-06 13:25:24.544908,Diesel,117.46882750186316,190,22319.077225354,86361.26580945074
FL04350,VH038,TR03180,2026-06-06 14:17:15.567113,Diesel,67.3547906152445,190,12797.410216896455,126285.72018078374
FL04351,VH035,TR00812,2026-06-06 15:09:06.589317,Diesel,35.40507945640458,190,6726.96509671687,211081.45895412532
FL04352,VH041,TR02493,2026-06-06 16:00:57.611522,Diesel,75.4125335233694,190,14328.381369440187,85556.26144834228
FL04353,VH044,TR04103,2026-06-06 16:52:48.633726,Petrol,89.65299590687121,200,17930.599181374244,100368.93262519727
FL04354,VH013,TR04224,2026-06-06 17:44:39.655931,Petrol,73.38732529893059,200,14677.465059786118,89041.10320231783
FL04355,VH032,TR04067,2026-06-06 18:36:30.678135,Petrol,138.65245056609527,200,27730.490113219053,12151.680647897347
FL04356,VH034,TR04363,2026-06-06 19:28:21.700340,Diesel,49.857901313930604,190,9473.001249646815,239248.36938834874
FL04357,VH001,TR04310,2026-06-06 20:20:12.722544,Petrol,102.58650249795393,200,20517.300499590787,43359.01219275371
FL04358,VH042,TR00247,2026-06-06 21:12:03.744748,Diesel,25.72126099738568,190,4887.03958950328,79040.19476877929
FL04359,VH042,TR01619,2026-06-06 22:03:54.766953,Diesel,64.91996407296372,190,12334.793173863107,41032.79250314603
FL04360,VH032,TR01828,2026-06-06 22:55:45.789157,Petrol,113.73905522189631,200,22747.81104437926,127730.35747761343
FL04361,VH011,TR03446,2026-06-06 23:47:36.811362,Diesel,41.47437168252516,190,7880.1306196797805,233719.86758619978
FL04362,VH045,TR00421,2026-06-07 00:39:27.833566,Diesel,92.56794639161777,190,17587.909814407376,34168.1722301167
FL04363,VH021,TR02765,2026-06-07 01:31:18.855771,Petrol,31.481184089268446,200,6296.236817853689,115815.26166123906
FL04364,VH037,TR01372,2026-06-07 02:23:09.877975,Diesel,24.378236790591952,190,4631.864990212471,15369.962985178827
FL04365,VH022,TR04239,2026-06-07 03:15:00.900180,Petrol,83.25258484950598,200,16650.516969901197,195015.57313267555
FL04366,VH015,TR02189,2026-06-07 04:06:51.922384,Petrol,104.50153945204401,200,20900.307890408803,163894.27445306198
FL04367,VH041,TR02613,2026-06-07 04:58:42.944588,Diesel,25.871389272827685,190,4915.56396183726,177927.67928971603
FL04368,VH043,TR02081,2026-06-07 05:50:33.966793,Diesel,138.48867533220812,190,26312.848313119543,123360.72661497585
FL04369,VH045,TR04325,2026-06-07 06:42:24.988997,Diesel,41.608116777645364,190,7905.542187752619,227831.92709353738
FL04370,VH039,TR02736,2026-06-07 07:34:16.011202,Diesel,26.796543142302003,190,5091.34319703738,108293.78820942629
FL04371,VH010,TR00830,2026-06-07 08:26:07.033406,Diesel,38.37784716902948,190,7291.790962115601,133380.41794889848
FL04372,VH047,TR03059,2026-06-07 09:17:58.055611,Petrol,33.740143914457875,200,6748.028782891575,176869.41334495106
FL04373,VH026,TR00850,2026-06-07 10:09:49.077815,Diesel,22.694451085812858,190,4311.945706304443,134934.5538629104
FL04374,VH023,TR02781,2026-06-07 11:01:40.100020,Diesel,121.69749286901904,190,23122.52364511362,55440.55549991871
FL04375,VH049,TR01154,2026-06-07 11:53:31.122224,Diesel,79.37528846417554,190,15081.304808193352,86096.94833077888
FL04376,VH009,TR04941,2026-06-07 12:45:22.144428,Diesel,64.3927216530156,190,12234.617114072964,32150.672353313264
FL04377,VH016,TR03830,2026-06-07 13:37:13.166633,Diesel,143.08790977777863,190,27186.702857777942,113827.23933215147
FL04378,VH040,TR02683,2026-06-07 14:29:04.188837,Petrol,61.94117418907071,200,12388.234837814141,156254.10234071873
FL04379,VH027,TR03080,2026-06-07 15:20:55.211042,Petrol,33.37618164660651,200,6675.236329321302,38447.186624593756
FL04380,VH031,TR00403,2026-06-07 16:12:46.233246,Petrol,48.366004869723476,200,9673.200973944695,161340.90915283095
FL04381,VH006,TR02976,2026-06-07 17:04:37.255451,Diesel,43.4553147024035,190,8256.509793456664,224289.31354050623
FL04382,VH013,TR01603,2026-06-07 17:56:28.277655,Petrol,79.82377913886268,200,15964.755827772535,91053.69591652471
FL04383,VH048,TR04723,2026-06-07 18:48:19.299859,Diesel,50.81071735364036,190,9654.036297191667,63287.94309251676
FL04384,VH023,TR00981,2026-06-07 19:40:10.322064,Diesel,82.24856410609065,190,15627.227180157224,224321.45532205675
FL04385,VH044,TR02295,2026-06-07 20:32:01.344268,Petrol,103.70107949255045,200,20740.21589851009,176066.85661541167
FL04386,VH047,TR02385,2026-06-07 21:23:52.366473,Petrol,118.82182999985609,200,23764.365999971218,35294.76833357292
FL04387,VH023,TR03353,2026-06-07 22:15:43.388677,Diesel,109.42208937741232,190,20790.19698170834,107946.86849481579
FL04388,VH011,TR04129,2026-06-07 23:07:34.410882,Diesel,38.782700303890536,190,7368.713057739202,171781.5039410917
FL04389,VH045,TR00799,2026-06-07 23:59:25.433086,Diesel,26.225960693985527,190,4982.93253185725,147852.12999410913
FL04390,VH021,TR02596,2026-06-08 00:51:16.455291,Petrol,85.94302227417514,200,17188.604454835026,158451.30864396953
FL04391,VH030,TR01367,2026-06-08 01:43:07.477495,Diesel,37.84765076914032,190,7191.053646136661,146112.44175374226
FL04392,VH026,TR02939,2026-06-08 02:34:58.499699,Diesel,21.890721048011855,190,4159.236999122252,201534.72767317365
FL04393,VH017,TR01263,2026-06-08 03:26:49.521904,Petrol,83.7932080171184,200,16758.64160342368,86902.46963127487
FL04394,VH037,TR02777,2026-06-08 04:18:40.544108,Diesel,55.75118591509136,190,10592.725323867358,180030.96349584713
FL04395,VH036,TR03249,2026-06-08 05:10:31.566313,Diesel,115.86086167139054,190,22013.5637175642,247859.06619862822
FL04396,VH035,TR00304,2026-06-08 06:02:22.588517,Diesel,53.986828276778525,190,10257.497372587919,103590.12586748328
FL04397,VH036,TR01694,2026-06-08 06:54:13.610722,Diesel,147.02039918781392,190,27933.875845684644,199851.59549315035
FL04398,VH021,TR02317,2026-06-08 07:46:04.632926,Petrol,116.19324677649914,200,23238.64935529983,69066.21691268106
FL04399,VH040,TR04496,2026-06-08 08:37:55.655131,Petrol,18.077051008440698,200,3615.4102016881398,77655.21094817184
FL04400,VH002,TR00922,2026-06-08 09:29:46.677335,Petrol,81.24218364987867,200,16248.436729975734,234367.32980405036
FL04401,VH045,TR00421,2026-06-08 10:21:37.699539,Diesel,88.76687016997545,190,16865.705332295336,16225.20549968531
FL04402,VH026,TR02179,2026-06-08 11:13:28.721744,Diesel,107.34237949542367,190,20395.052104130496,62182.562766599025
FL04403,VH031,TR03810,2026-06-08 12:05:19.743948,Petrol,79.69155158472616,200,15938.310316945232,125900.96747488074
FL04404,VH028,TR01167,2026-06-08 12:57:10.766153,Petrol,77.68210377804024,200,15536.42075560805,106443.42920900474
FL04405,VH048,TR04674,2026-06-08 13:49:01.788357,Diesel,61.51140563486579,190,11687.1670706245,161000.73549640752
FL04406,VH013,TR00540,2026-06-08 14:40:52.810562,Petrol,48.00459374588432,200,9600.918749176864,56253.29208649166
FL04407,VH041,TR03500,2026-06-08 15:32:43.832766,Diesel,142.46802967674282,190,27068.925638581135,26931.281048447523
FL04408,VH034,TR01461,2026-06-08 16:24:34.854970,Diesel,54.46353374881207,190,10348.071412274294,98640.01547314168
FL04409,VH029,TR04688,2026-06-08 17:16:25.877175,Diesel,18.878985441246293,190,3587.007233836796,135845.2581146034
FL04410,VH017,TR04740,2026-06-08 18:08:16.899379,Petrol,33.419863501077714,200,6683.972700215543,144880.44090037872
FL04411,VH040,TR00328,2026-06-08 19:00:07.921584,Petrol,130.01872904578056,200,26003.745809156113,154358.44565019204
FL04412,VH024,TR02860,2026-06-08 19:51:58.943788,Petrol,92.12868427727375,200,18425.73685545475,141678.8789827732
FL04413,VH008,TR02094,2026-06-08 20:43:49.965993,Diesel,119.02927691278919,190,22615.562613429945,68980.47303308503
FL04414,VH018,TR02132,2026-06-08 21:35:40.988197,Diesel,123.2294164595572,190,23413.589127315867,193491.93663256042
FL04415,VH037,TR02842,2026-06-08 22:27:32.010402,Diesel,125.25310148955026,190,23798.08928301455,31067.262817455656
FL04416,VH016,TR00352,2026-06-08 23:19:23.032606,Diesel,87.08591908424522,190,16546.324626006593,57604.93109252391
FL04417,VH038,TR04733,2026-06-09 00:11:14.054810,Diesel,34.79688339787468,190,6611.407845596189,187450.72216458738
FL04418,VH044,TR03909,2026-06-09 01:03:05.077015,Petrol,30.752585313059843,200,6150.517062611969,77134.27218526042
FL04419,VH042,TR00234,2026-06-09 01:54:56.099219,Diesel,90.35781885251573,190,17167.985581977988,128433.62598625725
FL04420,VH012,TR03123,2026-06-09 02:46:47.121424,Diesel,61.312009515994696,190,11649.281808038992,88527.45780533412
FL04421,VH009,TR04877,2026-06-09 03:38:38.143628,Diesel,88.12675377440743,190,16744.083217137413,131675.49078784077
FL04422,VH032,TR02729,2026-06-09 04:30:29.165833,Petrol,79.78689819330107,200,15957.379638660213,93197.39198736762
FL04423,VH015,TR00933,2026-06-09 05:22:20.188037,Petrol,94.30773115765679,200,18861.546231531356,248609.9175774521
FL04424,VH020,TR01824,2026-06-09 06:14:11.210242,Petrol,14.495650703119146,200,2899.1301406238294,95794.6214459552
FL04425,VH010,TR03501,2026-06-09 07:06:02.232446,Diesel,14.597135288217268,190,2773.455704761281,160491.8601754349
FL04426,VH016,TR04074,2026-06-09 07:57:53.254650,Diesel,111.02332391879123,190,21094.431544570336,223202.3722362106
FL04427,VH017,TR03346,2026-06-09 08:49:44.276855,Petrol,37.03781413518078,200,7407.562827036156,163104.3986475401
FL04428,VH004,TR00861,2026-06-09 09:41:35.299059,Diesel,101.30778470688789,190,19248.4790943087,145805.74122630607
FL04429,VH018,TR01231,2026-06-09 10:33:26.321264,Diesel,86.52062751080364,190,16438.91922705269,146615.06914148998
FL04430,VH044,TR02196,2026-06-09 11:25:17.343468,Petrol,147.45122599664728,200,29490.245199329456,129150.57062161253
FL04431,VH041,TR04396,2026-06-09 12:17:08.365673,Diesel,126.95682304362872,190,24121.796378289455,203819.29633706922
FL04432,VH047,TR01477,2026-06-09 13:08:59.387877,Petrol,67.83883298638892,200,13567.766597277785,22101.778806731672
FL04433,VH044,TR02024,2026-06-09 14:00:50.410082,Petrol,96.2977948130431,200,19259.55896260862,222431.17790303865
FL04434,VH026,TR02597,2026-06-09 14:52:41.432286,Diesel,26.420524011566084,190,5019.8995621975555,150710.13285895425
FL04435,VH002,TR02431,2026-06-09 15:44:32.454490,Petrol,64.09404601473334,200,12818.809202946668,213729.5731013796
FL04436,VH019,TR03690,2026-06-09 16:36:23.476695,Diesel,112.7442837525824,190,21421.413912990658,12494.248610610051
FL04437,VH010,TR00534,2026-06-09 17:28:14.498899,Diesel,97.17402177801151,190,18463.064137822188,218626.33695078825
FL04438,VH030,TR01257,2026-06-09 18:20:05.521104,Diesel,77.8259854128301,190,14786.937228437717,38833.00460158405
FL04439,VH048,TR01658,2026-06-09 19:11:56.543308,Diesel,34.71407456737367,190,6595.674167800998,183092.3215341758
FL04440,VH029,TR01153,2026-06-09 20:03:47.565513,Diesel,122.44042966205625,190,23263.681635790686,109965.13429308249
FL04441,VH049,TR03894,2026-06-09 20:55:38.587717,Diesel,48.24332461762077,190,9166.231677347947,173457.37386350185
FL04442,VH018,TR01753,2026-06-09 21:47:29.609921,Diesel,124.86707143266733,190,23724.743572206793,160765.53704256742
FL04443,VH010,TR01684,2026-06-09 22:39:20.632126,Diesel,95.62526879129909,190,18168.801070346828,49215.17129613804
FL04444,VH045,TR02979,2026-06-09 23:31:11.654330,Diesel,62.18239991283024,190,11814.655983437746,133507.30346741242
FL04445,VH014,TR04333,2026-06-10 00:23:02.676535,Diesel,15.68473107439881,190,2980.098904135774,76535.31356668979
FL04446,VH032,TR03654,2026-06-10 01:14:53.698739,Petrol,42.53863820821276,200,8507.727641642552,144504.84228352297
FL04447,VH024,TR03014,2026-06-10 02:06:44.720944,Petrol,134.46992956834293,200,26893.98591366859,187120.78793268255
FL04448,VH034,TR00701,2026-06-10 02:58:35.743148,Diesel,124.51640814540045,190,23658.117547626083,29502.019499641097
FL04449,VH032,TR04671,2026-06-10 03:50:26.765353,Petrol,90.47946381077371,200,18095.89276215474,133782.98164744605
FL04450,VH032,TR03065,2026-06-10 04:42:17.787557,Petrol,75.28514495469777,200,15057.028990939554,158231.15698294205
FL04451,VH030,TR04867,2026-06-10 05:34:08.809761,Diesel,100.59997510621528,190,19113.995270180905,80888.18886333132
FL04452,VH027,TR01765,2026-06-10 06:25:59.831966,Petrol,75.27473789806221,200,15054.947579612442,238720.8358710417
FL04453,VH011,TR04319,2026-06-10 07:17:50.854170,Diesel,100.20267770067964,190,19038.50876312913,134872.67812163907
FL04454,VH024,TR01123,2026-06-10 08:09:41.876375,Petrol,53.03657395242211,200,10607.314790484423,53804.101563023854
FL04455,VH038,TR03831,2026-06-10 09:01:32.898579,Diesel,127.38961050760652,190,24204.025996445238,35869.18283182816
FL04456,VH024,TR02959,2026-06-10 09:53:23.920784,Petrol,108.26850508513733,200,21653.701017027466,139998.29179968772
FL04457,VH039,TR02321,2026-06-10 10:45:14.942988,Diesel,56.19658797987685,190,10677.351716176601,100057.21147046295
FL04458,VH030,TR01423,2026-06-10 11:37:05.965193,Diesel,126.29325607528177,190,23995.71865430354,56211.30346441231
FL04459,VH042,TR01541,2026-06-10 12:28:56.987397,Diesel,78.22795431944505,190,14863.311320694558,17367.6368285859
FL04460,VH016,TR04526,2026-06-10 13:20:48.009601,Diesel,34.449441063244606,190,6545.393802016475,145984.0192090912
FL04461,VH007,TR00523,2026-06-10 14:12:39.031806,Petrol,20.879744680493733,200,4175.948936098746,153664.05684007888
FL04462,VH018,TR03008,2026-06-10 15:04:30.054010,Diesel,107.94480466921085,190,20509.512887150064,44032.62428355243
FL04463,VH021,TR02499,2026-06-10 15:56:21.076215,Petrol,131.11691258912148,200,26223.382517824295,154417.13194487305
FL04464,VH040,TR02090,2026-06-10 16:48:12.098419,Petrol,123.04187840323611,200,24608.375680647223,238473.46112982364
FL04465,VH020,TR01739,2026-06-10 17:40:03.120624,Petrol,101.79114423110126,200,20358.228846220252,244790.94639753745
FL04466,VH050,TR04190,2026-06-10 18:31:54.142828,Diesel,29.792507784667524,190,5660.57647908683,223238.30477368122
FL04467,VH009,TR02534,2026-06-10 19:23:45.165033,Diesel,23.166170636731493,190,4401.572420978984,203698.85940057773
FL04468,VH014,TR02565,2026-06-10 20:15:36.187237,Diesel,58.30414722164155,190,11077.787972111895,60248.280811199504
FL04469,VH021,TR02765,2026-06-10 21:07:27.209441,Petrol,129.68752465582764,200,25937.504931165528,47544.44379902323
FL04470,VH010,TR00499,2026-06-10 21:59:18.231646,Diesel,144.643077842933,190,27482.18479015727,116787.42454848507
FL04471,VH012,TR02419,2026-06-10 22:51:09.253850,Diesel,43.79051967858997,190,8320.198738932095,158711.62031645258
FL04472,VH040,TR02747,2026-06-10 23:43:00.276055,Petrol,116.6933938814408,200,23338.67877628816,214162.8841620107
FL04473,VH042,TR00485,2026-06-11 00:34:51.298259,Diesel,90.3416903670088,190,17164.92116973167,65671.12987283237
FL04474,VH046,TR00665,2026-06-11 01:26:42.320464,Diesel,14.453031390911983,190,2746.075964273277,125115.49612487982
FL04475,VH008,TR03455,2026-06-11 02:18:33.342668,Diesel,86.00828899061158,190,16341.5749082162,165385.65806964302
FL04476,VH018,TR00628,2026-06-11 03:10:24.364872,Diesel,122.83165641850972,190,23338.014719516847,116942.52508826059
FL04477,VH001,TR01685,2026-06-11 04:02:15.387077,Petrol,48.65718966816371,200,9731.437933632742,119006.48249902822
FL04478,VH043,TR00732,2026-06-11 04:54:06.409281,Diesel,135.63062735586453,190,25769.819197614263,64028.11864678697
FL04479,VH026,TR04288,2026-06-11 05:45:57.431486,Diesel,43.076456962449164,190,8184.526822865341,246798.61717865823
FL04480,VH037,TR01245,2026-06-11 06:37:48.453690,Diesel,20.706238570167603,190,3934.1853283318446,124046.3880177864
FL04481,VH002,TR02175,2026-06-11 07:29:39.475895,Petrol,32.39150332153896,200,6478.300664307792,137858.06689731806
FL04482,VH022,TR03875,2026-06-11 08:21:30.498099,Petrol,127.18040162092856,200,25436.080324185714,62454.22990883897
FL04483,VH022,TR02775,2026-06-11 09:13:21.520304,Petrol,68.42282866553396,200,13684.56573310679,133392.8123996365
FL04484,VH014,TR03079,2026-06-11 10:05:12.542508,Diesel,121.57237890703207,190,23098.751992336096,71283.89404823362
FL04485,VH050,TR04792,2026-06-11 10:57:03.564712,Diesel,84.37262853854331,190,16030.799422323229,58560.70033203195
FL04486,VH022,TR01140,2026-06-11 11:48:54.586917,Petrol,77.27827747122039,200,15455.655494244078,76173.34022630427
FL04487,VH049,TR04660,2026-06-11 12:40:45.609121,Diesel,122.96784120894515,190,23363.88982969958,10662.315641267436
FL04488,VH040,TR03118,2026-06-11 13:32:36.631326,Petrol,69.28826563973263,200,13857.653127946525,146836.26688040415
FL04489,VH006,TR02441,2026-06-11 14:24:27.653530,Diesel,122.28458234929157,190,23234.0706463654,102995.20132548237
FL04490,VH017,TR04119,2026-06-11 15:16:18.675735,Petrol,24.092703094882385,200,4818.540618976477,225685.36460654327
FL04491,VH026,TR03203,2026-06-11 16:08:09.697939,Diesel,99.0835141754959,190,18825.867693344222,19769.721667005084
FL04492,VH026,TR03199,2026-06-11 17:00:00.720144,Diesel,108.36218791727786,190,20588.815704282795,20368.072205380027
FL04493,VH005,TR04541,2026-06-11 17:51:51.742348,Diesel,135.87363545984397,190,25815.990737370354,222609.64415502004
FL04494,VH010,TR04873,2026-06-11 18:43:42.764552,Diesel,41.40534862026729,190,7867.016237850785,40394.714129041895
FL04495,VH050,TR02045,2026-06-11 19:35:33.786757,Diesel,94.59078321299921,190,17972.24881046985,10518.424989760433
FL04496,VH027,TR00708,2026-06-11 20:27:24.808961,Petrol,70.65591891649123,200,14131.183783298246,52939.32729112331
FL04497,VH049,TR00433,2026-06-11 21:19:15.831166,Diesel,63.588031776164065,190,12081.726037471173,207730.28202342498
FL04498,VH047,TR00473,2026-06-11 22:11:06.853370,Petrol,24.939897729674044,200,4987.979545934809,202651.37986242454
FL04499,VH027,TR00048,2026-06-11 23:02:57.875575,Petrol,28.792666283291915,200,5758.533256658383,91631.73060242824
FL04500,VH007,TR01915,2026-06-11 23:54:48.897779,Petrol,127.17838460267048,200,25435.676920534097,170327.42014236448
FL04501,VH025,TR01106,2026-06-12 00:46:39.919983,Diesel,114.96548052557868,190,21843.44129985995,131739.92976059866
FL04502,VH050,TR03181,2026-06-12 01:38:30.942188,Diesel,63.52775824075407,190,12070.274065743273,227136.39756301744
FL04503,VH045,TR01891,2026-06-12 02:30:21.964392,Diesel,125.98812139454832,190,23937.74306496418,23541.634100181356
FL04504,VH036,TR00358,2026-06-12 03:22:12.986597,Diesel,21.307265875300985,190,4048.380516307187,205162.99089679163
FL04505,VH035,TR00568,2026-06-12 04:14:04.008801,Diesel,97.4683483846436,190,18518.986193082284,50943.680662590414
FL04506,VH036,TR00480,2026-06-12 05:05:55.031006,Diesel,131.54464738000036,190,24993.483002200068,103989.01538362223
FL04507,VH009,TR00867,2026-06-12 05:57:46.053210,Diesel,127.44099234437492,190,24213.788545431235,56069.71634434381
FL04508,VH023,TR03261,2026-06-12 06:49:37.075415,Diesel,62.189586391860374,190,11816.021414453471,178627.45830259335
FL04509,VH047,TR04060,2026-06-12 07:41:28.097619,Petrol,114.33273942797847,200,22866.547885595694,172798.28314078186
FL04510,VH008,TR01029,2026-06-12 08:33:19.119823,Diesel,69.84554037278286,190,13270.652670828744,141495.42440776646
FL04511,VH046,TR03358,2026-06-12 09:25:10.142028,Diesel,127.61934301459291,190,24247.675172772655,177559.12883287726
FL04512,VH024,TR01814,2026-06-12 10:17:01.164232,Petrol,84.30667302170322,200,16861.334604340645,163495.5473451217
FL04513,VH018,TR03729,2026-06-12 11:08:52.186437,Diesel,117.07998687470577,190,22245.197506194098,196346.09336422433
FL04514,VH043,TR03527,2026-06-12 12:00:43.208641,Diesel,21.00002152083404,190,3990.0040889584675,67457.59630973169
FL04515,VH012,TR04804,2026-06-12 12:52:34.230846,Diesel,92.6036360252408,190,17594.690844795754,112939.02758577293
FL04516,VH008,TR01051,2026-06-12 13:44:25.253050,Diesel,87.03978484570742,190,16537.559120684407,46390.36704501489
FL04517,VH042,TR00127,2026-06-12 14:36:16.275255,Diesel,95.39674104292243,190,18125.38079815526,113102.45541284657
FL04518,VH003,TR03607,2026-06-12 15:28:07.297459,Diesel,107.38982510818262,190,20404.0667705547,178406.0203408819
FL04519,VH044,TR02379,2026-06-12 16:19:58.319663,Petrol,138.53525580477987,200,27707.051160955973,175933.87858824438
FL04520,VH031,TR01653,2026-06-12 17:11:49.341868,Petrol,119.99549144864434,200,23999.09828972887,180262.4567907863
FL04521,VH049,TR00008,2026-06-12 18:03:40.364072,Diesel,40.749318800886655,190,7742.370572168465,84104.20687464556
FL04522,VH046,TR04709,2026-06-12 18:55:31.386277,Diesel,125.62547770089344,190,23868.840763169756,168931.35370982173
FL04523,VH021,TR01285,2026-06-12 19:47:22.408481,Petrol,27.09115486611339,200,5418.230973222678,98191.91670134517
FL04524,VH017,TR04694,2026-06-12 20:39:13.430686,Petrol,97.10780199450974,200,19421.560398901947,236678.09106521198
FL04525,VH043,TR04482,2026-06-12 21:31:04.452890,Diesel,133.58553315443203,190,25381.251299342086,92407.9278112813
FL04526,VH020,TR00179,2026-06-12 22:22:55.475095,Petrol,24.157087590086554,200,4831.417518017311,154724.37617065312
FL04527,VH012,TR03596,2026-06-12 23:14:46.497299,Diesel,128.95697146343647,190,24501.82457805293,190034.97140612223
FL04528,VH048,TR04911,2026-06-13 00:06:37.519503,Diesel,121.80690279223438,190,23143.311530524534,227537.7829663219
FL04529,VH045,TR03818,2026-06-13 00:58:28.541708,Diesel,80.5285607374699,190,15300.42654011928,115102.86482893862
FL04530,VH013,TR03255,2026-06-13 01:50:19.563912,Petrol,53.24566432135657,200,10649.132864271314,96516.42596998431
FL04531,VH017,TR04454,2026-06-13 02:42:10.586117,Petrol,66.76135193001613,200,13352.270386003227,113206.76207598136
FL04532,VH033,TR02424,2026-06-13 03:34:01.608321,Petrol,145.61213899802965,200,29122.42779960593,87687.1243719474
FL04533,VH019,TR04798,2026-06-13 04:25:52.630526,Diesel,38.23765786125849,190,7265.154993639113,166941.87761615537
FL04534,VH024,TR01751,2026-06-13 05:17:43.652730,Petrol,91.14460029618533,200,18228.920059237065,233852.02336206016
FL04535,VH042,TR04878,2026-06-13 06:09:34.674934,Diesel,21.65370470301574,190,4114.203893572991,40257.04155744802
FL04536,VH006,TR04178,2026-06-13 07:01:25.697139,Diesel,40.505028986484106,190,7695.955507431981,144621.29554483766
FL04537,VH041,TR03430,2026-06-13 07:53:16.719343,Diesel,116.86429433043288,190,22204.21592278225,225435.69408647946
FL04538,VH048,TR00185,2026-06-13 08:45:07.741548,Diesel,52.36386565047381,190,9949.134473590024,34027.49071744421
FL04539,VH046,TR02336,2026-06-13 09:36:58.763752,Diesel,148.00724987878283,190,28121.377476968737,128527.6985839074
FL04540,VH038,TR03134,2026-06-13 10:28:49.785957,Diesel,80.1143860331376,190,15221.733346296145,217655.10300650707
FL04541,VH002,TR04979,2026-06-13 11:20:40.808161,Petrol,82.315505543084,200,16463.1011086168,226108.53081089977
FL04542,VH042,TR00507,2026-06-13 12:12:31.830366,Diesel,15.084063507002936,190,2865.972066330558,133444.51867669995
FL04543,VH010,TR04126,2026-06-13 13:04:22.852570,Diesel,143.91374494081725,190,27343.611538755278,15988.45227225219
FL04544,VH036,TR01933,2026-06-13 13:56:13.874774,Diesel,34.39268172381851,190,6534.6095275255175,35353.4028226772
FL04545,VH047,TR01197,2026-06-13 14:48:04.896979,Petrol,85.36768383346197,200,17073.536766692392,150812.0188578961
FL04546,VH005,TR03686,2026-06-13 15:39:55.919183,Diesel,65.39444539422243,190,12424.944624902262,39726.06555192279
FL04547,VH045,TR04182,2026-06-13 16:31:46.941388,Diesel,68.18185810424481,190,12954.553039806515,45860.26645870499
FL04548,VH020,TR01339,2026-06-13 17:23:37.963592,Petrol,100.06202324505517,200,20012.404649011034,195308.10346770735
FL04549,VH033,TR02621,2026-06-13 18:15:28.985797,Petrol,102.69241479294683,200,20538.482958589368,190166.0940581201
FL04550,VH012,TR00683,2026-06-13 19:07:20.008001,Diesel,31.60040608013356,190,6004.077155225376,212265.46226211326
FL04551,VH002,TR03515,2026-06-13 19:59:11.030206,Petrol,79.94213143706492,200,15988.426287412984,35376.43276146536
FL04552,VH004,TR04368,2026-06-13 20:51:02.052410,Diesel,120.66684287985997,190,22926.700147173393,57554.771463236255
FL04553,VH011,TR02161,2026-06-13 21:42:53.074614,Diesel,72.06010769731213,190,13691.420462489305,209910.74316607614
FL04554,VH003,TR01730,2026-06-13 22:34:44.096819,Diesel,33.21262591572122,190,6310.398923987032,183061.0260874701
FL04555,VH050,TR01418,2026-06-13 23:26:35.119023,Diesel,53.850372041936694,190,10231.570687967971,203429.47067872965
FL04556,VH021,TR04015,2026-06-14 00:18:26.141228,Petrol,39.73313897470983,200,7946.627794941966,247538.96197790132
FL04557,VH036,TR00019,2026-06-14 01:10:17.163432,Diesel,27.61444550807719,190,5246.744646534666,217463.5854773685
FL04558,VH035,TR02653,2026-06-14 02:02:08.185637,Diesel,62.86135784094953,190,11943.657989780411,134911.18020394247
FL04559,VH002,TR03801,2026-06-14 02:53:59.207841,Petrol,85.73107404773052,200,17146.2148095461,84584.36435134178
FL04560,VH019,TR00465,2026-06-14 03:45:50.230046,Diesel,20.185213538728448,190,3835.190572358405,146722.38077792828
FL04561,VH047,TR00691,2026-06-14 04:37:41.252250,Petrol,94.53527211194567,200,18907.054422389134,163260.7720562686
FL04562,VH027,TR01011,2026-06-14 05:29:32.274454,Petrol,149.02342162374507,200,29804.684324749014,90474.91390230902
FL04563,VH010,TR03062,2026-06-14 06:21:23.296659,Diesel,144.9774904828117,190,27545.723191734225,195024.88899632284
FL04564,VH044,TR04021,2026-06-14 07:13:14.318863,Petrol,126.08428747988224,200,25216.85749597645,32260.91023789282
FL04565,VH025,TR00163,2026-06-14 08:05:05.341068,Diesel,47.28775579233643,190,8984.673600543922,197054.2841636104
FL04566,VH018,TR01636,2026-06-14 08:56:56.363272,Diesel,13.13706350711142,190,2496.04206635117,17679.644483667635
FL04567,VH040,TR02747,2026-06-14 09:48:47.385477,Petrol,126.69583840359914,200,25339.167680719827,129511.85457315765
FL04568,VH044,TR00295,2026-06-14 10:40:38.407681,Petrol,17.800832477019853,200,3560.1664954039707,216744.75123598392
FL04569,VH003,TR00579,2026-06-14 11:32:29.429885,Diesel,38.787931405907855,190,7369.706967122493,30758.865765135415
FL04570,VH037,TR01586,2026-06-14 12:24:20.452090,Diesel,86.22345016254981,190,16382.455530884465,134257.34475860072
FL04571,VH044,TR03381,2026-06-14 13:16:11.474294,Petrol,34.972925480110106,200,6994.585096022021,48253.94535071593
FL04572,VH013,TR02350,2026-06-14 14:08:02.496499,Petrol,126.73036638180987,200,25346.073276361974,224755.78001462447
FL04573,VH026,TR02172,2026-06-14 14:59:53.518703,Diesel,118.80235747637607,190,22572.447920511455,209762.92648807124
FL04574,VH027,TR00195,2026-06-14 15:51:44.540908,Petrol,115.80773080321497,200,23161.546160642993,234140.13839043703
FL04575,VH040,TR00842,2026-06-14 16:43:35.563112,Petrol,124.25786622566072,200,24851.573245132146,219995.76196722247
FL04576,VH044,TR04008,2026-06-14 17:35:26.585317,Petrol,40.75824923704569,200,8151.649847409138,186772.79436783775
FL04577,VH026,TR04585,2026-06-14 18:27:17.607521,Diesel,112.0449326609649,190,21288.537205583332,54373.406941240675
FL04578,VH020,TR02932,2026-06-14 19:19:08.629725,Petrol,59.73941036284706,200,11947.882072569411,82600.62776053617
FL04579,VH049,TR00446,2026-06-14 20:10:59.651930,Diesel,103.35826633957593,190,19638.070604519427,129245.23799392178
FL04580,VH002,TR00080,2026-06-14 21:02:50.674134,Petrol,27.08304200836447,200,5416.608401672894,151335.2275635337
FL04581,VH003,TR04841,2026-06-14 21:54:41.696339,Diesel,108.78212120903208,190,20668.603029716098,197724.01487517037
FL04582,VH046,TR02746,2026-06-14 22:46:32.718543,Diesel,146.09508190610913,190,27758.065562160733,64470.310764894624
FL04583,VH036,TR03689,2026-06-14 23:38:23.740748,Diesel,16.104051144620275,190,3059.7697174778523,40786.57459527119
FL04584,VH031,TR01861,2026-06-15 00:30:14.762952,Petrol,23.136046163391867,200,4627.209232678373,125826.44094247266
FL04585,VH009,TR00931,2026-06-15 01:22:05.785157,Diesel,27.309147427321943,190,5188.738011191169,47881.93860950094
FL04586,VH036,TR01935,2026-06-15 02:13:56.807361,Diesel,70.27894669178218,190,13352.999871438615,176496.83255909733
FL04587,VH004,TR04368,2026-06-15 03:05:47.829565,Diesel,50.709225890627515,190,9634.752919219229,148151.41362201216
FL04588,VH026,TR02172,2026-06-15 03:57:38.851770,Diesel,122.96882149569711,190,23364.076084182452,187865.87128453233
FL04589,VH009,TR03295,2026-06-15 04:49:29.873974,Diesel,76.33021348813462,190,14502.740562745577,25224.77431722602
FL04590,VH038,TR04782,2026-06-15 05:41:20.896179,Diesel,77.83522797639733,190,14788.693315515493,241527.4145066089
FL04591,VH033,TR04748,2026-06-15 06:33:11.918383,Petrol,110.38533418554952,200,22077.066837109905,10001.328802177119
FL04592,VH038,TR04393,2026-06-15 07:25:02.940588,Diesel,60.6756575550044,190,11528.374935450836,88106.17960324834
FL04593,VH047,TR02835,2026-06-15 08:16:53.962792,Petrol,59.44901463886489,200,11889.802927772978,173112.35040789755
FL04594,VH003,TR04717,2026-06-15 09:08:44.984997,Diesel,115.96969426784726,190,22034.241910890978,20834.09772690853
FL04595,VH024,TR01655,2026-06-15 10:00:36.007201,Petrol,119.20584441714706,200,23841.16888342941,30003.89952582567
FL04596,VH005,TR02929,2026-06-15 10:52:27.029405,Diesel,12.015828154594733,190,2283.007349372999,28403.54493477287
FL04597,VH005,TR03604,2026-06-15 11:44:18.051610,Diesel,30.130666617702623,190,5724.826657363498,149562.33441303505
FL04598,VH004,TR01673,2026-06-15 12:36:09.073814,Diesel,39.83374536078717,190,7568.411618549562,225022.07560924915
FL04599,VH027,TR04351,2026-06-15 13:28:00.096019,Petrol,59.224065626102686,200,11844.813125220537,143304.87465094286
FL04600,VH041,TR01288,2026-06-15 14:19:51.118223,Diesel,50.80273168047343,190,9652.519019289952,154857.1245471212
FL04601,VH021,TR02727,2026-06-15 15:11:42.140428,Petrol,103.5928067743587,200,20718.56135487174,93040.39628991747
FL04602,VH025,TR04125,2026-06-15 16:03:33.162632,Diesel,125.93893273241414,190,23928.397219158687,14497.878077327747
FL04603,VH013,TR01059,2026-06-15 16:55:24.184836,Petrol,36.89217752984338,200,7378.435505968676,15187.53226029193
FL04604,VH029,TR04845,2026-06-15 17:47:15.207041,Diesel,88.81720848427277,190,16875.269612011827,223194.39195541872
FL04605,VH036,TR00602,2026-06-15 18:39:06.229245,Diesel,61.494275151345036,190,11683.912278755557,34617.38529271521
FL04606,VH025,TR03275,2026-06-15 19:30:57.251450,Diesel,80.80890250644866,190,15353.691476225245,249949.44923502288
FL04607,VH045,TR02979,2026-06-15 20:22:48.273654,Diesel,96.90609784967515,190,18412.158591438278,49461.42676270675
FL04608,VH026,TR00131,2026-06-15 21:14:39.295859,Diesel,135.10397461548155,190,25669.755176941493,171912.26654924548
FL04609,VH032,TR00111,2026-06-15 22:06:30.318063,Petrol,36.9209734958193,200,7384.19469916386,237749.31332341736
FL04610,VH021,TR02572,2026-06-15 22:58:21.340268,Petrol,22.18092218784845,200,4436.18443756969,96949.4266340863
FL04611,VH015,TR03360,2026-06-15 23:50:12.362472,Petrol,97.80966866634934,200,19561.933733269867,186263.96529951744
FL04612,VH030,TR02735,2026-06-16 00:42:03.384676,Diesel,65.1783188281677,190,12383.880577351863,94205.59442616043
FL04613,VH003,TR00831,2026-06-16 01:33:54.406881,Diesel,32.806377061018395,190,6233.211641593495,83185.85362274689
FL04614,VH001,TR00666,2026-06-16 02:25:45.429085,Petrol,26.392203429678258,200,5278.440685935651,58432.97981810534
FL04615,VH012,TR01067,2026-06-16 03:17:36.451290,Diesel,88.24737016236418,190,16767.000330849194,207024.37765572747
FL04616,VH047,TR04971,2026-06-16 04:09:27.473494,Petrol,52.06588323394738,200,10413.176646789476,71772.8952661955
FL04617,VH037,TR03789,2026-06-16 05:01:18.495699,Diesel,149.63969314203692,190,28431.541696987013,77957.95909740582
FL04618,VH001,TR01318,2026-06-16 05:53:09.517903,Petrol,66.82611470629996,200,13365.222941259992,249752.73812770657
FL04619,VH022,TR00285,2026-06-16 06:45:00.540108,Petrol,39.72012522712558,200,7944.025045425115,88554.50450687675
FL04620,VH049,TR04660,2026-06-16 07:36:51.562312,Diesel,98.03886631641889,190,18627.38460011959,111465.87731969175
FL04621,VH032,TR04115,2026-06-16 08:28:42.584516,Petrol,44.19568455667097,200,8839.136911334193,247613.30986596036
FL04622,VH029,TR03579,2026-06-16 09:20:33.606721,Diesel,79.17204605236256,190,15042.688749948886,98632.08290018231
FL04623,VH010,TR04643,2026-06-16 10:12:24.628925,Diesel,77.56066572094103,190,14736.526486978795,97876.48173660807
FL04624,VH027,TR00048,2026-06-16 11:04:15.651130,Petrol,73.49806816020322,200,14699.613632040644,208651.47189132645
FL04625,VH003,TR01769,2026-06-16 11:56:06.673334,Diesel,121.45199747774049,190,23075.879520770693,84863.2884370461
FL04626,VH041,TR04315,2026-06-16 12:47:57.695539,Diesel,40.32582020526574,190,7661.905839000491,66108.66487417772
FL04627,VH044,TR04862,2026-06-16 13:39:48.717743,Petrol,136.6030227098658,200,27320.60454197316,111570.46124207735
FL04628,VH027,TR03260,2026-06-16 14:31:39.739947,Petrol,120.7876704498948,200,24157.534089978963,178153.79213828626
FL04629,VH001,TR02079,2026-06-16 15:23:30.762152,Petrol,56.63713099406532,200,11327.426198813064,20378.325995023682
FL04630,VH032,TR02307,2026-06-16 16:15:21.784356,Petrol,35.28435087921939,200,7056.870175843877,99739.84653245602
FL04631,VH038,TR03416,2026-06-16 17:07:12.806561,Diesel,49.13490343094378,190,9335.631651879317,93098.77646700168
FL04632,VH048,TR04404,2026-06-16 17:59:03.828765,Diesel,56.56907456727097,190,10748.124167781483,68756.40334288782
FL04633,VH037,TR03143,2026-06-16 18:50:54.850970,Diesel,87.97064363298654,190,16714.42229026744,167028.9606170428
FL04634,VH035,TR00568,2026-06-16 19:42:45.873174,Diesel,16.491543633911018,190,3133.3932904430935,79597.61929928257
FL04635,VH047,TR04327,2026-06-16 20:34:36.895379,Petrol,138.01027817928744,200,27602.055635857487,155615.57416192073
FL04636,VH007,TR04066,2026-06-16 21:26:27.917583,Petrol,23.814479932555535,200,4762.895986511107,131040.84194911047
FL04637,VH026,TR00082,2026-06-16 22:18:18.939787,Diesel,49.098275174004876,190,9328.672283060927,62125.56899821566
FL04638,VH037,TR03006,2026-06-16 23:10:09.961992,Diesel,25.30024131341532,190,4807.045849548911,73975.8536901236
FL04639,VH035,TR00217,2026-06-17 00:02:00.984196,Diesel,45.93419571359242,190,8727.49718558256,50944.01279357534
FL04640,VH029,TR00335,2026-06-17 00:53:52.006401,Diesel,127.27433460523318,190,24182.123574994304,23591.011564229884
FL04641,VH032,TR00559,2026-06-17 01:45:43.028605,Petrol,96.12461359365392,200,19224.922718730784,158605.23114517878
FL04642,VH005,TR02912,2026-06-17 02:37:34.050810,Diesel,41.82525151252729,190,7946.797787380185,171469.28653944025
FL04643,VH031,TR00874,2026-06-17 03:29:25.073014,Petrol,132.04619417190727,200,26409.238834381456,49839.998466080775
FL04644,VH019,TR00753,2026-06-17 04:21:16.095219,Diesel,122.09968829058786,190,23198.940775211693,157694.1723246576
FL04645,VH003,TR03762,2026-06-17 05:13:07.117423,Diesel,115.51089952502127,190,21947.070909754042,245700.33761381873
FL04646,VH036,TR00594,2026-06-17 06:04:58.139627,Diesel,128.6685777739998,190,24447.02977705996,27856.50278507731
FL04647,VH032,TR02752,2026-06-17 06:56:49.161832,Petrol,96.75095541256411,200,19350.19108251282,127689.00939972728
FL04648,VH027,TR01679,2026-06-17 07:48:40.184036,Petrol,80.20123042957252,200,16040.246085914503,185929.1712745249
FL04649,VH032,TR03898,2026-06-17 08:40:31.206241,Petrol,62.350903663994515,200,12470.180732798903,21042.207479134457
FL04650,VH036,TR04649,2026-06-17 09:32:22.228445,Diesel,41.326962857077774,190,7852.122942844777,196785.63855942775
FL04651,VH005,TR01483,2026-06-17 10:24:13.250650,Diesel,88.03763207056528,190,16727.150093407403,245082.6969022926
FL04652,VH026,TR00783,2026-06-17 11:16:04.272854,Diesel,134.52892839997236,190,25560.49639599475,31237.087247860763
FL04653,VH023,TR02135,2026-06-17 12:07:55.295059,Diesel,93.1574504589255,190,17699.915587195843,207335.17731182207
FL04654,VH027,TR03587,2026-06-17 12:59:46.317263,Petrol,138.74496064088916,200,27748.992128177833,100859.57068290262
FL04655,VH008,TR03795,2026-06-17 13:51:37.339467,Diesel,59.9684317430429,190,11394.00203117815,44587.88858416283
FL04656,VH047,TR04609,2026-06-17 14:43:28.361672,Petrol,107.31931615384967,200,21463.863230769934,128366.37020712347
FL04657,VH025,TR00984,2026-06-17 15:35:19.383876,Diesel,100.81316614476977,190,19154.501567506257,27164.49658749177
FL04658,VH025,TR04683,2026-06-17 16:27:10.406081,Diesel,103.86073816878387,190,19733.540252068935,135304.3379601242
FL04659,VH040,TR00743,2026-06-17 17:19:01.428285,Petrol,100.30588171371096,200,20061.17634274219,14645.629120971906
FL04660,VH033,TR04545,2026-06-17 18:10:52.450490,Petrol,41.03165449119635,200,8206.33089823927,184866.74600145523
FL04661,VH028,TR04684,2026-06-17 19:02:43.472694,Petrol,30.102725759640855,200,6020.5451519281705,127112.72459478126
FL04662,VH001,TR04356,2026-06-17 19:54:34.494898,Petrol,147.0079558724882,200,29401.59117449764,120145.51862444334
FL04663,VH045,TR03609,2026-06-17 20:46:25.517103,Diesel,16.341318037950167,190,3104.8504272105315,57085.95849810008
FL04664,VH014,TR03272,2026-06-17 21:38:16.539307,Diesel,75.48310818395784,190,14341.79055495199,96703.15739074379
FL04665,VH031,TR02511,2026-06-17 22:30:07.561512,Petrol,69.51124439986066,200,13902.248879972132,53648.66378119992
FL04666,VH028,TR04011,2026-06-17 23:21:58.583716,Petrol,60.40265415011067,200,12080.530830022135,186493.62412857742
FL04667,VH022,TR00094,2026-06-18 00:13:49.605921,Petrol,119.47773950073933,200,23895.547900147867,57766.07186392655
FL04668,VH010,TR01376,2026-06-18 01:05:40.628125,Diesel,114.34904036375222,190,21726.317669112923,158020.79849241162
FL04669,VH021,TR01132,2026-06-18 01:57:31.650330,Petrol,136.73148929419165,200,27346.29785883833,77105.80025626051
FL04670,VH032,TR02517,2026-06-18 02:49:22.672534,Petrol,65.3682536661691,200,13073.650733233819,167675.72702159852
FL04671,VH048,TR04964,2026-06-18 03:41:13.694738,Diesel,88.98513391012436,190,16907.175442923628,139709.19014112215
FL04672,VH005,TR00091,2026-06-18 04:33:04.716943,Diesel,134.92298662789688,190,25635.367459300407,111625.2715966528
FL04673,VH025,TR01480,2026-06-18 05:24:55.739147,Diesel,149.1387287997538,190,28336.358471953223,171520.20001851316
FL04674,VH011,TR00955,2026-06-18 06:16:46.761352,Diesel,145.7012107311497,190,27683.230038918442,109773.297185975
FL04675,VH027,TR02432,2026-06-18 07:08:37.783556,Petrol,110.49814197762278,200,22099.628395524556,207128.94461800787
FL04676,VH022,TR00023,2026-06-18 08:00:28.805761,Petrol,30.051858093425142,200,6010.371618685029,185103.62997646382
FL04677,VH020,TR01726,2026-06-18 08:52:19.827965,Petrol,13.246041651023724,200,2649.208330204745,139753.3586831395
FL04678,VH017,TR04119,2026-06-18 09:44:10.850170,Petrol,125.53056989641186,200,25106.113979282374,220494.56382063928
FL04679,VH025,TR03306,2026-06-18 10:36:01.872374,Diesel,127.73188342885555,190,24269.057851482554,208926.83715233332
FL04680,VH032,TR01722,2026-06-18 11:27:52.894578,Petrol,114.49052715688573,200,22898.105431377146,137641.4547089198
FL04681,VH026,TR01441,2026-06-18 12:19:43.916783,Diesel,49.18928803989082,190,9345.964727579256,26427.446488191403
FL04682,VH032,TR04671,2026-06-18 13:11:34.938987,Petrol,99.57450034379373,200,19914.900068758747,145839.12452781858
FL04683,VH029,TR02151,2026-06-18 14:03:25.961192,Diesel,54.27478185413839,190,10312.208552286294,95261.67749446852
FL04684,VH004,TR02548,2026-06-18 14:55:16.983396,Diesel,73.09075445412945,190,13887.243346284597,139627.10627289617
FL04685,VH007,TR04924,2026-06-18 15:47:08.005601,Petrol,63.54091189727147,200,12708.182379454294,165311.3105194224
FL04686,VH028,TR03555,2026-06-18 16:38:59.027805,Petrol,137.90961215060778,200,27581.922430121558,164761.2579641535
FL04687,VH046,TR00189,2026-06-18 17:30:50.050010,Diesel,42.782026304142576,190,8128.584997787089,171645.77044432034
FL04688,VH019,TR00460,2026-06-18 18:22:41.072214,Diesel,90.86552664032503,190,17264.450061661755,173024.47001080358
FL04689,VH011,TR02237,2026-06-18 19:14:32.094418,Diesel,60.53741406474028,190,11502.108672300654,36227.540491241
FL04690,VH032,TR04447,2026-06-18 20:06:23.116623,Petrol,102.8299556679916,200,20565.99113359832,56010.95930975047
FL04691,VH023,TR00581,2026-06-18 20:58:14.138827,Diesel,89.0388397648465,190,16917.379555320837,161329.84109016423
FL04692,VH035,TR02162,2026-06-18 21:50:05.161032,Diesel,139.35687539123168,190,26477.80632433402,107961.37329544881
FL04693,VH050,TR04716,2026-06-18 22:41:56.183236,Diesel,24.225701238169847,190,4602.883235252271,193084.39487338325
FL04694,VH005,TR01532,2026-06-18 23:33:47.205441,Diesel,40.88971756594688,190,7769.046337529908,39978.22774307972
FL04695,VH034,TR01369,2026-06-19 00:25:38.227645,Diesel,117.28871493634782,190,22284.855837906085,55965.51866092944
FL04696,VH011,TR02435,2026-06-19 01:17:29.249849,Diesel,61.63015758527808,190,11709.729941202835,144031.51418475353
FL04697,VH015,TR02992,2026-06-19 02:09:20.272054,Petrol,33.209730072021344,200,6641.946014404269,130179.5246242957
FL04698,VH015,TR02903,2026-06-19 03:01:11.294258,Petrol,80.46497629435429,200,16092.995258870857,73935.31695440559
FL04699,VH050,TR02531,2026-06-19 03:53:02.316463,Diesel,101.29988862559406,190,19246.978838862873,108002.37844123803
FL04700,VH047,TR00473,2026-06-19 04:44:53.338667,Petrol,16.275739981489803,200,3255.1479962979606,18395.50673359674
FL04701,VH006,TR00859,2026-06-19 05:36:44.360872,Diesel,50.82706451144226,190,9657.14225717403,18889.14591864979
FL04702,VH007,TR02990,2026-06-19 06:28:35.383076,Petrol,123.319155277446,200,24663.8310554892,32782.4806779692
FL04703,VH006,TR02441,2026-06-19 07:20:26.405281,Diesel,82.83423932542719,190,15738.505471831166,148430.1887681345
FL04704,VH006,TR03707,2026-06-19 08:12:17.427485,Diesel,14.953090124264799,190,2841.0871236103117,217291.93950715687
FL04705,VH017,TR01713,2026-06-19 09:04:08.449689,Petrol,49.47314073845812,200,9894.628147691625,72453.58942229801
FL04706,VH019,TR00516,2026-06-19 09:55:59.471894,Diesel,99.47969183711899,190,18901.141449052608,18145.55913362086
FL04707,VH008,TR02394,2026-06-19 10:47:50.494098,Diesel,37.91032574092347,190,7202.961890775459,180070.504492555
FL04708,VH010,TR01376,2026-06-19 11:39:41.516303,Diesel,125.83479687071801,190,23908.611405436423,215284.53736121597
FL04709,VH047,TR03670,2026-06-19 12:31:32.538507,Petrol,104.72062699171299,200,20944.1253983426,43161.46846314442
FL04710,VH017,TR02391,2026-06-19 13:23:23.560712,Petrol,75.99306853269104,200,15198.613706538208,102579.44702569603
FL04711,VH034,TR03263,2026-06-19 14:15:14.582916,Diesel,138.18732934934988,190,26255.59257637648,48096.84174164914
FL04712,VH001,TR04639,2026-06-19 15:07:05.605121,Petrol,64.85210792945264,200,12970.421585890528,35525.78334624765
FL04713,VH018,TR02867,2026-06-19 15:58:56.627325,Diesel,42.910277478971935,190,8152.952721004667,165560.44923384988
FL04714,VH040,TR01060,2026-06-19 16:50:47.649529,Petrol,102.59641895373812,200,20519.283790747624,242208.75428275153
FL04715,VH028,TR00757,2026-06-19 17:42:38.671734,Petrol,90.2613262458208,200,18052.26524916416,172759.75014898294
FL04716,VH041,TR03496,2026-06-19 18:34:29.693938,Diesel,56.93470613037152,190,10817.594164770588,246355.51907382836
FL04717,VH022,TR00188,2026-06-19 19:26:20.716143,Petrol,58.113038585356804,200,11622.607717071362,114254.86625686994
FL04718,VH013,TR02382,2026-06-19 20:18:11.738347,Petrol,65.74944320877425,200,13149.888641754851,225488.74931856644
FL04719,VH006,TR04579,2026-06-19 21:10:02.760552,Diesel,50.7593994471117,190,9644.285894951223,59220.213919913105
FL04720,VH017,TR02715,2026-06-19 22:01:53.782756,Petrol,109.43379689052915,200,21886.75937810583,38297.04808259034
FL04721,VH005,TR00296,2026-06-19 22:53:44.804960,Diesel,101.19017670716875,190,19226.133574362062,178604.8122189847
FL04722,VH049,TR03534,2026-06-19 23:45:35.827165,Diesel,71.70887135649497,190,13624.685557734043,99137.99940703259
FL04723,VH047,TR04141,2026-06-20 00:37:26.849369,Petrol,65.6996546090932,200,13139.93092181864,86245.02465930438
FL04724,VH029,TR04043,2026-06-20 01:29:17.871574,Diesel,61.10717771035871,190,11610.363764968155,171107.33871943795
FL04725,VH042,TR02043,2026-06-20 02:21:08.893778,Diesel,49.685564994915495,190,9440.257349033944,90036.17002467714
FL04726,VH027,TR04271,2026-06-20 03:12:59.915983,Petrol,21.99753284198831,200,4399.506568397662,147413.96133964512
FL04727,VH034,TR03052,2026-06-20 04:04:50.938187,Diesel,47.548655973150076,190,9034.244634898514,81869.22550271304
FL04728,VH047,TR01801,2026-06-20 04:56:41.960392,Petrol,54.96818881702911,200,10993.637763405823,198101.82117070034
FL04729,VH008,TR03905,2026-06-20 05:48:32.982596,Diesel,86.67576087714806,190,16468.39456665813,84973.20171887569
FL04730,VH007,TR03782,2026-06-20 06:40:24.004800,Petrol,118.33039127092697,200,23666.078254185395,138398.59467909284
FL04731,VH028,TR02262,2026-06-20 07:32:15.027005,Petrol,65.39830027676443,200,13079.660055352886,15562.260087282819
FL04732,VH046,TR01523,2026-06-20 08:24:06.049209,Diesel,142.26596681929286,190,27030.533695665643,200015.38800601425
FL04733,VH023,TR04854,2026-06-20 09:15:57.071414,Diesel,125.82899488176274,190,23907.50902753492,158881.06595727426
FL04734,VH018,TR01421,2026-06-20 10:07:48.093618,Diesel,147.87225870372433,190,28095.729153707623,56136.89607829496
FL04735,VH003,TR04593,2026-06-20 10:59:39.115823,Diesel,132.66842574580744,190,25207.000891703414,61689.610261846035
FL04736,VH036,TR00105,2026-06-20 11:51:30.138027,Diesel,96.34163290331308,190,18304.910251629484,72998.30044115729
FL04737,VH042,TR03624,2026-06-20 12:43:21.160232,Diesel,93.78710029434065,190,17819.549055924723,148367.22510293484
FL04738,VH021,TR00479,2026-06-20 13:35:12.182436,Petrol,28.133657745590387,200,5626.731549118077,141595.9199423255
FL04739,VH015,TR00693,2026-06-20 14:27:03.204640,Petrol,111.13589484481948,200,22227.178968963894,75727.29271405344
FL04740,VH006,TR03039,2026-06-20 15:18:54.226845,Diesel,94.028960062974,190,17865.50241196506,176574.95007448088
FL04741,VH016,TR02970,2026-06-20 16:10:45.249049,Diesel,80.97049447543786,190,15384.393950333193,223369.8798240955
FL04742,VH008,TR00194,2026-06-20 17:02:36.271254,Diesel,107.0601621580204,190,20341.430810023878,20443.714636849232
FL04743,VH030,TR01490,2026-06-20 17:54:27.293458,Diesel,72.16669799731912,190,13711.672619490633,110127.19307744355
FL04744,VH041,TR00059,2026-06-20 18:46:18.315663,Diesel,83.34035273716006,190,15834.667020060411,152444.82845075437
FL04745,VH023,TR01887,2026-06-20 19:38:09.337867,Diesel,65.76932267245589,190,12496.171307766619,150744.44884887987
FL04746,VH004,TR03610,2026-06-20 20:30:00.360072,Diesel,110.43192507189657,190,20982.06576366035,14688.483277482583
FL04747,VH026,TR04574,2026-06-20 21:21:51.382276,Diesel,132.72553587670433,190,25217.85181657382,60535.85580366521
FL04748,VH013,TR02581,2026-06-20 22:13:42.404480,Petrol,127.71829147856437,200,25543.658295712874,24839.37311490917
FL04749,VH014,TR01969,2026-06-20 23:05:33.426685,Diesel,120.04353808692564,190,22808.27223651587,146551.6174119842
FL04750,VH029,TR04688,2026-06-20 23:57:24.448889,Diesel,11.930278636237128,190,2266.752940885054,164893.5730406721
FL04751,VH043,TR04935,2026-06-21 00:49:15.471094,Diesel,137.6632649428443,190,26156.020339140417,48338.11922163462
FL04752,VH017,TR04054,2026-06-21 01:41:06.493298,Petrol,48.482600901275156,200,9696.520180255031,89922.66864209743
FL04753,VH022,TR04645,2026-06-21 02:32:57.515503,Petrol,134.31635201487262,200,26863.270402974525,89152.89841024505
FL04754,VH002,TR03086,2026-06-21 03:24:48.537707,Petrol,37.57553443251271,200,7515.106886502543,206752.55958154803
FL04755,VH029,TR00221,2026-06-21 04:16:39.559911,Diesel,71.55040519946323,190,13594.576987898014,56718.257086992
FL04756,VH002,TR00876,2026-06-21 05:08:30.582116,Petrol,114.91583120576792,200,22983.166241153584,141595.38911815803
FL04757,VH039,TR03463,2026-06-21 06:00:21.604320,Diesel,99.63905233880416,190,18931.419944372792,197904.52300021224
FL04758,VH020,TR02726,2026-06-21 06:52:12.626525,Petrol,68.22907132412018,200,13645.814264824037,209098.76629529148
FL04759,VH047,TR01197,2026-06-21 07:44:03.648729,Petrol,105.00733994363897,200,21001.467988727793,169975.86262833592
FL04760,VH032,TR02710,2026-06-21 08:35:54.670934,Petrol,86.85293140652954,200,17370.586281305907,81886.6605428519
FL04761,VH021,TR02732,2026-06-21 09:27:45.693138,Petrol,48.603082928974516,200,9720.616585794904,207531.1779589255
FL04762,VH003,TR00336,2026-06-21 10:19:36.715343,Diesel,100.48612236959957,190,19092.36325022392,188119.84650403037
FL04763,VH035,TR00225,2026-06-21 11:11:27.737547,Diesel,38.59459208823327,190,7332.9724967643215,179072.59211902463
FL04764,VH021,TR03942,2026-06-21 12:03:18.759751,Petrol,107.15835979628316,200,21431.671959256633,26160.495732401723
FL04765,VH035,TR04284,2026-06-21 12:55:09.781956,Diesel,10.435522867253992,190,1982.7493447782585,20383.57135637189
FL04766,VH009,TR01248,2026-06-21 13:47:00.804160,Diesel,86.82815192664776,190,16497.348866063076,176887.6714483791
FL04767,VH036,TR02691,2026-06-21 14:38:51.826365,Diesel,66.14946785785975,190,12568.398892993351,236750.75229614336
FL04768,VH019,TR03958,2026-06-21 15:30:42.848569,Diesel,52.43452833227262,190,9962.560383131799,195693.74273512466
FL04769,VH049,TR04590,2026-06-21 16:22:33.870774,Diesel,82.19911541284925,190,15617.831928441357,209554.13595848525
FL04770,VH023,TR01887,2026-06-21 17:14:24.892978,Diesel,100.34362855502434,190,19065.289425454623,140795.74740394967
FL04771,VH019,TR00311,2026-06-21 18:06:15.915183,Diesel,145.1437172698851,190,27577.306281278168,83100.67458113775
FL04772,VH005,TR02569,2026-06-21 18:58:06.937387,Diesel,126.62902858433367,190,24059.515431023396,172656.8552240522
FL04773,VH033,TR01605,2026-06-21 19:49:57.959591,Petrol,110.40098363173351,200,22080.1967263467,180873.01011824622
FL04774,VH036,TR03983,2026-06-21 20:41:48.981796,Diesel,77.0553676350805,190,14640.519850665296,172085.91320656167
FL04775,VH019,TR00369,2026-06-21 21:33:40.004000,Diesel,64.90017675300959,190,12331.033583071821,237210.17361263692
FL04776,VH009,TR03547,2026-06-21 22:25:31.026205,Diesel,14.55415164203961,190,2765.288811987526,98122.96798349355
FL04777,VH030,TR04842,2026-06-21 23:17:22.048409,Diesel,60.27356642826675,190,11451.977621370683,19517.80934938804
FL04778,VH042,TR00998,2026-06-22 00:09:13.070614,Diesel,128.77279941416631,190,24466.8318886916,228026.64466177826
FL04779,VH012,TR00497,2026-06-22 01:01:04.092818,Diesel,63.7634414766806,190,12115.053880569314,48519.788524979514
FL04780,VH019,TR00964,2026-06-22 01:52:55.115023,Diesel,74.62189986870051,190,14178.160975053097,177356.4014529838
FL04781,VH008,TR02005,2026-06-22 02:44:46.137227,Diesel,48.05681936348667,190,9130.795679062467,219569.06554544426
FL04782,VH003,TR01199,2026-06-22 03:36:37.159431,Diesel,48.378586233871346,190,9191.931384435557,84433.93552351244
FL04783,VH006,TR02346,2026-06-22 04:28:28.181636,Diesel,18.662046524844776,190,3545.7888397205074,209299.65780518236
FL04784,VH031,TR00577,2026-06-22 05:20:19.203840,Petrol,95.93254958677211,200,19186.509917354422,89693.9503051466
FL04785,VH004,TR03161,2026-06-22 06:12:10.226045,Diesel,72.72971642634849,190,13818.646121006213,200621.90277669995
FL04786,VH024,TR00054,2026-06-22 07:04:01.248249,Petrol,94.83451304871124,200,18966.90260974225,26759.167113694177
FL04787,VH037,TR03433,2026-06-22 07:55:52.270454,Diesel,86.5641660040394,190,16447.191540767486,167258.31968102267
FL04788,VH023,TR00229,2026-06-22 08:47:43.292658,Diesel,121.83824222160447,190,23149.26602210485,172513.13933891107
FL04789,VH030,TR00779,2026-06-22 09:39:34.314862,Diesel,115.14166772360618,190,21876.91686748517,127942.19921942955
FL04790,VH038,TR03831,2026-06-22 10:31:25.337067,Diesel,118.00353943930311,190,22420.67249346759,174901.8073270506
FL04791,VH017,TR00985,2026-06-22 11:23:16.359271,Petrol,79.89346097183457,200,15978.692194366915,231564.08093292185
FL04792,VH045,TR04469,2026-06-22 12:15:07.381476,Diesel,59.54338918955027,190,11313.24394601455,186125.1579923747
FL04793,VH028,TR00469,2026-06-22 13:06:58.403680,Petrol,140.6811226746134,200,28136.22453492268,240711.04695631834
FL04794,VH015,TR02468,2026-06-22 13:58:49.425885,Petrol,17.597768320317552,200,3519.5536640635105,117666.95532449723
FL04795,VH042,TR01850,2026-06-22 14:50:40.448089,Diesel,31.366983099032243,190,5959.726788816126,136789.7756089497
FL04796,VH039,TR00532,2026-06-22 15:42:31.470294,Diesel,68.74387290472956,190,13061.335851898615,73297.28733704964
FL04797,VH049,TR03036,2026-06-22 16:34:22.492498,Diesel,95.95407135952156,190,18231.273558309098,246544.4002722084
FL04798,VH021,TR00562,2026-06-22 17:26:13.514702,Petrol,11.14805247294103,200,2229.610494588206,23232.81643870537
FL04799,VH024,TR00090,2026-06-22 18:18:04.536907,Petrol,110.70519470355987,200,22141.038940711973,96068.90022803447
FL04800,VH023,TR01407,2026-06-22 19:09:55.559111,Diesel,88.22171599058807,190,16762.126038211733,81447.31954446709
FL04801,VH049,TR04465,2026-06-22 20:01:46.581316,Diesel,77.85838621476954,190,14793.093380806213,102762.81115073331
FL04802,VH006,TR03146,2026-06-22 20:53:37.603520,Diesel,69.28930543590155,190,13164.968032821294,230252.28652476775
FL04803,VH025,TR01293,2026-06-22 21:45:28.625725,Diesel,82.72818444368743,190,15718.355044300612,98329.08977644356
FL04804,VH020,TR04111,2026-06-22 22:37:19.647929,Petrol,32.650002827444666,200,6530.000565488934,230074.3966480001
FL04805,VH007,TR03782,2026-06-22 23:29:10.670134,Petrol,25.219643498777554,200,5043.928699755511,111601.32679916864
FL04806,VH032,TR04068,2026-06-23 00:21:01.692338,Petrol,50.54924702525738,200,10109.849405051476,215144.50461285
FL04807,VH014,TR03506,2026-06-23 01:12:52.714542,Diesel,109.33067087794545,190,20772.827466809635,135220.0236401605
FL04808,VH016,TR02392,2026-06-23 02:04:43.736747,Diesel,92.36030373696948,190,17548.457710024202,84724.68242279558
FL04809,VH018,TR01219,2026-06-23 02:56:34.758951,Diesel,77.21722246666177,190,14671.272268665736,117843.95175229295
FL04810,VH018,TR01946,2026-06-23 03:48:25.781156,Diesel,90.01293522543445,190,17102.457692832544,111851.45895476882
FL04811,VH001,TR02253,2026-06-23 04:40:16.803360,Petrol,88.29612182550805,200,17659.22436510161,72379.37490053222
FL04812,VH015,TR03892,2026-06-23 05:32:07.825565,Petrol,52.98586956858955,200,10597.17391371791,79513.29519805762
FL04813,VH032,TR01675,2026-06-23 06:23:58.847769,Petrol,23.64383261426162,200,4728.766522852324,54748.94111465306
FL04814,VH047,TR00776,2026-06-23 07:15:49.869973,Petrol,135.54953161282708,200,27109.906322565417,90640.133729826
FL04815,VH038,TR04782,2026-06-23 08:07:40.892178,Diesel,93.98757676734805,190,17857.63958579613,159857.39277980104
FL04816,VH034,TR03568,2026-06-23 08:59:31.914382,Diesel,107.68471995531924,190,20460.096791510656,102773.9604903115
FL04817,VH015,TR02766,2026-06-23 09:51:22.936587,Petrol,74.95961141137371,200,14991.922282274743,180957.57062231013
FL04818,VH035,TR00225,2026-06-23 10:43:13.958791,Diesel,115.90728119671877,190,22022.383427376568,246874.76072510876
FL04819,VH002,TR00064,2026-06-23 11:35:04.980996,Petrol,91.8296169570134,200,18365.92339140268,100504.2590762764
FL04820,VH022,TR01788,2026-06-23 12:26:56.003200,Petrol,17.532157093606635,200,3506.431418721327,121033.41138150806
FL04821,VH030,TR03851,2026-06-23 13:18:47.025405,Diesel,134.61358495511675,190,25576.581141472183,49386.437667543425
FL04822,VH010,TR01376,2026-06-23 14:10:38.047609,Diesel,52.77506055030416,190,10027.261504557791,104131.66858703586
FL04823,VH031,TR03535,2026-06-23 15:02:29.069813,Petrol,29.30470883898697,200,5860.941767797393,184439.78818976306
FL04824,VH009,TR03916,2026-06-23 15:54:20.092018,Diesel,22.32574107860421,190,4241.8908049348,62177.151938191084
FL04825,VH039,TR04453,2026-06-23 16:46:11.114222,Diesel,110.86164393789552,190,21063.712348200148,53692.97167725502
FL04826,VH006,TR00093,2026-06-23 17:38:02.136427,Diesel,108.55557135261037,190,20625.55855699597,100329.96967580602
FL04827,VH013,TR02743,2026-06-23 18:29:53.158631,Petrol,108.02269747385789,200,21604.53949477158,206475.87657225554
FL04828,VH004,TR01678,2026-06-23 19:21:44.180836,Diesel,138.20538817541924,190,26259.023753329657,159677.72553075603
FL04829,VH024,TR03667,2026-06-23 20:13:35.203040,Petrol,58.852023079671206,200,11770.404615934242,239819.05062078554
FL04830,VH008,TR03865,2026-06-23 21:05:26.225245,Diesel,88.55862789024924,190,16826.139299147355,227089.70438263012
FL04831,VH025,TR02482,2026-06-23 21:57:17.247449,Diesel,96.72938161920892,190,18378.582507649695,46272.92723757816
FL04832,VH026,TR04937,2026-06-23 22:49:08.269653,Diesel,147.12745599930477,190,27954.216639867907,20212.665905731512
FL04833,VH032,TR01402,2026-06-23 23:40:59.291858,Petrol,53.728460120602854,200,10745.692024120572,105782.736206741
FL04834,VH024,TR01607,2026-06-24 00:32:50.314062,Petrol,143.88636798655168,200,28777.273597310334,135299.0749164735
FL04835,VH020,TR03957,2026-06-24 01:24:41.336267,Petrol,30.822806631533393,200,6164.561326306679,133736.94765249148
FL04836,VH035,TR03410,2026-06-24 02:16:32.358471,Diesel,116.96020384389787,190,22222.438730340597,42185.744265053276
FL04837,VH022,TR03072,2026-06-24 03:08:23.380676,Petrol,98.6040260028578,200,19720.805200571558,39956.1837171065
FL04838,VH020,TR00898,2026-06-24 04:00:14.402880,Petrol,124.36544521807825,200,24873.08904361565,21246.581387008882
FL04839,VH020,TR02932,2026-06-24 04:52:05.425085,Petrol,14.0159803095786,200,2803.19606191572,214206.3822532961
FL04840,VH049,TR04588,2026-06-24 05:43:56.447289,Diesel,20.938346011467814,190,3978.285742178885,237458.5931363629
FL04841,VH032,TR03714,2026-06-24 06:35:47.469493,Petrol,19.75740913968042,200,3951.481827936084,37764.4048523132
FL04842,VH043,TR03132,2026-06-24 07:27:38.491698,Diesel,93.01432376962029,190,17672.721516227855,61149.36845178678
FL04843,VH005,TR01533,2026-06-24 08:19:29.513902,Diesel,94.41104946057531,190,17938.099397509308,31567.09233637848
FL04844,VH028,TR01978,2026-06-24 09:11:20.536107,Petrol,136.85468450969665,200,27370.93690193933,220600.5210738004
FL04845,VH018,TR01799,2026-06-24 10:03:11.558311,Diesel,75.4644920325823,190,14338.253486190637,240090.09604869783
FL04846,VH040,TR01352,2026-06-24 10:55:02.580516,Petrol,19.52686770069495,200,3905.37354013899,72831.17841301361
FL04847,VH026,TR01839,2026-06-24 11:46:53.602720,Diesel,39.334116227152165,190,7473.482083158911,82860.11918448997
FL04848,VH007,TR02561,2026-06-24 12:38:44.624924,Petrol,11.130233274498007,200,2226.0466548996014,97040.7242591055
FL04849,VH015,TR02992,2026-06-24 13:30:35.647129,Petrol,118.7400335179767,200,23748.00670359534,130591.30225137551
FL04850,VH041,TR01664,2026-06-24 14:22:26.669333,Diesel,124.18392116330843,190,23594.9450210286,173790.63487478244
FL04851,VH030,TR02398,2026-06-24 15:14:17.691538,Diesel,149.71165827977904,190,28445.21507315802,131053.7399811098
FL04852,VH033,TR03204,2026-06-24 16:06:08.713742,Petrol,67.7072228674332,200,13541.44457348664,238240.37960229788
FL04853,VH025,TR04642,2026-06-24 16:57:59.735947,Diesel,12.701772556222952,190,2413.336785682361,33974.43004515968
FL04854,VH028,TR00599,2026-06-24 17:49:50.758151,Petrol,42.86218340865211,200,8572.436681730422,201665.32294601513
FL04855,VH050,TR02045,2026-06-24 18:41:41.780356,Diesel,92.28764147286142,190,17534.65187984367,90275.94179523306
FL04856,VH026,TR00259,2026-06-24 19:33:32.802560,Diesel,144.67201538738308,190,27487.682923602784,100611.44514077142
FL04857,VH041,TR04572,2026-06-24 20:25:23.824764,Diesel,24.500997205911204,190,4655.189469123129,180119.0664904541
FL04858,VH032,TR01906,2026-06-24 21:17:14.846969,Petrol,27.02022282250399,200,5404.044564500798,233050.50636985095
FL04859,VH041,TR03020,2026-06-24 22:09:05.869173,Diesel,108.24625793905201,190,20566.789008419884,181888.18685285843
FL04860,VH033,TR00388,2026-06-24 23:00:56.891378,Petrol,103.40898770301693,200,20681.797540603387,196206.5380910552
FL04861,VH050,TR03870,2026-06-24 23:52:47.913582,Diesel,45.07088974365663,190,8563.46905129476,190187.01811811174
FL04862,VH032,TR01862,2026-06-25 00:44:38.935787,Petrol,123.84027074203266,200,24768.054148406532,87034.86543609397
FL04863,VH029,TR03633,2026-06-25 01:36:29.957991,Diesel,28.02902576684485,190,5325.514895700521,191663.30396373948
FL04864,VH002,TR00798,2026-06-25 02:28:20.980196,Petrol,139.60385826874636,200,27920.771653749274,198284.9824527524
FL04865,VH004,TR02504,2026-06-25 03:20:12.002400,Diesel,38.144470246538994,190,7247.449346842409,138016.07695612306
FL04866,VH044,TR04021,2026-06-25 04:12:03.024604,Petrol,21.3893321812207,200,4277.86643624414,138821.49728003592
FL04867,VH044,TR01926,2026-06-25 05:03:54.046809,Petrol,57.533092106339645,200,11506.618421267929,192332.9927349961
FL04868,VH009,TR03955,2026-06-25 05:55:45.069013,Diesel,36.297780394836295,190,6896.578275018896,206087.4069338578
FL04869,VH023,TR01628,2026-06-25 06:47:36.091218,Diesel,83.77177150504461,190,15916.636585958477,90926.9060873609
FL04870,VH034,TR04313,2026-06-25 07:39:27.113422,Diesel,106.15851523204165,190,20170.117894087914,202374.93221806976
FL04871,VH015,TR00789,2026-06-25 08:31:18.135627,Petrol,78.72902098696076,200,15745.804197392152,205410.1616020987
FL04872,VH023,TR02057,2026-06-25 09:23:09.157831,Diesel,102.48502645353688,190,19472.155026172008,66190.15382045905
FL04873,VH047,TR01064,2026-06-25 10:15:00.180036,Petrol,61.088872015997815,200,12217.774403199563,182068.17887601184
FL04874,VH045,TR04469,2026-06-25 11:06:51.202240,Diesel,13.909163613409598,190,2642.7410865478237,54768.14124067801
FL04875,VH029,TR01448,2026-06-25 11:58:42.224444,Diesel,146.36897739152087,190,27810.105704388967,32331.787117151016
FL04876,VH038,TR00515,2026-06-25 12:50:33.246649,Diesel,124.71789063559936,190,23696.39922076388,147890.32289205462
FL04877,VH006,TR04460,2026-06-25 13:42:24.268853,Diesel,20.27863537184793,190,3852.940720651107,228076.52770801575
FL04878,VH033,TR01914,2026-06-25 14:34:15.291058,Petrol,72.88469546188682,200,14576.939092377364,18510.16564618318
FL04879,VH026,TR01952,2026-06-25 15:26:06.313262,Diesel,98.90266981006245,190,18791.507263911866,208360.3930227812
FL04880,VH009,TR00774,2026-06-25 16:17:57.335467,Diesel,36.6831978801693,190,6969.807597232168,131553.0905688416
FL04881,VH045,TR00329,2026-06-25 17:09:48.357671,Diesel,90.91840559078801,190,17274.497062249724,216614.90769309519
FL04882,VH028,TR00794,2026-06-25 18:01:39.379875,Petrol,84.71080653647618,200,16942.16130729524,212434.46444105124
FL04883,VH037,TR00962,2026-06-25 18:53:30.402080,Diesel,39.157126394858665,190,7439.8540150231465,220068.83315590926
FL04884,VH028,TR04693,2026-06-25 19:45:21.424284,Petrol,29.769443298843456,200,5953.8886597686915,194529.7491536016
FL04885,VH007,TR01411,2026-06-25 20:37:12.446489,Petrol,116.25472054660924,200,23250.94410932185,212318.1650912788
FL04886,VH049,TR01138,2026-06-25 21:29:03.468693,Diesel,55.162102460948724,190,10480.799467580258,52246.04972828887
FL04887,VH009,TR04667,2026-06-25 22:20:54.490898,Diesel,44.16567473791407,190,8391.478200203672,82924.75572998599
FL04888,VH042,TR01569,2026-06-25 23:12:45.513102,Diesel,113.30296939283842,190,21527.5641846393,68196.68099375113
FL04889,VH026,TR04473,2026-06-26 00:04:36.535307,Diesel,113.04961688321748,190,21479.42720781132,188182.7928947345
FL04890,VH025,TR03275,2026-06-26 00:56:27.557511,Diesel,48.69623188707208,190,9252.284058543695,46874.348648112624
FL04891,VH049,TR03274,2026-06-26 01:48:18.579715,Diesel,132.15958457525952,190,25110.32106929931,53734.66969066926
FL04892,VH023,TR03470,2026-06-26 02:40:09.601920,Diesel,106.35502311012793,190,20207.454390924308,220951.5329732662
FL04893,VH005,TR01964,2026-06-26 03:32:00.624124,Diesel,58.406990495015336,190,11097.328194052914,179411.72629908117
FL04894,VH010,TR02166,2026-06-26 04:23:51.646329,Diesel,69.84855102585225,190,13271.224694911927,220091.19470058082
FL04895,VH029,TR04637,2026-06-26 05:15:42.668533,Diesel,111.73935603028649,190,21230.477645754432,43445.261982565724
FL04896,VH037,TR03573,2026-06-26 06:07:33.690738,Diesel,39.62173660536888,190,7528.129955020087,105755.29709471256
FL04897,VH004,TR01876,2026-06-26 06:59:24.712942,Diesel,75.62651094653137,190,14369.03707984096,77956.28081831623
FL04898,VH011,TR01237,2026-06-26 07:51:15.735147,Diesel,101.49816791613395,190,19284.65190406545,12323.460467115881
FL04899,VH040,TR02747,2026-06-26 08:43:06.757351,Petrol,85.52979672121985,200,17105.95934424397,78285.51050528964
FL04900,VH038,TR04209,2026-06-26 09:34:57.779555,Diesel,95.16596842662905,190,18081.53400105952,101099.98047469107
FL04901,VH045,TR04469,2026-06-26 10:26:48.801760,Diesel,86.46974992674915,190,16429.252486082336,32132.71293825085
FL04902,VH041,TR02347,2026-06-26 11:18:39.823964,Diesel,37.89184213060281,190,7199.450004814534,145957.01387843676
FL04903,VH027,TR01043,2026-06-26 12:10:30.846169,Petrol,67.42874829616699,200,13485.749659233397,101961.43899343196
FL04904,VH014,TR04872,2026-06-26 13:02:21.868373,Diesel,84.4779693668564,190,16050.814179702717,21150.798946610907
FL04905,VH013,TR04767,2026-06-26 13:54:12.890578,Petrol,119.20878392843245,200,23841.75678568649,178954.92756831442
FL04906,VH040,TR04107,2026-06-26 14:46:03.912782,Petrol,101.54659320373597,200,20309.318640747195,185027.16012186484
FL04907,VH049,TR00008,2026-06-26 15:37:54.934986,Diesel,69.72273232603087,190,13247.319141945864,210273.1463126644
FL04908,VH021,TR03697,2026-06-26 16:29:45.957191,Petrol,146.41597650228036,200,29283.19530045607,126529.74396807583
FL04909,VH047,TR03732,2026-06-26 17:21:36.979395,Petrol,25.091373035161524,200,5018.274607032305,242478.11136028235
FL04910,VH005,TR01574,2026-06-26 18:13:28.001600,Diesel,38.95268159769557,190,7401.009503562159,229375.39468778955
FL04911,VH049,TR00461,2026-06-26 19:05:19.023804,Diesel,57.78376540443296,190,10978.915426842263,142324.39002403157
FL04912,VH014,TR03307,2026-06-26 19:57:10.046009,Diesel,42.000090778307424,190,7980.017247878411,116788.46345666013
FL04913,VH015,TR02303,2026-06-26 20:49:01.068213,Petrol,97.56187955284159,200,19512.375910568317,10728.262696701484
FL04914,VH017,TR02634,2026-06-26 21:40:52.090418,Petrol,15.537102107075736,200,3107.4204214151473,180638.68761741612
FL04915,VH040,TR01352,2026-06-26 22:32:43.112622,Petrol,34.841149798278224,200,6968.229959655645,145589.08097192584
FL04916,VH023,TR00362,2026-06-26 23:24:34.134826,Diesel,51.068613272204615,190,9703.036521718877,235010.59491665935
FL04917,VH035,TR00788,2026-06-27 00:16:25.157031,Diesel,105.6684085111043,190,20076.997617109817,152615.7100578986
FL04918,VH049,TR00209,2026-06-27 01:08:16.179235,Diesel,132.62108356135792,190,25198.005876658004,248285.46253425517
FL04919,VH045,TR00267,2026-06-27 02:00:07.201440,Diesel,121.78884787742761,190,23139.881096711248,214916.62524718972
FL04920,VH021,TR04752,2026-06-27 02:51:58.223644,Petrol,35.49133065503568,200,7098.266131007136,238863.50459558875
FL04921,VH033,TR00554,2026-06-27 03:43:49.245849,Petrol,89.15680618174967,200,17831.361236349934,88639.06510840936
FL04922,VH013,TR01588,2026-06-27 04:35:40.268053,Petrol,14.203170348256213,200,2840.6340696512425,45840.638744143944
FL04923,VH023,TR04517,2026-06-27 05:27:31.290258,Diesel,53.475148549400565,190,10160.278224386107,201249.30731083007
FL04924,VH024,TR01119,2026-06-27 06:19:22.312462,Petrol,122.83773127596574,200,24567.54625519315,198687.30471259178
FL04925,VH013,TR01514,2026-06-27 07:11:13.334666,Petrol,73.93319992406754,200,14786.639984813508,60747.745457335164
FL04926,VH020,TR01927,2026-06-27 08:03:04.356871,Petrol,30.99178511861684,200,6198.357023723368,193538.71699237908
FL04927,VH029,TR03404,2026-06-27 08:54:55.379075,Diesel,71.39747340836378,190,13565.519947589119,149673.60592993748
FL04928,VH010,TR03062,2026-06-27 09:46:46.401280,Diesel,37.724609564711955,190,7167.675817295271,36286.03477640152
FL04929,VH029,TR00221,2026-06-27 10:38:37.423484,Diesel,65.0468041009548,190,12358.892779181413,130428.0634168501
FL04930,VH033,TR02345,2026-06-27 11:30:28.445689,Petrol,78.29668618469807,200,15659.337236939615,233473.12020128284
FL04931,VH020,TR01972,2026-06-27 12:22:19.467893,Petrol,58.93813575154398,200,11787.627150308796,131549.81090685492
FL04932,VH025,TR04439,2026-06-27 13:14:10.490098,Diesel,141.17565306074053,190,26823.3740815407,199287.7574928333
FL04933,VH009,TR04689,2026-06-27 14:06:01.512302,Diesel,88.75424165789347,190,16863.30591499976,16938.39679406957
FL04934,VH006,TR04065,2026-06-27 14:57:52.534506,Diesel,128.00497435256554,190,24320.94512698745,184739.53908702248
FL04935,VH012,TR01985,2026-06-27 15:49:43.556711,Diesel,116.50199658778124,190,22135.379351678435,237240.97267299454
FL04936,VH044,TR00892,2026-06-27 16:41:34.578915,Petrol,102.56328329748871,200,20512.65665949774,129886.6683743046
FL04937,VH004,TR04803,2026-06-27 17:33:25.601120,Diesel,79.56442476236151,190,15117.240704848688,91050.37912614073
FL04938,VH043,TR03527,2026-06-27 18:25:16.623324,Diesel,10.30432972942225,190,1957.8226485902273,165196.12117285535
FL04939,VH032,TR01206,2026-06-27 19:17:07.645529,Petrol,95.88546407729173,200,19177.092815458345,229902.69162237263
FL04940,VH048,TR04853,2026-06-27 20:08:58.667733,Diesel,59.83404342034968,190,11368.468249866439,52424.7161280023
FL04941,VH018,TR01219,2026-06-27 21:00:49.689937,Diesel,26.48670335218463,190,5032.47363691508,106886.61040545035
FL04942,VH006,TR01856,2026-06-27 21:52:40.712142,Diesel,72.24767690569087,190,13727.058612081264,47509.66743564188
FL04943,VH030,TR02000,2026-06-27 22:44:31.734346,Diesel,112.97746511966267,190,21465.718372735908,129197.01573277428
FL04944,VH003,TR02436,2026-06-27 23:36:22.756551,Diesel,144.63489125781857,190,27480.629338985527,139701.28312733417
FL04945,VH013,TR02975,2026-06-28 00:28:13.778755,Petrol,62.37468475709148,200,12474.936951418296,236608.86753319844
FL04946,VH043,TR03099,2026-06-28 01:20:04.800960,Diesel,85.98126181869674,190,16336.43974555238,109003.63690423057
FL04947,VH001,TR03387,2026-06-28 02:11:55.823164,Petrol,129.1742136709019,200,25834.84273418038,146069.5872495276
FL04948,VH005,TR04544,2026-06-28 03:03:46.845369,Diesel,56.75991879300207,190,10784.384570670394,222463.01777299657
FL04949,VH012,TR01817,2026-06-28 03:55:37.867573,Diesel,29.916014295914152,190,5684.042716223689,87137.20004227808
FL04950,VH030,TR01778,2026-06-28 04:47:28.889777,Diesel,49.463456372576466,190,9398.05671078953,171799.3285522216
FL04951,VH045,TR02505,2026-06-28 05:39:19.911982,Diesel,135.8771961731743,190,25816.667272903116,191718.84371730316
FL04952,VH004,TR02940,2026-06-28 06:31:10.934186,Diesel,32.31503518465728,190,6139.856685084884,89326.77632488226
FL04953,VH034,TR00839,2026-06-28 07:23:01.956391,Diesel,56.09094854094949,190,10657.280222780404,49441.884527354676
FL04954,VH027,TR02702,2026-06-28 08:14:52.978595,Petrol,75.04964347004768,200,15009.928694009537,130698.2900565456
FL04955,VH037,TR04760,2026-06-28 09:06:44.000800,Diesel,128.5958512887288,190,24433.211744858472,95632.41523199239
FL04956,VH006,TR04861,2026-06-28 09:58:35.023004,Diesel,141.27985971141646,190,26843.17334516913,73950.98363013135
FL04957,VH037,TR03139,2026-06-28 10:50:26.045209,Diesel,69.61344334865568,190,13226.55423624458,243621.1145665852
FL04958,VH014,TR00176,2026-06-28 11:42:17.067413,Diesel,140.47356676949218,190,26689.977686203514,130516.72448836797
FL04959,VH039,TR04606,2026-06-28 12:34:08.089617,Diesel,32.604273280085636,190,6194.811923216271,215554.6465224217
FL04960,VH017,TR03687,2026-06-28 13:25:59.111822,Petrol,31.959320865491854,200,6391.864173098371,56876.1785304062
FL04961,VH038,TR03163,2026-06-28 14:17:50.134026,Diesel,142.8951147488717,190,27150.07180228562,235466.26357579135
FL04962,VH011,TR02753,2026-06-28 15:09:41.156231,Diesel,81.35521869396636,190,15457.491551853609,200663.54429656523
FL04963,VH029,TR01190,2026-06-28 16:01:32.178435,Diesel,36.02709694955355,190,6845.148420415175,204086.11748539418
FL04964,VH050,TR04698,2026-06-28 16:53:23.200640,Diesel,78.31865188057866,190,14880.543857309945,103543.57004702286
FL04965,VH022,TR00838,2026-06-28 17:45:14.222844,Petrol,119.64956175306722,200,23929.912350613442,126552.8783386447
FL04966,VH022,TR03899,2026-06-28 18:37:05.245049,Petrol,125.76885120129332,200,25153.770240258662,152405.03821568322
FL04967,VH013,TR03852,2026-06-28 19:28:56.267253,Petrol,130.9556959308939,200,26191.13918617878,199543.72868921552
FL04968,VH032,TR02734,2026-06-28 20:20:47.289457,Petrol,89.73992643223859,200,17947.985286447718,213773.62049450504
FL04969,VH038,TR03811,2026-06-28 21:12:38.311662,Diesel,131.37244201150324,190,24960.763982185614,28730.874244464263
FL04970,VH024,TR02654,2026-06-28 22:04:29.333866,Petrol,81.40422923245565,200,16280.84584649113,226974.97300796187
FL04971,VH017,TR03251,2026-06-28 22:56:20.356071,Petrol,94.98838633475083,200,18997.677266950166,234999.19660102262
FL04972,VH001,TR03350,2026-06-28 23:48:11.378275,Petrol,116.22077231803034,200,23244.154463606068,152292.97704562853
FL04973,VH014,TR03311,2026-06-29 00:40:02.400480,Diesel,69.56094097947118,190,13216.578786099524,54820.147181177424
FL04974,VH035,TR04681,2026-06-29 01:31:53.422684,Diesel,20.30140819942847,190,3857.267557891409,206419.55984883747
FL04975,VH042,TR02387,2026-06-29 02:23:44.444888,Diesel,59.02328996007766,190,11214.425092414756,141661.02749190375
FL04976,VH004,TR00374,2026-06-29 03:15:35.467093,Diesel,97.35219035143444,190,18496.916166772546,206127.1488919311
FL04977,VH017,TR04676,2026-06-29 04:07:26.489297,Petrol,36.92653174952676,200,7385.306349905351,205553.95038143598
FL04978,VH041,TR04613,2026-06-29 04:59:17.511502,Diesel,30.773950889949607,190,5847.050669090425,30815.03576459019
FL04979,VH050,TR01262,2026-06-29 05:51:08.533706,Diesel,51.03127624280127,190,9695.94248613224,155685.14280895938
FL04980,VH028,TR00121,2026-06-29 06:42:59.555911,Petrol,14.49560471889499,200,2899.120943778998,125954.6318244931
FL04981,VH039,TR03846,2026-06-29 07:34:50.578115,Diesel,114.07920573216876,190,21675.049089112064,237068.67279988425
FL04982,VH036,TR02885,2026-06-29 08:26:41.600320,Diesel,46.22018430636743,190,8781.835018209811,81193.91006209512
FL04983,VH002,TR02618,2026-06-29 09:18:32.622524,Petrol,27.393375529123933,200,5478.675105824786,59440.02548582201
FL04984,VH001,TR04139,2026-06-29 10:10:23.644728,Petrol,107.87811823488093,200,21575.623646976186,225300.84544459713
FL04985,VH035,TR03269,2026-06-29 11:02:14.666933,Diesel,128.0099217560603,190,24321.885133651456,45691.736536025135
FL04986,VH042,TR02043,2026-06-29 11:54:05.689137,Diesel,12.782583420648983,190,2428.690849923307,174764.6700938708
FL04987,VH031,TR02120,2026-06-29 12:45:56.711342,Petrol,42.70396790377148,200,8540.793580754296,82004.7553220346
FL04988,VH023,TR00491,2026-06-29 13:37:47.733546,Diesel,142.33252548174167,190,27043.179841530917,146282.98131939463
FL04989,VH029,TR04845,2026-06-29 14:29:38.755751,Diesel,63.935579030588535,190,12147.760015811822,157892.66388190267
FL04990,VH005,TR03046,2026-06-29 15:21:29.777955,Diesel,141.40288887347037,190,26866.54888595937,110168.62766991202
FL04991,VH020,TR00383,2026-06-29 16:13:20.800160,Petrol,48.389755371894836,200,9677.951074378967,243991.59525690298
FL04992,VH023,TR00805,2026-06-29 17:05:11.822364,Diesel,40.529468980070476,190,7700.599106213391,41639.96034039499
FL04993,VH032,TR01178,2026-06-29 17:57:02.844568,Petrol,39.97517764191942,200,7995.035528383884,103935.78136882168
FL04994,VH046,TR02218,2026-06-29 18:48:53.866773,Diesel,21.932012459491357,190,4167.082367303358,113294.8784498358
FL04995,VH023,TR01296,2026-06-29 19:40:44.888977,Diesel,135.50052039127758,190,25745.09887434274,161451.26775908357
FL04996,VH005,TR00918,2026-06-29 20:32:35.911182,Diesel,147.17690316860615,190,27963.61160203517,107742.34196668459
FL04997,VH037,TR04247,2026-06-29 21:24:26.933386,Diesel,143.6312330180293,190,27289.934273425566,33288.642729319174
FL04998,VH019,TR04527,2026-06-29 22:16:17.955591,Diesel,129.28393957581835,190,24563.948519405487,237383.1995633983
FL04999,VH039,TR02415,2026-06-29 23:08:08.977795,Diesel,128.5643070711365,190,24427.21834351594,109858.97959328456
FL05000,VH031,TR00651,2026-06-30 00:00:00.000000,Petrol,102.55196540365827,200,20510.393080731654,92241.69453209742
