trip_id,vehicle_id,trip_date,origin,destination,distance_km,duration_hours,fuel_type,fuel_efficiency_1_per_100km,fuel_consumed_litres,fuel_cost
TR00001,VH015,2026-01-01 00:00:00.000000,Thika,Nairobi,45,0.9010484736998917,Petrol,11.795306438826259,5.307887897471817,1061.5775794943634
TR00002,VH015,2026-01-01 00:51:51.022204,Machakos,Kisumu,465,11.34472433056668,Petrol,12.347492882753473,57.415841904803656,11483.168380960731
TR00003,VH026,2026-01-01 01:43:42.044408,Nairobi,Machakos,115,2.668890137214153,Diesel,18.18685211010798,20.914879926624177,3973.8271860585937
TR00004,VH042,2026-01-01 02:35:33.066613,Nairobi,Eldoret,310,6.6501463884833925,Diesel,12.329358644538377,38.22101179806897,7261.992241633105
TR00005,VH013,2026-01-01 03:27:24.088817,Kisumu,Machakos,465,8.883073252620369,Petrol,18.403782992084807,85.57759091319436,17115.518182638873
TR00006,VH032,2026-01-01 04:19:15.111022,Naivasha,Mombasa,620,9.596338132376884,Petrol,10.932027070340556,67.77856783611145,13555.71356722229
TR00007,VH039,2026-01-01 05:11:06.133226,Kisumu,Mombasa,850,18.43003644132372,Diesel,21.92356113854581,186.3502696776394,35406.55123875149
TR00008,VH049,2026-01-01 06:02:57.155431,Mombasa,Thika,520,9.68484321294158,Diesel,13.330944576327903,69.3209117969051,13170.973241411968
TR00009,VH032,2026-01-01 06:54:48.177635,Eldoret,Naivasha,235,6.355333358064749,Petrol,14.414028395942424,33.8729667304647,6774.593346092939
TR00010,VH004,2026-01-01 07:46:39.199839,Machakos,Eldoret,430,7.352650851482093,Diesel,10.349720050693156,44.50379621798057,8455.721281416309
TR00011,VH030,2026-01-01 08:38:30.222044,Naivasha,Mombasa,620,17.114524607061945,Diesel,12.095525431433533,74.99225767488791,14248.528958228702
TR00012,VH037,2026-01-01 09:30:21.244248,Machakos,Mombasa,420,7.448513245946833,Diesel,12.915032415022756,54.243136143095576,10306.19586718816
TR00013,VH023,2026-01-01 10:22:12.266453,Nairobi,Eldoret,310,6.281330621940495,Diesel,9.735349522751717,30.179583520530322,5734.120868900761
TR00014,VH039,2026-01-01 11:14:03.288657,Kisumu,Mombasa,850,17.33463597466665,Diesel,23.358025517213402,198.5432168963139,37723.21121029964
TR00015,VH045,2026-01-01 12:05:54.310862,Machakos,Nakuru,270,5.672521280340816,Diesel,23.209646809060672,62.66604638446382,11906.548813048126
TR00016,VH015,2026-01-01 12:57:45.333066,Nairobi,Machakos,115,2.9047754732548214,Petrol,13.516705068533973,15.544210828814068,3108.8421657628137
TR00017,VH043,2026-01-01 13:49:36.355271,Mombasa,Nairobi,480,11.995850658934012,Diesel,10.042430060417216,48.203664290002635,9158.696215100501
TR00018,VH029,2026-01-01 14:41:27.377475,Mombasa,Nakuru,630,11.11264743004942,Diesel,11.083421219945013,69.82555368565357,13266.85520027418
TR00019,VH036,2026-01-01 15:33:18.399679,Eldoret,Thika,350,6.9866562911439525,Diesel,13.135933571226609,45.97576749929313,8735.395824865695
TR00020,VH013,2026-01-01 16:25:09.421884,Machakos,Thika,80,1.6828095034921684,Petrol,22.694060355788547,18.15524828463084,3631.049656926168
TR00021,VH032,2026-01-01 17:17:00.444088,Eldoret,Machakos,430,8.030300961694989,Petrol,14.471949268492454,62.22938185451755,12445.87637090351
TR00022,VH007,2026-01-01 18:08:51.466293,Thika,Machakos,80,1.5744782657553,Petrol,10.285898272651332,8.228718618121066,1645.7437236242133
TR00023,VH022,2026-01-01 19:00:42.488497,Naivasha,Thika,145,3.321380364910086,Petrol,22.1787477600151,32.159184252021895,6431.836850404379
TR00024,VH028,2026-01-01 19:52:33.510702,Machakos,Thika,80,1.1479743235720135,Petrol,12.84523287446837,10.276186299574697,2055.2372599149394
TR00025,VH002,2026-01-01 20:44:24.532906,Mombasa,Machakos,420,7.509916975713798,Petrol,18.249720914523728,76.64882784099966,15329.765568199931
TR00026,VH042,2026-01-01 21:36:15.555111,Kisumu,Nakuru,190,3.7242817333369316,Diesel,12.567610384562418,23.87845973066859,4536.907348827032
TR00027,VH045,2026-01-01 22:28:06.577315,Nairobi,Thika,45,0.9805820868050573,Diesel,22.26664217916947,10.01998898062626,1903.7979063189896
TR00028,VH006,2026-01-01 23:19:57.599519,Nakuru,Kisumu,190,3.2973472703289697,Diesel,19.33905221941475,36.74419921688802,6981.397851208724
TR00029,VH028,2026-01-02 00:11:48.621724,Eldoret,Mombasa,750,17.162684636467798,Petrol,11.366647915623314,85.24985936717486,17049.971873434974
TR00030,VH028,2026-01-02 01:03:39.643928,Nakuru,Nairobi,155,3.6024894954830806,Petrol,13.201736731488685,20.462691933807463,4092.538386761493
TR00031,VH044,2026-01-02 01:55:30.666133,Machakos,Thika,80,1.2589185510670453,Petrol,21.27810663319971,17.02248530655977,3404.497061311954
TR00032,VH044,2026-01-02 02:47:21.688337,Kisumu,Thika,370,7.363857977596406,Petrol,24.006095602978288,88.82255373101967,17764.510746203934
TR00033,VH020,2026-01-02 03:39:12.710542,Eldoret,Naivasha,235,5.353903683623166,Petrol,10.711908830045942,25.172985750607964,5034.597150121593
TR00034,VH030,2026-01-02 04:31:03.732746,Nakuru,Kisumu,190,3.796546237519966,Diesel,11.333298291941006,21.53326675468791,4091.3206833907034
TR00035,VH011,2026-01-02 05:22:54.754950,Naivasha,Kisumu,270,4.753396230371883,Diesel,14.924329701724215,40.295690194655386,7656.181136984524
TR00036,VH028,2026-01-02 06:14:45.777155,Kisumu,Mombasa,850,15.462969784045908,Petrol,14.555678850650416,123.72327023052854,24744.65404610571
TR00037,VH025,2026-01-02 07:06:36.799359,Nairobi,Mombasa,480,8.30534631980068,Diesel,18.20294921499286,87.37415623196573,16601.08968407349
TR00038,VH039,2026-01-02 07:58:27.821564,Naivasha,Mombasa,620,15.498623420759403,Diesel,23.39510030714596,145.04962190430496,27559.42816181794
TR00039,VH033,2026-01-02 08:50:18.843768,Kisumu,Eldoret,120,2.0835795540747384,Petrol,9.551673869126015,11.462008642951217,2292.4017285902432
TR00040,VH001,2026-01-02 09:42:09.865973,Thika,Nairobi,45,0.926544961069679,Petrol,10.137425974146854,4.561841688366084,912.3683376732168
TR00041,VH027,2026-01-02 10:34:00.888177,Eldoret,Kisumu,120,2.3662662185128043,Petrol,19.91586861176444,23.89904233411733,4779.808466823466
TR00042,VH013,2026-01-02 11:25:51.910382,Mombasa,Nakuru,630,10.557015635187097,Petrol,19.88542115342773,125.27815326659469,25055.630653318938
TR00043,VH041,2026-01-02 12:17:42.932586,Nairobi,Kisumu,350,6.292496217446103,Diesel,23.735231336428754,83.07330967750065,15783.928838725124
TR00044,VH003,2026-01-02 13:09:33.954790,Machakos,Naivasha,190,3.5979111010741653,Diesel,13.553336229714176,25.751338836456934,4892.7543789268175
TR00045,VH039,2026-01-02 14:01:24.976995,Naivasha,Mombasa,620,18.16688695337686,Diesel,24.8712659913241,154.20184914620944,29298.351337779794
TR00046,VH006,2026-01-02 14:53:15.999199,Naivasha,Mombasa,620,12.490937734779536,Diesel,22.98059030218273,142.47965987353294,27071.13537597126
TR00047,VH008,2026-01-02 15:45:07.021404,Nakuru,Mombasa,630,14.409025187800012,Diesel,11.091277766280239,69.8750499275655,13276.259486237444
TR00048,VH027,2026-01-02 16:36:58.043608,Eldoret,Thika,350,6.284975615998747,Petrol,22.892493626616517,80.1237276931578,16024.745538631561
TR00049,VH009,2026-01-02 17:28:49.065813,Machakos,Kisumu,465,8.02725254014973,Diesel,14.99729533593201,69.73742331208385,13250.110429295932
TR00050,VH037,2026-01-02 18:20:40.088017,Mombasa,Eldoret,750,15.761682745672463,Diesel,13.55070941281264,101.6303205960948,19309.760913258015
TR00051,VH033,2026-01-02 19:12:31.110222,Kisumu,Naivasha,270,6.045181932417769,Petrol,12.808406779901592,34.5826983057343,6916.5396611468595
TR00052,VH042,2026-01-02 20:04:22.132426,Mombasa,Eldoret,750,12.009529539759926,Diesel,14.691825075951296,110.18868806963472,20935.850733230596
TR00053,VH044,2026-01-02 20:56:13.154630,Eldoret,Naivasha,235,5.202013041531741,Petrol,18.795558829181783,44.16956324857719,8833.912649715438
TR00054,VH024,2026-01-02 21:48:04.176835,Eldoret,Thika,350,8.654005456650458,Petrol,12.523921467238633,43.833725135335214,8766.745027067043
TR00055,VH015,2026-01-02 22:39:55.199039,Thika,Nakuru,200,4.614820459705318,Petrol,13.254029789837244,26.508059579674487,5301.611915934897
TR00056,VH032,2026-01-02 23:31:46.221244,Thika,Naivasha,145,3.1826159881654967,Petrol,14.771893001104466,21.419244851601476,4283.848970320295
TR00057,VH032,2026-01-03 00:23:37.243448,Mombasa,Nakuru,630,14.614085300941445,Petrol,11.054846448558497,69.64553262591852,13929.106525183704
TR00058,VH024,2026-01-03 01:15:28.265653,Kisumu,Nakuru,190,3.347243121214195,Petrol,11.51964503862122,21.88732557338032,4377.465114676064
TR00059,VH041,2026-01-03 02:07:19.287857,Mombasa,Machakos,420,12.956287901267956,Diesel,22.763883933511373,95.60831252074777,18165.57937894208
TR00060,VH049,2026-01-03 02:59:10.310062,Eldoret,Thika,350,8.150999983920174,Diesel,10.237338647506688,35.830685266273406,6807.830200591947
TR00061,VH049,2026-01-03 03:51:01.332266,Eldoret,Kisumu,120,2.418378689583632,Diesel,12.00236431625137,14.402837179501644,2736.5390641053123
TR00062,VH012,2026-01-03 04:42:52.354470,Nakuru,Naivasha,75,1.4511830789007716,Diesel,11.287893912489997,8.465920434367497,1608.5248825298245
TR00063,VH039,2026-01-03 05:34:43.376675,Thika,Mombasa,520,8.184506644847334,Diesel,20.33419914372153,105.73783554735196,20090.188753996874
TR00064,VH002,2026-01-03 06:26:34.398879,Machakos,Nairobi,115,1.8440746170527693,Petrol,21.090630875576053,24.25422550691246,4850.8451013824915
TR00065,VH003,2026-01-03 07:18:25.421084,Machakos,Naivasha,190,5.1083366969382515,Diesel,12.645950493732835,24.027305938092386,4565.188128237553
TR00066,VH049,2026-01-03 08:10:16.443288,Machakos,Nairobi,115,3.3107228737771277,Diesel,11.246829358125753,12.933853761844615,2457.4322147504768
TR00067,VH037,2026-01-03 09:02:07.465493,Nakuru,Kisumu,190,3.7848778913811407,Diesel,12.465977598939645,23.685357437985324,4500.217913217211
TR00068,VH049,2026-01-03 09:53:58.487697,Nairobi,Eldoret,310,6.948410812093046,Diesel,10.492943781441463,32.52812572246854,6180.343887269022
TR00069,VH017,2026-01-03 10:45:49.509901,Machakos,Nairobi,115,2.8420472252194973,Petrol,9.794825470113153,11.264049290630126,2252.809858126025
TR00070,VH049,2026-01-03 11:37:40.532106,Eldoret,Nakuru,160,3.191767335370915,Diesel,9.236749886634197,14.778799818614715,2807.971965536796
TR00071,VH002,2026-01-03 12:29:31.554310,Nakuru,Thika,200,3.857609570697417,Petrol,19.371851057441674,38.74370211488335,7748.74042297667
TR00072,VH002,2026-01-03 13:21:22.576515,Mombasa,Kisumu,850,19.635812287336417,Petrol,22.07360549054048,187.6256466695941,37525.12933391882
TR00073,VH028,2026-01-03 14:13:13.598719,Thika,Machakos,80,1.7774885590712022,Petrol,13.930577239015662,11.14446179121253,2228.892358242506
TR00074,VH023,2026-01-03 15:05:04.620924,Thika,Nakuru,200,4.555428056673984,Diesel,9.846237987214472,19.692475974428945,3741.5704351414993
TR00075,VH037,2026-01-03 15:56:55.643128,Kisumu,Machakos,465,9.955453079110974,Diesel,10.542776788863243,49.02391206821408,9314.543292960676
TR00076,VH032,2026-01-03 16:48:46.665333,Mombasa,Kisumu,850,15.644684465494954,Petrol,13.74645180274625,116.84484032334313,23368.96806466863
TR00077,VH033,2026-01-03 17:40:37.687537,Kisumu,Mombasa,850,20.54293621648135,Petrol,10.525791652686449,89.46922904783482,17893.845809566963
TR00078,VH001,2026-01-03 18:32:28.709741,Nakuru,Kisumu,190,4.234028570773554,Petrol,14.757497196136763,28.039244672659848,5607.8489345319695
TR00079,VH019,2026-01-03 19:24:19.731946,Naivasha,Thika,145,3.097910451890874,Diesel,12.571589853051865,18.228805286925205,3463.473004515789
TR00080,VH002,2026-01-03 20:16:10.754150,Machakos,Nakuru,270,5.405840387920522,Petrol,20.287292330701217,54.77568929289329,10955.137858578659
TR00081,VH044,2026-01-03 21:08:01.776355,Nairobi,Nakuru,155,2.9689007108494003,Petrol,20.026799234555934,31.0415388135617,6208.30776271234
TR00082,VH026,2026-01-03 21:59:52.798559,Mombasa,Nakuru,630,9.496810339793909,Diesel,21.665888703899164,136.49509883456471,25934.068778567296
TR00083,VH032,2026-01-03 22:51:43.820764,Mombasa,Thika,520,9.527822073438253,Petrol,10.395723341391047,54.05776137523345,10811.55227504669
TR00084,VH006,2026-01-03 23:43:34.842968,Mombasa,Machakos,420,7.668788560479212,Diesel,18.823735588517092,79.05968947177179,15021.34099963664
TR00085,VH032,2026-01-04 00:35:25.865173,Kisumu,Eldoret,120,2.506941308207378,Petrol,10.879289406580963,13.055147287897155,2611.029457579431
TR00086,VH004,2026-01-04 01:27:16.887377,Nakuru,Nairobi,155,3.676376966678029,Diesel,13.8736179665228,21.50410784811034,4085.780491140965
TR00087,VH011,2026-01-04 02:19:07.909581,Mombasa,Nairobi,480,10.486236317771816,Diesel,12.569286796345612,60.33257662245893,11463.189558267197
TR00088,VH017,2026-01-04 03:10:58.931786,Naivasha,Nakuru,75,1.69233983509665,Petrol,9.052835613872215,6.789626710404161,1357.9253420808323
TR00089,VH038,2026-01-04 04:02:49.953990,Mombasa,Thika,520,9.785869111595268,Diesel,13.367582637360545,69.51142971427484,13207.17164571222
TR00090,VH024,2026-01-04 04:54:40.976195,Thika,Nakuru,200,5.436296999869839,Petrol,11.118450893302485,22.23690178660497,4447.380357320994
TR00091,VH005,2026-01-04 05:46:31.998399,Machakos,Nairobi,115,2.1008299833218986,Diesel,21.575966554746586,24.812361537958573,4714.348692212129
TR00092,VH034,2026-01-04 06:38:23.020604,Nairobi,Machakos,115,2.343968953236518,Diesel,10.070581217064678,11.581168399624378,2200.421995928632
TR00093,VH006,2026-01-04 07:30:14.042808,Machakos,Naivasha,190,3.4009473978150337,Diesel,21.862475598758724,41.538703637641575,7892.3536911518995
TR00094,VH022,2026-01-04 08:22:05.065013,Thika,Machakos,80,1.8095971515300566,Petrol,24.854072678260422,19.88325814260834,3976.651628521668
TR00095,VH011,2026-01-04 09:13:56.087217,Thika,Mombasa,520,12.152644048023385,Diesel,10.367223455028807,53.909561966149795,10242.816773568462
TR00096,VH048,2026-01-04 10:05:47.109421,Nairobi,Eldoret,310,6.631491205411076,Diesel,19.987421797651013,61.961007572718145,11772.591438816447
TR00097,VH016,2026-01-04 10:57:38.131626,Naivasha,Eldoret,235,5.0478139702957066,Diesel,19.70098315002581,46.297310402560655,8796.488976486524
TR00098,VH033,2026-01-04 11:49:29.153830,Nakuru,Mombasa,630,11.160163219322046,Petrol,10.242746553755898,64.52930328866216,12905.860657732432
TR00099,VH009,2026-01-04 12:41:20.176035,Thika,Kisumu,370,6.563258256144394,Diesel,11.893531787826886,44.00606761495948,8361.1528468423
TR00100,VH006,2026-01-04 13:33:11.198239,Nakuru,Thika,200,3.065595246501968,Diesel,23.72676849320917,47.45353698641834,9016.172027419485
TR00101,VH016,2026-01-04 14:25:02.220444,Thika,Eldoret,350,7.602735298783372,Diesel,24.39001082975071,85.36503790412749,16219.357201784223
TR00102,VH029,2026-01-04 15:16:53.242648,Eldoret,Nairobi,310,12.4,Diesel,11.011075437294867,34.13433385561409,6485.523432566677
TR00103,VH003,2026-01-04 16:08:44.264852,Nairobi,Nakuru,155,3.3173089890966754,Diesel,12.714749689740565,19.707862019097874,3744.4937836285962
TR00104,VH020,2026-01-04 17:00:35.287057,Thika,Eldoret,350,6.750857784025595,Petrol,12.184494860827401,42.645732012895905,8529.146402579181
TR00105,VH036,2026-01-04 17:52:26.309261,Eldoret,Naivasha,235,4.217800351966309,Diesel,11.609137371819225,27.28147282377518,5183.479836517284
TR00106,VH019,2026-01-04 18:44:17.331466,Machakos,Naivasha,190,3.6239600404416628,Diesel,11.170381970984598,21.223725744870737,4032.5078915254403
TR00107,VH026,2026-01-04 19:36:08.353670,Kisumu,Thika,370,8.038274398180324,Diesel,19.343828541014666,71.57216560175426,13598.71146433331
TR00108,VH003,2026-01-04 20:27:59.375875,Eldoret,Kisumu,120,1.883436770868907,Diesel,12.441096795996192,14.92931615519543,2836.5700694871316
TR00109,VH019,2026-01-04 21:19:50.398079,Mombasa,Nairobi,480,11.502484863873843,Diesel,11.006074138556645,52.8291558650719,10037.53961436366
TR00110,VH020,2026-01-04 22:11:41.420284,Thika,Nakuru,200,4.183851732056954,Petrol,12.977816812511348,25.955633625022696,5191.126725004539
TR00111,VH032,2026-01-04 23:03:32.442488,Eldoret,Machakos,430,10.3963370745065,Petrol,13.818021795814976,59.417493722004394,11883.498744400878
TR00112,VH007,2026-01-04 23:55:23.464692,Nakuru,Nairobi,155,3.0903202457227272,Petrol,10.669993406028354,16.538489779343948,3307.6979558687894
TR00113,VH041,2026-01-05 00:47:14.486897,Kisumu,Nakuru,190,3.029720953249799,Diesel,18.61963336794147,35.377303399088795,6721.687645826871
TR00114,VH033,2026-01-05 01:39:05.509101,Naivasha,Mombasa,620,12.686046859896733,Petrol,13.540769716137515,83.9527722400526,16790.55444801052
TR00115,VH040,2026-01-05 02:30:56.531306,Thika,Mombasa,520,10.629251443593734,Petrol,12.677541944822488,65.92321811307694,13184.64362261539
TR00116,VH039,2026-01-05 03:22:47.553510,Mombasa,Thika,520,14.273047374564952,Diesel,24.004606560978136,124.82395411708632,23716.5512822464
TR00117,VH018,2026-01-05 04:14:38.575715,Naivasha,Thika,145,3.039573410722471,Diesel,9.290755602832006,13.471595624106408,2559.6031685802177
TR00118,VH040,2026-01-05 05:06:29.597919,Eldoret,Mombasa,750,12.668085136312413,Petrol,12.632578082608152,94.74433561956114,18948.867123912227
TR00119,VH001,2026-01-05 05:58:20.620124,Naivasha,Eldoret,235,4.896026045534684,Petrol,12.697132572881182,29.83826154627078,5967.652309254156
TR00120,VH011,2026-01-05 06:50:11.642328,Naivasha,Machakos,190,4.003567111820433,Diesel,14.30351016271075,27.176669309150427,5163.567168738581
TR00121,VH028,2026-01-05 07:42:02.664532,Kisumu,Nairobi,350,5.947756611394114,Petrol,10.488049991148538,36.70817496901988,7341.634993803976
TR00122,VH025,2026-01-05 08:33:53.686737,Machakos,Mombasa,420,8.843690220710991,Diesel,19.683118945731366,82.66909957207174,15707.128918693632
TR00123,VH050,2026-01-05 09:25:44.708941,Naivasha,Nairobi,95,1.5745048469634635,Diesel,11.032691569435066,10.481056990963312,1991.4008282830293
TR00124,VH023,2026-01-05 10:17:35.731146,Naivasha,Nairobi,95,2.3915685936854603,Diesel,13.32920737709971,12.662747008244724,2405.9219315664973
TR00125,VH031,2026-01-05 11:09:26.753350,Thika,Naivasha,145,2.616250294221293,Petrol,13.694416575352836,19.85690403426161,3971.380806852322
TR00126,VH030,2026-01-05 12:01:17.775555,Machakos,Mombasa,420,6.648658967870227,Diesel,14.963623097968139,62.847217011466185,11940.971232178576
TR00127,VH042,2026-01-05 12:53:08.797759,Kisumu,Nairobi,350,6.027950208737466,Diesel,14.795967432292608,51.785886013024125,9839.318342474584
TR00128,VH035,2026-01-05 13:44:59.819963,Mombasa,Naivasha,620,17.68305663451039,Diesel,10.029708779221773,62.184194431174994,11814.99694192325
TR00129,VH007,2026-01-05 14:36:50.842168,Eldoret,Naivasha,235,5.234602164691826,Petrol,10.238541707269361,24.060573012082997,4812.114602416599
TR00130,VH016,2026-01-05 15:28:41.864372,Kisumu,Mombasa,850,17.68461097410637,Diesel,19.03324773410312,161.78260573987652,30738.695090576537
TR00131,VH026,2026-01-05 16:20:32.886577,Kisumu,Naivasha,270,4.648788827329326,Diesel,20.442034677391913,55.193493628958166,10486.76378950205
TR00132,VH048,2026-01-05 17:12:23.908781,Nairobi,Nakuru,155,3.9393037095923296,Diesel,23.80942621690871,36.9046106362085,7011.876020879616
TR00133,VH049,2026-01-05 18:04:14.930986,Kisumu,Mombasa,850,20.311357998408177,Diesel,13.463280976677403,114.43788830175792,21743.198777334004
TR00134,VH002,2026-01-05 18:56:05.953190,Machakos,Nakuru,270,7.266114167702101,Petrol,19.30784084406208,52.13117027896762,10426.234055793524
TR00135,VH001,2026-01-05 19:47:56.975395,Nairobi,Mombasa,480,11.061539538799499,Petrol,13.098320758098543,62.871939638873,12574.3879277746
TR00136,VH048,2026-01-05 20:39:47.997599,Eldoret,Kisumu,120,3.000964304044551,Diesel,24.421533895456935,29.30584067454832,5568.109728164181
TR00137,VH012,2026-01-05 21:31:39.019803,Naivasha,Mombasa,620,9.875245878403085,Diesel,12.318658679656604,76.37568381387095,14511.379924635481
TR00138,VH005,2026-01-05 22:23:30.042008,Thika,Nairobi,45,1.0039940705860368,Diesel,18.724805003669488,8.42616225165127,1600.9708278137414
TR00139,VH037,2026-01-05 23:15:21.064212,Thika,Machakos,80,1.4407301014086025,Diesel,12.289068250423124,9.8312546003385,1867.938374064315
TR00140,VH032,2026-01-06 00:07:12.086417,Eldoret,Naivasha,235,4.686525670900054,Petrol,11.878974511440287,27.915590101884675,5583.1180203769345
TR00141,VH009,2026-01-06 00:59:03.108621,Eldoret,Thika,350,6.99556617554434,Diesel,12.888289980330034,45.10901493115512,8570.712836919472
TR00142,VH041,2026-01-06 01:50:54.130826,Machakos,Mombasa,420,9.277985112401398,Diesel,21.070610790849727,88.49656532156885,16814.347411098082
TR00143,VH035,2026-01-06 02:42:45.153030,Nakuru,Naivasha,75,1.3354658075791779,Diesel,10.08672963426859,7.565047225701442,1437.358972883274
TR00144,VH019,2026-01-06 03:34:36.175235,Naivasha,Thika,145,2.830110209819544,Diesel,13.969988667068357,20.256483567249116,3848.731877777332
TR00145,VH048,2026-01-06 04:26:27.197439,Eldoret,Naivasha,235,4.628357533082982,Diesel,21.804781664113996,51.241236910667894,9735.8350130269
TR00146,VH016,2026-01-06 05:18:18.219643,Kisumu,Naivasha,270,5.966503371406157,Diesel,21.315415288392266,57.55162127865912,10934.808042945233
TR00147,VH003,2026-01-06 06:10:09.241848,Machakos,Thika,80,1.7181469086275787,Diesel,14.77308685752027,11.818469486016216,2245.509202343081
TR00148,VH020,2026-01-06 07:02:00.264052,Thika,Mombasa,520,9.50443701965295,Petrol,9.779301837935385,50.852369557264005,10170.4739114528
TR00149,VH024,2026-01-06 07:53:51.286257,Mombasa,Machakos,420,8.101782322124036,Petrol,9.94618801272624,41.773989653450215,8354.797930690043
TR00150,VH033,2026-01-06 08:45:42.308461,Machakos,Kisumu,465,9.11983250757747,Petrol,13.040073745313919,60.636342915709726,12127.268583141946
TR00151,VH024,2026-01-06 09:37:33.330666,Thika,Nakuru,200,4.548797905023348,Petrol,10.304155400125044,20.608310800250088,4121.6621600500175
TR00152,VH011,2026-01-06 10:29:24.352870,Nairobi,Naivasha,95,1.4492120960151416,Diesel,13.996135531457634,13.296328754884751,2526.302463428103
TR00153,VH049,2026-01-06 11:21:15.375075,Machakos,Thika,80,1.73301417252989,Diesel,10.357667414542513,8.28613393163401,1574.365447010462
TR00154,VH008,2026-01-06 12:13:06.397279,Thika,Nakuru,200,4.0194558782407475,Diesel,9.165938151125008,18.331876302250016,3483.056497427503
TR00155,VH036,2026-01-06 13:04:57.419483,Nakuru,Machakos,270,5.56658208772747,Diesel,11.58507361943358,31.279698772470667,5943.142766769427
TR00156,VH038,2026-01-06 13:56:48.441688,Machakos,Naivasha,190,2.894678365757431,Diesel,10.983432170634307,20.868521124205184,3965.019013598985
TR00157,VH040,2026-01-06 14:48:39.463892,Machakos,Mombasa,420,8.809928973170216,Petrol,13.789231464662356,57.91477215158189,11582.954430316378
TR00158,VH020,2026-01-06 15:40:30.486097,Naivasha,Nairobi,95,2.023805729738541,Petrol,12.20599816616074,11.595698257852701,2319.13965157054
TR00159,VH035,2026-01-06 16:32:21.508301,Eldoret,Thika,350,6.869953270568193,Diesel,14.61801333988959,51.163046689613566,9720.978871026578
TR00160,VH048,2026-01-06 17:24:12.530506,Naivasha,Eldoret,235,5.286640181386446,Diesel,23.480918500860152,55.18015847702136,10484.230110634058
TR00161,VH025,2026-01-06 18:16:03.552710,Machakos,Nairobi,115,2.25965176051685,Diesel,19.265431683885087,22.15524643646785,4209.496822928892
TR00162,VH035,2026-01-06 19:07:54.574914,Eldoret,Mombasa,750,10.873847205832178,Diesel,14.000791183323981,105.00593387492987,19951.127436236675
TR00163,VH025,2026-01-06 19:59:45.597119,Thika,Eldoret,350,6.679699785880945,Diesel,22.492159313698163,78.72255759794358,14957.28594360928
TR00164,VH029,2026-01-06 20:51:36.619323,Mombasa,Machakos,420,8.060497120932123,Diesel,13.344758208803125,56.04798447697313,10649.117050624895
TR00165,VH018,2026-01-06 21:43:27.641528,Mombasa,Kisumu,850,19.206105090965192,Diesel,13.161314429850744,111.87117265373132,21255.52280420895
TR00166,VH046,2026-01-06 22:35:18.663732,Machakos,Nairobi,115,1.806084415347599,Diesel,12.869120345944701,14.799488397836406,2811.902795588917
TR00167,VH018,2026-01-06 23:27:09.685937,Nakuru,Machakos,270,4.121365884484896,Diesel,11.330017571765065,30.591047443765678,5812.299014315478
TR00168,VH002,2026-01-07 00:19:00.708141,Nairobi,Eldoret,310,5.455686860397134,Petrol,22.456487247511095,69.6151104672844,13923.022093456879
TR00169,VH035,2026-01-07 01:10:51.730346,Thika,Mombasa,520,9.415059416972348,Diesel,11.489787144791796,59.746893152917345,11351.909699054295
TR00170,VH016,2026-01-07 02:02:42.752550,Eldoret,Nairobi,310,6.441976458768541,Diesel,19.278179917609695,59.762357744590055,11354.84797147211
TR00171,VH041,2026-01-07 02:54:33.774754,Machakos,Eldoret,430,8.0932491904988,Diesel,22.316114866498726,95.95929392594452,18232.265845929458
TR00172,VH036,2026-01-07 03:46:24.796959,Thika,Mombasa,520,12.004042824657231,Diesel,10.169241845427388,52.88005759622242,10047.21094328226
TR00173,VH033,2026-01-07 04:38:15.819163,Machakos,Nakuru,270,6.5867975674047905,Petrol,9.399575546733034,25.378853976179194,5075.770795235839
TR00174,VH004,2026-01-07 05:30:06.841368,Nakuru,Mombasa,630,16.53494671507076,Diesel,10.00277092292627,63.017456814435505,11973.316794742746
TR00175,VH033,2026-01-07 06:21:57.863572,Kisumu,Mombasa,850,15.95183917217929,Petrol,12.041597007000336,102.35357455950286,20470.714911900573
TR00176,VH014,2026-01-07 07:13:48.885777,Kisumu,Nakuru,190,4.875169461416659,Diesel,11.810743917401185,22.44041344306225,4263.678554181828
TR00177,VH021,2026-01-07 08:05:39.907981,Nakuru,Naivasha,75,1.630331406303242,Petrol,23.26617679471419,17.44963259603564,3489.9265192071284
TR00178,VH048,2026-01-07 08:57:30.930186,Eldoret,Nakuru,160,3.231659599704864,Diesel,20.626234788191717,33.00197566110675,6270.375375610282
TR00179,VH020,2026-01-07 09:49:21.952390,Naivasha,Machakos,190,3.2779914524291223,Petrol,11.430017241191134,21.717032758263155,4343.406551652631
TR00180,VH008,2026-01-07 10:41:12.974594,Nakuru,Mombasa,630,13.884530484865993,Diesel,11.035424864076925,69.52317664368462,13209.403562300078
TR00181,VH007,2026-01-07 11:33:03.996799,Machakos,Nakuru,270,4.58355994000225,Petrol,13.25287395554673,35.782759679976174,7156.551935995235
TR00182,VH003,2026-01-07 12:24:55.019003,Eldoret,Naivasha,235,4.086013448150756,Diesel,11.78069581007484,27.684635153675877,5260.080679198417
TR00183,VH017,2026-01-07 13:16:46.041208,Mombasa,Machakos,420,10.137695642418706,Petrol,13.818838249711543,58.03912064878848,11607.824129757697
TR00184,VH033,2026-01-07 14:08:37.063412,Nakuru,Nairobi,155,2.627893473956334,Petrol,13.68073493299265,21.205139146138606,4241.027829227722
TR00185,VH048,2026-01-07 15:00:28.085617,Eldoret,Nakuru,160,3.3520945158947053,Diesel,23.93619531860097,38.29791250976155,7276.603376854695
TR00186,VH012,2026-01-07 15:52:19.107821,Nakuru,Kisumu,190,4.129681473927389,Diesel,14.60150135286374,27.742852570441105,5271.14198838381
TR00187,VH022,2026-01-07 16:44:10.130026,Nakuru,Mombasa,630,13.189525964702185,Petrol,21.14397781921574,133.20706026105915,26641.412052211832
TR00188,VH022,2026-01-07 17:36:01.152230,Naivasha,Machakos,190,3.802132678123156,Petrol,21.755012777526446,41.33452427730025,8266.904855460049
TR00189,VH046,2026-01-07 18:27:52.174434,Naivasha,Nairobi,95,2.035148375065669,Diesel,13.710462962791222,13.024939814651662,2474.7385647838155
TR00190,VH030,2026-01-07 19:19:43.196639,Machakos,Kisumu,465,10.743380293900406,Diesel,13.480729624692707,62.68539275482109,11910.224623416007
TR00191,VH038,2026-01-07 20:11:34.218843,Eldoret,Kisumu,120,2.727895477883956,Diesel,14.453392978027354,17.344071573632824,3295.3735989902366
TR00192,VH038,2026-01-07 21:03:25.241048,Eldoret,Thika,350,6.847768293300286,Diesel,13.581655136283477,47.53579297699217,9031.800665628512
TR00193,VH045,2026-01-07 21:55:16.263252,Nairobi,Kisumu,350,7.184454904289878,Diesel,24.985192957599224,87.44817535159729,16615.153316803484
TR00194,VH008,2026-01-07 22:47:07.285457,Nakuru,Kisumu,190,3.504340376112689,Diesel,10.742528999157955,20.410805098400115,3878.0529686960217
TR00195,VH027,2026-01-07 23:38:58.307661,Kisumu,Nairobi,350,6.941840816468138,Petrol,23.830984195675924,83.40844468486574,16681.688936973147
TR00196,VH027,2026-01-08 00:30:49.329865,Nakuru,Naivasha,75,1.4817416250305486,Petrol,22.88344375982865,17.16258281987149,3432.5165639742977
TR00197,VH034,2026-01-08 01:22:40.352070,Nakuru,Eldoret,160,2.922774922595014,Diesel,12.456932226075093,19.93109156172015,3786.9073967268287
TR00198,VH021,2026-01-08 02:14:31.374274,Eldoret,Thika,350,5.704846445059026,Petrol,20.280849163914993,70.98297207370248,14196.594414740497
TR00199,VH030,2026-01-08 03:06:22.396479,Nakuru,Nairobi,155,2.5132888613681317,Diesel,13.928008962115113,21.588413891278424,4101.798639342901
TR00200,VH033,2026-01-08 03:58:13.418683,Thika,Nakuru,200,3.29363127826083,Petrol,13.501880111737997,27.003760223475993,5400.7520446951985
TR00201,VH028,2026-01-08 04:50:04.440888,Nakuru,Eldoret,160,2.808811568375625,Petrol,11.092742307602816,17.748387692164506,3549.677538432901
TR00202,VH047,2026-01-08 05:41:55.463092,Thika,Machakos,80,1.19970094496557,Petrol,12.127484185583521,9.701987348466817,1940.3974696933635
TR00203,VH033,2026-01-08 06:33:46.485297,Naivasha,Eldoret,235,4.39231071671905,Petrol,10.960674145513876,25.75758424195761,5151.516848391522
TR00204,VH005,2026-01-08 07:25:37.507501,Kisumu,Mombasa,850,16.15835445210047,Diesel,24.92683683506414,211.8781130980452,40256.84148862858
TR00205,VH048,2026-01-08 08:17:28.529705,Machakos,Kisumu,465,6.843129117247154,Diesel,21.35182971082177,99.28600815532124,18864.341549511035
TR00206,VH019,2026-01-08 09:09:19.551910,Eldoret,Thika,350,12.414759727999273,Diesel,10.141600868984714,35.4956030414465,6744.164577874835
TR00207,VH004,2026-01-08 10:01:10.574114,Nakuru,Nairobi,155,3.209852177576137,Diesel,11.909288126109162,18.4593965954692,3507.2853531391484
TR00208,VH035,2026-01-08 10:53:01.596319,Thika,Mombasa,520,8.66378367233862,Diesel,13.269191949083131,68.99979813523228,13109.961645694133
TR00209,VH049,2026-01-08 11:44:52.618523,Thika,Eldoret,350,6.050955585720602,Diesel,9.38044685674788,32.83156399861758,6237.997159737341
TR00210,VH017,2026-01-08 12:36:43.640728,Naivasha,Eldoret,235,3.3321416744567407,Petrol,12.018009601106188,28.242322562599544,5648.464512519909
TR00211,VH044,2026-01-08 13:28:34.662932,Thika,Nakuru,200,3.932372184166146,Petrol,24.518573314252286,49.03714662850457,9807.429325700914
TR00212,VH028,2026-01-08 14:20:25.685137,Machakos,Thika,80,1.718454469497984,Petrol,14.251813938289253,11.401451150631402,2280.29023012628
TR00213,VH030,2026-01-08 15:12:16.707341,Mombasa,Eldoret,750,15.841727362911037,Diesel,10.338367683289917,77.53775762467438,14732.173948688132
TR00214,VH029,2026-01-08 16:04:07.729545,Nairobi,Kisumu,350,6.661014915676695,Diesel,14.96694939369534,52.38432287793369,9953.021346807402
TR00215,VH046,2026-01-08 16:55:58.751750,Machakos,Naivasha,190,3.0171574261296326,Diesel,13.493634618519396,25.63790577518685,4871.202097285502
TR00216,VH006,2026-01-08 17:47:49.773954,Kisumu,Mombasa,850,13.476420561257768,Diesel,19.135965770198165,162.6557090466844,30904.584718870035
TR00217,VH035,2026-01-08 18:39:40.796159,Machakos,Thika,80,1.6144694361038157,Diesel,10.062080445847117,8.049664356677694,1529.4362277687617
TR00218,VH041,2026-01-08 19:31:31.818363,Naivasha,Eldoret,235,4.517140037596181,Diesel,19.198978454045058,45.11759936700589,8572.34387973112
TR00219,VH037,2026-01-08 20:23:22.840568,Naivasha,Nakuru,75,1.6627061978132784,Diesel,14.190879603428693,10.64315970257152,2022.2003434885887
TR00220,VH024,2026-01-08 21:15:13.862772,Machakos,Thika,80,1.7413155731154943,Petrol,9.108196624725819,7.286557299780656,1457.311459956131
TR00221,VH029,2026-01-08 22:07:04.884976,Nakuru,Machakos,270,4.625659295267746,Diesel,11.165736518090434,30.147488598844173,5728.022833780393
TR00222,VH049,2026-01-08 22:58:55.907181,Mombasa,Eldoret,750,11.939311788591942,Diesel,12.786527976674376,95.89895982505783,18220.80236676099
TR00223,VH046,2026-01-08 23:50:46.929385,Nakuru,Machakos,270,6.078106292103102,Diesel,12.930552679490676,34.91249223462483,6633.3735245787175
TR00224,VH031,2026-01-09 00:42:37.951590,Nakuru,Mombasa,630,12.12852755034305,Petrol,12.91367855180096,81.35617487634605,16271.23497526921
TR00225,VH035,2026-01-09 01:34:28.973794,Machakos,Nairobi,115,2.3930725476711054,Diesel,13.73075251913394,15.79036539700403,3000.1694254307654
TR00226,VH033,2026-01-09 02:26:19.995999,Eldoret,Nakuru,160,2.8114086052066187,Petrol,9.253006935609024,14.80481109697444,2960.962219394888
TR00227,VH021,2026-01-09 03:18:11.018203,Eldoret,Mombasa,750,15.99424315712106,Petrol,24.24757993365906,181.85684950244297,36371.36990048859
TR00228,VH032,2026-01-09 04:10:02.040408,Eldoret,Nairobi,310,8.962552594549846,Petrol,11.135159171411344,34.518993431375165,6903.798686275033
TR00229,VH023,2026-01-09 05:01:53.062612,Mombasa,Kisumu,850,14.647715794834559,Diesel,11.766962201148818,100.01917870976496,19003.643954855343
TR00230,VH033,2026-01-09 05:53:44.084816,Nakuru,Mombasa,630,13.243047710318972,Petrol,12.221440782638894,76.99507693062503,15399.015386125007
TR00231,VH003,2026-01-09 06:45:35.107021,Nairobi,Machakos,115,2.3758146069555743,Diesel,10.843141054425477,12.469612212589297,2369.2263203919665
TR00232,VH018,2026-01-09 07:37:26.129225,Kisumu,Mombasa,850,15.892394404795233,Diesel,13.881156283504872,117.98982840979141,22418.06739786037
TR00233,VH025,2026-01-09 08:29:17.151430,Eldoret,Naivasha,235,4.448847508139623,Diesel,21.417091692611162,50.330165477636235,9562.731440750884
TR00234,VH042,2026-01-09 09:21:08.173634,Eldoret,Machakos,430,8.015064851954936,Diesel,10.288213477986968,44.239317955343964,8405.470411515353
TR00235,VH031,2026-01-09 10:12:59.195839,Naivasha,Nakuru,75,2.029103585420853,Petrol,13.686310223889201,10.2647326679169,2052.94653358338
TR00236,VH003,2026-01-09 11:04:50.218043,Nakuru,Mombasa,630,11.570147617561297,Diesel,12.93133921596634,81.46743706058794,15478.813041511708
TR00237,VH040,2026-01-09 11:56:41.240248,Nakuru,Thika,200,5.759116454327212,Petrol,13.495965989906882,26.991931979813764,5398.386395962752
TR00238,VH046,2026-01-09 12:48:32.262452,Mombasa,Kisumu,850,15.136265256279062,Diesel,12.62587894967112,107.31997107220452,20390.79450371886
TR00239,VH024,2026-01-09 13:40:23.284656,Mombasa,Nakuru,630,10.687557685321497,Petrol,13.173689773884838,82.99424557547448,16598.849115094898
TR00240,VH050,2026-01-09 14:32:14.306861,Eldoret,Naivasha,235,6.017642366427664,Diesel,9.165667310966054,21.539318180770227,4092.470454346343
TR00241,VH032,2026-01-09 15:24:05.329065,Nakuru,Nairobi,155,2.9452302741001555,Petrol,11.341891826385739,17.579932330897897,3515.9864661795796
TR00242,VH047,2026-01-09 16:15:56.351270,Nairobi,Mombasa,480,8.211102935308215,Petrol,11.34824178201346,54.47156055366461,10894.312110732923
TR00243,VH022,2026-01-09 17:07:47.373474,Kisumu,Thika,370,7.972768292429472,Petrol,18.53622531419597,68.5840336625251,13716.80673250502
TR00244,VH023,2026-01-09 17:59:38.395679,Machakos,Nakuru,270,4.874606090977994,Diesel,12.529533346633292,33.82974003590989,6427.65060682288
TR00245,VH002,2026-01-09 18:51:29.417883,Nakuru,Naivasha,75,2.7059446664176914,Petrol,20.755643898389486,15.566732923792115,3113.346584758423
TR00246,VH027,2026-01-09 19:43:20.440088,Naivasha,Mombasa,620,10.546806148462787,Petrol,19.908675931877006,123.43379077763744,24686.75815552749
TR00247,VH042,2026-01-09 20:35:11.462292,Machakos,Mombasa,420,8.359880280865495,Diesel,10.016894234042061,42.07095578297666,7993.481598765566
TR00248,VH002,2026-01-09 21:27:02.484496,Nakuru,Nairobi,155,3.2333858993359232,Petrol,23.038812182249675,35.710158882487,7142.0317764974
TR00249,VH026,2026-01-09 22:18:53.506701,Thika,Naivasha,145,2.5055150869674354,Diesel,23.83666516211003,34.563164485059545,6567.0012521613135
TR00250,VH017,2026-01-09 23:10:44.528905,Mombasa,Machakos,420,6.579533032836857,Petrol,10.975202678407491,46.095851249311465,9219.170249862293
TR00251,VH040,2026-01-10 00:02:35.551110,Naivasha,Eldoret,235,4.361080647086073,Petrol,12.821089885166828,30.129561230142045,6025.912246028409
TR00252,VH033,2026-01-10 00:54:26.573314,Kisumu,Nairobi,350,5.567068689746801,Petrol,10.138433129647993,35.484515953767975,7096.903190753595
TR00253,VH009,2026-01-10 01:46:17.595519,Eldoret,Nairobi,310,8.25044431747959,Diesel,13.110988231400665,40.64406351734206,7722.372068294992
TR00254,VH043,2026-01-10 02:38:08.617723,Naivasha,Eldoret,235,4.247428760505356,Diesel,10.060687291576002,23.642615135203606,4492.096875688685
TR00255,VH048,2026-01-10 03:29:59.639927,Nakuru,Kisumu,190,3.8819900223507426,Diesel,21.420507279691307,40.69896383141348,7732.803127968561
TR00256,VH039,2026-01-10 04:21:50.662132,Eldoret,Mombasa,750,17.16473102774121,Diesel,22.509438372884844,168.82078779663632,32075.9496813609
TR00257,VH029,2026-01-10 05:13:41.684336,Nakuru,Kisumu,190,5.496007674973663,Diesel,14.59095886614867,27.72282184568247,5267.336150679669
TR00258,VH042,2026-01-10 06:05:32.706541,Eldoret,Naivasha,235,4.280954770269292,Diesel,11.90667908561142,27.98069585118684,5316.3322117255
TR00259,VH026,2026-01-10 06:57:23.728745,Kisumu,Machakos,465,8.157562648573085,Diesel,23.356331420867207,108.60694110703253,20635.31881033618
TR00260,VH035,2026-01-10 07:49:14.750950,Mombasa,Eldoret,750,12.348487758118862,Diesel,12.988435149717503,97.41326362288127,18508.520088347443
TR00261,VH050,2026-01-10 08:41:05.773154,Kisumu,Eldoret,120,2.019796581704986,Diesel,13.635060564625402,16.362072677550483,3108.793808734592
TR00262,VH025,2026-01-10 09:32:56.795359,Thika,Kisumu,370,8.44241494298712,Diesel,20.788643729616012,76.91798179957925,14614.416541920058
TR00263,VH024,2026-01-10 10:24:47.817563,Nairobi,Thika,45,0.7459514217307511,Petrol,10.59547669936494,4.767964514714223,953.5929029428447
TR00264,VH013,2026-01-10 11:16:38.839767,Mombasa,Nairobi,480,7.8468837532304425,Petrol,24.209993990859004,116.20797115612322,23241.594231224644
TR00265,VH007,2026-01-10 12:08:29.861972,Kisumu,Machakos,465,9.703646747300619,Petrol,10.246222007041446,47.64493233274273,9528.986466548546
TR00266,VH036,2026-01-10 13:00:20.884176,Thika,Nakuru,200,3.981888292727,Diesel,9.681926964668383,19.363853929336766,3679.1322465739854
TR00267,VH045,2026-01-10 13:52:11.906381,Nairobi,Nakuru,155,3.6447633649745654,Diesel,18.576831042088312,28.794088115236885,5470.876741895008
TR00268,VH020,2026-01-10 14:44:02.928585,Thika,Kisumu,370,5.982496477268901,Petrol,13.215549782882013,48.89753419666345,9779.50683933269
TR00269,VH001,2026-01-10 15:35:53.950790,Nakuru,Kisumu,190,5.012438387987264,Petrol,10.053037116851597,19.10077052201803,3820.154104403606
TR00270,VH008,2026-01-10 16:27:44.972994,Machakos,Kisumu,465,8.566728259674294,Diesel,13.30828577748524,61.883528865306374,11757.870484408211
TR00271,VH046,2026-01-10 17:19:35.995199,Nakuru,Machakos,270,5.970100873132934,Diesel,12.256338976856334,33.092115237512104,6287.5018951273
TR00272,VH016,2026-01-10 18:11:27.017403,Eldoret,Kisumu,120,2.9170693629788933,Diesel,18.028176951977795,21.633812342373353,4110.4243450509375
TR00273,VH014,2026-01-10 19:03:18.039607,Mombasa,Nakuru,630,17.998882138022896,Diesel,12.00822588606021,75.65182308217932,14373.846385614072
TR00274,VH012,2026-01-10 19:55:09.061812,Nakuru,Naivasha,75,1.5535428230645538,Diesel,10.934004205225177,8.200503153918882,1558.0955992445877
TR00275,VH023,2026-01-10 20:47:00.084016,Naivasha,Thika,145,3.635605143530224,Diesel,12.122002437360816,17.576903534173184,3339.611671492905
TR00276,VH015,2026-01-10 21:38:51.106221,Thika,Machakos,80,1.5856858355352141,Petrol,12.396793949608233,9.917435159686587,1983.4870319373174
TR00277,VH028,2026-01-10 22:30:42.128425,Mombasa,Naivasha,620,9.664140174507075,Petrol,12.437637852024999,77.113354682555,15422.670936511
TR00278,VH034,2026-01-10 23:22:33.150630,Machakos,Eldoret,430,8.333969911106093,Diesel,9.20259762719835,39.5711697969529,7518.522261421052
TR00279,VH002,2026-01-11 00:14:24.172834,Naivasha,Nairobi,95,1.4398685720354008,Petrol,22.592901630570413,21.46325654904189,4292.651309808378
TR00280,VH032,2026-01-11 01:06:15.195039,Nakuru,Thika,200,4.74588018759836,Petrol,14.210193918027606,28.420387836055212,5684.077567211042
TR00281,VH023,2026-01-11 01:58:06.217243,Eldoret,Nakuru,160,4.02490676705912,Diesel,12.601621386632008,20.162594218611215,3830.892901536131
TR00282,VH022,2026-01-11 02:49:57.239447,Kisumu,Thika,370,8.85509056771457,Petrol,23.80970543268723,88.09591010094276,17619.182020188553
TR00283,VH025,2026-01-11 03:41:48.261652,Eldoret,Nakuru,160,3.233682313725929,Diesel,19.403566664856214,31.045706663769945,5898.684266116289
TR00284,VH022,2026-01-11 04:33:39.283856,Naivasha,Nakuru,75,1.04480704462578,Petrol,24.222215577595378,18.166661683196534,3633.3323366393065
TR00285,VH022,2026-01-11 05:25:30.306061,Nairobi,Mombasa,480,13.077920709400619,Petrol,20.255354154535738,97.22569994177154,19445.13998835431
TR00286,VH049,2026-01-11 06:17:21.328265,Nakuru,Mombasa,630,11.463444225059021,Diesel,9.067024071259954,57.12225164893771,10853.227813298165
TR00287,VH042,2026-01-11 07:09:12.350470,Naivasha,Machakos,190,4.27925255210144,Diesel,14.216958231645354,27.01222064012617,5132.321921623972
TR00288,VH006,2026-01-11 08:01:03.372674,Nairobi,Mombasa,480,9.956528223071757,Diesel,24.592748882753085,118.0451946372148,22428.586981070814
TR00289,VH015,2026-01-11 08:52:54.394878,Nairobi,Machakos,115,2.879618857543674,Petrol,12.277790987086744,14.119459635149754,2823.8919270299507
TR00290,VH043,2026-01-11 09:44:45.417083,Thika,Naivasha,145,2.5423829888224057,Diesel,11.157183152317124,16.17791557085983,3073.803958463368
TR00291,VH037,2026-01-11 10:36:36.439287,Mombasa,Naivasha,620,12.487764272960321,Diesel,11.258722321412652,69.80407839275844,13262.774894624104
TR00292,VH033,2026-01-11 11:28:27.461492,Thika,Eldoret,350,5.962559040099272,Petrol,11.332964367178096,39.66537528512334,7933.075057024668
TR00293,VH008,2026-01-11 12:20:18.483696,Nakuru,Kisumu,190,3.696356992268215,Diesel,13.489155398007098,25.629395256213485,4869.585098680562
TR00294,VH044,2026-01-11 13:12:09.505901,Nairobi,Eldoret,310,8.973280648836898,Petrol,19.04718359303291,59.04626913840202,11809.253827680404
TR00295,VH044,2026-01-11 14:04:00.528105,Machakos,Kisumu,465,7.911884761883323,Petrol,23.78181568708441,110.58544294494251,22117.088588988503
TR00296,VH005,2026-01-11 14:55:51.550310,Naivasha,Machakos,190,5.605382002439769,Diesel,20.039119660936052,38.0743273557785,7234.122197597915
TR00297,VH039,2026-01-11 15:47:42.572514,Kisumu,Nakuru,190,5.42225395480791,Diesel,23.660103186003685,44.954196053406996,8541.297250147329
TR00298,VH004,2026-01-11 16:39:33.594718,Nairobi,Machakos,115,2.6955834129384906,Diesel,14.601355988007693,16.791559386208846,3190.396283379681
TR00299,VH006,2026-01-11 17:31:24.616923,Naivasha,Nairobi,95,2.221226922165246,Diesel,20.99245710396024,19.942834248762228,3789.138507264823
TR00300,VH045,2026-01-11 18:23:15.639127,Machakos,Mombasa,420,6.866316152044995,Diesel,20.555354578738715,86.3324892307026,16403.172953833495
TR00301,VH032,2026-01-11 19:15:06.661332,Kisumu,Nairobi,350,7.197092536587245,Petrol,14.011106594856509,49.03887308199778,9807.774616399556
TR00302,VH030,2026-01-11 20:06:57.683536,Thika,Nakuru,200,3.334495831067993,Diesel,12.647414411896971,25.294828823793942,4806.017476520849
TR00303,VH047,2026-01-11 20:58:48.705741,Thika,Nakuru,200,4.399795304940147,Petrol,12.422245242315984,24.84449048463197,4968.898096926394
TR00304,VH035,2026-01-11 21:50:39.727945,Mombasa,Nakuru,630,11.99059687068125,Diesel,13.114146184805897,82.61912096427714,15697.632983212658
TR00305,VH040,2026-01-11 22:42:30.750150,Naivasha,Machakos,190,3.532101509732876,Petrol,10.764444228223981,20.452444033625564,4090.4888067251127
TR00306,VH016,2026-01-11 23:34:21.772354,Nairobi,Thika,45,0.8098109738746223,Diesel,23.913532522026934,10.761089634912121,2044.607030633303
TR00307,VH013,2026-01-12 00:26:12.794558,Eldoret,Thika,350,7.5625655469629605,Petrol,19.370425779891953,67.79649022962184,13559.298045924368
TR00308,VH050,2026-01-12 01:18:03.816763,Thika,Mombasa,520,11.069208742109872,Diesel,13.661410720353903,71.03933574584029,13497.473791709655
TR00309,VH042,2026-01-12 02:09:54.838967,Thika,Eldoret,350,7.350631693563514,Diesel,11.25285645711074,39.38499759988759,7483.149543978642
TR00310,VH030,2026-01-12 03:01:45.861172,Mombasa,Eldoret,750,20.39112855666761,Diesel,13.669404866368708,102.5205364977653,19478.90193457541
TR00311,VH019,2026-01-12 03:53:36.883376,Kisumu,Thika,370,7.500691519080247,Diesel,10.42327696746796,38.56612477963145,7327.563708129976
TR00312,VH017,2026-01-12 04:45:27.905581,Mombasa,Thika,520,11.080208230565537,Petrol,10.58892704293432,55.06242062325846,11012.484124651692
TR00313,VH019,2026-01-12 05:37:18.927785,Machakos,Eldoret,430,7.869608543505785,Diesel,10.550009263911527,45.36503983481956,8619.357568615716
TR00314,VH028,2026-01-12 06:29:09.949989,Nairobi,Eldoret,310,6.11073326352116,Petrol,13.739461270130416,42.592329937404294,8518.465987480859
TR00315,VH026,2026-01-12 07:21:00.972194,Naivasha,Machakos,190,3.1306096391285525,Diesel,21.897705825785753,41.60564106899293,7905.071803108657
TR00316,VH037,2026-01-12 08:12:51.994398,Nakuru,Thika,200,3.955640826558996,Diesel,14.414762279237486,28.829524558474972,5477.609666110245
TR00317,VH026,2026-01-12 09:04:43.016603,Nakuru,Naivasha,75,1.6482663576230225,Diesel,20.151609034428315,15.113706775821235,2871.604287406035
TR00318,VH023,2026-01-12 09:56:34.038807,Naivasha,Kisumu,270,5.350605587313169,Diesel,12.459962610283721,33.64189904776605,6391.96081907555
TR00319,VH009,2026-01-12 10:48:25.061012,Kisumu,Mombasa,850,15.234793822729808,Diesel,13.764742998315553,117.0003154856822,22230.05994227962
TR00320,VH012,2026-01-12 11:40:16.083216,Machakos,Nairobi,115,3.211004241074438,Diesel,10.75741056514979,12.371022149922258,2350.494208485229
TR00321,VH001,2026-01-12 12:32:07.105421,Thika,Mombasa,520,11.743978066764763,Petrol,12.002946786599056,62.415323290315094,12483.064658063018
TR00322,VH001,2026-01-12 13:23:58.127625,Kisumu,Nairobi,350,7.874620541402662,Petrol,12.414087471752055,43.44930615113219,8689.861230226437
TR00323,VH047,2026-01-12 14:15:49.149829,Thika,Mombasa,520,9.758308903069766,Petrol,10.778436949471871,56.047872137253734,11209.574427450747
TR00324,VH034,2026-01-12 15:07:40.172034,Thika,Naivasha,145,2.6743741604916473,Diesel,10.61056297984569,15.385316320776251,2923.2101009474877
TR00325,VH032,2026-01-12 15:59:31.194238,Nakuru,Nairobi,155,3.0505912919933755,Petrol,13.43209946998821,20.819754178481723,4163.950835696344
TR00326,VH048,2026-01-12 16:51:22.216443,Kisumu,Nairobi,350,11.600583922188713,Diesel,19.51106478361642,68.28872674265747,12974.85808110492
TR00327,VH025,2026-01-12 17:43:13.238647,Machakos,Nakuru,270,7.340017282125652,Diesel,22.9657352167579,62.00748508524633,11781.422166196802
TR00328,VH040,2026-01-12 18:35:04.260852,Mombasa,Nairobi,480,9.981587002153148,Petrol,14.675220981953654,70.44106071337754,14088.212142675507
TR00329,VH045,2026-01-12 19:26:55.283056,Thika,Nairobi,45,0.9785109298811981,Diesel,21.956382648244258,9.880372191709917,1877.270716424884
TR00330,VH001,2026-01-12 20:18:46.305261,Eldoret,Nakuru,160,3.1972527266597432,Petrol,13.05717118369737,20.891473893915794,4178.294778783159
TR00331,VH016,2026-01-12 21:10:37.327465,Eldoret,Thika,350,7.568416097385579,Diesel,18.482528914868624,64.68885120204018,12290.881728387634
TR00332,VH039,2026-01-12 22:02:28.349669,Mombasa,Thika,520,8.352992351262197,Diesel,24.0513383253248,125.06695929168896,23762.722265420904
TR00333,VH005,2026-01-12 22:54:19.371874,Eldoret,Nakuru,160,5.055537077862913,Diesel,19.99813451039906,31.997015216638495,6079.432891161314
TR00334,VH022,2026-01-12 23:46:10.394078,Nairobi,Eldoret,310,5.9136581809629245,Petrol,22.305358158699953,69.14661029196985,13829.32205839397
TR00335,VH029,2026-01-13 00:38:01.416283,Thika,Nairobi,45,0.7947148530753496,Diesel,14.895560848724012,6.703002381925805,1273.570452565903
TR00336,VH003,2026-01-13 01:29:52.438487,Mombasa,Nairobi,480,8.631182918632511,Diesel,12.97751300286404,62.29206241374739,11835.491858612004
TR00337,VH012,2026-01-13 02:21:43.460692,Kisumu,Nakuru,190,3.3748868404699723,Diesel,13.623547437321887,25.884740130911585,4918.100624873201
TR00338,VH026,2026-01-13 03:13:34.482896,Thika,Nakuru,200,3.4813530820172662,Diesel,21.117237327566265,42.23447465513253,8024.550184475181
TR00339,VH016,2026-01-13 04:05:25.505101,Mombasa,Eldoret,750,16.604616724198003,Diesel,18.4225609046054,138.1692067845405,26252.149289062698
TR00340,VH037,2026-01-13 04:57:16.527305,Nakuru,Naivasha,75,1.8209129693830592,Diesel,13.987996747448943,10.490997560586706,1993.2895365114741
TR00341,VH022,2026-01-13 05:49:07.549509,Machakos,Eldoret,430,12.751112923507268,Petrol,18.2449918888479,78.45346512204597,15690.693024409195
TR00342,VH029,2026-01-13 06:40:58.571714,Kisumu,Mombasa,850,18.04702434682312,Diesel,13.50328914443927,114.77795772773379,21807.81196826942
TR00343,VH014,2026-01-13 07:32:49.593918,Machakos,Thika,80,1.8273294706950924,Diesel,10.114607865748185,8.091686292598549,1537.4203955937244
TR00344,VH028,2026-01-13 08:24:40.616123,Nakuru,Machakos,270,4.553667206208987,Petrol,14.311526182883352,38.641120693785055,7728.224138757011
TR00345,VH005,2026-01-13 09:16:31.638327,Thika,Eldoret,350,7.3375977172179985,Diesel,19.103452250830863,66.86208287790802,12703.795746802525
TR00346,VH047,2026-01-13 10:08:22.660532,Kisumu,Nairobi,350,8.38187755550979,Petrol,11.571357477212755,40.49975117024464,8099.950234048929
TR00347,VH049,2026-01-13 11:00:13.682736,Machakos,Naivasha,190,4.692317763756094,Diesel,11.985753522415736,22.772931692589896,4326.85702159208
TR00348,VH030,2026-01-13 11:52:04.704940,Eldoret,Naivasha,235,3.565437745725387,Diesel,12.28772703686706,28.876158536637593,5486.4701219611425
TR00349,VH046,2026-01-13 12:43:55.727145,Machakos,Nakuru,270,5.419150249503556,Diesel,11.703817446744436,31.60030710620998,6004.058350179896
TR00350,VH005,2026-01-13 13:35:46.749349,Mombasa,Eldoret,750,17.143654844441432,Diesel,21.2747000732668,159.560250549501,30316.44760440519
TR00351,VH012,2026-01-13 14:27:37.771554,Thika,Eldoret,350,6.863776755692844,Diesel,11.557078769405793,40.44977569292028,7685.457381654853
TR00352,VH016,2026-01-13 15:19:28.793758,Nairobi,Eldoret,310,4.756416744749296,Diesel,21.06685642956604,65.30725493165473,12408.378437014399
TR00353,VH026,2026-01-13 16:11:19.815963,Machakos,Naivasha,190,4.052680161328165,Diesel,20.512390936986215,38.9735427802738,7404.973128252022
TR00354,VH026,2026-01-13 17:03:10.838167,Kisumu,Thika,370,6.667136888949527,Diesel,21.963433764550018,81.26470492883507,15440.293936478663
TR00355,VH048,2026-01-13 17:55:01.860372,Kisumu,Naivasha,270,4.538449113170663,Diesel,19.665469135714883,53.096766666430185,10088.385666621734
TR00356,VH021,2026-01-13 18:46:52.882576,Naivasha,Nairobi,95,2.7245136267770933,Petrol,24.92059588439809,23.674566090178185,4734.913218035637
TR00357,VH039,2026-01-13 19:38:43.904780,Machakos,Mombasa,420,9.355641204757369,Diesel,21.50608967367516,90.32557662943567,17161.859559592776
TR00358,VH036,2026-01-13 20:30:34.926985,Thika,Kisumu,370,6.326009026054592,Diesel,9.970810387072548,36.89199843216843,7009.479702112001
TR00359,VH033,2026-01-13 21:22:25.949189,Thika,Kisumu,370,8.332287577348998,Petrol,11.385333747836363,42.12573486699454,8425.146973398909
TR00360,VH030,2026-01-13 22:14:16.971394,Nakuru,Mombasa,630,11.816117978462506,Diesel,14.332075647624121,90.29207658003196,17155.494550206073
TR00361,VH037,2026-01-13 23:06:07.993598,Naivasha,Kisumu,270,6.145841192960624,Diesel,10.109033965621977,27.29439170717934,5185.934424364074
TR00362,VH023,2026-01-13 23:57:59.015803,Machakos,Kisumu,465,10.013871953677729,Diesel,12.397770595536445,57.64963326924447,10953.43032115645
TR00363,VH010,2026-01-14 00:49:50.038007,Eldoret,Thika,350,7.698891588936928,Diesel,12.73983898396964,44.589436443893746,8471.992924339811
TR00364,VH005,2026-01-14 01:41:41.060212,Nakuru,Thika,200,3.630201453249999,Diesel,19.18690596059095,38.3738119211819,7291.02426502456
TR00365,VH036,2026-01-14 02:33:32.082416,Naivasha,Mombasa,620,12.012561051427777,Diesel,13.087382196524604,81.14176961845256,15416.936227505987
TR00366,VH034,2026-01-14 03:25:23.104620,Machakos,Naivasha,190,3.740829389231939,Diesel,10.844423111870029,20.604403912553053,3914.83674338508
TR00367,VH031,2026-01-14 04:17:14.126825,Machakos,Nairobi,115,1.641451078141222,Petrol,10.469010144077536,12.039361665689166,2407.8723331378333
TR00368,VH010,2026-01-14 05:09:05.149029,Nakuru,Naivasha,75,1.1733861149291351,Diesel,14.140625959284506,10.60546946946338,2015.039199198042
TR00369,VH019,2026-01-14 06:00:56.171234,Eldoret,Naivasha,235,6.881395279767823,Diesel,12.192625230958324,28.652669292752062,5444.007165622892
TR00370,VH032,2026-01-14 06:52:47.193438,Naivasha,Machakos,190,4.0901800649615385,Petrol,14.491295418374122,27.53346129491083,5506.692258982166
TR00371,VH001,2026-01-14 07:44:38.215643,Machakos,Kisumu,465,6.69915788042907,Petrol,13.149418518355997,61.144796110355394,12228.959222071078
TR00372,VH005,2026-01-14 08:36:29.237847,Machakos,Nairobi,115,2.5328566707477367,Diesel,23.185723605524807,26.663582146353527,5066.08060780717
TR00373,VH045,2026-01-14 09:28:20.260052,Naivasha,Mombasa,620,9.295078086006892,Diesel,23.85512127381729,147.9017518976672,28101.332860556766
TR00374,VH004,2026-01-14 10:20:11.282256,Nairobi,Machakos,115,2.468373403353131,Diesel,10.273698179549685,11.814752906482136,2244.8030522316058
TR00375,VH016,2026-01-14 11:12:02.304460,Nakuru,Mombasa,630,13.090087798909776,Diesel,23.432342712085664,147.62375908613967,28048.514226366537
TR00376,VH024,2026-01-14 12:03:53.326665,Nakuru,Thika,200,3.514409111520758,Petrol,12.068532409247883,24.137064818495766,4827.412963699153
TR00377,VH016,2026-01-14 12:55:44.348869,Kisumu,Eldoret,120,2.4351468346695704,Diesel,18.486554575606352,22.183865490727623,4214.934443238249
TR00378,VH002,2026-01-14 13:47:35.371074,Eldoret,Nakuru,160,2.9653243981361697,Petrol,21.560045453081006,34.49607272492961,6899.214544985923
TR00379,VH049,2026-01-14 14:39:26.393278,Mombasa,Nakuru,630,10.06396374291475,Diesel,9.41229038991977,59.29742945649455,11266.511596733964
TR00380,VH028,2026-01-14 15:31:17.415483,Nairobi,Machakos,115,2.0509927640141616,Petrol,13.679736008616112,15.731696409908528,3146.3392819817054
TR00381,VH032,2026-01-14 16:23:08.437687,Naivasha,Kisumu,270,5.2804240520415995,Petrol,12.732508569489415,34.377773137621425,6875.554627524285
TR00382,VH027,2026-01-14 17:14:59.459891,Naivasha,Nairobi,95,1.498701302742838,Petrol,24.675014761886082,23.441264023791778,4688.2528047583555
TR00383,VH020,2026-01-14 18:06:50.482096,Naivasha,Machakos,190,3.332544057866617,Petrol,9.915676857858848,18.839786029931812,3767.957205986362
TR00384,VH024,2026-01-14 18:58:41.504300,Nairobi,Thika,45,1.0196762462403843,Petrol,12.030167262601893,5.4135752681708516,1082.7150536341703
TR00385,VH012,2026-01-14 19:50:32.526505,Machakos,Thika,80,1.2150557214062458,Diesel,11.057910672852456,8.846328538281965,1680.8024222735733
TR00386,VH050,2026-01-14 20:42:23.548709,Naivasha,Nairobi,95,1.7229207942331024,Diesel,12.070324923636992,11.466808677455141,2178.6936487164767
TR00387,VH035,2026-01-14 21:34:14.570914,Naivasha,Mombasa,620,12.838941360913541,Diesel,13.613248511804283,84.40214077318656,16036.406746905446
TR00388,VH033,2026-01-14 22:26:05.593118,Eldoret,Mombasa,750,22.167405136820403,Petrol,12.611521646647693,94.5864123498577,18917.28246997154
TR00389,VH033,2026-01-14 23:17:56.615323,Thika,Nairobi,45,1.1544562703837018,Petrol,13.075369953413048,5.883916479035872,1176.7832958071742
TR00390,VH043,2026-01-15 00:09:47.637527,Thika,Mombasa,520,8.175961883988975,Diesel,14.267751139791583,74.19230592691623,14096.538126114085
TR00391,VH037,2026-01-15 01:01:38.659731,Kisumu,Machakos,465,7.275023191449095,Diesel,10.386358631335884,48.29656763571187,9176.347850785254
TR00392,VH012,2026-01-15 01:53:29.681936,Kisumu,Eldoret,120,2.3676917778683437,Diesel,11.71633578536202,14.059602942434424,2671.3245590625406
TR00393,VH003,2026-01-15 02:45:20.704140,Naivasha,Mombasa,620,17.300050057276497,Diesel,13.43561260179903,83.30079813115398,15827.151644919257
TR00394,VH001,2026-01-15 03:37:11.726345,Eldoret,Thika,350,8.473714953803814,Petrol,12.492931436956061,43.72526002934622,8745.052005869244
TR00395,VH033,2026-01-15 04:29:02.748549,Naivasha,Kisumu,270,7.295354527902293,Petrol,9.953379733773957,26.874125281189684,5374.825056237937
TR00396,VH040,2026-01-15 05:20:53.770754,Kisumu,Machakos,465,12.663705656383272,Petrol,12.76354785083349,59.35049750637573,11870.099501275146
TR00397,VH010,2026-01-15 06:12:44.792958,Nairobi,Kisumu,350,5.2858577563957665,Diesel,12.037178263830718,42.13012392340751,8004.723545447427
TR00398,VH043,2026-01-15 07:04:35.815163,Nairobi,Nakuru,155,2.3315513117622046,Diesel,11.950191388271525,18.522796651820865,3519.3313638459645
TR00399,VH044,2026-01-15 07:56:26.837367,Machakos,Mombasa,420,10.235608407828162,Petrol,23.668276022049646,99.40675929260851,19881.351858521703
TR00400,VH029,2026-01-15 08:48:17.859571,Mombasa,Thika,520,10.414555342383991,Diesel,12.037991669160906,62.59755667963672,11893.535769130976
TR00401,VH013,2026-01-15 09:40:08.881776,Thika,Machakos,80,2.0140160046002564,Petrol,18.18518153836297,14.548145230690375,2909.629046138075
TR00402,VH012,2026-01-15 10:31:59.903980,Eldoret,Thika,350,7.017108323669154,Diesel,10.290316694455456,36.016108430594095,6843.060601812878
TR00403,VH031,2026-01-15 11:23:50.926185,Nakuru,Naivasha,75,1.1883177703121308,Petrol,13.281220208458102,9.960915156343576,1992.1830312687152
TR00404,VH046,2026-01-15 12:15:41.948389,Thika,Machakos,80,1.3644949316080401,Diesel,14.803004050062606,11.842403240050086,2250.0566156095165
TR00405,VH002,2026-01-15 13:07:32.970594,Nakuru,Nairobi,155,2.7448541804128843,Petrol,22.818865355189953,35.36924130054443,7073.848260108886
TR00406,VH050,2026-01-15 13:59:23.992798,Mombasa,Nairobi,480,9.907823778917926,Diesel,10.8218414705004,51.94483905840192,9869.519421096364
TR00407,VH035,2026-01-15 14:51:15.015003,Mombasa,Nairobi,480,7.9872554117326935,Diesel,14.693001578973638,70.52640757907346,13400.017440023958
TR00408,VH023,2026-01-15 15:43:06.037207,Naivasha,Eldoret,235,4.259302727066981,Diesel,12.31401543187868,28.9379362649149,5498.207890333831
TR00409,VH017,2026-01-15 16:34:57.059411,Kisumu,Nairobi,350,6.575075903104416,Petrol,13.221667745996688,46.27583711098841,9255.167422197683
TR00410,VH026,2026-01-15 17:26:48.081616,Mombasa,Machakos,420,8.558028219700923,Diesel,23.360966128259065,98.11605773868807,18642.050970350734
TR00411,VH008,2026-01-15 18:18:39.103820,Mombasa,Nairobi,480,9.13468229537426,Diesel,10.895696578862962,52.299343578542214,9936.87527992302
TR00412,VH029,2026-01-15 19:10:30.126025,Nakuru,Kisumu,190,3.632469585659414,Diesel,12.393511004253927,23.54767090808246,4474.057472535667
TR00413,VH026,2026-01-15 20:02:21.148229,Kisumu,Nairobi,350,7.663918040369883,Diesel,19.302925080576696,67.56023778201843,12836.445178583503
TR00414,VH010,2026-01-15 20:54:12.170434,Mombasa,Nakuru,630,14.383342370049848,Diesel,11.46007050220367,72.19844416388312,13717.704391137793
TR00415,VH026,2026-01-15 21:46:03.192638,Thika,Naivasha,145,3.4503481783258043,Diesel,23.44687962900565,33.99797546205819,6459.615337791057
TR00416,VH034,2026-01-15 22:37:54.214842,Machakos,Eldoret,430,10.108823814413986,Diesel,13.469891959415541,57.920535425486825,11004.901730842497
TR00417,VH041,2026-01-15 23:29:45.237047,Mombasa,Eldoret,750,15.465455463074932,Diesel,23.071222962759883,173.03417222069913,32876.49272193284
TR00418,VH007,2026-01-16 00:21:36.259251,Machakos,Thika,80,1.6956869064528741,Petrol,12.325868483283191,9.860694786626553,1972.1389573253105
TR00419,VH004,2026-01-16 01:13:27.281456,Kisumu,Nakuru,190,4.219022325630114,Diesel,10.432546344698737,19.8218380549276,3766.149230436244
TR00420,VH050,2026-01-16 02:05:18.303660,Naivasha,Eldoret,235,5.287820788039945,Diesel,9.28473974349224,21.819138397206764,4145.636295469285
TR00421,VH045,2026-01-16 02:57:09.325865,Eldoret,Machakos,430,8.216292531416153,Diesel,20.620278952289976,88.6671994948469,16846.76790402091
TR00422,VH011,2026-01-16 03:49:00.348069,Kisumu,Thika,370,6.063500294202162,Diesel,12.319108593838315,45.58070179720177,8660.333341468337
TR00423,VH029,2026-01-16 04:40:51.370274,Nakuru,Mombasa,630,12.622044513985527,Diesel,13.045603111066484,82.18729959971884,15615.58692394658
TR00424,VH036,2026-01-16 05:32:42.392478,Eldoret,Machakos,430,8.706329778789403,Diesel,9.032447606934985,38.83952470982044,7379.509694865883
TR00425,VH025,2026-01-16 06:24:33.414682,Thika,Naivasha,145,3.4100872271437668,Diesel,24.928060233264144,36.14568733823301,6867.680594264272
TR00426,VH021,2026-01-16 07:16:24.436887,Nairobi,Naivasha,95,1.9703231378441222,Petrol,20.5475721838283,19.520193574636885,3904.038714927377
TR00427,VH036,2026-01-16 08:08:15.459091,Machakos,Nairobi,115,1.9320363142108543,Diesel,13.240473319005607,15.226544316856447,2893.043420202725
TR00428,VH010,2026-01-16 09:00:06.481296,Machakos,Naivasha,190,3.2590225405888176,Diesel,12.67483352832702,24.08218370382134,4575.614903726055
TR00429,VH037,2026-01-16 09:51:57.503500,Machakos,Mombasa,420,7.273509416911592,Diesel,10.652197272666733,44.73922854520028,8500.453423588053
TR00430,VH009,2026-01-16 10:43:48.525705,Kisumu,Nairobi,350,6.088338242704865,Diesel,13.987827762672609,48.95739716935413,9301.905462177285
TR00431,VH024,2026-01-16 11:35:39.547909,Machakos,Nairobi,115,2.1497794147661597,Petrol,12.54913537459938,14.431505680789286,2886.3011361578574
TR00432,VH035,2026-01-16 12:27:30.570114,Naivasha,Eldoret,235,4.416491514694812,Diesel,12.63718042464614,29.69737399791843,5642.501059604501
TR00433,VH049,2026-01-16 13:19:21.592318,Machakos,Thika,80,1.53970506901756,Diesel,11.5727654566689,9.25821236533512,1759.0603494136728
TR00434,VH035,2026-01-16 14:11:12.614522,Nakuru,Nairobi,155,3.321553051878676,Diesel,10.43739802875464,16.177966944569693,3073.8137194682417
TR00435,VH048,2026-01-16 15:03:03.636727,Thika,Nakuru,200,3.9471402772074686,Diesel,22.59094264001712,45.18188528003424,8584.558203206505
TR00436,VH036,2026-01-16 15:54:54.658931,Machakos,Nakuru,270,5.21993344021194,Diesel,13.556225778771498,36.60180960268305,6954.343824509779
TR00437,VH018,2026-01-16 16:46:45.681136,Machakos,Thika,80,1.4528192720983728,Diesel,9.466224596106791,7.572979676885433,1438.8661386082324
TR00438,VH049,2026-01-16 17:38:36.703340,Eldoret,Nakuru,160,3.149479086522095,Diesel,10.317557253244525,16.50809160519124,3136.5374049863353
TR00439,VH039,2026-01-16 18:30:27.725545,Thika,Eldoret,350,5.236284256535586,Diesel,24.316155814094692,85.10654534933143,16170.24361637297
TR00440,VH032,2026-01-16 19:22:18.747749,Machakos,Mombasa,420,10.416278530207622,Petrol,11.421719549098967,47.97122210621566,9594.244421243133
TR00441,VH024,2026-01-16 20:14:09.769953,Kisumu,Eldoret,120,2.1414879061527823,Petrol,12.269718360899631,14.723662033079556,2944.7324066159113
TR00442,VH023,2026-01-16 21:06:00.792158,Mombasa,Nairobi,480,9.663771158832292,Diesel,11.674090824715721,56.03563595863546,10646.770832140737
TR00443,VH032,2026-01-16 21:57:51.814362,Naivasha,Kisumu,270,5.398146248830348,Petrol,12.981638025019311,35.05042266755214,7010.084533510428
TR00444,VH037,2026-01-16 22:49:42.836567,Kisumu,Mombasa,850,19.540502220581633,Diesel,12.078944507886266,102.67102831703326,19507.49538023632
TR00445,VH012,2026-01-16 23:41:33.858771,Nairobi,Nakuru,155,2.665302667338901,Diesel,11.499957352768556,17.82493389679126,3386.7374403903395
TR00446,VH049,2026-01-17 00:33:24.880976,Kisumu,Thika,370,6.700139322341888,Diesel,9.242667253648344,34.19786883849888,6497.595079314787
TR00447,VH013,2026-01-17 01:25:15.903180,Eldoret,Nakuru,160,2.823408212428333,Petrol,23.20996657505915,37.13594652009464,7427.189304018928
TR00448,VH023,2026-01-17 02:17:06.925385,Eldoret,Nakuru,160,3.1156310031372043,Diesel,12.730467310971134,20.368747697553815,3870.062062535225
TR00449,VH025,2026-01-17 03:08:57.947589,Machakos,Mombasa,420,8.860602193142698,Diesel,22.695080180551063,95.31933675831446,18110.67398407975
TR00450,VH035,2026-01-17 04:00:48.969793,Kisumu,Thika,370,7.479657210643544,Diesel,13.218168940598103,48.90722508021298,9292.372765240467
TR00451,VH041,2026-01-17 04:52:39.991998,Eldoret,Thika,350,6.546005065446216,Diesel,19.706019925172683,68.97106973810439,13104.503250239834
TR00452,VH030,2026-01-17 05:44:31.014202,Mombasa,Naivasha,620,18.259250997870367,Diesel,10.111724668831457,62.69269294675503,11911.611659883456
TR00453,VH017,2026-01-17 06:36:22.036407,Thika,Machakos,80,1.4039160814671352,Petrol,13.043576984427197,10.434861587541759,2086.972317508352
TR00454,VH049,2026-01-17 07:28:13.058611,Kisumu,Nairobi,350,5.042534315968651,Diesel,11.455692678479135,40.09492437467697,7618.035631188624
TR00455,VH020,2026-01-17 08:20:04.080816,Naivasha,Machakos,190,3.528799061905628,Petrol,10.534190653513091,20.014962241674873,4002.9924483349746
TR00456,VH048,2026-01-17 09:11:55.103020,Mombasa,Kisumu,850,17.800082744986916,Diesel,18.71352334746399,159.06494845344392,30222.340206154346
TR00457,VH025,2026-01-17 10:03:46.125225,Machakos,Mombasa,420,8.622438572675469,Diesel,18.43905113630972,77.44401477250082,14714.362806775156
TR00458,VH022,2026-01-17 10:55:37.147429,Thika,Naivasha,145,2.6050865500756037,Petrol,20.44206705256624,29.64099722622105,5928.1994452442095
TR00459,VH013,2026-01-17 11:47:28.169633,Naivasha,Kisumu,270,5.632781371385848,Petrol,23.633159453368584,63.80953052409518,12761.906104819036
TR00460,VH019,2026-01-17 12:39:19.191838,Machakos,Nakuru,270,4.74105064686437,Diesel,13.593618746669152,36.70277061600672,6973.5264170412765
TR00461,VH049,2026-01-17 13:31:10.214042,Naivasha,Nairobi,95,1.9544560608044872,Diesel,13.483756823065324,12.809568981912058,2433.818106563291
TR00462,VH036,2026-01-17 14:23:01.236247,Machakos,Eldoret,430,6.748965568818347,Diesel,13.600004173748275,58.48001794711758,11111.20340995234
TR00463,VH012,2026-01-17 15:14:52.258451,Naivasha,Mombasa,620,9.764891481405643,Diesel,14.538626715646714,90.13948563700963,17126.50227103183
TR00464,VH041,2026-01-17 16:06:43.280656,Thika,Nakuru,200,4.223094007375782,Diesel,21.690573261202772,43.381146522405544,8242.417839257054
TR00465,VH019,2026-01-17 16:58:34.302860,Mombasa,Eldoret,750,15.197011225026278,Diesel,10.097078192784519,75.72808644588389,14388.33642471794
TR00466,VH012,2026-01-17 17:50:25.325065,Naivasha,Nairobi,95,1.9068245592306654,Diesel,13.990232914184102,13.290721268474895,2525.2370410102303
TR00467,VH009,2026-01-17 18:42:16.347269,Naivasha,Nairobi,95,1.90272967906285,Diesel,11.068564874262895,10.51513663054975,1997.8759598044523
TR00468,VH007,2026-01-17 19:34:07.369473,Nakuru,Naivasha,75,1.7680102877769557,Petrol,11.336036383782846,8.502027287837134,1700.4054575674268
TR00469,VH028,2026-01-17 20:25:58.391678,Kisumu,Nakuru,190,4.600271008775857,Petrol,11.166271609112743,21.21591605731421,4243.183211462842
TR00470,VH014,2026-01-17 21:17:49.413882,Thika,Kisumu,370,6.166866003170548,Diesel,12.57491201847903,46.52717446837241,8840.163148990758
TR00471,VH031,2026-01-17 22:09:40.436087,Machakos,Nairobi,115,1.9585036966578304,Petrol,10.6091375408454,12.200508171972208,2440.1016343944416
TR00472,VH019,2026-01-17 23:01:31.458291,Thika,Mombasa,520,8.8767246331106,Diesel,9.770780248126707,50.80805729025888,9653.530885149186
TR00473,VH047,2026-01-17 23:53:22.480496,Eldoret,Nairobi,310,6.269595891896897,Petrol,11.26586705946941,34.92418788435518,6984.837576871036
TR00474,VH016,2026-01-18 00:45:13.502700,Machakos,Kisumu,465,7.138899038962402,Diesel,24.11735067149617,112.14568062245719,21307.679318266866
TR00475,VH005,2026-01-18 01:37:04.524904,Thika,Eldoret,350,7.025256050292301,Diesel,21.993869984649805,76.97854494627433,14625.923539792122
TR00476,VH035,2026-01-18 02:28:55.547109,Mombasa,Thika,520,9.138356750608633,Diesel,14.391678029437935,74.83672575307726,14218.977893084679
TR00477,VH012,2026-01-18 03:20:46.569313,Machakos,Thika,80,2.057029926473296,Diesel,10.979360925395687,8.78348874031655,1668.8628606601444
TR00478,VH025,2026-01-18 04:12:37.591518,Machakos,Nakuru,270,5.606065822417912,Diesel,19.168817115707878,51.75580621241127,9833.60318035814
TR00479,VH021,2026-01-18 05:04:28.613722,Thika,Kisumu,370,7.589209378615451,Petrol,22.02903987988894,81.50744755558908,16301.489511117816
TR00480,VH036,2026-01-18 05:56:19.635927,Machakos,Thika,80,1.6169423315869695,Diesel,11.316644507731365,9.053315606185093,1720.1299651751676
TR00481,VH023,2026-01-18 06:48:10.658131,Nakuru,Machakos,270,6.853486227469316,Diesel,12.300863208234784,33.21233066223392,6310.342825824444
TR00482,VH016,2026-01-18 07:40:01.680336,Kisumu,Nairobi,350,6.291450839335637,Diesel,23.56238753718747,82.46835638015614,15668.987712229666
TR00483,VH039,2026-01-18 08:31:52.702540,Machakos,Naivasha,190,3.262985512923702,Diesel,23.259151069565235,44.19238703217395,8396.55353611305
TR00484,VH045,2026-01-18 09:23:43.724744,Kisumu,Nairobi,350,7.945674310164588,Diesel,24.595828215609927,86.08539875463475,16356.225763380604
TR00485,VH042,2026-01-18 10:15:34.746949,Thika,Eldoret,350,8.573962012142976,Diesel,11.991282045785058,41.9694871602477,7974.202560447064
TR00486,VH039,2026-01-18 11:07:25.769153,Naivasha,Thika,145,3.306843087517603,Diesel,19.444707195737266,28.194825433819034,5357.0168324256165
TR00487,VH014,2026-01-18 11:59:16.791358,Nairobi,Thika,45,0.8338894240293422,Diesel,12.75456319973943,5.7395534398827435,1090.5151535777213
TR00488,VH031,2026-01-18 12:51:07.813562,Nairobi,Nakuru,155,3.4271432231491548,Petrol,9.553715600955927,14.808259181481688,2961.6518362963375
TR00489,VH005,2026-01-18 13:42:58.835767,Naivasha,Machakos,190,3.883298460400994,Diesel,20.02195786332142,38.04171994031069,7227.926788659031
TR00490,VH035,2026-01-18 14:34:49.857971,Naivasha,Machakos,190,4.5880073208555165,Diesel,11.039440276315723,20.974936524999872,3985.237939749976
TR00491,VH023,2026-01-18 15:26:40.880176,Naivasha,Eldoret,235,3.5695683140110606,Diesel,10.982818583985404,25.8096236723657,4903.828497749483
TR00492,VH029,2026-01-18 16:18:31.902380,Mombasa,Nakuru,630,12.454139847712005,Diesel,10.556082875011077,66.50332211256978,12635.631201388258
TR00493,VH043,2026-01-18 17:10:22.924584,Nairobi,Mombasa,480,8.10842003110825,Diesel,10.15920872274049,48.76420186915435,9265.198355139326
TR00494,VH011,2026-01-18 18:02:13.946789,Naivasha,Thika,145,2.687905012857493,Diesel,13.28397002315016,19.26175653356773,3659.7337413778687
TR00495,VH018,2026-01-18 18:54:04.968993,Mombasa,Nakuru,630,12.684999757935072,Diesel,12.051244891449024,75.92284281612885,14425.340135064482
TR00496,VH047,2026-01-18 19:45:55.991198,Eldoret,Naivasha,235,4.771505649983972,Petrol,12.541794680193306,29.473217498454268,5894.643499690854
TR00497,VH012,2026-01-18 20:37:47.013402,Machakos,Naivasha,190,4.298832131214504,Diesel,13.30193220135672,25.27367118257777,4801.997524689776
TR00498,VH009,2026-01-18 21:29:38.035607,Mombasa,Naivasha,620,13.363136060047509,Diesel,10.571473405711917,65.54313511541389,12453.195671928639
TR00499,VH010,2026-01-18 22:21:29.057811,Nairobi,Machakos,115,2.7421705378735504,Diesel,11.45539440687823,13.173703567909964,2503.0036779028933
TR00500,VH044,2026-01-18 23:13:20.080016,Thika,Mombasa,520,12.66282930556492,Petrol,18.906686269302465,98.31476860037283,19662.953720074565
TR00501,VH017,2026-01-19 00:05:11.102220,Eldoret,Machakos,430,6.447646286038785,Petrol,13.214862010242815,56.8239066440441,11364.78132880882
TR00502,VH038,2026-01-19 00:57:02.124424,Nairobi,Kisumu,350,6.700962971104438,Diesel,13.734518276777617,48.07081396872166,9133.454654057115
TR00503,VH007,2026-01-19 01:48:53.146629,Machakos,Naivasha,190,3.078132499676035,Petrol,11.007635014591212,20.9145065277233,4182.90130554466
TR00504,VH046,2026-01-19 02:40:44.168833,Mombasa,Thika,520,11.913625679439713,Diesel,11.706546202449466,60.874040252737224,11566.067648020073
TR00505,VH013,2026-01-19 03:32:35.191038,Nakuru,Mombasa,630,15.75505293683423,Petrol,24.766304945849498,156.02772115885185,31205.54423177037
TR00506,VH040,2026-01-19 04:24:26.213242,Kisumu,Nairobi,350,8.298209322479346,Petrol,12.970796789398257,45.397788762893896,9079.55775257878
TR00507,VH042,2026-01-19 05:16:17.235447,Machakos,Thika,80,1.715875659896314,Diesel,14.005777986505787,11.20462238920463,2128.87825394888
TR00508,VH009,2026-01-19 06:08:08.257651,Nairobi,Eldoret,310,6.1640022938397685,Diesel,11.322955173843646,35.1011610389153,6669.220597393907
TR00509,VH050,2026-01-19 06:59:59.279855,Naivasha,Mombasa,620,12.7068690930536,Diesel,10.050264600896526,62.31164052555846,11839.211699856107
TR00510,VH027,2026-01-19 07:51:50.302060,Mombasa,Thika,520,11.868224658919496,Petrol,23.487418501925838,122.13457621001436,24426.915242002873
TR00511,VH002,2026-01-19 08:43:41.324264,Naivasha,Machakos,190,3.747407380275469,Petrol,22.80110718662008,43.32210365457815,8664.42073091563
TR00512,VH005,2026-01-19 09:35:32.346469,Naivasha,Thika,145,2.8208421484238406,Diesel,22.766845504482347,33.0119259814994,6272.265936484887
TR00513,VH029,2026-01-19 10:27:23.368673,Naivasha,Nakuru,75,1.3484791776758573,Diesel,12.76317290914597,9.572379681859477,1818.7521395533006
TR00514,VH037,2026-01-19 11:19:14.390878,Naivasha,Nairobi,95,1.5381263035447297,Diesel,12.817891713882744,12.176997128188606,2313.629454355835
TR00515,VH038,2026-01-19 12:11:05.413082,Naivasha,Nakuru,75,1.5927337470211644,Diesel,13.678487526531269,10.258865644898451,1949.1844725307058
TR00516,VH019,2026-01-19 13:02:56.435287,Eldoret,Kisumu,120,2.0092477385567915,Diesel,10.350012405605977,12.420014886727172,2359.8028284781626
TR00517,VH008,2026-01-19 13:54:47.457491,Nairobi,Nakuru,155,3.0676363902266144,Diesel,10.76384232928478,16.683955610391408,3169.9515659743674
TR00518,VH048,2026-01-19 14:46:38.479695,Machakos,Thika,80,2.1174413375279615,Diesel,24.101457393640384,19.281165914912307,3663.4215238333386
TR00519,VH045,2026-01-19 15:38:29.501900,Nairobi,Nakuru,155,2.411844497377937,Diesel,20.162056407085103,31.25118743098191,5937.7256118865635
TR00520,VH001,2026-01-19 16:30:20.524104,Machakos,Eldoret,430,6.30680788124844,Petrol,12.731547856896494,54.74565578465492,10949.131156930984
TR00521,VH022,2026-01-19 17:22:11.546309,Kisumu,Mombasa,850,15.467827586858741,Petrol,22.918476248046787,194.80704810839768,38961.40962167954
TR00522,VH017,2026-01-19 18:14:02.568513,Mombasa,Nairobi,480,9.464043392124319,Petrol,13.999624134165883,67.19819584399623,13439.639168799245
TR00523,VH007,2026-01-19 19:05:53.590718,Nakuru,Eldoret,160,3.345267609073092,Petrol,12.17645665747666,19.482330651962656,3896.4661303925313
TR00524,VH025,2026-01-19 19:57:44.612922,Eldoret,Nakuru,160,3.456588342883915,Diesel,20.996650136374605,33.594640218199366,6382.98164145788
TR00525,VH045,2026-01-19 20:49:35.635127,Mombasa,Eldoret,750,12.565842917306037,Diesel,23.89811865603567,179.23588992026754,34054.81908485083
TR00526,VH004,2026-01-19 21:41:26.657331,Eldoret,Naivasha,235,4.713025473749629,Diesel,14.027515556299317,32.964661557303394,6263.285695887645
TR00527,VH036,2026-01-19 22:33:17.679535,Machakos,Mombasa,420,6.625492033426953,Diesel,12.655379408672744,53.152593516425526,10098.99276812085
TR00528,VH006,2026-01-19 23:25:08.701740,Nairobi,Naivasha,95,1.88946061429064,Diesel,21.2426074618632,20.18047708877004,3834.2906468663077
TR00529,VH031,2026-01-20 00:16:59.723944,Naivasha,Nakuru,75,1.6059535412009305,Petrol,10.61969560080358,7.964771700602684,1592.954340120537
TR00530,VH019,2026-01-20 01:08:50.746149,Kisumu,Naivasha,270,5.974826557504742,Diesel,12.043652412924242,32.51786151489546,6178.393687830137
TR00531,VH044,2026-01-20 02:00:41.768353,Kisumu,Thika,370,8.399494235391899,Petrol,24.133563051921485,89.2941832921095,17858.8366584219
TR00532,VH039,2026-01-20 02:52:32.790558,Thika,Kisumu,370,6.83752260624661,Diesel,24.186442207460104,89.48983616760239,17003.068871844454
TR00533,VH027,2026-01-20 03:44:23.812762,Nakuru,Kisumu,190,4.792648199409185,Petrol,18.75948841549307,35.64302798943683,7128.6055978873665
TR00534,VH010,2026-01-20 04:36:14.834966,Kisumu,Nakuru,190,4.372510244724815,Diesel,12.141751419065754,23.06932769622493,4383.172262282737
TR00535,VH026,2026-01-20 05:28:05.857171,Naivasha,Machakos,190,3.135527688580948,Diesel,21.253053693391244,40.380802017443365,7672.352383314239
TR00536,VH019,2026-01-20 06:19:56.879375,Nairobi,Kisumu,350,8.261808591557612,Diesel,13.888076837618765,48.60826893166568,9235.571097016478
TR00537,VH039,2026-01-20 07:11:47.901580,Nakuru,Machakos,270,4.7450302480082795,Diesel,22.74598610669809,61.41416248808485,11668.69087273612
TR00538,VH003,2026-01-20 08:03:38.923784,Machakos,Nairobi,115,3.4332554458799853,Diesel,12.036232086310353,13.841666899256904,2629.9167108588117
TR00539,VH045,2026-01-20 08:55:29.945989,Mombasa,Machakos,420,6.818104745107595,Diesel,18.18240520189915,76.36610184797644,14509.559351115524
TR00540,VH013,2026-01-20 09:47:20.968193,Machakos,Kisumu,465,11.672230136241785,Petrol,21.957696120694372,102.10328696122883,20420.65739224577
TR00541,VH050,2026-01-20 10:39:11.990398,Naivasha,Thika,145,3.3729676375135544,Diesel,9.48037987819178,13.74655082337808,2611.844656441835
TR00542,VH028,2026-01-20 11:31:03.012602,Naivasha,Machakos,190,3.4269590186551473,Petrol,14.172249786738815,26.927274594803748,5385.45491896075
TR00543,VH020,2026-01-20 12:22:54.034806,Kisumu,Nakuru,190,3.6424100318813264,Petrol,12.76259330285181,24.24892727541844,4849.785455083687
TR00544,VH028,2026-01-20 13:14:45.057011,Nakuru,Eldoret,160,2.7991651740302124,Petrol,12.302545799540894,19.684073279265434,3936.8146558530866
TR00545,VH008,2026-01-20 14:06:36.079215,Nairobi,Machakos,115,2.8913433932761006,Diesel,11.146053897708498,12.817961982364771,2435.4127766493066
TR00546,VH041,2026-01-20 14:58:27.101420,Machakos,Naivasha,190,3.9827645465692645,Diesel,24.28137275898138,46.13460824206462,8765.575565992278
TR00547,VH039,2026-01-20 15:50:18.123624,Thika,Nakuru,200,4.438194054261095,Diesel,20.019208452926897,40.03841690585379,7607.299212112221
TR00548,VH001,2026-01-20 16:42:09.145829,Machakos,Eldoret,430,10.457582562697793,Petrol,11.245099810533855,48.35392918529558,9670.785837059115
TR00549,VH003,2026-01-20 17:34:00.168033,Eldoret,Thika,350,6.390688768723668,Diesel,14.69598716412881,51.43595507445084,9772.83146414566
TR00550,VH013,2026-01-20 18:25:51.190238,Eldoret,Machakos,430,7.472489304293199,Petrol,23.66472085727438,101.75829968627983,20351.659937255965
TR00551,VH028,2026-01-20 19:17:42.212442,Nairobi,Thika,45,0.9512722348334008,Petrol,14.103127965335974,6.346407584401188,1269.2815168802376
TR00552,VH049,2026-01-20 20:09:33.234646,Nairobi,Nakuru,155,2.49269518112096,Diesel,9.975969071379627,15.462752060638422,2937.9228915213002
TR00553,VH025,2026-01-20 21:01:24.256851,Eldoret,Nakuru,160,3.6601212979597615,Diesel,19.00307194001654,30.404915104026465,5776.933869765028
TR00554,VH033,2026-01-20 21:53:15.279055,Thika,Mombasa,520,8.388755773354074,Petrol,9.130147749085674,47.476768295245506,9495.353659049102
TR00555,VH038,2026-01-20 22:45:06.301260,Nakuru,Eldoret,160,2.9358922704497257,Diesel,11.1852075445934,17.89633207134944,3400.303093556394
TR00556,VH006,2026-01-20 23:36:57.323464,Eldoret,Mombasa,750,18.65139821009616,Diesel,23.419333442000273,175.64500081500205,33372.55015485039
TR00557,VH044,2026-01-21 00:28:48.345669,Nairobi,Eldoret,310,4.707512089220065,Petrol,19.680268931349048,61.00883368718205,12201.76673743641
TR00558,VH045,2026-01-21 01:20:39.367873,Kisumu,Machakos,465,10.012018785959263,Diesel,23.103722985164133,107.43231188101322,20412.13925739251
TR00559,VH032,2026-01-21 02:12:30.390078,Mombasa,Eldoret,750,12.575254110587444,Petrol,11.259541326837107,84.4465599512783,16889.31199025566
TR00560,VH045,2026-01-21 03:04:21.412282,Thika,Kisumu,370,7.231478637784605,Diesel,20.7670474856547,76.83807569692239,14599.234382415254
TR00561,VH047,2026-01-21 03:56:12.434486,Naivasha,Thika,145,2.7360798270951268,Petrol,13.915811449557042,20.17792660185771,4035.585320371542
TR00562,VH021,2026-01-21 04:48:03.456691,Thika,Mombasa,520,9.089374981760104,Petrol,19.71368211898895,102.51114701874253,20502.229403748508
TR00563,VH016,2026-01-21 05:39:54.478895,Kisumu,Naivasha,270,4.75630042437616,Diesel,20.634594391087873,55.71340485593726,10585.54692262808
TR00564,VH021,2026-01-21 06:31:45.501100,Kisumu,Machakos,465,9.838598844918277,Petrol,20.107610263256497,93.50038772414271,18700.077544828542
TR00565,VH011,2026-01-21 07:23:36.523304,Naivasha,Nakuru,75,1.3824037572148207,Diesel,10.548124931650012,7.911093698737509,1503.1078027601268
TR00566,VH037,2026-01-21 08:15:27.545509,Machakos,Mombasa,420,7.828109799958956,Diesel,12.449470710654126,52.28777698474733,9934.677627101993
TR00567,VH036,2026-01-21 09:07:18.567713,Nairobi,Kisumu,350,6.7687144359526465,Diesel,10.893453316665012,38.12708660832754,7244.146455582232
TR00568,VH035,2026-01-21 09:59:09.589917,Eldoret,Nakuru,160,3.3075983077161477,Diesel,13.4744354290364,21.559096686458243,4096.228370427067
TR00569,VH019,2026-01-21 10:51:00.612122,Machakos,Kisumu,465,8.995499000706637,Diesel,13.08797273475773,60.85907321662345,11563.223911158455
TR00570,VH020,2026-01-21 11:42:51.634326,Nakuru,Mombasa,630,9.583159053571555,Petrol,11.721248572478192,73.84386600661261,14768.773201322523
TR00571,VH018,2026-01-21 12:34:42.656531,Thika,Nakuru,200,4.198172095530212,Diesel,9.160982110436684,18.32196422087337,3481.1732019659403
TR00572,VH047,2026-01-21 13:26:33.678735,Naivasha,Eldoret,235,3.9394696724109903,Petrol,12.094611781173608,28.42233768575798,5684.467537151596
TR00573,VH041,2026-01-21 14:18:24.700940,Thika,Nakuru,200,4.440210594249035,Diesel,18.387735110146576,36.77547022029315,6987.339341855699
TR00574,VH049,2026-01-21 15:10:15.723144,Machakos,Eldoret,430,10.011762027247952,Diesel,12.081781617995125,51.95166095737903,9870.815581902016
TR00575,VH014,2026-01-21 16:02:06.745349,Kisumu,Mombasa,850,11.153217091881181,Diesel,13.425149746345943,114.11377284394051,21681.616840348695
TR00576,VH015,2026-01-21 16:53:57.767553,Eldoret,Machakos,430,7.9160248094304615,Petrol,9.988838138087592,42.95200399377664,8590.400798755329
TR00577,VH031,2026-01-21 17:45:48.789757,Thika,Naivasha,145,2.6585939438059345,Petrol,13.096730743608855,18.99025957823284,3798.0519156465684
TR00578,VH001,2026-01-21 18:37:39.811962,Nakuru,Mombasa,630,11.504365175988683,Petrol,14.555425657870243,91.69918164458252,18339.836328916506
TR00579,VH003,2026-01-21 19:29:30.834166,Kisumu,Naivasha,270,4.407558969018598,Diesel,14.065434820569099,37.97667401553657,7215.5680629519475
TR00580,VH016,2026-01-21 20:21:21.856371,Nakuru,Naivasha,75,1.408120685242811,Diesel,20.135764331484573,15.10182324861343,2869.3464172365516
TR00581,VH023,2026-01-21 21:13:12.878575,Eldoret,Mombasa,750,13.267344514625727,Diesel,11.933215062228172,89.4991129667113,17004.831463675146
TR00582,VH011,2026-01-21 22:05:03.900780,Thika,Nakuru,200,4.815627237336383,Diesel,14.574075745956138,29.148151491912277,5538.148783463333
TR00583,VH012,2026-01-21 22:56:54.922984,Mombasa,Nairobi,480,8.294254105823077,Diesel,11.60332363111425,55.6959534293484,10582.231151576196
TR00584,VH010,2026-01-21 23:48:45.945189,Machakos,Nakuru,270,5.612615350800911,Diesel,14.100139111327124,38.07037560058324,7233.371364110816
TR00585,VH032,2026-01-22 00:40:36.967393,Thika,Nakuru,200,3.611807296258063,Petrol,10.047375656308482,20.094751312616964,4018.9502625233927
TR00586,VH016,2026-01-22 01:32:27.989597,Machakos,Naivasha,190,5.237183732034321,Diesel,18.025526919492734,34.248501147036194,6507.215217936877
TR00587,VH008,2026-01-22 02:24:19.011802,Eldoret,Kisumu,120,2.1801756478341634,Diesel,12.798558301694836,15.358269962033802,2918.0712927864224
TR00588,VH038,2026-01-22 03:16:10.034006,Thika,Kisumu,370,11.539122760734328,Diesel,13.807237910635607,51.08678026935175,9706.488251176832
TR00589,VH012,2026-01-22 04:08:01.056211,Machakos,Nakuru,270,5.649401148072496,Diesel,13.944885939261468,37.651192036005966,7153.726486841134
TR00590,VH024,2026-01-22 04:59:52.078415,Naivasha,Eldoret,235,6.4639307910671135,Petrol,13.650134189440813,32.07781534518591,6415.563069037182
TR00591,VH028,2026-01-22 05:51:43.100620,Machakos,Naivasha,190,3.4505118808130497,Petrol,10.58953155910142,20.120109962292698,4024.0219924585394
TR00592,VH008,2026-01-22 06:43:34.122824,Thika,Naivasha,145,2.868211097296472,Diesel,10.159924924918442,14.731891141131742,2799.059316815031
TR00593,VH028,2026-01-22 07:35:25.145029,Nairobi,Eldoret,310,7.072184061903601,Petrol,14.518624601869039,45.00773626579402,9001.547253158804
TR00594,VH036,2026-01-22 08:27:16.167233,Thika,Nakuru,200,3.253341032059509,Diesel,9.886180988861767,19.772361977723534,3756.7487757674717
TR00595,VH026,2026-01-22 09:19:07.189437,Thika,Machakos,80,1.8679949585458828,Diesel,22.775604873036087,18.22048389842887,3461.8919407014855
TR00596,VH008,2026-01-22 10:10:58.211642,Machakos,Nairobi,115,4.465941486349453,Diesel,11.652315000204077,13.400162250234686,2546.0308275445905
TR00597,VH050,2026-01-22 11:02:49.233846,Nakuru,Thika,200,3.69623728584206,Diesel,9.415968384257535,18.83193676851507,3578.0679860178634
TR00598,VH028,2026-01-22 11:54:40.256051,Mombasa,Nakuru,630,17.56478955854385,Petrol,11.426318309707664,71.98580535115828,14397.161070231656
TR00599,VH028,2026-01-22 12:46:31.278255,Nakuru,Kisumu,190,4.410407154986818,Petrol,12.60186108220484,23.943536056189195,4788.707211237839
TR00600,VH037,2026-01-22 13:38:22.300460,Machakos,Naivasha,190,4.142933163879965,Diesel,14.26175058341917,27.09732610849642,5148.49196061432
TR00601,VH041,2026-01-22 14:30:13.322664,Nakuru,Kisumu,190,4.921253570823567,Diesel,22.952769427302716,43.610261911875156,8285.94976325628
TR00602,VH036,2026-01-22 15:22:04.344868,Kisumu,Naivasha,270,5.863169352141324,Diesel,12.109415807274665,32.695422679641595,6212.130309131903
TR00603,VH027,2026-01-22 16:13:55.367073,Nairobi,Thika,45,1.1610582636794047,Petrol,21.472230229589904,9.662503603315457,1932.5007206630914
TR00604,VH017,2026-01-22 17:05:46.389277,Nakuru,Eldoret,160,3.1189651994549403,Petrol,10.493419919070671,16.789471870513076,3357.894374102615
TR00605,VH009,2026-01-22 17:57:37.411482,Naivasha,Kisumu,270,6.721427555266525,Diesel,10.596224556596306,28.60980630281003,5435.863197533906
TR00606,VH033,2026-01-22 18:49:28.433686,Eldoret,Kisumu,120,2.3884793518363097,Petrol,11.045380172830477,13.254456207396572,2650.8912414793144
TR00607,VH020,2026-01-22 19:41:19.455891,Naivasha,Mombasa,620,10.456006400983663,Petrol,9.142592469556464,56.684073311250074,11336.814662250015
TR00608,VH013,2026-01-22 20:33:10.478095,Eldoret,Machakos,430,7.6432239523854095,Petrol,19.477391224867954,83.7527822669322,16750.55645338644
TR00609,VH028,2026-01-22 21:25:01.500300,Thika,Eldoret,350,7.0927282778812515,Petrol,12.162416879363299,42.56845907777155,8513.69181555431
TR00610,VH048,2026-01-22 22:16:52.522504,Kisumu,Thika,370,8.7906654351098,Diesel,20.930236299703406,77.44187430890261,14713.956118691496
TR00611,VH029,2026-01-22 23:08:43.544708,Nairobi,Eldoret,310,6.046017967537797,Diesel,10.221477154984962,31.686579180453382,6020.450044286143
TR00612,VH013,2026-01-23 00:00:34.566913,Naivasha,Kisumu,270,6.076394182489341,Petrol,22.12342107467704,59.73323690162801,11946.647380325603
TR00613,VH046,2026-01-23 00:52:25.589117,Nairobi,Naivasha,95,1.840764647587474,Diesel,12.748421279266182,12.111000215302873,2301.0900409075457
TR00614,VH035,2026-01-23 01:44:16.611322,Naivasha,Nairobi,95,2.6186872977555167,Diesel,10.390521520104564,9.870995444099336,1875.4891343788738
TR00615,VH006,2026-01-23 02:36:07.633526,Thika,Nairobi,45,0.7970514276144237,Diesel,24.602141367223076,11.070963615250385,2103.4830868975732
TR00616,VH018,2026-01-23 03:27:58.655731,Eldoret,Nakuru,160,3.183083027526414,Diesel,9.4969138947543,15.195062231606881,2887.0618240053072
TR00617,VH005,2026-01-23 04:19:49.677935,Mombasa,Kisumu,850,12.561304070146347,Diesel,23.983839058661353,203.8626319986215,38733.90007973809
TR00618,VH047,2026-01-23 05:11:40.700140,Kisumu,Thika,370,6.1209136841405245,Petrol,9.001548659575029,33.30573004042761,6661.146008085522
TR00619,VH025,2026-01-23 06:03:31.722344,Naivasha,Eldoret,235,4.309594245873749,Diesel,24.175967665317682,56.813524013496554,10794.569562564346
TR00620,VH002,2026-01-23 06:55:22.744548,Naivasha,Mombasa,620,12.650981245593574,Petrol,18.13803812543019,112.45583637766717,22491.167275533433
TR00621,VH010,2026-01-23 07:47:13.766753,Thika,Mombasa,520,11.774518400928475,Diesel,13.789060159460579,71.703112829195,13623.591437547051
TR00622,VH030,2026-01-23 08:39:04.788957,Kisumu,Nairobi,350,6.082801771335006,Diesel,11.808454056501265,41.32958919775443,7852.6219475733415
TR00623,VH050,2026-01-23 09:30:55.811162,Eldoret,Nakuru,160,3.3219665555642215,Diesel,12.691084000681599,20.30573440109056,3858.0895362072065
TR00624,VH045,2026-01-23 10:22:46.833366,Eldoret,Nairobi,310,5.223523231507627,Diesel,20.81221643797485,64.51787095772204,12258.395481967187
TR00625,VH005,2026-01-23 11:14:37.855571,Naivasha,Nairobi,95,1.7854932701790063,Diesel,18.496355456322892,17.571537683506747,3338.592159866282
TR00626,VH033,2026-01-23 12:06:28.877775,Mombasa,Kisumu,850,15.958252604997588,Petrol,12.83753347697682,109.11903455430297,21823.806910860592
TR00627,VH001,2026-01-23 12:58:19.899979,Mombasa,Machakos,420,7.67036300630747,Petrol,10.356263426606825,43.49630639174867,8699.261278349733
TR00628,VH018,2026-01-23 13:50:10.922184,Nairobi,Nakuru,155,3.6348300158789986,Diesel,13.61060217980609,21.09643337869944,4008.3223419528936
TR00629,VH032,2026-01-23 14:42:01.944388,Kisumu,Naivasha,270,6.455791806060246,Petrol,10.254870178958306,27.68814948318743,5537.629896637486
TR00630,VH047,2026-01-23 15:33:52.966593,Kisumu,Naivasha,270,6.498769838587785,Petrol,11.396626388857577,30.770891249915458,6154.1782499830915
TR00631,VH049,2026-01-23 16:25:43.988797,Eldoret,Naivasha,235,4.02535284942963,Diesel,12.615172154253978,29.645654562496848,5632.674366874401
TR00632,VH011,2026-01-23 17:17:35.011002,Nairobi,Kisumu,350,8.24805875518367,Diesel,11.966232323960188,41.88181313386066,7957.544495433525
TR00633,VH021,2026-01-23 18:09:26.033206,Thika,Kisumu,370,8.519314902267185,Petrol,19.520634322147043,72.22634699194406,14445.269398388811
TR00634,VH026,2026-01-23 19:01:17.055411,Kisumu,Eldoret,120,2.2099391750174737,Diesel,23.31363672977219,27.976364075726625,5315.509174388058
TR00635,VH025,2026-01-23 19:53:08.077615,Nairobi,Eldoret,310,6.460539741856584,Diesel,23.490062933521084,72.81919509391537,13835.64706784392
TR00636,VH022,2026-01-23 20:44:59.099819,Nairobi,Thika,45,0.9582287626668425,Petrol,24.45886488768057,11.006489199456256,2201.2978398912514
TR00637,VH027,2026-01-23 21:36:50.122024,Naivasha,Mombasa,620,13.400317558526245,Petrol,20.633155773017542,127.92556579270877,25585.113158541753
TR00638,VH049,2026-01-23 22:28:41.144228,Eldoret,Mombasa,750,23.8891949745511,Diesel,11.531258672486635,86.48444004364976,16432.043608293454
TR00639,VH013,2026-01-23 23:20:32.166433,Nairobi,Machakos,115,2.7209308423890732,Petrol,20.541899099922503,23.623183964910876,4724.636792982175
TR00640,VH033,2026-01-24 00:12:23.188637,Machakos,Naivasha,190,3.195828328784717,Petrol,10.285409109256841,19.542277307587998,3908.4554615176
TR00641,VH034,2026-01-24 01:04:14.210842,Mombasa,Thika,520,11.382337826326188,Diesel,12.755164807688043,66.32685699997782,12602.102829995785
TR00642,VH041,2026-01-24 01:56:05.233046,Machakos,Nairobi,115,3.304969761742707,Diesel,20.377562915118688,23.434197352386487,4452.497496953432
TR00643,VH035,2026-01-24 02:47:56.255251,Mombasa,Machakos,420,10.0152503435379,Diesel,12.14074720996176,50.99113828183939,9688.316273549484
TR00644,VH001,2026-01-24 03:39:47.277455,Nakuru,Naivasha,75,1.4183369330077926,Petrol,12.01836828812014,9.013776216090104,1802.7552432180207
TR00645,VH021,2026-01-24 04:31:38.299659,Eldoret,Kisumu,120,2.2761640703747186,Petrol,22.988628579527223,27.586354295432667,5517.270859086533
TR00646,VH048,2026-01-24 05:23:29.321864,Naivasha,Thika,145,3.043293147462231,Diesel,24.42456938277476,35.4156256050234,6728.968864954446
TR00647,VH006,2026-01-24 06:15:20.344068,Thika,Kisumu,370,8.317154664838183,Diesel,22.66729242915164,83.86898198786108,15935.106577693605
TR00648,VH028,2026-01-24 07:07:11.366273,Machakos,Thika,80,2.0627896611780745,Petrol,12.357912980471163,9.886330384376931,1977.2660768753863
TR00649,VH017,2026-01-24 07:59:02.388477,Machakos,Nairobi,115,2.172045647093796,Petrol,12.896025573694416,14.830429409748577,2966.0858819497153
TR00650,VH005,2026-01-24 08:50:53.410682,Nakuru,Naivasha,75,1.322682194729623,Diesel,22.486799268854963,16.86509945164122,3204.368895811832
TR00651,VH031,2026-01-24 09:42:44.432886,Mombasa,Naivasha,620,10.280041594893001,Petrol,9.303051785589068,57.67892107065222,11535.784214130445
TR00652,VH005,2026-01-24 10:34:35.455091,Naivasha,Nakuru,75,1.8241384092502948,Diesel,18.66964510493189,14.00223382869892,2660.4244274527946
TR00653,VH038,2026-01-24 11:26:26.477295,Nakuru,Naivasha,75,1.2310382391492654,Diesel,10.189584720368167,7.642188540276125,1452.0158226524638
TR00654,VH003,2026-01-24 12:18:17.499499,Eldoret,Nakuru,160,3.2292503362939273,Diesel,12.284081631031599,19.65453060965056,3734.3608158336065
TR00655,VH023,2026-01-24 13:10:08.521704,Naivasha,Mombasa,620,12.347504410347797,Diesel,13.129267171694824,81.40145646450792,15466.276728256504
TR00656,VH037,2026-01-24 14:01:59.543908,Eldoret,Thika,350,6.1243698899878245,Diesel,11.56541584675676,40.47895546364866,7691.0015380932455
TR00657,VH037,2026-01-24 14:53:50.566113,Nairobi,Naivasha,95,2.080032250438117,Diesel,11.920800915462408,11.324760869689287,2151.7045652409647
TR00658,VH010,2026-01-24 15:45:41.588317,Kisumu,Mombasa,850,26.002172688952022,Diesel,14.547385541839454,123.65277710563535,23494.027650070715
TR00659,VH010,2026-01-24 16:37:32.610522,Nairobi,Machakos,115,2.06689952062801,Diesel,14.184517226583274,16.312194810570766,3099.3170140084453
TR00660,VH019,2026-01-24 17:29:23.632726,Eldoret,Machakos,430,8.145703377730797,Diesel,12.3252405619128,52.998534416225034,10069.721539082757
TR00661,VH017,2026-01-24 18:21:14.654930,Machakos,Nakuru,270,5.7303202752584514,Petrol,10.334018910461257,27.901851058245395,5580.370211649079
TR00662,VH021,2026-01-24 19:13:05.677135,Naivasha,Thika,145,2.6373106346018345,Petrol,18.819290378819105,27.2879710492877,5457.594209857541
TR00663,VH014,2026-01-24 20:04:56.699339,Mombasa,Naivasha,620,10.951055414381623,Diesel,10.08029411340057,62.49782350308353,11874.586465585871
TR00664,VH009,2026-01-24 20:56:47.721544,Thika,Nairobi,45,1.1872113747892152,Diesel,10.535053363022104,4.740774013359947,900.74706253839
TR00665,VH046,2026-01-24 21:48:38.743748,Mombasa,Nakuru,630,12.554776741224899,Diesel,11.462982218119715,72.2167879741542,13721.189715089298
TR00666,VH001,2026-01-24 22:40:29.765953,Naivasha,Kisumu,270,8.496043275141382,Petrol,12.75895031789748,34.4491658583232,6889.83317166464
TR00667,VH045,2026-01-24 23:32:20.788157,Nairobi,Eldoret,310,6.325181091756639,Diesel,18.448000579266708,57.188801795726796,10865.872341188091
TR00668,VH013,2026-01-25 00:24:11.810362,Thika,Nairobi,45,0.9570790041129273,Petrol,18.953594448229143,8.529117501703114,1705.8235003406228
TR00669,VH004,2026-01-25 01:16:02.832566,Naivasha,Nakuru,75,1.390555698062144,Diesel,10.905403511539705,8.179052633654779,1554.020000394408
TR00670,VH001,2026-01-25 02:07:53.854770,Eldoret,Kisumu,120,2.897461855462357,Petrol,13.159910464916532,15.791892557899837,3158.3785115799674
TR00671,VH049,2026-01-25 02:59:44.876975,Machakos,Kisumu,465,9.972525646124039,Diesel,12.078948994900621,56.16711282628789,10671.751436994698
TR00672,VH040,2026-01-25 03:51:35.899179,Mombasa,Machakos,420,16.8,Petrol,12.753828631860765,53.566080253815215,10713.216050763043
TR00673,VH032,2026-01-25 04:43:26.921384,Eldoret,Machakos,430,7.895698836616611,Petrol,11.252507123479699,48.38578063096271,9677.156126192542
TR00674,VH034,2026-01-25 05:35:17.943588,Thika,Eldoret,350,7.100428364256407,Diesel,10.85559845609366,37.99459459632781,7218.972973302283
TR00675,VH028,2026-01-25 06:27:08.965793,Thika,Mombasa,520,10.256828722364984,Petrol,10.483448581688716,54.513932624781326,10902.786524956266
TR00676,VH031,2026-01-25 07:18:59.987997,Mombasa,Kisumu,850,22.337528185477446,Petrol,10.132303018790275,86.12457565971734,17224.915131943468
TR00677,VH008,2026-01-25 08:10:51.010202,Eldoret,Naivasha,235,4.418580817597348,Diesel,13.488526132362903,31.698036411052822,6022.626918100036
TR00678,VH039,2026-01-25 09:02:42.032406,Nakuru,Mombasa,630,9.964886014924797,Diesel,24.8578422250508,156.60440601782003,29754.837143385805
TR00679,VH026,2026-01-25 09:54:33.054610,Eldoret,Nakuru,160,3.2975617782526236,Diesel,22.533617099482065,36.0537873591713,6850.219598242547
TR00680,VH034,2026-01-25 10:46:24.076815,Thika,Kisumu,370,6.702812183453209,Diesel,13.584116460117102,50.261230902433276,9549.633871462322
TR00681,VH003,2026-01-25 11:38:15.099019,Eldoret,Thika,350,8.132909056618008,Diesel,13.213709502007125,46.24798325702494,8787.116818834738
TR00682,VH050,2026-01-25 12:30:06.121224,Machakos,Mombasa,420,8.504580747876693,Diesel,9.16598243052735,38.49712620821487,7314.453979560826
TR00683,VH012,2026-01-25 13:21:57.143428,Naivasha,Kisumu,270,7.152455229092221,Diesel,14.983812924932046,40.456294897316525,7686.6960304901395
TR00684,VH001,2026-01-25 14:13:48.165633,Nairobi,Kisumu,350,6.216147036674578,Petrol,10.494761508432674,36.73166527951436,7346.333055902872
TR00685,VH044,2026-01-25 15:05:39.187837,Machakos,Mombasa,420,8.190531319457076,Petrol,22.778492610115425,95.66966896248479,19133.93379249696
TR00686,VH005,2026-01-25 15:57:30.210042,Nakuru,Naivasha,75,1.8635527122009332,Diesel,19.76985342152353,14.827390066142646,2817.2041125671026
TR00687,VH030,2026-01-25 16:49:21.232246,Kisumu,Mombasa,850,19.502076388063184,Diesel,11.9599055645348,101.6591972985458,19315.247486723703
TR00688,VH030,2026-01-25 17:41:12.254450,Naivasha,Kisumu,270,5.34773239930345,Diesel,13.22967092400469,35.72011149481266,6786.821184014406
TR00689,VH017,2026-01-25 18:33:03.276655,Nairobi,Nakuru,155,2.7007756567602463,Petrol,11.182436746538535,17.33277695713473,3466.555391426946
TR00690,VH048,2026-01-25 19:24:54.298859,Kisumu,Naivasha,270,4.366373144354397,Diesel,19.7538224125179,53.33532051379833,10133.710897621682
TR00691,VH047,2026-01-25 20:16:45.321064,Mombasa,Thika,520,10.628079224726136,Petrol,10.672230934391624,55.49560085883645,11099.12017176729
TR00692,VH023,2026-01-25 21:08:36.343268,Kisumu,Thika,370,9.46707757794601,Diesel,10.707740584615882,39.618640163078766,7527.541630984965
TR00693,VH015,2026-01-25 22:00:27.365473,Naivasha,Kisumu,270,5.2015383099239045,Petrol,13.796619522541068,37.25087271086088,7450.174542172176
TR00694,VH037,2026-01-25 22:52:18.387677,Eldoret,Nakuru,160,2.4891465744923185,Diesel,13.993065079617255,22.388904127387608,4253.891784203645
TR00695,VH021,2026-01-25 23:44:09.409881,Naivasha,Kisumu,270,7.293746473353875,Petrol,21.2098414003558,57.26657178096066,11453.314356192132
TR00696,VH014,2026-01-26 00:36:00.432086,Machakos,Eldoret,430,10.150310805402883,Diesel,10.99910460170682,47.296149787339324,8986.268459594472
TR00697,VH002,2026-01-26 01:27:51.454290,Kisumu,Nairobi,350,6.376654622420123,Petrol,23.67711277183859,82.86989470143507,16573.978940287016
TR00698,VH011,2026-01-26 02:19:42.476495,Thika,Nairobi,45,0.878412261790765,Diesel,10.785912358041868,4.853660561118841,922.1955066125797
TR00699,VH039,2026-01-26 03:11:33.498699,Nairobi,Nakuru,155,3.3961554776958054,Diesel,19.473235519994024,30.18351505599074,5734.86786063824
TR00700,VH038,2026-01-26 04:03:24.520904,Nairobi,Naivasha,95,1.8353618240015057,Diesel,11.830066959200757,11.238563611240718,2135.3270861357364
TR00701,VH034,2026-01-26 04:55:15.543108,Kisumu,Machakos,465,8.042149634026131,Diesel,13.401740979259952,62.31809555355878,11840.438155176167
TR00702,VH038,2026-01-26 05:47:06.565313,Nairobi,Machakos,115,2.336766247250156,Diesel,10.65893334317055,12.257773344646132,2328.976935482765
TR00703,VH050,2026-01-26 06:38:57.587517,Thika,Machakos,80,1.6490786095799,Diesel,9.611170964272631,7.688936771418105,1460.89798656944
TR00704,VH034,2026-01-26 07:30:48.609721,Naivasha,Mombasa,620,11.332026042663012,Diesel,11.46987494152633,71.11322463746325,13511.512681118016
TR00705,VH018,2026-01-26 08:22:39.631926,Nairobi,Mombasa,480,10.034308776590331,Diesel,10.382052705468373,49.83385298624819,9468.432067387155
TR00706,VH030,2026-01-26 09:14:30.654130,Kisumu,Thika,370,6.256320946308372,Diesel,12.843639708240799,47.52146692049096,9029.078714893281
TR00707,VH015,2026-01-26 10:06:21.676335,Nakuru,Mombasa,630,9.514616027457423,Petrol,11.258183423416117,70.92655556752153,14185.311113504307
TR00708,VH027,2026-01-26 10:58:12.698539,Nakuru,Machakos,270,6.300099756100026,Petrol,21.04471374445852,56.82072711003801,11364.145422007601
TR00709,VH034,2026-01-26 11:50:03.720744,Mombasa,Machakos,420,10.500053619120312,Diesel,9.559864852434966,40.15143238022686,7628.772152243103
TR00710,VH038,2026-01-26 12:41:54.742948,Machakos,Kisumu,465,8.777931818730918,Diesel,10.7052484512492,49.77940529830879,9458.08700667867
TR00711,VH033,2026-01-26 13:33:45.765153,Nairobi,Machakos,115,2.8955611031732627,Petrol,13.10539288723425,15.071201820319388,3014.2403640638777
TR00712,VH024,2026-01-26 14:25:36.787357,Machakos,Thika,80,2.021254493114292,Petrol,13.429413687858723,10.74353095028698,2148.706190057396
TR00713,VH015,2026-01-26 15:17:27.809561,Naivasha,Machakos,190,5.653692778432259,Petrol,10.173417664426252,19.329493562409876,3865.898712481975
TR00714,VH030,2026-01-26 16:09:18.831766,Kisumu,Eldoret,120,2.5563471084442697,Diesel,10.567302507623845,12.680763009148613,2409.3449717382364
TR00715,VH042,2026-01-26 17:01:09.853970,Nairobi,Machakos,115,2.3122048541338422,Diesel,10.267083359672553,11.807145863623434,2243.3577140884527
TR00716,VH017,2026-01-26 17:53:00.876175,Eldoret,Naivasha,235,5.124168850105626,Petrol,12.041488068709484,28.29749696146729,5659.499392293457
TR00717,VH005,2026-01-26 18:44:51.898379,Thika,Eldoret,350,5.726190069079437,Diesel,23.00747248750144,80.52615370625503,15299.969204188455
TR00718,VH029,2026-01-26 19:36:42.920584,Nairobi,Nakuru,155,2.5608364645333146,Diesel,11.864049946016028,18.389277416324845,3493.9627091017205
TR00719,VH004,2026-01-26 20:28:33.942788,Nairobi,Naivasha,95,1.451916683120183,Diesel,13.398379337453198,12.728460370580537,2418.407470410302
TR00720,VH010,2026-01-26 21:20:24.964992,Machakos,Kisumu,465,9.231277252929988,Diesel,13.56479407779763,63.07629246175899,11984.495567734208
TR00721,VH017,2026-01-26 22:12:15.987197,Machakos,Mombasa,420,7.0623187875274125,Petrol,13.676711406984527,57.44218790933502,11488.437581867003
TR00722,VH010,2026-01-26 23:04:07.009401,Nakuru,Mombasa,630,12.006673151067398,Diesel,10.324368189175535,65.04351959180588,12358.268722443116
TR00723,VH017,2026-01-26 23:55:58.031606,Thika,Kisumu,370,7.161236012668999,Petrol,9.961458616155399,36.85739687977498,7371.479375954997
TR00724,VH020,2026-01-27 00:47:49.053810,Kisumu,Nairobi,350,7.5657826321572035,Petrol,9.34262993798494,32.69920478294729,6539.840956589458
TR00725,VH024,2026-01-27 01:39:40.076015,Nairobi,Machakos,115,3.6056005188921283,Petrol,13.339969666680553,15.340965116682634,3068.193023336527
TR00726,VH005,2026-01-27 02:31:31.098219,Nakuru,Naivasha,75,1.3612027400372237,Diesel,23.54811012023498,17.661082590176235,3355.605692133485
TR00727,VH034,2026-01-27 03:23:22.120424,Machakos,Kisumu,465,7.850341774269703,Diesel,11.873210353109195,55.21042814195776,10489.981346971976
TR00728,VH006,2026-01-27 04:15:13.142628,Mombasa,Thika,520,13.758413060903564,Diesel,18.585643870358282,96.64534812586307,18362.616143913983
TR00729,VH002,2026-01-27 05:07:04.164832,Thika,Nakuru,200,4.006216790925677,Petrol,19.913186510576036,39.82637302115207,7965.274604230414
TR00730,VH013,2026-01-27 05:58:55.187037,Nakuru,Eldoret,160,2.7618026030366023,Petrol,20.08403893640962,32.13446229825539,6426.892459651079
TR00731,VH043,2026-01-27 06:50:46.209241,Nakuru,Machakos,270,5.729563363163128,Diesel,12.803715980077087,34.57003314620814,6568.306297779546
TR00732,VH043,2026-01-27 07:42:37.231446,Naivasha,Machakos,190,3.1908731951555844,Diesel,11.290219470183578,21.451416993348797,4075.7692287362715
TR00733,VH048,2026-01-27 08:34:28.253650,Nakuru,Mombasa,630,12.889304108513253,Diesel,18.510719047390683,116.6175299985613,22157.330699726645
TR00734,VH011,2026-01-27 09:26:19.275855,Naivasha,Mombasa,620,13.53749276998804,Diesel,13.653811509266497,84.65363135745228,16084.189957915934
TR00735,VH047,2026-01-27 10:18:10.298059,Nairobi,Eldoret,310,5.166469023090239,Petrol,10.495401058277057,32.53574328065888,6507.148656131775
TR00736,VH023,2026-01-27 11:10:01.320264,Nairobi,Kisumu,350,8.229490852862591,Diesel,11.261870885116503,39.41654809790776,7489.1441386024735
TR00737,VH016,2026-01-27 12:01:52.342468,Machakos,Kisumu,465,10.520179257483042,Diesel,18.89366644487614,87.85554896867406,16692.55430404807
TR00738,VH031,2026-01-27 12:53:43.364672,Mombasa,Kisumu,850,19.843292651764635,Petrol,13.012741516972898,110.60830289426964,22121.660578853927
TR00739,VH011,2026-01-27 13:45:34.386877,Eldoret,Nakuru,160,3.915883125634373,Diesel,12.827659384620288,20.524255015392463,3899.6084529245677
TR00740,VH016,2026-01-27 14:37:25.409081,Eldoret,Machakos,430,8.394458110576524,Diesel,24.311099383469042,104.53772734891687,19862.168196294206
TR00741,VH008,2026-01-27 15:29:16.431286,Eldoret,Machakos,430,9.368901392803126,Diesel,11.477357815326666,49.352638605904666,9377.001335121886
TR00742,VH004,2026-01-27 16:21:07.453490,Machakos,Naivasha,190,3.5244641085908412,Diesel,14.707128359089399,27.943543882269857,5309.273337631273
TR00743,VH040,2026-01-27 17:12:58.475695,Naivasha,Eldoret,235,6.5055725751268305,Petrol,14.45934102190663,33.97945140148058,6795.8902802961165
TR00744,VH004,2026-01-27 18:04:49.497899,Machakos,Naivasha,190,4.631930327033808,Diesel,12.88229928229617,24.47636863636272,4650.510040908917
TR00745,VH025,2026-01-27 18:56:40.520104,Thika,Naivasha,145,2.8762631941135064,Diesel,24.537254067049044,35.57901839722111,6760.0134954720115
TR00746,VH003,2026-01-27 19:48:31.542308,Thika,Mombasa,520,8.420037484911592,Diesel,11.615443736472761,60.40030742965836,11476.05841163509
TR00747,VH032,2026-01-27 20:40:22.564512,Mombasa,Nakuru,630,11.880512102249286,Petrol,11.828210813521057,74.51772812518266,14903.545625036531
TR00748,VH003,2026-01-27 21:32:13.586717,Thika,Nakuru,200,4.416485613237517,Diesel,10.227389756530185,20.45477951306037,3886.4081074814703
TR00749,VH027,2026-01-27 22:24:04.608921,Eldoret,Mombasa,750,19.693439230309746,Petrol,22.12440634734697,165.93304760510227,33186.60952102045
TR00750,VH029,2026-01-27 23:15:55.631126,Eldoret,Nairobi,310,6.916982349079317,Diesel,13.609619849644666,42.18982153389847,8016.066091440709
TR00751,VH032,2026-01-28 00:07:46.653330,Machakos,Nakuru,270,5.436957498983507,Petrol,13.867595951210516,37.44250906826839,7488.501813653678
TR00752,VH050,2026-01-28 00:59:37.675535,Nakuru,Mombasa,630,20.232211288586978,Diesel,9.749081430230516,61.41921301045225,11669.650471985928
TR00753,VH019,2026-01-28 01:51:28.697739,Thika,Nairobi,45,1.1168182055172111,Diesel,11.220795361562502,5.049357912703126,959.378003413594
TR00754,VH021,2026-01-28 02:43:19.719943,Machakos,Eldoret,430,9.750665885274199,Petrol,19.23804248465741,82.72358268402685,16544.716536805372
TR00755,VH005,2026-01-28 03:35:10.742148,Nairobi,Nakuru,155,3.2331588673357774,Diesel,22.634891441979743,35.0840817350686,6665.975529663034
TR00756,VH018,2026-01-28 04:27:01.764352,Nairobi,Mombasa,480,9.68419279127773,Diesel,9.789731862108841,46.990712938122435,8928.235458243264
TR00757,VH028,2026-01-28 05:18:52.786557,Nakuru,Eldoret,160,3.5466449824865687,Petrol,14.520818419780374,23.2333094716486,4646.66189432972
TR00758,VH042,2026-01-28 06:10:43.808761,Nakuru,Naivasha,75,1.3876814657647338,Diesel,11.153173228307066,8.3648799212303,1589.327185033757
TR00759,VH022,2026-01-28 07:02:34.830966,Nakuru,Eldoret,160,3.137399147008974,Petrol,20.039815864017715,32.063705382428346,6412.7410764856695
TR00760,VH021,2026-01-28 07:54:25.853170,Machakos,Nairobi,115,2.444754203241503,Petrol,23.956344255056997,27.549795893315544,5509.959178663109
TR00761,VH006,2026-01-28 08:46:16.875375,Nairobi,Kisumu,350,6.34630483043786,Diesel,21.209273271020066,74.23245644857023,14104.166725228344
TR00762,VH001,2026-01-28 09:38:07.897579,Eldoret,Machakos,430,7.890556161004379,Petrol,10.119979729000365,43.51591283470157,8703.182566940313
TR00763,VH005,2026-01-28 10:29:58.919783,Nakuru,Machakos,270,7.036818690184789,Diesel,21.46210375841852,57.94768014773001,11010.059228068701
TR00764,VH041,2026-01-28 11:21:49.941988,Mombasa,Machakos,420,8.44326676966244,Diesel,18.59180334766086,78.08557406017562,14836.259071433367
TR00765,VH012,2026-01-28 12:13:40.964192,Naivasha,Nakuru,75,1.3129773008539787,Diesel,14.926723593436552,11.195042695077415,2127.058112064709
TR00766,VH026,2026-01-28 13:05:31.986397,Machakos,Mombasa,420,7.184410129577834,Diesel,22.116780993189217,92.89048017139471,17649.191232564997
TR00767,VH046,2026-01-28 13:57:23.008601,Nakuru,Machakos,270,5.0974875303729466,Diesel,11.282663088054893,30.463190337748212,5788.00616417216
TR00768,VH034,2026-01-28 14:49:14.030806,Naivasha,Kisumu,270,5.609376541713654,Diesel,11.81858839773809,31.910188673892844,6062.93584803964
TR00769,VH049,2026-01-28 15:41:05.053010,Kisumu,Nakuru,190,3.5600152192573074,Diesel,9.384335516908774,17.83023748212667,3387.745121604067
TR00770,VH014,2026-01-28 16:32:56.075215,Nakuru,Kisumu,190,3.365083936344644,Diesel,13.999456521344085,26.59896739055376,5053.803804205214
TR00771,VH026,2026-01-28 17:24:47.097419,Nairobi,Machakos,115,2.25814946343919,Diesel,24.477296377049147,28.148890833606515,5348.289258385238
TR00772,VH045,2026-01-28 18:16:38.119623,Thika,Kisumu,370,7.138883463278913,Diesel,24.121110717443116,89.24810965453953,16957.14083436251
TR00773,VH027,2026-01-28 19:08:29.141828,Nakuru,Thika,200,4.166529972773016,Petrol,20.39230321608994,40.78460643217988,8156.921286435975
TR00774,VH009,2026-01-28 20:00:20.164032,Machakos,Nakuru,270,6.869229492560359,Diesel,11.628840598216843,31.397869615185478,5965.595226885241
TR00775,VH026,2026-01-28 20:52:11.186237,Thika,Machakos,80,1.6459182541424828,Diesel,18.2456132785141,14.596490622811281,2773.3332183341436
TR00776,VH047,2026-01-28 21:44:02.208441,Kisumu,Naivasha,270,6.056108033117252,Petrol,12.257001793504584,33.09390484246238,6618.780968492476
TR00777,VH022,2026-01-28 22:35:53.230646,Mombasa,Nairobi,480,10.760250000717123,Petrol,21.744333489328564,104.37280074877711,20874.560149755423
TR00778,VH047,2026-01-28 23:27:44.252850,Thika,Mombasa,520,8.459318077673027,Petrol,11.296731856636708,58.74300565451088,11748.601130902176
TR00779,VH030,2026-01-29 00:19:35.275055,Naivasha,Nakuru,75,1.3018017504089427,Diesel,14.538154766673536,10.903616075005152,2071.6870542509787
TR00780,VH043,2026-01-29 01:11:26.297259,Eldoret,Naivasha,235,6.446832906565485,Diesel,10.839394505414232,25.472577087723444,4839.789646667455
TR00781,VH048,2026-01-29 02:03:17.319463,Nakuru,Naivasha,75,1.8150590458439109,Diesel,18.067663866831275,13.550747900123456,2574.6421010234567
TR00782,VH017,2026-01-29 02:55:08.341668,Kisumu,Nakuru,190,4.034698094120105,Petrol,9.366582260603828,17.79650629514727,3559.3012590294543
TR00783,VH026,2026-01-29 03:46:59.363872,Kisumu,Thika,370,8.245135975657561,Diesel,19.563600064791583,72.38532023972886,13753.210845548483
TR00784,VH036,2026-01-29 04:38:50.386077,Thika,Nairobi,45,0.8565009514764772,Diesel,9.166427746317284,4.124892485842778,783.7295723101278
TR00785,VH001,2026-01-29 05:30:41.408281,Mombasa,Nakuru,630,15.72981888714643,Petrol,12.514218553215677,78.83957688525877,15767.915377051753
TR00786,VH008,2026-01-29 06:22:32.430486,Nairobi,Kisumu,350,6.069196923158048,Diesel,10.57045227616789,36.99658296658762,7029.350763651647
TR00787,VH049,2026-01-29 07:14:23.452690,Nakuru,Mombasa,630,12.689344241327044,Diesel,9.902415040340664,62.385214754146176,11853.190803287773
TR00788,VH035,2026-01-29 08:06:14.474894,Kisumu,Eldoret,120,2.5382909845133756,Diesel,13.75042037474331,16.50050444969197,3135.0958454414745
TR00789,VH015,2026-01-29 08:58:05.497099,Mombasa,Naivasha,620,12.428475013760634,Petrol,10.02225663116265,62.13799111320843,12427.598222641685
TR00790,VH047,2026-01-29 09:49:56.519303,Eldoret,Naivasha,235,5.0364407478405635,Petrol,12.438025504968966,29.22935993667707,5845.871987335414
TR00791,VH022,2026-01-29 10:41:47.541508,Kisumu,Nakuru,190,5.628819174034067,Petrol,20.44485434093347,38.845223247773596,7769.044649554719
TR00792,VH014,2026-01-29 11:33:38.563712,Mombasa,Kisumu,850,16.967623112483658,Diesel,12.559138803312774,106.75267982815858,20283.00916735013
TR00793,VH026,2026-01-29 12:25:29.585917,Machakos,Kisumu,465,9.80308885566702,Diesel,24.537069278959237,114.09737214716046,21678.500707960487
TR00794,VH028,2026-01-29 13:17:20.608121,Nairobi,Thika,45,1.0622140191175733,Petrol,10.186758174079063,4.584041178335578,916.8082356671157
TR00795,VH023,2026-01-29 14:09:11.630326,Nairobi,Kisumu,350,5.954463125722021,Diesel,11.50132253738731,40.254628880855584,7648.379487362561
TR00796,VH014,2026-01-29 15:01:02.652530,Kisumu,Naivasha,270,4.877563746459421,Diesel,14.272114801638091,38.53470996442285,7321.594893240342
TR00797,VH024,2026-01-29 15:52:53.674734,Naivasha,Mombasa,620,8.919470376501497,Petrol,11.939871241851742,74.0272016994808,14805.44033989616
TR00798,VH002,2026-01-29 16:44:44.696939,Kisumu,Nairobi,350,6.175167118390573,Petrol,19.938093618756096,69.78332766564634,13956.665533129268
TR00799,VH045,2026-01-29 17:36:35.719143,Thika,Machakos,80,1.7836233272167121,Diesel,20.78376794601524,16.627014356812193,3159.132727794317
TR00800,VH026,2026-01-29 18:28:26.741348,Nakuru,Mombasa,630,14.735571926129762,Diesel,22.761859401100022,143.39971422693014,27245.945703116726
TR00801,VH014,2026-01-29 19:20:17.763552,Mombasa,Thika,520,11.293163864733161,Diesel,14.454059471569014,75.16110925215888,14280.610757910188
TR00802,VH007,2026-01-29 20:12:08.785757,Kisumu,Nairobi,350,7.835767493965065,Petrol,10.205331868733058,35.718661540565705,7143.732308113141
TR00803,VH003,2026-01-29 21:03:59.807961,Nakuru,Mombasa,630,12.384444553913971,Diesel,10.357694109451883,65.25347288954686,12398.159849013902
TR00804,VH047,2026-01-29 21:55:50.830166,Thika,Mombasa,520,13.796901811198898,Petrol,10.625257618047938,55.251339613849275,11050.267922769855
TR00805,VH023,2026-01-29 22:47:41.852370,Machakos,Kisumu,465,8.427227063899629,Diesel,10.163898422187394,47.262127663171384,8979.804256002562
TR00806,VH046,2026-01-29 23:39:32.874574,Machakos,Naivasha,190,3.7453500280664267,Diesel,11.32465443111203,21.516843419112856,4088.2002496314426
TR00807,VH043,2026-01-30 00:31:23.896779,Nakuru,Thika,200,3.6859759027837504,Diesel,11.106349993129404,22.21269998625881,4220.412997389174
TR00808,VH047,2026-01-30 01:23:14.918983,Kisumu,Naivasha,270,6.610060364667834,Petrol,9.979125244275789,26.94363815954463,5388.727631908926
TR00809,VH045,2026-01-30 02:15:05.941188,Nairobi,Eldoret,310,5.964576936012831,Diesel,18.914367768085043,58.63454008106363,11140.56261540209
TR00810,VH018,2026-01-30 03:06:56.963392,Mombasa,Nairobi,480,7.947886681051542,Diesel,13.66977065897619,65.61489916308571,12466.830840986286
TR00811,VH038,2026-01-30 03:58:47.985597,Mombasa,Machakos,420,9.741176479125498,Diesel,10.720947319530765,45.02797874202921,8555.31596098555
TR00812,VH035,2026-01-30 04:50:39.007801,Machakos,Thika,80,1.864925569784542,Diesel,11.022018873827681,8.817615099062145,1675.3468688218077
TR00813,VH015,2026-01-30 05:42:30.030006,Machakos,Kisumu,465,8.34894500259097,Petrol,10.231328619903929,47.575678082553274,9515.135616510655
TR00814,VH025,2026-01-30 06:34:21.052210,Nairobi,Machakos,115,2.722048658354362,Diesel,24.531104111912946,28.210769728699884,5360.046248452978
TR00815,VH037,2026-01-30 07:26:12.074414,Naivasha,Eldoret,235,4.88223142288416,Diesel,13.778570668005424,32.37964106981275,6152.131803264422
TR00816,VH028,2026-01-30 08:18:03.096619,Kisumu,Nakuru,190,3.074142089407328,Petrol,13.948497151577573,26.50214458799739,5300.428917599478
TR00817,VH010,2026-01-30 09:09:54.118823,Machakos,Nakuru,270,6.277515153278816,Diesel,10.52379129769249,28.414236503769725,5398.704935716248
TR00818,VH039,2026-01-30 10:01:45.141028,Machakos,Nairobi,115,1.8442628500731504,Diesel,23.854169125109703,27.432294493876157,5212.1359538364695
TR00819,VH017,2026-01-30 10:53:36.163232,Machakos,Nakuru,270,5.706586826430619,Petrol,11.04096540908709,29.810606604535142,5962.121320907028
TR00820,VH039,2026-01-30 11:45:27.185437,Mombasa,Eldoret,750,18.27913434984121,Diesel,19.839761183486722,148.79820887615043,28271.65968646858
TR00821,VH022,2026-01-30 12:37:18.207641,Kisumu,Nairobi,350,6.383409468776118,Petrol,22.030250584642175,77.10587704624761,15421.175409249523
TR00822,VH026,2026-01-30 13:29:09.229845,Thika,Naivasha,145,2.8508521596327796,Diesel,23.755280340717135,34.44515649403984,6544.57973386757
TR00823,VH044,2026-01-30 14:21:00.252050,Kisumu,Thika,370,7.384427411235376,Petrol,23.450565057524365,86.76709071284016,17353.418142568033
TR00824,VH025,2026-01-30 15:12:51.274254,Nakuru,Nairobi,155,3.5347571828760436,Diesel,24.229982378067923,37.556472686005286,7135.729810341004
TR00825,VH017,2026-01-30 16:04:42.296459,Nairobi,Naivasha,95,1.869945355496976,Petrol,13.64066093007722,12.958627883573358,2591.7255767146717
TR00826,VH013,2026-01-30 16:56:33.318663,Naivasha,Nairobi,95,2.8392996251462312,Petrol,19.666854499994248,18.683511774994535,3736.702354998907
TR00827,VH020,2026-01-30 17:48:24.340868,Machakos,Mombasa,420,8.115923539691838,Petrol,11.119289470846358,46.7010157775547,9340.20315551094
TR00828,VH025,2026-01-30 18:40:15.363072,Machakos,Mombasa,420,6.956176827804464,Diesel,18.10239977443549,76.03007905262906,14445.715019999521
TR00829,VH004,2026-01-30 19:32:06.385277,Kisumu,Nairobi,350,9.755670508764485,Diesel,14.3966082963253,50.388129037138555,9573.744517056326
TR00830,VH010,2026-01-30 20:23:57.407481,Naivasha,Machakos,190,4.064536429648763,Diesel,10.772860757373838,20.468435439010292,3889.0027334119554
TR00831,VH003,2026-01-30 21:15:48.429685,Machakos,Nakuru,270,6.278649026874639,Diesel,14.307374061713471,38.62990996662637,7339.682893659011
TR00832,VH041,2026-01-30 22:07:39.451890,Naivasha,Mombasa,620,16.353847575939003,Diesel,20.305711253906175,125.8954097742183,23920.127857101477
TR00833,VH045,2026-01-30 22:59:30.474094,Thika,Machakos,80,2.382582986909837,Diesel,20.57693512986797,16.461548103894376,3127.6941397399314
TR00834,VH018,2026-01-30 23:51:21.496299,Eldoret,Machakos,430,10.603326134218689,Diesel,9.195661272419297,39.541343471402975,7512.855259566565
TR00835,VH047,2026-01-31 00:43:12.518503,Nairobi,Thika,45,0.936310357670964,Petrol,10.634393948826599,4.78547727697197,957.095455394394
TR00836,VH036,2026-01-31 01:35:03.540708,Naivasha,Thika,145,2.449609985768745,Diesel,13.44181841400632,19.490636700309164,3703.220973058741
TR00837,VH047,2026-01-31 02:26:54.562912,Mombasa,Eldoret,750,19.83167722663718,Petrol,9.12773700560802,68.45802754206015,13691.60550841203
TR00838,VH022,2026-01-31 03:18:45.585117,Nakuru,Mombasa,630,12.03320199418994,Petrol,20.844292311327077,131.3190415613606,26263.80831227212
TR00839,VH034,2026-01-31 04:10:36.607321,Mombasa,Nairobi,480,9.27408407354666,Diesel,9.156998149063705,43.95359111550578,8351.182311946099
TR00840,VH047,2026-01-31 05:02:27.629525,Machakos,Nakuru,270,4.260307725509465,Petrol,10.854617125545325,29.307466238972378,5861.493247794476
TR00841,VH008,2026-01-31 05:54:18.651730,Thika,Kisumu,370,6.780499436398311,Diesel,9.863203203901456,36.49385185443539,6933.831852342724
TR00842,VH040,2026-01-31 06:46:09.673934,Thika,Naivasha,145,2.6349840572001377,Petrol,11.26109196634186,16.328583351195697,3265.716670239139
TR00843,VH049,2026-01-31 07:38:00.696139,Mombasa,Machakos,420,7.554717306814249,Diesel,13.387991865807095,56.2295658363898,10683.617508914063
TR00844,VH044,2026-01-31 08:29:51.718343,Nairobi,Naivasha,95,2.2297253718445105,Petrol,21.052344544353236,19.999727317135573,3999.9454634271146
TR00845,VH019,2026-01-31 09:21:42.740548,Mombasa,Nakuru,630,13.871329604736168,Diesel,10.36898995700956,65.32463672916023,12411.680978540444
TR00846,VH042,2026-01-31 10:13:33.762752,Kisumu,Naivasha,270,4.581322653885667,Diesel,12.946691889752739,34.956068102332395,6641.652939443155
TR00847,VH041,2026-01-31 11:05:24.784956,Machakos,Thika,80,2.381405900424751,Diesel,18.994748718828077,15.195798975062463,2887.201805261868
TR00848,VH037,2026-01-31 11:57:15.807161,Machakos,Nakuru,270,6.061761071371331,Diesel,11.296958037104279,30.501786700181555,5795.339473034495
TR00849,VH006,2026-01-31 12:49:06.829365,Mombasa,Machakos,420,10.672487161957896,Diesel,21.82373577322022,91.65969024752494,17415.341147029736
TR00850,VH026,2026-01-31 13:40:57.851570,Nakuru,Kisumu,190,3.6627245745258397,Diesel,19.66266129293648,37.35905645657931,7098.220726750069
TR00851,VH034,2026-01-31 14:32:48.873774,Nakuru,Kisumu,190,4.074880753572,Diesel,12.395638687004366,23.551713505308296,4474.825566008576
TR00852,VH045,2026-01-31 15:24:39.895979,Machakos,Nairobi,115,2.0906139798431274,Diesel,21.44043911581666,24.656504983189155,4684.735946805939
TR00853,VH006,2026-01-31 16:16:30.918183,Eldoret,Naivasha,235,4.783419125818965,Diesel,23.403923491782837,54.99922020568967,10449.851839081037
TR00854,VH037,2026-01-31 17:08:21.940388,Nakuru,Naivasha,75,1.9930238087932088,Diesel,14.741222678612342,11.055917008959256,2100.6242317022584
TR00855,VH033,2026-01-31 18:00:12.962592,Mombasa,Naivasha,620,16.31533484005227,Petrol,9.579024446737039,59.38995156976964,11877.99031395393
TR00856,VH022,2026-01-31 18:52:03.984796,Nakuru,Thika,200,4.003874801818778,Petrol,20.342655069891812,40.685310139783624,8137.062027956725
TR00857,VH021,2026-01-31 19:43:55.007001,Machakos,Nakuru,270,6.160034933906568,Petrol,20.236843440148846,54.639477288401885,10927.895457680377
TR00858,VH006,2026-01-31 20:35:46.029205,Nairobi,Eldoret,310,6.777596362063281,Diesel,19.05828043536078,59.08066934961842,11225.3271764275
TR00859,VH006,2026-01-31 21:27:37.051410,Naivasha,Mombasa,620,10.781235564807012,Diesel,23.672121961334295,146.76715616027263,27885.7596704518
TR00860,VH048,2026-01-31 22:19:28.073614,Nakuru,Machakos,270,4.815215102561773,Diesel,23.31915092827153,62.961707506333134,11962.724426203296
TR00861,VH004,2026-01-31 23:11:19.095819,Kisumu,Eldoret,120,1.8638787386790459,Diesel,12.422127354171995,14.906552825006393,2832.2450367512147
TR00862,VH030,2026-02-01 00:03:10.118023,Nairobi,Machakos,115,2.422617609807239,Diesel,12.688853888973048,14.592181972319004,2772.514574740611
TR00863,VH011,2026-02-01 00:55:01.140228,Eldoret,Nairobi,310,6.908720459341159,Diesel,10.297720690012481,31.92293413903869,6065.3574864173515
TR00864,VH030,2026-02-01 01:46:52.162432,Kisumu,Nairobi,350,6.561001830239363,Diesel,12.77753676163523,44.7213786657233,8497.061946487427
TR00865,VH031,2026-02-01 02:38:43.184636,Mombasa,Machakos,420,9.228001997141153,Petrol,12.956707620098182,54.41817200441237,10883.634400882474
TR00866,VH024,2026-02-01 03:30:34.206841,Naivasha,Thika,145,3.1676325731581563,Petrol,11.869137867919285,17.210249908482965,3442.049981696593
TR00867,VH009,2026-02-01 04:22:25.229045,Mombasa,Eldoret,750,15.50125245257689,Diesel,11.326531850602095,84.94898887951571,16140.307887107985
TR00868,VH003,2026-02-01 05:14:16.251250,Naivasha,Thika,145,2.2935057283654388,Diesel,13.337741361671686,19.339724974423945,3674.5477451405495
TR00869,VH031,2026-02-01 06:06:07.273454,Naivasha,Eldoret,235,4.224208289654748,Petrol,10.807442149826239,25.39748905209166,5079.497810418332
TR00870,VH040,2026-02-01 06:57:58.295659,Mombasa,Nairobi,480,8.50000376559209,Petrol,12.724366421428677,61.07695882285765,12215.39176457153
TR00871,VH037,2026-02-01 07:49:49.317863,Kisumu,Nairobi,350,5.567677654071996,Diesel,12.437826816394624,43.53239385738119,8271.154832902426
TR00872,VH036,2026-02-01 08:41:40.340068,Kisumu,Eldoret,120,2.097159157983388,Diesel,10.905875004825901,13.087050005791081,2486.539501100305
TR00873,VH024,2026-02-01 09:33:31.362272,Naivasha,Nairobi,95,2.319972847138076,Petrol,12.594389901970676,11.964670406872141,2392.9340813744284
TR00874,VH031,2026-02-01 10:25:22.384476,Kisumu,Thika,370,6.479966693722933,Petrol,13.419380559929408,49.65170807173881,9930.341614347763
TR00875,VH006,2026-02-01 11:17:13.406681,Naivasha,Eldoret,235,4.043773322631641,Diesel,18.036487629338474,42.38574592894542,8053.2917264996295
TR00876,VH002,2026-02-01 12:09:04.428885,Machakos,Eldoret,430,7.787750288826192,Petrol,24.535315634612573,105.50185722883406,21100.37144576681
TR00877,VH020,2026-02-01 13:00:55.451090,Naivasha,Mombasa,620,12.800273510389099,Petrol,11.557575680416125,71.65696921857997,14331.393843715994
TR00878,VH028,2026-02-01 13:52:46.473294,Machakos,Eldoret,430,7.908678140670221,Petrol,13.503659401816325,58.065735427810196,11613.14708556204
TR00879,VH011,2026-02-01 14:44:37.495499,Nairobi,Thika,45,0.9029239887817443,Diesel,14.278122830879386,6.425155273895724,1220.7795020401875
TR00880,VH004,2026-02-01 15:36:28.517703,Thika,Mombasa,520,12.329493481483153,Diesel,12.33551846157135,64.14469600017102,12187.492240032494
TR00881,VH015,2026-02-01 16:28:19.539907,Nairobi,Naivasha,95,2.151125348766996,Petrol,13.17487036682445,12.516126848483227,2503.2253696966454
TR00882,VH006,2026-02-01 17:20:10.562112,Mombasa,Kisumu,850,15.279585161379574,Diesel,19.243338736186416,163.56837925758452,31077.99205894106
TR00883,VH049,2026-02-01 18:12:01.584316,Thika,Nairobi,45,1.0525469181148388,Diesel,9.795837672399072,4.4081269525795825,837.5441209901206
TR00884,VH030,2026-02-01 19:03:52.606521,Nakuru,Thika,200,4.596901008377316,Diesel,13.287356844280769,26.574713688561538,5049.1956008266925
TR00885,VH038,2026-02-01 19:55:43.628725,Mombasa,Nairobi,480,8.567286337459066,Diesel,14.350715027758685,68.88343213324168,13087.85210531592
TR00886,VH002,2026-02-01 20:47:34.650930,Eldoret,Kisumu,120,2.349701697892232,Petrol,24.246983242752275,29.09637989130273,5819.275978260545
TR00887,VH015,2026-02-01 21:39:25.673134,Nairobi,Mombasa,480,8.788384510652078,Petrol,12.218702291886233,58.649771001053914,11729.954200210783
TR00888,VH011,2026-02-01 22:31:16.695339,Kisumu,Machakos,465,11.576420561856823,Diesel,12.627446151046588,58.717624602366634,11156.34867444966
TR00889,VH008,2026-02-01 23:23:07.717543,Nairobi,Naivasha,95,1.7464700512026283,Diesel,10.656965438482581,10.124117166558452,1923.582261646106
TR00890,VH026,2026-02-02 00:14:58.739747,Kisumu,Mombasa,850,19.007251347660404,Diesel,24.86000290919532,211.31002472816022,40148.90469835044
TR00891,VH045,2026-02-02 01:06:49.761952,Thika,Nairobi,45,1.0748853999157653,Diesel,20.237869806663753,9.107041412998688,1730.3378684697507
TR00892,VH044,2026-02-02 01:58:40.784156,Eldoret,Nairobi,310,6.745400598094719,Petrol,23.209302750621152,71.94883852692557,14389.767705385115
TR00893,VH005,2026-02-02 02:50:31.806361,Thika,Nairobi,45,0.7389584865379901,Diesel,21.723872599335003,9.775742669700751,1857.3911072431426
TR00894,VH006,2026-02-02 03:42:22.828565,Eldoret,Nakuru,160,3.3981554911944425,Diesel,22.259586397677428,35.61533823628388,6766.914264893938
TR00895,VH026,2026-02-02 04:34:13.850770,Nairobi,Kisumu,350,5.176662810818757,Diesel,20.754363854120385,72.64027348942135,13801.651962990056
TR00896,VH004,2026-02-02 05:26:04.872974,Kisumu,Eldoret,120,3.5818142163607725,Diesel,14.82411562736124,17.788938752833488,3379.8983630383627
TR00897,VH019,2026-02-02 06:17:55.895179,Thika,Mombasa,520,13.818843647736156,Diesel,11.858411630496356,61.663740478581055,11716.1106909304
TR00898,VH020,2026-02-02 07:09:46.917383,Eldoret,Nairobi,310,5.116061831965903,Petrol,13.68893815229395,42.43570827211125,8487.14165442225
TR00899,VH033,2026-02-02 08:01:37.939587,Naivasha,Nairobi,95,1.517454646504798,Petrol,9.037957080869571,8.586059226826093,1717.2118453652186
TR00900,VH020,2026-02-02 08:53:28.961792,Mombasa,Nairobi,480,11.138870077155367,Petrol,11.863352915955605,56.94409399658691,11388.818799317381
TR00901,VH049,2026-02-02 09:45:19.983996,Mombasa,Nairobi,480,9.495333145221963,Diesel,12.585934448626357,60.41248535340651,11478.372217147236
TR00902,VH012,2026-02-02 10:37:11.006201,Thika,Nakuru,200,3.5908241936287872,Diesel,13.72540085581109,27.45080171162218,5215.652325208214
TR00903,VH047,2026-02-02 11:29:02.028405,Kisumu,Naivasha,270,5.605730942083566,Petrol,13.524884408908406,36.5171879040527,7303.43758081054
TR00904,VH001,2026-02-02 12:20:53.050610,Naivasha,Thika,145,2.8320900639312634,Petrol,10.022008045018932,14.531911665277452,2906.3823330554906
TR00905,VH026,2026-02-02 13:12:44.072814,Thika,Kisumu,370,7.387077916689338,Diesel,18.002311114816337,66.60855112482045,12655.624713715886
TR00906,VH014,2026-02-02 14:04:35.095019,Nairobi,Machakos,115,3.0145412955801265,Diesel,12.361317303976076,14.215514899572486,2700.9478309187725
TR00907,VH038,2026-02-02 14:56:26.117223,Eldoret,Thika,350,7.408550486020202,Diesel,10.146468525026853,35.51263983759399,6747.401569142858
TR00908,VH037,2026-02-02 15:48:17.139427,Machakos,Mombasa,420,8.383414125882323,Diesel,14.872662768311873,62.46518362690987,11868.384889112875
TR00909,VH011,2026-02-02 16:40:08.161632,Nairobi,Naivasha,95,1.8691598099451818,Diesel,11.11032587270696,10.554809579071613,2005.4138200236064
TR00910,VH036,2026-02-02 17:31:59.183836,Mombasa,Machakos,420,11.61634494077364,Diesel,11.363323646824224,47.72595931666174,9067.932270165731
TR00911,VH013,2026-02-02 18:23:50.206041,Eldoret,Nairobi,310,5.532794630340365,Petrol,18.427963410085564,57.126686571265246,11425.337314253049
TR00912,VH043,2026-02-02 19:15:41.228245,Thika,Naivasha,145,2.841134576844011,Diesel,12.610242080856292,18.28485101724162,3474.121693275908
TR00913,VH003,2026-02-02 20:07:32.250450,Nairobi,Eldoret,310,7.459649870256353,Diesel,11.899780625737042,36.88931993978483,7008.970788559119
TR00914,VH033,2026-02-02 20:59:23.272654,Nakuru,Thika,200,3.105951110978118,Petrol,9.22330014438612,18.44660028877224,3689.3200577544476
TR00915,VH006,2026-02-02 21:51:14.294858,Machakos,Thika,80,1.6939346617660482,Diesel,20.345869866873574,16.27669589349886,3092.5722197647838
TR00916,VH050,2026-02-02 22:43:05.317063,Kisumu,Eldoret,120,2.513256330633363,Diesel,10.957180101114279,13.148616121337135,2498.2370630540554
TR00917,VH010,2026-02-02 23:34:56.339267,Naivasha,Nakuru,75,1.3603301686793279,Diesel,14.9496074563747,11.212205592281025,2130.3190625333946
TR00918,VH005,2026-02-03 00:26:47.361472,Naivasha,Eldoret,235,3.611383807695923,Diesel,19.455201103435627,45.719722593073726,8686.747292684007
TR00919,VH023,2026-02-03 01:18:38.383676,Kisumu,Eldoret,120,2.16417750788213,Diesel,11.7238980768505,14.068677692220598,2673.0487615219135
TR00920,VH010,2026-02-03 02:10:29.405881,Nakuru,Machakos,270,4.769569831291485,Diesel,14.936577745993144,40.32875991418149,7662.464383694483
TR00921,VH044,2026-02-03 03:02:20.428085,Mombasa,Naivasha,620,14.766466518564108,Petrol,23.544134455580945,145.97363362460186,29194.726724920372
TR00922,VH002,2026-02-03 03:54:11.450290,Eldoret,Nakuru,160,3.15608760989446,Petrol,24.953572506174623,39.9257160098794,7985.14320197588
TR00923,VH013,2026-02-03 04:46:02.472494,Kisumu,Machakos,465,10.165732885335666,Petrol,24.778088202621184,115.21811014218852,23043.622028437705
TR00924,VH040,2026-02-03 05:37:53.494698,Nakuru,Eldoret,160,2.8759888637412,Petrol,12.447697710470772,19.916316336753237,3983.2632673506473
TR00925,VH002,2026-02-03 06:29:44.516903,Thika,Kisumu,370,6.563108342241259,Petrol,22.874630949093962,84.63613451164767,16927.226902329534
TR00926,VH020,2026-02-03 07:21:35.539107,Machakos,Naivasha,190,3.012724664457627,Petrol,9.552215634705755,18.149209705940933,3629.841941188187
TR00927,VH001,2026-02-03 08:13:26.561312,Naivasha,Thika,145,4.429744526996167,Petrol,12.205744125234009,17.698328981589313,3539.6657963178627
TR00928,VH037,2026-02-03 09:05:17.583516,Machakos,Eldoret,430,9.56504095128685,Diesel,14.045092711333488,60.393898658733995,11474.84074515946
TR00929,VH009,2026-02-03 09:57:08.605721,Nakuru,Kisumu,190,3.145591645435841,Diesel,12.526676604885717,23.80068554928286,4522.130254363744
TR00930,VH017,2026-02-03 10:48:59.627925,Machakos,Nairobi,115,2.964852736260606,Petrol,12.513495164086159,14.390519438699082,2878.1038877398164
TR00931,VH009,2026-02-03 11:40:50.650130,Mombasa,Nakuru,630,11.161266286110944,Diesel,13.728756649921385,86.49116689450472,16433.321709955897
TR00932,VH011,2026-02-03 12:32:41.672334,Mombasa,Thika,520,8.802816304363455,Diesel,11.267345706214469,58.59019767231524,11132.137557739896
TR00933,VH015,2026-02-03 13:24:32.694538,Nairobi,Kisumu,350,7.031885206301003,Petrol,13.378496864712828,46.824739026494896,9364.94780529898
TR00934,VH024,2026-02-03 14:16:23.716743,Kisumu,Machakos,465,12.03781193137237,Petrol,11.299112154545895,52.54087151863842,10508.174303727683
TR00935,VH038,2026-02-03 15:08:14.738947,Nairobi,Eldoret,310,6.322937819048136,Diesel,11.050925518107718,34.257869106133924,6508.9951301654455
TR00936,VH035,2026-02-03 16:00:05.761152,Machakos,Naivasha,190,3.0809419873917796,Diesel,14.327079408942218,27.221450876990215,5172.07566662814
TR00937,VH030,2026-02-03 16:51:56.783356,Naivasha,Nakuru,75,1.203617805473515,Diesel,12.089094030531268,9.06682052289845,1722.6958993507055
TR00938,VH031,2026-02-03 17:43:47.805561,Nakuru,Machakos,270,5.226172990345842,Petrol,12.751562191898598,34.42921791812622,6885.843583625244
TR00939,VH049,2026-02-03 18:35:38.827765,Eldoret,Machakos,430,10.19389777630587,Diesel,11.740165361107964,50.482711052764245,9591.715100025207
TR00940,VH005,2026-02-03 19:27:29.849969,Machakos,Mombasa,420,6.572031751138696,Diesel,20.673102265641504,86.82702951569432,16497.13560798192
TR00941,VH044,2026-02-03 20:19:20.872174,Eldoret,Naivasha,235,4.154337489210258,Petrol,23.669134905269985,55.62246702738447,11124.493405476893
TR00942,VH050,2026-02-03 21:11:11.894378,Mombasa,Nakuru,630,14.751362190046471,Diesel,11.922349658223066,75.11080284680531,14271.05254089301
TR00943,VH014,2026-02-03 22:03:02.916583,Eldoret,Nairobi,310,5.877874628746989,Diesel,11.952810512135159,37.053712587618996,7040.205391647609
TR00944,VH011,2026-02-03 22:54:53.938787,Eldoret,Nairobi,310,5.9189687999454526,Diesel,10.547989351675636,32.69876699019447,6212.765728136949
TR00945,VH009,2026-02-03 23:46:44.960992,Naivasha,Mombasa,620,13.80672920409414,Diesel,14.47722656883354,89.75880472676795,17054.17289808591
TR00946,VH034,2026-02-04 00:38:35.983196,Eldoret,Thika,350,6.630689867346694,Diesel,9.177347926708332,32.12071774347916,6102.936371261041
TR00947,VH012,2026-02-04 01:30:27.005401,Machakos,Eldoret,430,7.306774716683022,Diesel,14.315936741840282,61.55852798991321,11696.12031808351
TR00948,VH035,2026-02-04 02:22:18.027605,Nakuru,Machakos,270,5.668695436999958,Diesel,11.799807624415777,31.8594805859226,6053.301311325294
TR00949,VH035,2026-02-04 03:14:09.049809,Eldoret,Machakos,430,7.206765985504991,Diesel,13.196693817507029,56.74578341528022,10781.698848903243
TR00950,VH001,2026-02-04 04:06:00.072014,Thika,Kisumu,370,10.29002191903811,Petrol,14.610998619178426,54.06069489096018,10812.138978192035
TR00951,VH040,2026-02-04 04:57:51.094218,Eldoret,Nairobi,310,4.575906738826052,Petrol,10.758533077519491,33.351452540310426,6670.290508062085
TR00952,VH022,2026-02-04 05:49:42.116423,Eldoret,Kisumu,120,2.37817736129485,Petrol,21.96865332947167,26.362383995366006,5272.476799073202
TR00953,VH029,2026-02-04 06:41:33.138627,Nairobi,Mombasa,480,8.193339885625848,Diesel,13.82216431185096,66.3463886968846,12605.813852408075
TR00954,VH008,2026-02-04 07:33:24.160832,Nakuru,Mombasa,630,12.174173725524996,Diesel,12.787919163595287,80.5638907306503,15307.139238823556
TR00955,VH011,2026-02-04 08:25:15.183036,Machakos,Eldoret,430,9.905136648495146,Diesel,12.62815957299752,54.30108616388933,10317.206371138973
TR00956,VH041,2026-02-04 09:17:06.205241,Mombasa,Machakos,420,8.449176401631185,Diesel,22.373176219345208,93.96734012124988,17853.794623037476
TR00957,VH037,2026-02-04 10:08:57.227445,Nairobi,Thika,45,1.2959249951327791,Diesel,13.787634970664222,6.2044357367989,1178.842789991791
TR00958,VH014,2026-02-04 11:00:48.249649,Machakos,Mombasa,420,7.566600208992158,Diesel,14.205138188787059,59.66158039290565,11335.700274652074
TR00959,VH030,2026-02-04 11:52:39.271854,Kisumu,Eldoret,120,2.327831784809654,Diesel,13.80906548437932,16.570878581255183,3148.4669304384847
TR00960,VH035,2026-02-04 12:44:30.294058,Nakuru,Eldoret,160,3.3011782933555582,Diesel,11.770024715906214,18.83203954544994,3578.087513635489
TR00961,VH021,2026-02-04 13:36:21.316263,Thika,Nakuru,200,3.5700517702146572,Petrol,24.977084807404133,49.954169614808265,9990.833922961652
TR00962,VH037,2026-02-04 14:28:12.338467,Nakuru,Machakos,270,5.367773381636461,Diesel,12.172513468596522,32.86578636521061,6244.499409390016
TR00963,VH005,2026-02-04 15:20:03.360672,Kisumu,Machakos,465,8.476949418704292,Diesel,18.171252919312533,84.49632607480328,16054.301954212622
TR00964,VH019,2026-02-04 16:11:54.382876,Kisumu,Machakos,465,8.059130428385197,Diesel,10.81308475792731,50.280844124362,9553.36038362878
TR00965,VH014,2026-02-04 17:03:45.405081,Kisumu,Nairobi,350,7.674399374425675,Diesel,10.638914772869215,37.236201705042255,7074.878323958029
TR00966,VH026,2026-02-04 17:55:36.427285,Naivasha,Kisumu,270,6.2331592530908555,Diesel,18.850098310098623,50.89526543726629,9670.100433080595
TR00967,VH004,2026-02-04 18:47:27.449489,Mombasa,Nakuru,630,17.393935932942163,Diesel,11.407675200534472,71.86835376336717,13654.987215039762
TR00968,VH025,2026-02-04 19:39:18.471694,Eldoret,Kisumu,120,2.3538418029309405,Diesel,18.373628459240827,22.04835415108899,4189.1872887069085
TR00969,VH045,2026-02-04 20:31:09.493898,Nakuru,Thika,200,3.7301756336902128,Diesel,22.81958531886694,45.63917063773388,8671.442421169439
TR00970,VH042,2026-02-04 21:23:00.516103,Machakos,Nairobi,115,2.917961377922275,Diesel,10.369944421009526,11.925436084160955,2265.8328559905813
TR00971,VH025,2026-02-04 22:14:51.538307,Naivasha,Machakos,190,3.096326449348512,Diesel,19.423026888051695,36.90375108729822,7011.712706586662
TR00972,VH018,2026-02-04 23:06:42.560512,Machakos,Thika,80,1.842413057627251,Diesel,9.464498572470596,7.571598857976477,1438.6037830155308
TR00973,VH040,2026-02-04 23:58:33.582716,Eldoret,Nakuru,160,4.823345096448509,Petrol,10.315838654515156,16.50534184722425,3301.0683694448503
TR00974,VH008,2026-02-05 00:50:24.604920,Eldoret,Nairobi,310,5.0033422972833534,Diesel,10.338758327697708,32.05015081586289,6089.52865501395
TR00975,VH039,2026-02-05 01:42:15.627125,Thika,Eldoret,350,10.229168444557304,Diesel,22.00329277362259,77.01152470767906,14632.18969445902
TR00976,VH040,2026-02-05 02:34:06.649329,Kisumu,Machakos,465,8.05705012668262,Petrol,14.823427782234209,68.92893918738908,13785.787837477816
TR00977,VH014,2026-02-05 03:25:57.671534,Mombasa,Thika,520,9.324183842401455,Diesel,14.377783271748031,74.76447301308977,14205.249872487057
TR00978,VH032,2026-02-05 04:17:48.693738,Thika,Eldoret,350,6.659508290201343,Petrol,14.379669627226624,50.32884369529319,10065.768739058638
TR00979,VH038,2026-02-05 05:09:39.715943,Nairobi,Machakos,115,2.5099415284062707,Diesel,10.880335180188288,12.51238545721653,2377.353236871141
TR00980,VH033,2026-02-05 06:01:30.738147,Naivasha,Eldoret,235,4.350049130574971,Petrol,10.324535967489101,24.26265952359939,4852.531904719878
TR00981,VH023,2026-02-05 06:53:21.760352,Naivasha,Mombasa,620,10.618642271798352,Diesel,9.381966583976528,58.168192820654475,11051.95663592435
TR00982,VH015,2026-02-05 07:45:12.782556,Mombasa,Kisumu,850,20.183543910959617,Petrol,12.892341699575926,109.58490444639537,21916.980889279075
TR00983,VH033,2026-02-05 08:37:03.804760,Eldoret,Naivasha,235,4.06497108083929,Petrol,9.34908150742781,21.970341542455355,4394.068308491071
TR00984,VH025,2026-02-05 09:28:54.826965,Machakos,Eldoret,430,7.485160743395224,Diesel,21.896869695745973,94.15653969170768,17889.742541424457
TR00985,VH017,2026-02-05 10:20:45.849169,Naivasha,Eldoret,235,4.489495740107798,Petrol,10.239377861619754,24.062537974806425,4812.507594961285
TR00986,VH033,2026-02-05 11:12:36.871374,Mombasa,Eldoret,750,16.412742941247043,Petrol,10.217228170143724,76.62921127607792,15325.842255215584
TR00987,VH047,2026-02-05 12:04:27.893578,Naivasha,Nakuru,75,1.3047186176154153,Petrol,13.953625276238025,10.465218957178518,2093.0437914357035
TR00988,VH002,2026-02-05 12:56:18.915783,Naivasha,Nairobi,95,1.7570953101797187,Petrol,23.297458648849762,22.132585716407274,4426.517143281455
TR00989,VH014,2026-02-05 13:48:09.937987,Kisumu,Nakuru,190,4.53760354749113,Diesel,14.18469679145525,26.950923903764973,5120.675541715345
TR00990,VH040,2026-02-05 14:40:00.960192,Nairobi,Kisumu,350,7.437131768943397,Petrol,12.859913426720063,45.00969699352022,9001.939398704044
TR00991,VH040,2026-02-05 15:31:51.982396,Kisumu,Machakos,465,8.222456962965085,Petrol,14.355071436968746,66.75108218190468,13350.216436380935
TR00992,VH039,2026-02-05 16:23:43.004600,Nairobi,Machakos,115,2.2585934352651837,Diesel,22.51843377416447,25.89619884028914,4920.277779654937
TR00993,VH006,2026-02-05 17:15:34.026805,Naivasha,Machakos,190,3.237466654670511,Diesel,24.623215933574418,46.78411027379139,8888.980952020363
TR00994,VH006,2026-02-05 18:07:25.049009,Thika,Naivasha,145,3.0676906180696113,Diesel,19.96937010231946,28.955586648363216,5501.561463189011
TR00995,VH003,2026-02-05 18:59:16.071214,Machakos,Nakuru,270,6.428443217554757,Diesel,12.976597728914475,35.03681386806909,6656.994634933127
TR00996,VH007,2026-02-05 19:51:07.093418,Eldoret,Naivasha,235,3.4789652399904636,Petrol,13.450656739684462,31.609043338258488,6321.808667651698
TR00997,VH008,2026-02-05 20:42:58.115623,Naivasha,Eldoret,235,6.42904913149977,Diesel,10.964686525139033,25.76701333407673,4895.732533474578
TR00998,VH042,2026-02-05 21:34:49.137827,Nairobi,Machakos,115,2.499930261685281,Diesel,14.398539912020265,16.558320898823304,3146.080970776428
TR00999,VH015,2026-02-05 22:26:40.160032,Nairobi,Thika,45,0.8614421260050164,Petrol,13.899015815520773,6.254557116984348,1250.9114233968696
TR01000,VH047,2026-02-05 23:18:31.182236,Nairobi,Machakos,115,1.9865717721888407,Petrol,11.468847456863308,13.189174575392803,2637.8349150785607
TR01001,VH029,2026-02-06 00:10:22.204440,Naivasha,Mombasa,620,11.237666784521261,Diesel,11.953203274021696,74.10986029893452,14080.873456797559
TR01002,VH033,2026-02-06 01:02:13.226645,Mombasa,Naivasha,620,9.052406889600588,Petrol,11.359689642782293,70.43007578525021,14086.015157050042
TR01003,VH030,2026-02-06 01:54:04.248849,Thika,Naivasha,145,2.9556120648779767,Diesel,14.263683728659657,20.682341406556503,3929.6448672457354
TR01004,VH039,2026-02-06 02:45:55.271054,Mombasa,Nairobi,480,11.158603909250614,Diesel,22.518278978627173,108.08773909741042,20536.67042850798
TR01005,VH027,2026-02-06 03:37:46.293258,Eldoret,Kisumu,120,2.487436795928843,Petrol,18.313406607626664,21.976087929151998,4395.2175858304
TR01006,VH036,2026-02-06 04:29:37.315463,Naivasha,Nakuru,75,1.5809380934834665,Diesel,11.710849552228574,8.78313716417143,1668.7960611925716
TR01007,VH029,2026-02-06 05:21:28.337667,Nairobi,Mombasa,480,9.706060290746157,Diesel,10.08650061370485,48.41520294578328,9198.888559698822
TR01008,VH038,2026-02-06 06:13:19.359871,Thika,Naivasha,145,3.4409034897091,Diesel,13.892676855017028,20.14438143977469,3827.4324735571913
TR01009,VH033,2026-02-06 07:05:10.382076,Thika,Nairobi,45,0.7996808625652001,Petrol,10.641561367712319,4.788702615470544,957.7405230941088
TR01010,VH037,2026-02-06 07:57:01.404280,Nakuru,Mombasa,630,11.894278739991327,Diesel,12.360037410586646,77.86823568669587,14794.964780472215
TR01011,VH027,2026-02-06 08:48:52.426485,Eldoret,Kisumu,120,3.0083516831015893,Petrol,23.590746741353424,28.30889608962411,5661.779217924822
TR01012,VH033,2026-02-06 09:40:43.448689,Machakos,Thika,80,1.3854205125207153,Petrol,9.232244086428807,7.3857952691430455,1477.159053828609
TR01013,VH004,2026-02-06 10:32:34.470894,Machakos,Thika,80,1.8387360579916647,Diesel,10.792707677958052,8.634166142366443,1640.491567049624
TR01014,VH022,2026-02-06 11:24:25.493098,Thika,Nakuru,200,4.933706284302197,Petrol,20.785722635115803,41.57144527023161,8314.289054046321
TR01015,VH002,2026-02-06 12:16:16.515303,Naivasha,Machakos,190,3.747635811489956,Petrol,19.609476144818924,37.25800467515595,7451.600935031191
TR01016,VH010,2026-02-06 13:08:07.537507,Nairobi,Eldoret,310,8.626146387266571,Diesel,11.689507128875317,36.23747209951348,6885.1196989075615
TR01017,VH005,2026-02-06 13:59:58.559711,Nairobi,Nakuru,155,2.832808152684095,Diesel,24.987223165247254,38.73019590613325,7358.737222165317
TR01018,VH010,2026-02-06 14:51:49.581916,Thika,Eldoret,350,12.825550323783258,Diesel,14.127072187869054,49.444752657541684,9394.50300493292
TR01019,VH033,2026-02-06 15:43:40.604120,Mombasa,Nairobi,480,11.492849711076637,Petrol,13.419509074800542,64.4136435590426,12882.728711808519
TR01020,VH038,2026-02-06 16:35:31.626325,Eldoret,Nakuru,160,2.5558656901907817,Diesel,14.685273167828877,23.496437068526205,4464.323043019979
TR01021,VH013,2026-02-06 17:27:22.648529,Nairobi,Naivasha,95,2.134508822393287,Petrol,20.386551162199368,19.3672236040894,3873.44472081788
TR01022,VH031,2026-02-06 18:19:13.670734,Thika,Eldoret,350,7.624056741191507,Petrol,10.485384788982364,36.698846761438276,7339.769352287655
TR01023,VH047,2026-02-06 19:11:04.692938,Nairobi,Nakuru,155,2.5752076761263134,Petrol,10.170312462860375,15.763984317433582,3152.7968634867166
TR01024,VH036,2026-02-06 20:02:55.715143,Machakos,Kisumu,465,10.651190623350779,Diesel,13.150584556540613,61.15021818791386,11618.541455703633
TR01025,VH045,2026-02-06 20:54:46.737347,Thika,Nairobi,45,0.8020317360073452,Diesel,22.756863035996297,10.240588366198335,1945.7117895776835
TR01026,VH024,2026-02-06 21:46:37.759551,Eldoret,Nakuru,160,2.6938972390444786,Petrol,10.180859912414387,16.28937585986302,3257.875171972604
TR01027,VH015,2026-02-06 22:38:28.781756,Thika,Naivasha,145,2.6937531903339504,Petrol,10.884969146052274,15.783205261775796,3156.6410523551594
TR01028,VH029,2026-02-06 23:30:19.803960,Nakuru,Naivasha,75,1.9510509202653339,Diesel,12.533558819663991,9.400169114747992,1786.0321318021186
TR01029,VH008,2026-02-07 00:22:10.826165,Thika,Eldoret,350,7.748829335011895,Diesel,11.64070028636877,40.74245100229069,7741.065690435232
TR01030,VH005,2026-02-07 01:14:01.848369,Thika,Eldoret,350,4.88084067439779,Diesel,24.221094099862004,84.77382934951702,16107.027576408233
TR01031,VH029,2026-02-07 02:05:52.870574,Naivasha,Nairobi,95,2.0618193883580487,Diesel,11.902830664736081,11.307689131499277,2148.4609349848624
TR01032,VH047,2026-02-07 02:57:43.892778,Machakos,Kisumu,465,6.293084366793978,Petrol,13.542620152502561,62.97318370913691,12594.636741827382
TR01033,VH004,2026-02-07 03:49:34.914982,Eldoret,Mombasa,750,11.779171181969284,Diesel,12.206837801598947,91.55128351199211,17394.7438672785
TR01034,VH012,2026-02-07 04:41:25.937187,Naivasha,Machakos,190,3.508606295423378,Diesel,13.731863373961769,26.09054041052736,4957.202678000199
TR01035,VH045,2026-02-07 05:33:16.959391,Thika,Kisumu,370,7.064051487248434,Diesel,24.511780239895394,90.69358688761297,17231.781508646465
TR01036,VH002,2026-02-07 06:25:07.981596,Eldoret,Kisumu,120,2.592833533146083,Petrol,24.353029927742867,29.22363591329144,5844.727182658287
TR01037,VH027,2026-02-07 07:16:59.003800,Nakuru,Eldoret,160,3.246180206836702,Petrol,18.39867007106977,29.437872113711634,5887.5744227423265
TR01038,VH031,2026-02-07 08:08:50.026005,Eldoret,Machakos,430,9.665048365305852,Petrol,10.028521474882849,43.12264234199625,8624.528468399249
TR01039,VH036,2026-02-07 09:00:41.048209,Nairobi,Mombasa,480,9.698735303837019,Diesel,11.384527127661375,54.6457302127746,10382.688740427175
TR01040,VH036,2026-02-07 09:52:32.070414,Naivasha,Machakos,190,4.859031706916472,Diesel,11.157771449765537,21.19976575455452,4027.9554933653585
TR01041,VH026,2026-02-07 10:44:23.092618,Eldoret,Nairobi,310,8.015755998454418,Diesel,22.48624165386045,69.7073491269674,13244.396334123807
TR01042,VH043,2026-02-07 11:36:14.114822,Machakos,Naivasha,190,3.1452722469456798,Diesel,14.72354525412706,27.974735982841413,5315.199836739868
TR01043,VH027,2026-02-07 12:28:05.137027,Nakuru,Mombasa,630,16.980435414358343,Petrol,18.786832978945643,118.35704776735754,23671.40955347151
TR01044,VH005,2026-02-07 13:19:56.159231,Kisumu,Eldoret,120,2.101977242782977,Diesel,21.163010655939683,25.395612787127618,4825.166429554248
TR01045,VH020,2026-02-07 14:11:47.181436,Thika,Nairobi,45,1.2914356247553613,Petrol,9.962055189435697,4.482924835246064,896.5849670492128
TR01046,VH011,2026-02-07 15:03:38.203640,Eldoret,Machakos,430,7.812911537136976,Diesel,14.470537991989737,62.22331336555587,11822.429539455616
TR01047,VH010,2026-02-07 15:55:29.225845,Thika,Mombasa,520,10.757287103834422,Diesel,14.822900929008263,77.07908483084297,14645.026117860165
TR01048,VH040,2026-02-07 16:47:20.248049,Mombasa,Machakos,420,6.93406517357722,Petrol,12.393508409451751,52.052735319697355,10410.547063939472
TR01049,VH038,2026-02-07 17:39:11.270254,Nairobi,Naivasha,95,2.0065881854096363,Diesel,10.520051488640703,9.994048914208667,1898.8692936996467
TR01050,VH006,2026-02-07 18:31:02.292458,Naivasha,Mombasa,620,18.27631931637873,Diesel,23.497062667058714,145.68178853576404,27679.53982179517
TR01051,VH008,2026-02-07 19:22:53.314662,Nairobi,Eldoret,310,6.3923180387541905,Diesel,12.485706752461995,38.70569093263219,7354.081277200115
TR01052,VH023,2026-02-07 20:14:44.336867,Mombasa,Kisumu,850,16.576540818884578,Diesel,10.773354133051551,91.57351013093819,17398.966924878256
TR01053,VH047,2026-02-07 21:06:35.359071,Mombasa,Eldoret,750,15.32357917553186,Petrol,13.437037369844816,100.77778027383613,20155.556054767225
TR01054,VH026,2026-02-07 21:58:26.381276,Naivasha,Nakuru,75,1.3736046734922418,Diesel,24.83082322847895,18.62311742135921,3538.39231005825
TR01055,VH046,2026-02-07 22:50:17.403480,Eldoret,Mombasa,750,16.488990389699072,Diesel,12.789269245650978,95.91951934238233,18224.708675052643
TR01056,VH043,2026-02-07 23:42:08.425685,Mombasa,Naivasha,620,15.541661483017135,Diesel,12.828639556721463,79.53756525167307,15112.137397817884
TR01057,VH012,2026-02-08 00:33:59.447889,Kisumu,Naivasha,270,6.428141519748958,Diesel,11.487567525568888,31.016432319036,5893.12214061684
TR01058,VH026,2026-02-08 01:25:50.470094,Thika,Nairobi,45,0.9809507806827031,Diesel,22.091542251883197,9.94119401334744,1888.8268625360136
TR01059,VH013,2026-02-08 02:17:41.492298,Thika,Naivasha,145,3.1655786888170385,Petrol,21.077496243673927,30.562369553327194,6112.473910665439
TR01060,VH040,2026-02-08 03:09:32.514502,Nakuru,Thika,200,2.888129229930018,Petrol,11.510955134640259,23.021910269280518,4604.382053856104
TR01061,VH018,2026-02-08 04:01:23.536707,Machakos,Mombasa,420,6.995238185995013,Diesel,9.335925982619507,39.210889127001934,7450.068934130368
TR01062,VH025,2026-02-08 04:53:14.558911,Mombasa,Nairobi,480,8.64963460806264,Diesel,19.768955017963876,94.8909840862266,18029.286976383053
TR01063,VH033,2026-02-08 05:45:05.581116,Mombasa,Naivasha,620,11.574052449249065,Petrol,9.989273248388322,61.933494140007596,12386.69882800152
TR01064,VH047,2026-02-08 06:36:56.603320,Kisumu,Mombasa,850,16.22193813434677,Petrol,11.710209922769744,99.53678434354282,19907.356868708564
TR01065,VH040,2026-02-08 07:28:47.625525,Nairobi,Eldoret,310,5.911517433559601,Petrol,13.00835010881797,40.325885337335706,8065.177067467141
TR01066,VH043,2026-02-08 08:20:38.647729,Nairobi,Naivasha,95,1.8516248771246917,Diesel,13.042858621530083,12.390715690453579,2354.23598118618
TR01067,VH012,2026-02-08 09:12:29.669933,Thika,Machakos,80,1.5897950211979675,Diesel,11.940905005228394,9.552724004182716,1815.017560794716
TR01068,VH044,2026-02-08 10:04:20.692138,Thika,Nakuru,200,6.012309498407238,Petrol,20.948608135798473,41.897216271596946,8379.443254319389
TR01069,VH036,2026-02-08 10:56:11.714342,Eldoret,Mombasa,750,15.941511464911464,Diesel,13.1711921482032,98.783941111524,18768.94881118956
TR01070,VH048,2026-02-08 11:48:02.736547,Naivasha,Nairobi,95,1.975972443042207,Diesel,21.333629694620136,20.26694820988913,3850.7201598789347
TR01071,VH004,2026-02-08 12:39:53.758751,Machakos,Kisumu,465,10.566209005659422,Diesel,14.938866660685612,69.4657299721881,13198.48869471574
TR01072,VH005,2026-02-08 13:31:44.780956,Kisumu,Thika,370,8.122723460867562,Diesel,21.077320610062053,77.9860862572296,14817.356388873624
TR01073,VH037,2026-02-08 14:23:35.803160,Naivasha,Kisumu,270,5.152082595667018,Diesel,13.247904723089196,35.76934275234083,6796.175122944758
TR01074,VH008,2026-02-08 15:15:26.825365,Naivasha,Thika,145,2.5827954897983485,Diesel,9.25181499496698,13.415131742702119,2548.8750311134027
TR01075,VH042,2026-02-08 16:07:17.847569,Nakuru,Kisumu,190,3.626376927768311,Diesel,13.266699622094054,25.2067292819787,4789.278563575953
TR01076,VH049,2026-02-08 16:59:08.869773,Naivasha,Kisumu,270,4.826638418289432,Diesel,13.25713197207503,35.794256324602586,6800.908701674492
TR01077,VH028,2026-02-08 17:50:59.891978,Nakuru,Thika,200,3.5662788490714012,Petrol,14.712289192666482,29.424578385332964,5884.915677066593
TR01078,VH031,2026-02-08 18:42:50.914182,Naivasha,Machakos,190,3.991399143909095,Petrol,13.986603058198853,26.574545810577817,5314.909162115563
TR01079,VH009,2026-02-08 19:34:41.936387,Kisumu,Nairobi,350,6.457271532271236,Diesel,11.410893228246167,39.93812629886158,7588.243996783701
TR01080,VH029,2026-02-08 20:26:32.958591,Nakuru,Mombasa,630,17.48590433904705,Diesel,12.876850324128585,81.12415704201008,15413.589837981915
TR01081,VH014,2026-02-08 21:18:23.980796,Nairobi,Kisumu,350,7.4586474177412825,Diesel,12.253589927660737,42.88756474681258,8148.6373018943905
TR01082,VH040,2026-02-08 22:10:15.003000,Nakuru,Thika,200,4.349226605594691,Petrol,12.819087402875855,25.63817480575171,5127.634961150342
TR01083,VH041,2026-02-08 23:02:06.025205,Nakuru,Naivasha,75,1.2048073854463734,Diesel,19.102170700328927,14.326628025246695,2722.059324796872
TR01084,VH022,2026-02-08 23:53:57.047409,Kisumu,Naivasha,270,5.1236606560884885,Petrol,23.99304700817159,64.7812269220633,12956.24538441266
TR01085,VH011,2026-02-09 00:45:48.069613,Kisumu,Naivasha,270,6.865971869085071,Diesel,14.547844716722938,39.27918073515194,7463.044339678869
TR01086,VH023,2026-02-09 01:37:39.091818,Nakuru,Kisumu,190,3.4698968815940727,Diesel,11.248308315564612,21.371785799572763,4060.639301918825
TR01087,VH001,2026-02-09 02:29:30.114022,Machakos,Kisumu,465,8.11826241079907,Petrol,11.402149307867884,53.01999428158566,10603.998856317132
TR01088,VH046,2026-02-09 03:21:21.136227,Mombasa,Kisumu,850,17.24743563447836,Diesel,10.704167138265062,90.98542067525302,17287.229928298075
TR01089,VH037,2026-02-09 04:13:12.158431,Machakos,Thika,80,1.4408690547041434,Diesel,13.418824123889022,10.735059299111219,2039.6612668311316
TR01090,VH021,2026-02-09 05:05:03.180636,Kisumu,Machakos,465,15.482277473235735,Petrol,20.185622877345146,93.86314637965494,18772.629275930987
TR01091,VH026,2026-02-09 05:56:54.202840,Machakos,Eldoret,430,15.137955424200836,Diesel,24.36676998939372,104.777110954393,19907.65108133467
TR01092,VH046,2026-02-09 06:48:45.225045,Machakos,Mombasa,420,10.352312331067672,Diesel,13.35506237422435,56.09126197174227,10657.339774631031
TR01093,VH036,2026-02-09 07:40:36.247249,Eldoret,Mombasa,750,14.650635780684935,Diesel,12.228426625871204,91.71319969403403,17425.507941866465
TR01094,VH023,2026-02-09 08:32:27.269453,Eldoret,Nakuru,160,2.569979326071935,Diesel,11.797010579491204,18.875216927185928,3586.291216165326
TR01095,VH001,2026-02-09 09:24:18.291658,Nairobi,Naivasha,95,2.3177188256391648,Petrol,10.228881697143628,9.717437612286446,1943.4875224572893
TR01096,VH040,2026-02-09 10:16:09.313862,Naivasha,Nairobi,95,2.2005726674380455,Petrol,14.659612178427935,13.926631569506537,2785.3263139013075
TR01097,VH015,2026-02-09 11:08:00.336067,Nakuru,Machakos,270,5.324514241708746,Petrol,12.1396874664973,32.77715615954271,6555.431231908543
TR01098,VH021,2026-02-09 11:59:51.358271,Mombasa,Kisumu,850,18.45360939875328,Petrol,24.95843388368177,212.14668801129505,42429.33760225901
TR01099,VH047,2026-02-09 12:51:42.380476,Nairobi,Naivasha,95,2.0830376038622953,Petrol,11.686782023864435,11.102442922671212,2220.4885845342424
TR01100,VH009,2026-02-09 13:43:33.402680,Nakuru,Eldoret,160,3.4313997867662525,Diesel,13.550554459531066,21.680887135249705,4119.368555697444
TR01101,VH009,2026-02-09 14:35:24.424884,Machakos,Mombasa,420,6.9400486291002625,Diesel,10.281047789331112,43.18040071519067,8204.276135886228
TR01102,VH010,2026-02-09 15:27:15.447089,Kisumu,Mombasa,850,14.424119332502894,Diesel,13.158680884117054,111.84878751499495,21251.26962784904
TR01103,VH026,2026-02-09 16:19:06.469293,Eldoret,Machakos,430,8.567827024992491,Diesel,23.3525472811325,100.41595330886976,19079.031128685256
TR01104,VH041,2026-02-09 17:10:57.491498,Thika,Mombasa,520,8.223184541868436,Diesel,23.4496000639679,121.93792033263308,23168.204863200284
TR01105,VH035,2026-02-09 18:02:48.513702,Mombasa,Nairobi,480,8.877015579301204,Diesel,13.850558261151427,66.48267965352684,12631.7091341701
TR01106,VH025,2026-02-09 18:54:39.535907,Machakos,Thika,80,1.3506405978106726,Diesel,19.583978391055673,15.66718271284454,2976.7647154404626
TR01107,VH026,2026-02-09 19:46:30.558111,Thika,Naivasha,145,3.3630497496610086,Diesel,24.82778934323658,36.000294547693045,6840.055964061678
TR01108,VH011,2026-02-09 20:38:21.580316,Eldoret,Machakos,430,9.604520774841683,Diesel,14.975910603124694,64.39641559343619,12235.318962752875
TR01109,VH038,2026-02-09 21:30:12.602520,Machakos,Thika,80,1.7903122844900623,Diesel,10.377979375808007,8.302383500646405,1577.452865122817
TR01110,VH002,2026-02-09 22:22:03.624724,Naivasha,Machakos,190,3.8534690403481813,Petrol,24.555124959682303,46.65473742339637,9330.947484679275
TR01111,VH007,2026-02-09 23:13:54.646929,Naivasha,Thika,145,2.8724642192315226,Petrol,11.447245971521847,16.598506658706675,3319.7013317413353
TR01112,VH018,2026-02-10 00:05:45.669133,Thika,Nairobi,45,0.8556203667710993,Diesel,12.446420408754824,5.600889183939671,1064.1689449485375
TR01113,VH027,2026-02-10 00:57:36.691338,Kisumu,Thika,370,5.624396227697401,Petrol,20.366776445152926,75.35707284706582,15071.414569413164
TR01114,VH034,2026-02-10 01:49:27.713542,Machakos,Nakuru,270,4.841292998825679,Diesel,13.838771616865607,37.36468336553714,7099.289839452056
TR01115,VH027,2026-02-10 02:41:18.735747,Nakuru,Kisumu,190,4.14108760407674,Petrol,18.71052700812475,35.55000131543702,7110.000263087404
TR01116,VH017,2026-02-10 03:33:09.757951,Machakos,Thika,80,1.6008386804235089,Petrol,11.48873408478188,9.190987267825504,1838.1974535651007
TR01117,VH043,2026-02-10 04:25:00.780156,Kisumu,Eldoret,120,1.934250395967351,Diesel,12.140238959710373,14.568286751652447,2767.974482813965
TR01118,VH044,2026-02-10 05:16:51.802360,Machakos,Mombasa,420,7.465997880384378,Petrol,20.282164165945893,85.18508949697275,17037.017899394552
TR01119,VH024,2026-02-10 06:08:42.824564,Thika,Nairobi,45,0.7265768890495566,Petrol,12.227669954400742,5.502451479480334,1100.4902958960668
TR01120,VH025,2026-02-10 07:00:33.846769,Kisumu,Eldoret,120,2.6008628770900932,Diesel,18.917390203951673,22.700868244742008,4313.164966500982
TR01121,VH007,2026-02-10 07:52:24.868973,Eldoret,Kisumu,120,2.708393519912121,Petrol,13.583312090668485,16.299974508802183,3259.9949017604367
TR01122,VH006,2026-02-10 08:44:15.891178,Mombasa,Naivasha,620,13.956532302533178,Diesel,24.86414486663351,154.15769817312776,29289.962652894275
TR01123,VH024,2026-02-10 09:36:06.913382,Kisumu,Nairobi,350,7.48117286899011,Petrol,13.02279357234315,45.57977750320103,9115.955500640206
TR01124,VH033,2026-02-10 10:27:57.935587,Machakos,Nakuru,270,6.507006274600419,Petrol,13.300083764547727,35.91022616427887,7182.045232855773
TR01125,VH049,2026-02-10 11:19:48.957791,Eldoret,Mombasa,750,14.323488874372403,Diesel,10.798183715895012,80.98637786921259,15387.411795150392
TR01126,VH029,2026-02-10 12:11:39.979995,Mombasa,Kisumu,850,16.190754379310736,Diesel,11.624433032406094,98.8076807754518,18773.459347335844
TR01127,VH043,2026-02-10 13:03:31.002200,Naivasha,Kisumu,270,4.447356363771358,Diesel,12.585241773450665,33.9801527883168,6456.229029780192
TR01128,VH022,2026-02-10 13:55:22.024404,Nakuru,Mombasa,630,17.54000094886914,Petrol,18.32008630333591,115.41654371101622,23083.308742203244
TR01129,VH026,2026-02-10 14:47:13.046609,Thika,Eldoret,350,8.245580809860291,Diesel,24.617506941195728,86.16127429418505,16370.64211589516
TR01130,VH028,2026-02-10 15:39:04.068813,Machakos,Kisumu,465,8.238159880653328,Petrol,10.71892586508096,49.84300527262647,9968.601054525294
TR01131,VH050,2026-02-10 16:30:55.091018,Machakos,Nakuru,270,5.246000002990471,Diesel,13.515065195840462,36.49067602876925,6933.228445466158
TR01132,VH021,2026-02-10 17:22:46.113222,Naivasha,Nakuru,75,1.4893239406561978,Petrol,18.58507555400249,13.938806665501868,2787.7613331003736
TR01133,VH049,2026-02-10 18:14:37.135427,Nakuru,Naivasha,75,1.247695283904024,Diesel,13.1131246383928,9.8348434787946,1868.620260970974
TR01134,VH007,2026-02-10 19:06:28.157631,Naivasha,Nakuru,75,1.789106500708054,Petrol,10.759812629391076,8.069859472043307,1613.9718944086615
TR01135,VH017,2026-02-10 19:58:19.179835,Nairobi,Mombasa,480,10.867063809582309,Petrol,9.190658070457363,44.11515873819534,8823.031747639068
TR01136,VH020,2026-02-10 20:50:10.202040,Naivasha,Kisumu,270,6.245965389096853,Petrol,12.597447251297044,34.01310757850202,6802.621515700404
TR01137,VH041,2026-02-10 21:42:01.224244,Eldoret,Machakos,430,12.685587321873824,Diesel,19.961857101221,85.8359855352503,16308.837251697558
TR01138,VH049,2026-02-10 22:33:52.246449,Mombasa,Machakos,420,8.225207711977395,Diesel,12.572480763921748,52.804419208471344,10032.839649609556
TR01139,VH020,2026-02-10 23:25:43.268653,Machakos,Mombasa,420,9.166867240253561,Petrol,11.775426252364099,49.456790259929214,9891.358051985842
TR01140,VH022,2026-02-11 00:17:34.290858,Naivasha,Nakuru,75,1.699262542611117,Petrol,18.76165173161046,14.071238798707846,2814.247759741569
TR01141,VH028,2026-02-11 01:09:25.313062,Machakos,Thika,80,1.8738610881887874,Petrol,14.660650366505818,11.728520293204655,2345.704058640931
TR01142,VH040,2026-02-11 02:01:16.335267,Kisumu,Naivasha,270,5.415376804235916,Petrol,12.261570873817387,33.10624135930695,6621.24827186139
TR01143,VH049,2026-02-11 02:53:07.357471,Nakuru,Kisumu,190,4.356630679691643,Diesel,12.67223638899344,24.077249139087535,4574.677336426632
TR01144,VH007,2026-02-11 03:44:58.379675,Naivasha,Nairobi,95,1.8349495619631988,Petrol,12.505102860078125,11.879847717074218,2375.969543414844
TR01145,VH001,2026-02-11 04:36:49.401880,Mombasa,Naivasha,620,11.551336835061607,Petrol,13.021807374806023,80.73520572379735,16147.04114475947
TR01146,VH032,2026-02-11 05:28:40.424084,Eldoret,Machakos,430,9.025388420060379,Petrol,11.513867961783461,49.50963223566888,9901.926447133776
TR01147,VH013,2026-02-11 06:20:31.446289,Nairobi,Nakuru,155,3.2908524003778563,Petrol,19.402522128024152,30.07390929843744,6014.781859687488
TR01148,VH030,2026-02-11 07:12:22.468493,Machakos,Kisumu,465,9.031944881458681,Diesel,12.71285101704034,59.11475722923758,11231.80387355514
TR01149,VH023,2026-02-11 08:04:13.490698,Nakuru,Thika,200,4.018549444290159,Diesel,11.20109486485501,22.40218972971002,4256.416048644904
TR01150,VH019,2026-02-11 08:56:04.512902,Thika,Nairobi,45,0.7420688321052806,Diesel,10.950566067169666,4.92775473022635,936.2733987430065
TR01151,VH032,2026-02-11 09:47:55.535107,Mombasa,Naivasha,620,11.799157564020703,Petrol,13.362835975473114,82.84958304793331,16569.91660958666
TR01152,VH030,2026-02-11 10:39:46.557311,Thika,Kisumu,370,6.296298212051818,Diesel,13.45253316005568,49.774372692206015,9457.130811519142
TR01153,VH029,2026-02-11 11:31:37.579515,Mombasa,Thika,520,9.474512901101608,Diesel,10.229600280456316,53.19392145837284,10106.84507709084
TR01154,VH049,2026-02-11 12:23:28.601720,Mombasa,Kisumu,850,21.544811182090573,Diesel,10.693722471218361,90.89664100535607,17270.361791017654
TR01155,VH045,2026-02-11 13:15:19.623924,Eldoret,Nakuru,160,3.513866960355247,Diesel,20.88235185158464,33.41176296253543,6348.234962881731
TR01156,VH029,2026-02-11 14:07:10.646129,Eldoret,Mombasa,750,15.116329035596335,Diesel,10.48446080582084,78.6334560436563,14940.356648294695
TR01157,VH030,2026-02-11 14:59:01.668333,Eldoret,Thika,350,6.146005797204502,Diesel,11.179504333491442,39.12826516722005,7434.37038177181
TR01158,VH016,2026-02-11 15:50:52.690538,Naivasha,Nakuru,75,1.1463945192848513,Diesel,18.361492580559297,13.771119435419472,2616.5126927296997
TR01159,VH040,2026-02-11 16:42:43.712742,Kisumu,Nakuru,190,4.119078398137219,Petrol,14.981210493085104,28.464299936861696,5692.85998737234
TR01160,VH019,2026-02-11 17:34:34.734946,Mombasa,Machakos,420,8.32638661802584,Diesel,12.682786014849222,53.267701262366735,10120.86323984968
TR01161,VH018,2026-02-11 18:26:25.757151,Nakuru,Naivasha,75,1.3298039685053706,Diesel,9.437250782513768,7.077938086885326,1344.8082365082118
TR01162,VH001,2026-02-11 19:18:16.779355,Thika,Mombasa,520,10.497123600349953,Petrol,10.10124689895046,52.52648387454239,10505.296774908478
TR01163,VH014,2026-02-11 20:10:07.801560,Eldoret,Kisumu,120,1.9001540546201228,Diesel,13.5964390007614,16.31572680091368,3099.9880921735994
TR01164,VH047,2026-02-11 21:01:58.823764,Naivasha,Nakuru,75,1.9124015934428722,Petrol,11.195960828413334,8.39697062131,1679.394124262
TR01165,VH050,2026-02-11 21:53:49.845969,Eldoret,Machakos,430,7.758349522062092,Diesel,12.93398354532288,55.616129244888384,10567.064556528792
TR01166,VH002,2026-02-11 22:45:40.868173,Thika,Nairobi,45,0.8130712068456555,Petrol,24.464332264728686,11.008949519127908,2201.7899038255814
TR01167,VH028,2026-02-11 23:37:31.890378,Thika,Nairobi,45,0.7599257757570816,Petrol,12.996501945081862,5.848425875286838,1169.6851750573676
TR01168,VH049,2026-02-12 00:29:22.912582,Machakos,Kisumu,465,9.208575277328588,Diesel,9.935542114586266,46.20027083282614,8778.051458236967
TR01169,VH050,2026-02-12 01:21:13.934786,Mombasa,Thika,520,9.101702286128566,Diesel,12.910970180232262,67.13704493720776,12756.038538069475
TR01170,VH030,2026-02-12 02:13:04.956991,Eldoret,Mombasa,750,15.622758775272628,Diesel,14.779058715871873,110.84294036903904,21060.158670117416
TR01171,VH038,2026-02-12 03:04:55.979195,Thika,Machakos,80,1.835330906662835,Diesel,12.901156435299779,10.320925148239823,1960.9757781655665
TR01172,VH004,2026-02-12 03:56:47.001400,Kisumu,Naivasha,270,6.364565732202345,Diesel,13.409987236403667,36.20696553828991,6879.323452275083
TR01173,VH001,2026-02-12 04:48:38.023604,Kisumu,Machakos,465,12.087723337434795,Petrol,11.687373475183366,54.346286659602654,10869.257331920531
TR01174,VH008,2026-02-12 05:40:29.045809,Eldoret,Nairobi,310,6.671095460913435,Diesel,10.907638473301557,33.813679267234825,6424.599060774617
TR01175,VH029,2026-02-12 06:32:20.068013,Naivasha,Nairobi,95,1.8098027943663195,Diesel,13.673272489265319,12.989608864802053,2468.02568431239
TR01176,VH039,2026-02-12 07:24:11.090218,Thika,Kisumu,370,7.654917442009167,Diesel,24.494397688847734,90.62927144873662,17219.56157525996
TR01177,VH003,2026-02-12 08:16:02.112422,Machakos,Eldoret,430,8.3359619400326,Diesel,13.14494193612176,56.523250325323566,10739.417561811477
TR01178,VH032,2026-02-12 09:07:53.134626,Mombasa,Thika,520,8.684175101429696,Petrol,13.949239542426737,72.53604562061903,14507.209124123807
TR01179,VH010,2026-02-12 09:59:44.156831,Mombasa,Eldoret,750,16.35408286266093,Diesel,10.858175087076866,81.4363131530765,15472.899499084535
TR01180,VH010,2026-02-12 10:51:35.179035,Naivasha,Machakos,190,2.7647474106864918,Diesel,11.059795451289867,21.013611357450745,3992.5861579156417
TR01181,VH019,2026-02-12 11:43:26.201240,Machakos,Nairobi,115,2.0520344550605,Diesel,11.66017343416695,13.409199449291991,2547.747895365478
TR01182,VH046,2026-02-12 12:35:17.223444,Mombasa,Machakos,420,8.673278666974449,Diesel,10.882770961214202,45.70763803709965,8684.451227048934
TR01183,VH034,2026-02-12 13:27:08.245649,Machakos,Naivasha,190,3.9383802480526393,Diesel,12.174975351104617,23.13245316709877,4395.166101748767
TR01184,VH033,2026-02-12 14:18:59.267853,Nairobi,Nakuru,155,3.6961999897438496,Petrol,10.458265926973494,16.210312186808917,3242.0624373617834
TR01185,VH023,2026-02-12 15:10:50.290058,Eldoret,Nairobi,310,6.225616634301583,Diesel,12.95766309333446,40.168755589336826,7632.063561973997
TR01186,VH028,2026-02-12 16:02:41.312262,Mombasa,Thika,520,15.898625018053385,Petrol,14.040551733071716,73.01086901197293,14602.173802394585
TR01187,VH032,2026-02-12 16:54:32.334466,Kisumu,Naivasha,270,4.496542952697619,Petrol,12.318937278776765,33.26113065269727,6652.226130539454
TR01188,VH050,2026-02-12 17:46:23.356671,Thika,Machakos,80,2.9125739662868093,Diesel,9.904053175188176,7.923242540150541,1505.416082628603
TR01189,VH007,2026-02-12 18:38:14.378875,Machakos,Nairobi,115,2.2847375970294244,Petrol,13.233874805409663,15.218956026221111,3043.791205244222
TR01190,VH029,2026-02-12 19:30:05.401080,Machakos,Naivasha,190,4.651380501560907,Diesel,14.963935091317932,28.43147667350407,5401.980567965773
TR01191,VH008,2026-02-12 20:21:56.423284,Nakuru,Mombasa,630,14.19220318334825,Diesel,12.112954489712617,76.31161328518948,14499.206524186002
TR01192,VH001,2026-02-12 21:13:47.445489,Naivasha,Nakuru,75,1.651153727476468,Petrol,10.17887345357004,7.634155090177529,1526.8310180355058
TR01193,VH003,2026-02-12 22:05:38.467693,Nakuru,Nairobi,155,2.3698490730782487,Diesel,10.086469878835413,15.63402831219489,2970.465379317029
TR01194,VH024,2026-02-12 22:57:29.489897,Mombasa,Eldoret,750,18.215381133805046,Petrol,10.601809852461532,79.51357389346148,15902.714778692296
TR01195,VH023,2026-02-12 23:49:20.512102,Nakuru,Kisumu,190,3.3150669446722976,Diesel,9.978919034302024,18.959946165173843,3602.38977138303
TR01196,VH008,2026-02-13 00:41:11.534306,Nakuru,Machakos,270,4.554408894090542,Diesel,13.06525603571654,35.27619129643466,6702.476346322585
TR01197,VH047,2026-02-13 01:33:02.556511,Nairobi,Eldoret,310,9.906503570357126,Petrol,13.224028335180002,40.994487839058,8198.8975678116
TR01198,VH037,2026-02-13 02:24:53.578715,Machakos,Kisumu,465,10.315641351444839,Diesel,11.293093856552382,52.51288643296858,9977.44842226403
TR01199,VH003,2026-02-13 03:16:44.600920,Kisumu,Eldoret,120,1.9393728533535903,Diesel,11.628223884749463,13.953868661699355,2651.235045722877
TR01200,VH033,2026-02-13 04:08:35.623124,Naivasha,Nairobi,95,2.4061712023597233,Petrol,10.181234838575573,9.672173096646794,1934.4346193293588
TR01201,VH028,2026-02-13 05:00:26.645329,Kisumu,Thika,370,6.209490595200215,Petrol,14.54191273685632,53.80507712636839,10761.015425273677
TR01202,VH047,2026-02-13 05:52:17.667533,Nairobi,Machakos,115,2.306593751202415,Petrol,11.51324667311141,13.240233674078121,2648.0467348156244
TR01203,VH008,2026-02-13 06:44:08.689737,Nairobi,Kisumu,350,7.069104545627617,Diesel,12.2806852204101,42.98239827143534,8166.655671572716
TR01204,VH034,2026-02-13 07:35:59.711942,Nakuru,Mombasa,630,12.461445449424284,Diesel,11.077410433498017,69.7876857310375,13259.660288897125
TR01205,VH035,2026-02-13 08:27:50.734146,Eldoret,Thika,350,6.636256853622611,Diesel,13.155070967522656,46.04274838632929,8748.122193402565
TR01206,VH032,2026-02-13 09:19:41.756351,Machakos,Naivasha,190,4.485904218208103,Petrol,11.929276883608681,22.665626078856494,4533.125215771299
TR01207,VH024,2026-02-13 10:11:32.778555,Thika,Nairobi,45,0.9391308842304688,Petrol,10.698392188646128,4.814276484890758,962.8552969781516
TR01208,VH014,2026-02-13 11:03:23.800760,Machakos,Kisumu,465,8.779417866104351,Diesel,13.1724003658674,61.25166170128342,11637.81572324385
TR01209,VH032,2026-02-13 11:55:14.822964,Thika,Mombasa,520,10.113762967627999,Petrol,12.955310390244946,67.36761402927372,13473.522805854745
TR01210,VH046,2026-02-13 12:47:05.845169,Nakuru,Machakos,270,5.114236463071736,Diesel,11.467639770839748,30.96262738126732,5882.899202440791
TR01211,VH043,2026-02-13 13:38:56.867373,Thika,Nakuru,200,4.51972256850059,Diesel,10.746742251597366,21.493484503194733,4083.762055606999
TR01212,VH016,2026-02-13 14:30:47.889577,Nairobi,Machakos,115,2.0886915203520506,Diesel,20.580036856866965,23.667042385397007,4496.738053225431
TR01213,VH004,2026-02-13 15:22:38.911782,Kisumu,Thika,370,7.253222995547255,Diesel,12.075988195709545,44.68115632412532,8489.41970158381
TR01214,VH037,2026-02-13 16:14:29.933986,Thika,Naivasha,145,3.881738204995318,Diesel,13.143421667123025,19.057961417328386,3621.012669292393
TR01215,VH021,2026-02-13 17:06:20.956191,Machakos,Eldoret,430,9.399106824210463,Petrol,24.401701345458047,104.9273157854696,20985.46315709392
TR01216,VH014,2026-02-13 17:58:11.978395,Naivasha,Machakos,190,4.435525268455138,Diesel,10.180923987664626,19.34375557656279,3675.31355954693
TR01217,VH031,2026-02-13 18:50:03.000600,Nakuru,Mombasa,630,14.74271323778436,Petrol,10.218305062709224,64.37532189506811,12875.064379013622
TR01218,VH048,2026-02-13 19:41:54.022804,Eldoret,Machakos,430,9.309745391800776,Diesel,19.35601159595692,83.23084986261476,15813.861473896804
TR01219,VH018,2026-02-13 20:33:45.045009,Nakuru,Machakos,270,4.917336343953587,Diesel,11.511472043468919,31.080974517366084,5905.385158299556
TR01220,VH007,2026-02-13 21:25:36.067213,Mombasa,Nairobi,480,10.670066386095337,Petrol,12.1485040352158,58.312819369035836,11662.563873807167
TR01221,VH010,2026-02-13 22:17:27.089417,Nakuru,Kisumu,190,3.667920877444619,Diesel,13.645188119100942,25.92585742629179,4925.91291099544
TR01222,VH007,2026-02-13 23:09:18.111622,Nairobi,Nakuru,155,3.069957363908881,Petrol,11.21207956272432,17.378723322222697,3475.7446644445395
TR01223,VH033,2026-02-14 00:01:09.133826,Kisumu,Machakos,465,10.624302094532139,Petrol,11.972491828748794,55.672087003681895,11134.41740073638
TR01224,VH023,2026-02-14 00:53:00.156031,Kisumu,Eldoret,120,2.540140627586317,Diesel,13.419286317999797,16.103143581599756,3059.5972805039537
TR01225,VH021,2026-02-14 01:44:51.178235,Naivasha,Nakuru,75,1.317666714468073,Petrol,24.374744179428134,18.2810581345711,3656.2116269142202
TR01226,VH019,2026-02-14 02:36:42.200440,Thika,Eldoret,350,6.836144392768533,Diesel,13.793923023625155,48.27873058268804,9172.958810710728
TR01227,VH048,2026-02-14 03:28:33.222644,Nairobi,Nakuru,155,2.84975592778243,Diesel,23.41282806455992,36.28988350006788,6895.077865012897
TR01228,VH019,2026-02-14 04:20:24.244848,Mombasa,Thika,520,8.640748403220117,Diesel,13.529939531294575,70.3556855627318,13367.58025691904
TR01229,VH036,2026-02-14 05:12:15.267053,Nairobi,Machakos,115,2.150356822135766,Diesel,10.172654359926371,11.698552513915326,2222.724977643912
TR01230,VH029,2026-02-14 06:04:06.289257,Nakuru,Thika,200,5.774590744651335,Diesel,10.987904721752384,21.97580944350477,4175.403794265906
TR01231,VH018,2026-02-14 06:55:57.311462,Nairobi,Thika,45,0.8626509784674825,Diesel,9.032440418902633,4.064598188506185,772.2736558161752
TR01232,VH002,2026-02-14 07:47:48.333666,Nairobi,Mombasa,480,10.653619877608769,Petrol,22.947910502003687,110.1499704096177,22029.994081923538
TR01233,VH001,2026-02-14 08:39:39.355871,Naivasha,Eldoret,235,3.64440411499449,Petrol,14.687335939068722,34.5152394568115,6903.0478913623
TR01234,VH047,2026-02-14 09:31:30.378075,Mombasa,Eldoret,750,14.099293358853155,Petrol,9.934676725208382,74.51007543906286,14902.015087812571
TR01235,VH005,2026-02-14 10:23:21.400280,Nakuru,Eldoret,160,3.538218785131937,Diesel,22.458605027988153,35.93376804478105,6827.415928508399
TR01236,VH020,2026-02-14 11:15:12.422484,Eldoret,Nakuru,160,2.9340519325753722,Petrol,12.732298796108887,20.37167807377422,4074.335614754844
TR01237,VH011,2026-02-14 12:07:03.444688,Naivasha,Machakos,190,3.7455895271497495,Diesel,14.638071175740283,27.812335233906538,5284.343694442242
TR01238,VH042,2026-02-14 12:58:54.466893,Eldoret,Naivasha,235,6.481624740412672,Diesel,13.234301120086108,31.100607632202355,5909.115450118447
TR01239,VH002,2026-02-14 13:50:45.489097,Naivasha,Eldoret,235,4.129727117954787,Petrol,24.792056129241267,58.26133190371698,11652.266380743396
TR01240,VH003,2026-02-14 14:42:36.511302,Kisumu,Thika,370,7.913476920018582,Diesel,11.723365705062738,43.376453108732136,8241.526090659107
TR01241,VH023,2026-02-14 15:34:27.533506,Machakos,Mombasa,420,6.844298333741472,Diesel,10.749642668857039,45.148499209199564,8578.214849747917
TR01242,VH012,2026-02-14 16:26:18.555711,Naivasha,Nairobi,95,1.938595350332711,Diesel,12.715062550071728,12.07930942256814,2295.0687902879467
TR01243,VH020,2026-02-14 17:18:09.577915,Thika,Naivasha,145,2.3571736516628747,Petrol,10.917509405579535,15.830388638090325,3166.0777276180647
TR01244,VH005,2026-02-14 18:10:00.600120,Nairobi,Kisumu,350,6.554407126139793,Diesel,18.00998009801273,63.03493034304455,11976.636765178464
TR01245,VH037,2026-02-14 19:01:51.622324,Kisumu,Naivasha,270,4.671847125901078,Diesel,13.658860125434938,36.878922338674336,7006.995244348123
TR01246,VH038,2026-02-14 19:53:42.644528,Mombasa,Thika,520,11.288288009131955,Diesel,13.758585207392418,71.54464307844057,13593.482184903709
TR01247,VH030,2026-02-14 20:45:33.666733,Eldoret,Mombasa,750,14.198078486765981,Diesel,13.734873023433853,103.01154767575389,19572.194058393237
TR01248,VH009,2026-02-14 21:37:24.688937,Machakos,Naivasha,190,5.250051420896586,Diesel,11.725103333052333,22.277696332799433,4232.7623032318925
TR01249,VH034,2026-02-14 22:29:15.711142,Machakos,Nairobi,115,2.347719522717652,Diesel,11.61144736655586,13.353164471539237,2537.101249592455
TR01250,VH044,2026-02-14 23:21:06.733346,Naivasha,Machakos,190,4.983770264974945,Petrol,20.519814627236684,38.9876477917497,7797.52955834994
TR01251,VH035,2026-02-15 00:12:57.755551,Nairobi,Kisumu,350,8.566634849037701,Diesel,10.08018200015323,35.2806370005363,6703.321030101897
TR01252,VH022,2026-02-15 01:04:48.777755,Mombasa,Naivasha,620,14.461125109618358,Petrol,21.93714258889993,136.01028405117958,27202.056810235918
TR01253,VH044,2026-02-15 01:56:39.799959,Thika,Nakuru,200,3.617724626581607,Petrol,18.866324662588077,37.732649325176155,7546.529865035231
TR01254,VH024,2026-02-15 02:48:30.822164,Mombasa,Thika,520,10.651128271585167,Petrol,9.400206620457203,48.88107442637746,9776.214885275493
TR01255,VH017,2026-02-15 03:40:21.844368,Nairobi,Kisumu,350,6.9649778521426216,Petrol,12.777495343483936,44.72123370219378,8944.246740438755
TR01256,VH010,2026-02-15 04:32:12.866573,Thika,Machakos,80,1.6459788317376218,Diesel,10.047531012090529,8.038024809672423,1527.2247138377604
TR01257,VH030,2026-02-15 05:24:03.888777,Mombasa,Nakuru,630,10.742463856309419,Diesel,14.79504221804363,93.20876597367487,17709.665534998225
TR01258,VH046,2026-02-15 06:15:54.910982,Thika,Nakuru,200,3.9974148188640757,Diesel,12.576276820562885,25.15255364112577,4778.985191813897
TR01259,VH023,2026-02-15 07:07:45.933186,Naivasha,Kisumu,270,5.193236819299429,Diesel,13.915082153530742,37.57072181453301,7138.437144761272
TR01260,VH032,2026-02-15 07:59:36.955391,Naivasha,Mombasa,620,13.644974438321698,Petrol,10.289987862363542,63.79792474665396,12759.584949330792
TR01261,VH017,2026-02-15 08:51:27.977595,Nairobi,Naivasha,95,1.6048578377958864,Petrol,11.917647744329566,11.321765357113087,2264.353071422617
TR01262,VH050,2026-02-15 09:43:18.999799,Nairobi,Mombasa,480,8.027411698496696,Diesel,10.746635179879556,51.58384886342187,9800.931284050155
TR01263,VH017,2026-02-15 10:35:10.022004,Thika,Nairobi,45,0.9053435481051658,Petrol,13.21741246407143,5.947835608832143,1189.5671217664287
TR01264,VH014,2026-02-15 11:27:01.044208,Nakuru,Thika,200,4.4125135585007556,Diesel,11.806113676171432,23.612227352342863,4486.323196945144
TR01265,VH009,2026-02-15 12:18:52.066413,Kisumu,Thika,370,9.98052736254111,Diesel,11.302437895286745,41.81902021256096,7945.613840386582
TR01266,VH040,2026-02-15 13:10:43.088617,Machakos,Kisumu,465,10.801085488347113,Petrol,14.287765635499566,66.43811020507299,13287.622041014598
TR01267,VH002,2026-02-15 14:02:34.110822,Mombasa,Naivasha,620,18.981560006920272,Petrol,20.622571641572826,127.85994417775153,25571.988835550306
TR01268,VH045,2026-02-15 14:54:25.133026,Mombasa,Machakos,420,9.832643758639142,Diesel,18.11783323902393,76.09489960390052,14458.030924741099
TR01269,VH025,2026-02-15 15:46:16.155231,Nakuru,Nairobi,155,2.932509109983471,Diesel,20.732023705875335,32.13463674410677,6105.580981380286
TR01270,VH039,2026-02-15 16:38:07.177435,Nakuru,Nairobi,155,3.12520160100845,Diesel,22.581655883076593,35.00156661876872,6650.297657566057
TR01271,VH009,2026-02-15 17:29:58.199639,Nakuru,Nairobi,155,2.2599319530269217,Diesel,11.271797694031909,17.471286425749458,3319.544420892397
TR01272,VH022,2026-02-15 18:21:49.221844,Eldoret,Machakos,430,9.142799546190037,Petrol,21.0239131469761,90.40282653199722,18080.565306399443
TR01273,VH043,2026-02-15 19:13:40.244048,Eldoret,Nairobi,310,6.680034482695821,Diesel,10.283575691411128,31.879084643374497,6057.026082241155
TR01274,VH046,2026-02-15 20:05:31.266253,Thika,Nakuru,200,3.418677377940484,Diesel,12.940463957569786,25.880927915139573,4917.376303876519
TR01275,VH004,2026-02-15 20:57:22.288457,Eldoret,Naivasha,235,6.794949590987785,Diesel,13.781474619301969,32.386465355359626,6153.428417518329
TR01276,VH026,2026-02-15 21:49:13.310662,Naivasha,Mombasa,620,16.253401127351307,Diesel,20.893187929807773,129.5377651648082,24612.17538131356
TR01277,VH029,2026-02-15 22:41:04.332866,Naivasha,Mombasa,620,11.209398068388277,Diesel,12.1011631640073,75.02721161684526,14255.170207200601
TR01278,VH045,2026-02-15 23:32:55.355071,Nairobi,Eldoret,310,6.400118075820329,Diesel,18.617977490094415,57.71573021929269,10965.988741665611
TR01279,VH034,2026-02-16 00:24:46.377275,Machakos,Nakuru,270,5.553266635615254,Diesel,10.009704322559912,27.026201670911764,5134.978317473235
TR01280,VH023,2026-02-16 01:16:37.399479,Thika,Nairobi,45,1.0587540069570436,Diesel,9.773376515639564,4.398019432037803,835.6236920871827
TR01281,VH037,2026-02-16 02:08:28.421684,Machakos,Nairobi,115,2.2150245101922246,Diesel,12.408438843307689,14.269704669803842,2711.24388726273
TR01282,VH011,2026-02-16 03:00:19.443888,Mombasa,Thika,520,11.944189224163418,Diesel,12.64627770475375,65.7606440647195,12494.522372296706
TR01283,VH006,2026-02-16 03:52:10.466093,Kisumu,Thika,370,7.31486280489731,Diesel,24.64258091898982,91.17754940026235,17323.734386049848
TR01284,VH018,2026-02-16 04:44:01.488297,Nairobi,Eldoret,310,7.610699183778815,Diesel,9.36615752138617,29.035088316297124,5516.666780096453
TR01285,VH021,2026-02-16 05:35:52.510502,Mombasa,Nairobi,480,9.888583659021752,Petrol,22.19907581208533,106.55556389800958,21311.112779601917
TR01286,VH042,2026-02-16 06:27:43.532706,Mombasa,Eldoret,750,11.329484572402462,Diesel,12.632492636641206,94.74369477480904,18001.30200721372
TR01287,VH036,2026-02-16 07:19:34.554910,Thika,Nakuru,200,4.291798184122249,Diesel,11.581165489679146,23.16233097935829,4400.842886078075
TR01288,VH041,2026-02-16 08:11:25.577115,Nakuru,Mombasa,630,12.871344811513058,Diesel,24.112115011679784,151.90632457358262,28862.2016689807
TR01289,VH038,2026-02-16 09:03:16.599319,Nakuru,Nairobi,155,3.2038154079612715,Diesel,11.027692353477432,17.09292314789002,3247.655398099104
TR01290,VH034,2026-02-16 09:55:07.621524,Machakos,Thika,80,1.5565337554442535,Diesel,9.203866371706857,7.363093097365486,1398.9876884994424
TR01291,VH017,2026-02-16 10:46:58.643728,Nairobi,Machakos,115,2.1397253356979893,Petrol,12.361357538170964,14.215561168896608,2843.1122337793217
TR01292,VH037,2026-02-16 11:38:49.665933,Nakuru,Kisumu,190,3.6497821210744665,Diesel,11.7257873206799,22.27899590929181,4233.009222765444
TR01293,VH025,2026-02-16 12:30:40.688137,Mombasa,Nairobi,480,9.189324188629215,Diesel,18.12312941348767,86.99102118474082,16528.294025100757
TR01294,VH038,2026-02-16 13:22:31.710342,Nakuru,Machakos,270,5.560895282268846,Diesel,11.256870036452069,30.39354909842059,5774.774328699912
TR01295,VH012,2026-02-16 14:14:22.732546,Eldoret,Naivasha,235,4.625773198329447,Diesel,11.54663387108406,27.13458959704754,5155.572023439033
TR01296,VH023,2026-02-16 15:06:13.754750,Nakuru,Thika,200,4.1417851884143735,Diesel,12.08419188392121,24.16838376784242,4591.99291589006
TR01297,VH042,2026-02-16 15:58:04.776955,Mombasa,Eldoret,750,21.126087891732006,Diesel,10.86292897024636,81.47196727684769,15479.673782601061
TR01298,VH022,2026-02-16 16:49:55.799159,Machakos,Eldoret,430,6.052508744087144,Petrol,20.891380435673785,89.83293587339728,17966.587174679455
TR01299,VH021,2026-02-16 17:41:46.821364,Thika,Mombasa,520,9.314759369380411,Petrol,21.37732811092483,111.16210617680912,22232.421235361824
TR01300,VH027,2026-02-16 18:33:37.843568,Nairobi,Thika,45,1.0672245615101188,Petrol,21.214661739548635,9.546597782796885,1909.3195565593771
TR01301,VH031,2026-02-16 19:25:28.865773,Kisumu,Nairobi,350,6.75148027484521,Petrol,13.869703833333908,48.543963416668674,9708.792683333735
TR01302,VH006,2026-02-16 20:17:19.887977,Nakuru,Naivasha,75,1.9117595896701043,Diesel,18.318529664532072,13.738897248399054,2610.39047719582
TR01303,VH027,2026-02-16 21:09:10.910182,Naivasha,Eldoret,235,5.103549099382871,Petrol,24.656777305166795,57.94342666714197,11588.685333428393
TR01304,VH040,2026-02-16 22:01:01.932386,Naivasha,Nairobi,95,2.490556095014893,Petrol,12.909686069970167,12.264201766471658,2452.8403532943316
TR01305,VH034,2026-02-16 22:52:52.954590,Machakos,Mombasa,420,8.469360465294278,Diesel,12.978638574849192,54.51028201436661,10356.953582729655
TR01306,VH012,2026-02-16 23:44:43.976795,Mombasa,Machakos,420,11.245233369186405,Diesel,12.151963090080377,51.03824497833759,9697.266545884142
TR01307,VH045,2026-02-17 00:36:34.998999,Kisumu,Naivasha,270,5.084038865453061,Diesel,21.176865168798862,57.17753595575693,10863.731831593817
TR01308,VH007,2026-02-17 01:28:26.021204,Kisumu,Thika,370,6.6717433648134365,Petrol,14.396632495079118,53.26754023179274,10653.508046358547
TR01309,VH010,2026-02-17 02:20:17.043408,Eldoret,Kisumu,120,2.7659867856729985,Diesel,14.47967248145951,17.37560697775141,3301.365325772768
TR01310,VH045,2026-02-17 03:12:08.065613,Kisumu,Eldoret,120,2.3397672028615246,Diesel,19.670822170019083,23.604986604022898,4484.94745476435
TR01311,VH017,2026-02-17 04:03:59.087817,Naivasha,Thika,145,3.3752103688224224,Petrol,9.996209392923092,14.494503619738483,2898.9007239476964
TR01312,VH026,2026-02-17 04:55:50.110022,Thika,Kisumu,370,6.839964536358007,Diesel,21.47364621708966,79.45249100323174,15095.97329061403
TR01313,VH021,2026-02-17 05:47:41.132226,Mombasa,Thika,520,11.687742465377404,Petrol,24.301939189893844,126.370083787448,25274.0167574896
TR01314,VH028,2026-02-17 06:39:32.154430,Mombasa,Thika,520,9.23430542327621,Petrol,11.611775467030881,60.38123242856059,12076.246485712118
TR01315,VH046,2026-02-17 07:31:23.176635,Nakuru,Naivasha,75,2.112243764093725,Diesel,13.260073076695656,9.945054807521743,1889.5604134291311
TR01316,VH002,2026-02-17 08:23:14.198839,Nakuru,Thika,200,4.766422345318192,Petrol,22.957061814184208,45.914123628368415,9182.824725673683
TR01317,VH043,2026-02-17 09:15:05.221044,Nakuru,Machakos,270,6.564636105054643,Diesel,13.89337332447078,37.51210797607111,7127.30051545351
TR01318,VH001,2026-02-17 10:06:56.243248,Naivasha,Nairobi,95,1.8401284734365795,Petrol,12.819622289604816,12.178641175124573,2435.7282350249147
TR01319,VH036,2026-02-17 10:58:47.265453,Naivasha,Mombasa,620,11.38853467373979,Diesel,11.012275891394848,68.27611052664807,12972.461000063133
TR01320,VH026,2026-02-17 11:50:38.287657,Machakos,Naivasha,190,3.63670476036559,Diesel,24.76911192159281,47.061312651026334,8941.649403695004
TR01321,VH029,2026-02-17 12:42:29.309861,Naivasha,Machakos,190,4.136893032653377,Diesel,13.056653766514263,24.8076421563771,4713.452009711649
TR01322,VH021,2026-02-17 13:34:20.332066,Naivasha,Kisumu,270,9.768697690554488,Petrol,23.099956481432898,62.36988249986883,12473.976499973765
TR01323,VH011,2026-02-17 14:26:11.354270,Naivasha,Nairobi,95,1.8883069102983823,Diesel,11.724914228479392,11.138668517055422,2116.34701824053
TR01324,VH040,2026-02-17 15:18:02.376475,Naivasha,Thika,145,2.575287523979913,Petrol,13.3497459050154,19.35713156227233,3871.426312454466
TR01325,VH011,2026-02-17 16:09:53.398679,Thika,Kisumu,370,5.1788762168870255,Diesel,11.28898831082063,41.769256750036334,7936.158782506904
TR01326,VH036,2026-02-17 17:01:44.420884,Naivasha,Nairobi,95,2.038414971475051,Diesel,10.22548458764318,9.71421035826102,1845.699968069594
TR01327,VH049,2026-02-17 17:53:35.443088,Machakos,Eldoret,430,9.624536552644205,Diesel,12.57361100904713,54.06652733890266,10272.640194391506
TR01328,VH039,2026-02-17 18:45:26.465293,Kisumu,Naivasha,270,5.136787099355534,Diesel,21.649763153840546,58.45436051536948,11106.328497920202
TR01329,VH040,2026-02-17 19:37:17.487497,Kisumu,Naivasha,270,5.630779472612428,Petrol,13.416383052111948,36.224234240702266,7244.846848140453
TR01330,VH035,2026-02-17 20:29:08.509701,Eldoret,Kisumu,120,1.9932565718961617,Diesel,11.347192453740458,13.61663094448855,2587.1598794528245
TR01331,VH034,2026-02-17 21:20:59.531906,Thika,Eldoret,350,8.039602487563585,Diesel,11.993616705283653,41.977658468492784,7975.755109013629
TR01332,VH047,2026-02-17 22:12:50.554110,Nakuru,Eldoret,160,3.3326933001335886,Petrol,11.219668248515562,17.9514691976249,3590.29383952498
TR01333,VH024,2026-02-17 23:04:41.576315,Nairobi,Kisumu,350,6.139305623340106,Petrol,11.98480143422764,41.94680501979674,8389.361003959348
TR01334,VH022,2026-02-17 23:56:32.598519,Naivasha,Nairobi,95,1.8106648905014149,Petrol,20.036158125709534,19.034350219424056,3806.870043884811
TR01335,VH005,2026-02-18 00:48:23.620724,Eldoret,Nakuru,160,2.698615513934959,Diesel,23.008156745543868,36.81305079287019,6994.479650645337
TR01336,VH033,2026-02-18 01:40:14.642928,Nairobi,Mombasa,480,10.320922286346002,Petrol,13.029646830797327,62.54230478782717,12508.460957565434
TR01337,VH036,2026-02-18 02:32:05.665133,Machakos,Mombasa,420,6.987623053998339,Diesel,10.299582369288618,43.2582459510122,8219.066730692319
TR01338,VH047,2026-02-18 03:23:56.687337,Kisumu,Machakos,465,12.67400281082936,Petrol,10.50310279927821,48.83942801664368,9767.885603328736
TR01339,VH020,2026-02-18 04:15:47.709541,Eldoret,Naivasha,235,6.3497111509047475,Petrol,12.305771348595465,28.918562669199346,5783.712533839869
TR01340,VH019,2026-02-18 05:07:38.731746,Machakos,Kisumu,465,7.720107828480598,Diesel,12.477925871517721,58.02235530255741,11024.247507485907
TR01341,VH035,2026-02-18 05:59:29.753950,Eldoret,Mombasa,750,14.982381736765431,Diesel,13.52049842198725,101.40373816490438,19266.71025133183
TR01342,VH043,2026-02-18 06:51:20.776155,Mombasa,Nakuru,630,10.982013967853556,Diesel,13.413492523879185,84.50500290043887,16055.950551083384
TR01343,VH017,2026-02-18 07:43:11.798359,Machakos,Thika,80,1.574934363189522,Petrol,10.964038584762694,8.771230867810155,1754.2461735620311
TR01344,VH045,2026-02-18 08:35:02.820564,Kisumu,Naivasha,270,5.406090205863713,Diesel,20.763975720825748,56.06273444622952,10651.919544783608
TR01345,VH043,2026-02-18 09:26:53.842768,Kisumu,Nairobi,350,8.888700814813996,Diesel,11.274088118221908,39.459308413776675,7497.268598617568
TR01346,VH034,2026-02-18 10:18:44.864972,Thika,Nakuru,200,4.017251406973542,Diesel,9.784168499481815,19.56833699896363,3717.98402980309
TR01347,VH009,2026-02-18 11:10:35.887177,Eldoret,Thika,350,5.747800515935525,Diesel,13.462886896984529,47.12010413944585,8952.819786494712
TR01348,VH026,2026-02-18 12:02:26.909381,Naivasha,Nairobi,95,1.8829270353902297,Diesel,18.65232150180619,17.71970542671588,3366.744031076017
TR01349,VH002,2026-02-18 12:54:17.931586,Kisumu,Thika,370,6.671880883920308,Petrol,24.56454600750747,90.88882022777764,18177.76404555553
TR01350,VH009,2026-02-18 13:46:08.953790,Eldoret,Mombasa,750,13.578349109038363,Diesel,14.133431518357256,106.00073638767941,20140.139913659088
TR01351,VH009,2026-02-18 14:37:59.975995,Thika,Eldoret,350,8.353553733338495,Diesel,14.28752869978628,50.00635044925198,9501.206585357877
TR01352,VH040,2026-02-18 15:29:50.998199,Naivasha,Nakuru,75,1.3190978021206476,Petrol,14.533344073075952,10.900008054806964,2180.001610961393
TR01353,VH017,2026-02-18 16:21:42.020404,Machakos,Nairobi,115,2.421553754768698,Petrol,11.0430248536162,12.69947858165863,2539.895716331726
TR01354,VH001,2026-02-18 17:13:33.042608,Thika,Naivasha,145,3.0257008833840064,Petrol,14.233503616752005,20.638580244290406,4127.716048858081
TR01355,VH025,2026-02-18 18:05:24.064812,Mombasa,Kisumu,850,12.728064165536484,Diesel,19.106429102041545,162.40464736735314,30856.882999797097
TR01356,VH043,2026-02-18 18:57:15.087017,Naivasha,Machakos,190,3.4685187332352614,Diesel,10.108208973041178,19.205597048778237,3649.0634392678653
TR01357,VH040,2026-02-18 19:49:06.109221,Eldoret,Nakuru,160,3.564110703866714,Petrol,13.92445697331925,22.2791311573108,4455.82623146216
TR01358,VH042,2026-02-18 20:40:57.131426,Kisumu,Machakos,465,9.204948868784815,Diesel,10.373983239984696,48.23902206592884,9165.41419252648
TR01359,VH025,2026-02-18 21:32:48.153630,Kisumu,Nairobi,350,6.959224593261509,Diesel,24.91967267128145,87.21885434948507,16571.582326402164
TR01360,VH039,2026-02-18 22:24:39.175835,Eldoret,Naivasha,235,3.7014434468853805,Diesel,22.72357500721089,53.40040126694559,10146.076240719663
TR01361,VH035,2026-02-18 23:16:30.198039,Eldoret,Nakuru,160,3.179922943173003,Diesel,13.767248551210528,22.027597681936847,4185.243559568001
TR01362,VH003,2026-02-19 00:08:21.220244,Eldoret,Machakos,430,6.354931255378236,Diesel,11.22901928138933,48.28478290997412,9174.108752895083
TR01363,VH050,2026-02-19 01:00:12.242448,Nakuru,Naivasha,75,1.8926901027765923,Diesel,12.36932696959844,9.27699522719883,1762.6290931677777
TR01364,VH037,2026-02-19 01:52:03.264652,Naivasha,Kisumu,270,5.428098227979223,Diesel,10.216099686274786,27.583469152941923,5240.859139058965
TR01365,VH044,2026-02-19 02:43:54.286857,Kisumu,Eldoret,120,2.733662261306387,Petrol,23.864780039465206,28.637736047358246,5727.547209471649
TR01366,VH044,2026-02-19 03:35:45.309061,Naivasha,Kisumu,270,5.864291032545488,Petrol,19.187368651221007,51.80589535829672,10361.179071659344
TR01367,VH030,2026-02-19 04:27:36.331266,Thika,Eldoret,350,7.573294130196439,Diesel,13.486790334168852,47.20376616959098,8968.715572222285
TR01368,VH038,2026-02-19 05:19:27.353470,Kisumu,Nakuru,190,4.288014993398332,Diesel,11.122402506163642,21.132564761710917,4015.1873047250742
TR01369,VH034,2026-02-19 06:11:18.375675,Nakuru,Nairobi,155,2.427892590970967,Diesel,9.342265847130214,14.480512063051833,2751.2972919798485
TR01370,VH012,2026-02-19 07:03:09.397879,Eldoret,Nairobi,310,5.05046533871254,Diesel,12.40746839274697,38.46315201751561,7307.998883327966
TR01371,VH019,2026-02-19 07:55:00.420084,Mombasa,Thika,520,9.770550626595066,Diesel,9.846431051363947,51.20144146709252,9728.27387874758
TR01372,VH037,2026-02-19 08:46:51.442288,Eldoret,Nairobi,310,6.709203762900954,Diesel,13.647219941632748,42.30638181906152,8038.212545621689
TR01373,VH044,2026-02-19 09:38:42.464492,Machakos,Naivasha,190,4.266390201441215,Petrol,19.662960903684393,37.35962571700035,7471.92514340007
TR01374,VH049,2026-02-19 10:30:33.486697,Eldoret,Kisumu,120,2.1453676086725513,Diesel,10.712362781179145,12.854835337414974,2442.418714108845
TR01375,VH017,2026-02-19 11:22:24.508901,Nakuru,Kisumu,190,3.625870636693921,Petrol,11.837196256322365,22.490672887012494,4498.1345774024985
TR01376,VH010,2026-02-19 12:14:15.531106,Naivasha,Nairobi,95,1.9450714934165472,Diesel,11.424841387886557,10.853599318492229,2062.1838705135233
TR01377,VH049,2026-02-19 13:06:06.553310,Kisumu,Nairobi,350,6.442167076236738,Diesel,10.889940581049808,38.11479203367433,7241.8104863981225
TR01378,VH047,2026-02-19 13:57:57.575515,Eldoret,Mombasa,750,13.128283702410648,Petrol,13.078108855201933,98.08581641401449,19617.163282802896
TR01379,VH012,2026-02-19 14:49:48.597719,Kisumu,Mombasa,850,17.429576395408994,Diesel,10.896049247805129,92.6164186063436,17597.119535205286
TR01380,VH016,2026-02-19 15:41:39.619923,Nairobi,Nakuru,155,3.546797720369599,Diesel,18.575411126373535,28.79188724587898,5470.458576717006
TR01381,VH024,2026-02-19 16:33:30.642128,Thika,Nakuru,200,5.0721417485376765,Petrol,10.641788925665097,21.283577851330193,4256.715570266038
TR01382,VH019,2026-02-19 17:25:21.664332,Naivasha,Kisumu,270,5.191803149409937,Diesel,11.12188383506939,30.029086354687355,5705.526407390597
TR01383,VH008,2026-02-19 18:17:12.686537,Kisumu,Naivasha,270,4.009625013659648,Diesel,11.713296410682839,31.625900308843665,6008.9210586802965
TR01384,VH031,2026-02-19 19:09:03.708741,Mombasa,Eldoret,750,18.241653529308756,Petrol,10.862118480875035,81.46588860656276,16293.177721312552
TR01385,VH021,2026-02-19 20:00:54.730946,Thika,Kisumu,370,6.292971572511563,Petrol,23.529381901559635,87.05871303577065,17411.74260715413
TR01386,VH017,2026-02-19 20:52:45.753150,Machakos,Nakuru,270,6.054415644816181,Petrol,9.196597438342366,24.83081308352439,4966.162616704878
TR01387,VH023,2026-02-19 21:44:36.775355,Machakos,Naivasha,190,4.111864555298345,Diesel,11.15883769099279,21.2017916128863,4028.340406448397
TR01388,VH037,2026-02-19 22:36:27.797559,Mombasa,Machakos,420,7.327363669086471,Diesel,11.911279573282023,50.0273742077845,9505.201099479054
TR01389,VH016,2026-02-19 23:28:18.819763,Eldoret,Nakuru,160,3.336257093744045,Diesel,22.533049435648014,36.05287909703682,6850.047028436996
TR01390,VH006,2026-02-20 00:20:09.841968,Thika,Mombasa,520,10.002677953119788,Diesel,24.76393376328177,128.77245556906522,24466.766558122392
TR01391,VH008,2026-02-20 01:12:00.864172,Kisumu,Nairobi,350,6.75248651951742,Diesel,11.551877033144311,40.43156961600509,7681.998227040967
TR01392,VH025,2026-02-20 02:03:51.886377,Thika,Eldoret,350,7.846052609656062,Diesel,24.908137928592044,87.17848275007215,16563.91172251371
TR01393,VH018,2026-02-20 02:55:42.908581,Eldoret,Thika,350,6.123079448194539,Diesel,10.511246974565987,36.78936441098095,6989.979238086381
TR01394,VH025,2026-02-20 03:47:33.930786,Nakuru,Naivasha,75,1.5149268009439525,Diesel,18.21607692779723,13.66205769584792,2595.7909622111047
TR01395,VH012,2026-02-20 04:39:24.952990,Naivasha,Nairobi,95,2.4426668795002975,Diesel,10.828315837382064,10.28690004551296,1954.5110086474624
TR01396,VH015,2026-02-20 05:31:15.975195,Mombasa,Naivasha,620,14.465659136951851,Petrol,10.975624423872837,68.0488714280116,13609.77428560232
TR01397,VH026,2026-02-20 06:23:06.997399,Eldoret,Mombasa,750,29.920080806877635,Diesel,20.214337364319867,151.607530232399,28805.43074415581
TR01398,VH041,2026-02-20 07:14:58.019603,Nakuru,Naivasha,75,1.487624857685665,Diesel,18.679378916883643,14.009534187662732,2661.811495655919
TR01399,VH045,2026-02-20 08:06:49.041808,Thika,Nairobi,45,0.7446320504713098,Diesel,21.028620753835018,9.462879339225758,1797.947074452894
TR01400,VH026,2026-02-20 08:58:40.064012,Thika,Nairobi,45,1.081138186533599,Diesel,20.366810401616938,9.165064680727623,1741.3622893382483
TR01401,VH047,2026-02-20 09:50:31.086217,Eldoret,Thika,350,6.40037380328177,Petrol,9.613096102287193,33.64583635800518,6729.167271601035
TR01402,VH032,2026-02-20 10:42:22.108421,Kisumu,Machakos,465,8.700608295437764,Petrol,11.480585653059546,53.38472328672689,10676.944657345377
TR01403,VH010,2026-02-20 11:34:13.130626,Thika,Mombasa,520,11.822217548354201,Diesel,14.432180276776952,75.04733743924015,14258.994113455628
TR01404,VH016,2026-02-20 12:26:04.152830,Kisumu,Nakuru,190,3.0501375224468403,Diesel,20.114342058425382,38.217249911008224,7261.277483091562
TR01405,VH007,2026-02-20 13:17:55.175035,Kisumu,Naivasha,270,5.646324700561257,Petrol,13.569777116210258,36.6383982137677,7327.67964275354
TR01406,VH017,2026-02-20 14:09:46.197239,Naivasha,Eldoret,235,3.5561798538779734,Petrol,12.060235398288778,28.34155318597863,5668.310637195726
TR01407,VH023,2026-02-20 15:01:37.219443,Kisumu,Naivasha,270,7.314185504923015,Diesel,11.135905812041859,30.06694569251302,5712.719681577474
TR01408,VH026,2026-02-20 15:53:28.241648,Nairobi,Naivasha,95,1.9854989362214035,Diesel,19.673179457625686,18.6895204847444,3551.008892101436
TR01409,VH021,2026-02-20 16:45:19.263852,Naivasha,Nakuru,75,1.5369487455731567,Petrol,20.583102895421618,15.437327171566213,3087.465434313243
TR01410,VH022,2026-02-20 17:37:10.286057,Nakuru,Mombasa,630,12.682411366918771,Petrol,22.1447504942973,139.511928114073,27902.385622814596
TR01411,VH007,2026-02-20 18:29:01.308261,Nakuru,Nairobi,155,2.7812344896758385,Petrol,11.753766073746775,18.218337414307502,3643.6674828615005
TR01412,VH014,2026-02-20 19:20:52.330466,Thika,Kisumu,370,4.793676376484975,Diesel,11.074482167871158,40.97558402112329,7785.360964013425
TR01413,VH015,2026-02-20 20:12:43.352670,Thika,Naivasha,145,2.703179891885916,Petrol,9.58231374445816,13.894354929464331,2778.8709858928664
TR01414,VH007,2026-02-20 21:04:34.374874,Kisumu,Eldoret,120,2.3907277088457803,Petrol,14.398834689547826,17.27860162745739,3455.7203254914784
TR01415,VH009,2026-02-20 21:56:25.397079,Naivasha,Mombasa,620,15.037446706444179,Diesel,12.201564878759529,75.64970224830908,14373.443427178725
TR01416,VH048,2026-02-20 22:48:16.419283,Naivasha,Kisumu,270,7.741014726234094,Diesel,22.37645825220051,60.41643728094138,11479.123083378863
TR01417,VH008,2026-02-20 23:40:07.441488,Nairobi,Naivasha,95,1.6003480564726433,Diesel,11.452051805684025,10.879449215399823,2067.0953509259666
TR01418,VH050,2026-02-21 00:31:58.463692,Kisumu,Nakuru,190,4.164317228960375,Diesel,13.362832591789818,25.389381924400652,4823.982565636124
TR01419,VH023,2026-02-21 01:23:49.485897,Nairobi,Eldoret,310,4.376474697427977,Diesel,11.734674262241054,36.377490212947265,6911.723140459981
TR01420,VH029,2026-02-21 02:15:40.508101,Machakos,Mombasa,420,7.375448049956577,Diesel,12.403907089745566,52.09640977693138,9898.317857616963
TR01421,VH018,2026-02-21 03:07:31.530306,Kisumu,Mombasa,850,16.119099042949536,Diesel,13.623004952108563,115.79554209292279,22001.15299765533
TR01422,VH031,2026-02-21 03:59:22.552510,Mombasa,Machakos,420,7.901713049615784,Petrol,12.598447980226773,52.91348151695245,10582.69630339049
TR01423,VH030,2026-02-21 04:51:13.574714,Mombasa,Machakos,420,7.89001853383574,Diesel,10.557749536734287,44.34254805428401,8425.084130313962
TR01424,VH039,2026-02-21 05:43:04.596919,Eldoret,Nakuru,160,3.600079382346117,Diesel,19.243931228377697,30.790289965404316,5850.15509342682
TR01425,VH035,2026-02-21 06:34:55.619123,Kisumu,Eldoret,120,3.3344468191052945,Diesel,13.93561431469721,16.722737177636652,3177.320063750964
TR01426,VH018,2026-02-21 07:26:46.641328,Naivasha,Kisumu,270,5.921764413652692,Diesel,13.179256605899772,35.583992835929386,6760.958638826583
TR01427,VH042,2026-02-21 08:18:37.663532,Thika,Machakos,80,1.6047130355595751,Diesel,12.725954145451482,10.180763316361187,1934.3450301086255
TR01428,VH039,2026-02-21 09:10:28.685737,Nakuru,Nairobi,155,3.458473427553035,Diesel,21.881186595066474,33.915839222353036,6444.009452247077
TR01429,VH017,2026-02-21 10:02:19.707941,Eldoret,Thika,350,8.813605232950083,Petrol,12.159664814257223,42.55882684990028,8511.765369980056
TR01430,VH014,2026-02-21 10:54:10.730146,Thika,Mombasa,520,11.81433746491105,Diesel,12.195578871413197,63.417010131348626,12049.231924956239
TR01431,VH031,2026-02-21 11:46:01.752350,Mombasa,Nairobi,480,8.235273566794671,Petrol,12.40099561741952,59.52477896361369,11904.955792722738
TR01432,VH024,2026-02-21 12:37:52.774554,Kisumu,Mombasa,850,15.182484639388859,Petrol,9.542406287832078,81.11045344657266,16222.090689314533
TR01433,VH035,2026-02-21 13:29:43.796759,Eldoret,Nairobi,310,6.0345004028119025,Diesel,14.806396211836931,45.89982825669449,8720.967368771953
TR01434,VH044,2026-02-21 14:21:34.818963,Kisumu,Machakos,465,8.501413995609203,Petrol,23.251083766564452,108.11753951452471,21623.50790290494
TR01435,VH045,2026-02-21 15:13:25.841168,Mombasa,Machakos,420,10.25777989941901,Diesel,22.418219428063047,94.1565215978648,17889.73910359431
TR01436,VH034,2026-02-21 16:05:16.863372,Eldoret,Thika,350,8.020789581169774,Diesel,10.581610285047404,37.03563599766591,7036.770839556523
TR01437,VH003,2026-02-21 16:57:07.885577,Mombasa,Nairobi,480,9.144926405413937,Diesel,10.804777437283645,51.862931698961496,9853.957022802684
TR01438,VH037,2026-02-21 17:48:58.907781,Nairobi,Nakuru,155,3.693648387829718,Diesel,12.046714819144723,18.67240796967432,3547.757514238121
TR01439,VH043,2026-02-21 18:40:49.929985,Mombasa,Eldoret,750,14.744279351830151,Diesel,13.307883702870292,99.80912777152719,18963.734276590167
TR01440,VH040,2026-02-21 19:32:40.952190,Naivasha,Mombasa,620,15.53892374237806,Petrol,13.168548717115556,81.64500204611645,16329.000409223288
TR01441,VH026,2026-02-21 20:24:31.974394,Naivasha,Thika,145,3.939885866553508,Diesel,20.678488085459,29.98380772391555,5696.923467543955
TR01442,VH023,2026-02-21 21:16:22.996599,Kisumu,Machakos,465,8.320118056170768,Diesel,12.066431969165649,56.10890865662027,10660.692644757852
TR01443,VH044,2026-02-21 22:08:14.018803,Nakuru,Kisumu,190,3.2636870073990907,Petrol,23.696238068972832,45.02285233104838,9004.570466209676
TR01444,VH039,2026-02-21 23:00:05.041008,Mombasa,Kisumu,850,18.90845617923884,Diesel,18.18399340636325,154.56394395408762,29367.149351276646
TR01445,VH015,2026-02-21 23:51:56.063212,Thika,Machakos,80,2.114371685259733,Petrol,11.25310523965138,9.002484191721104,1800.4968383442208
TR01446,VH049,2026-02-22 00:43:47.085417,Naivasha,Thika,145,4.484579196215814,Diesel,12.792776142333956,18.549525406384237,3524.409827213005
TR01447,VH004,2026-02-22 01:35:38.107621,Machakos,Nakuru,270,4.170785884370231,Diesel,12.730722352316885,34.37295035125559,6530.860566738562
TR01448,VH029,2026-02-22 02:27:29.129825,Nakuru,Machakos,270,5.30544353856274,Diesel,13.257380439645349,35.79492718704245,6801.036165538065
TR01449,VH022,2026-02-22 03:19:20.152030,Nairobi,Kisumu,350,7.754333219427345,Petrol,21.616734748237395,75.65857161883088,15131.714323766175
TR01450,VH025,2026-02-22 04:11:11.174234,Eldoret,Machakos,430,9.131701057986719,Diesel,24.943121812776177,107.25542379493756,20378.530521038134
TR01451,VH013,2026-02-22 05:03:02.196439,Eldoret,Thika,350,10.088391023615415,Petrol,18.382350755423268,64.33822764398144,12867.645528796289
TR01452,VH018,2026-02-22 05:54:53.218643,Naivasha,Kisumu,270,4.912736356858779,Diesel,11.455224108861886,30.929105093927095,5876.529967846148
TR01453,VH033,2026-02-22 06:46:44.240848,Nakuru,Eldoret,160,2.4242107796570536,Petrol,9.457082745572588,15.131332392916143,3026.2664785832285
TR01454,VH016,2026-02-22 07:38:35.263052,Naivasha,Mombasa,620,14.175334830712325,Diesel,19.118498934794992,118.53469339572895,22521.5917451885
TR01455,VH045,2026-02-22 08:30:26.285257,Eldoret,Naivasha,235,3.4024609001134163,Diesel,20.68126845292783,48.6009808643804,9234.186364232277
TR01456,VH042,2026-02-22 09:22:17.307461,Machakos,Naivasha,190,3.8721173489122744,Diesel,10.777700457502437,20.47763086925463,3890.7498651583796
TR01457,VH044,2026-02-22 10:14:08.329665,Mombasa,Nairobi,480,7.578864595849451,Petrol,24.745810161696557,118.77988877614347,23755.977755228694
TR01458,VH002,2026-02-22 11:05:59.351870,Nakuru,Mombasa,630,12.009660718774583,Petrol,24.627528437076116,155.15342915357954,31030.68583071591
TR01459,VH035,2026-02-22 11:57:50.374074,Kisumu,Mombasa,850,16.206204076298427,Diesel,11.68054823110302,99.28465996437566,18864.085393231377
TR01460,VH042,2026-02-22 12:49:41.396279,Mombasa,Machakos,420,6.486345646122149,Diesel,13.198738560188398,55.43470195279127,10532.593371030342
TR01461,VH034,2026-02-22 13:41:32.418483,Mombasa,Machakos,420,7.465123010771495,Diesel,11.66876660296893,49.008819732469505,9311.675749169206
TR01462,VH030,2026-02-22 14:33:23.440688,Mombasa,Nakuru,630,11.887065041922874,Diesel,14.077934902578843,88.69098988624671,16851.288078386875
TR01463,VH013,2026-02-22 15:25:14.462892,Kisumu,Mombasa,850,24.659620863110746,Petrol,22.392119268718595,190.33301378410806,38066.60275682161
TR01464,VH013,2026-02-22 16:17:05.485097,Machakos,Kisumu,465,12.255440874239822,Petrol,18.001767181433934,83.7082173936678,16741.64347873356
TR01465,VH018,2026-02-22 17:08:56.507301,Nairobi,Mombasa,480,8.943803879131895,Diesel,12.815871928048693,61.516185254633726,11688.075198380408
TR01466,VH032,2026-02-22 18:00:47.529505,Machakos,Mombasa,420,6.802471373284384,Petrol,13.73424060648059,57.68381054721848,11536.762109443696
TR01467,VH032,2026-02-22 18:52:38.551710,Machakos,Kisumu,465,9.112713946882051,Petrol,12.548613527832405,58.35105290442069,11670.210580884139
TR01468,VH035,2026-02-22 19:44:29.573914,Machakos,Mombasa,420,9.277756912080726,Diesel,14.514594866165268,60.96129843789413,11582.646703199884
TR01469,VH039,2026-02-22 20:36:20.596119,Thika,Nakuru,200,5.66786799894199,Diesel,24.35912343983281,48.71824687966562,9256.466907136468
TR01470,VH046,2026-02-22 21:28:11.618323,Naivasha,Mombasa,620,14.17748210023851,Diesel,12.619558383521987,78.24126197783632,14865.8397757889
TR01471,VH029,2026-02-22 22:20:02.640528,Eldoret,Machakos,430,8.423469512244703,Diesel,13.039941155982689,56.071746970725556,10653.631924437856
TR01472,VH049,2026-02-22 23:11:53.662732,Naivasha,Thika,145,3.360499551291616,Diesel,13.982610359623362,20.274785021453873,3852.209154076236
TR01473,VH029,2026-02-23 00:03:44.684936,Nakuru,Naivasha,75,1.7737025257153116,Diesel,11.494101174057088,8.620575880542816,1637.9094173031351
TR01474,VH044,2026-02-23 00:55:35.707141,Machakos,Mombasa,420,8.469268129670183,Petrol,20.27232069618034,85.14374692395744,17028.74938479149
TR01475,VH016,2026-02-23 01:47:26.729345,Nairobi,Thika,45,0.7306702006896669,Diesel,19.279417318644473,8.675737793390013,1648.3901807441025
TR01476,VH044,2026-02-23 02:39:17.751550,Nakuru,Kisumu,190,3.4247961123675315,Petrol,24.271068574105076,46.115030290799645,9223.006058159928
TR01477,VH047,2026-02-23 03:31:08.773754,Naivasha,Nairobi,95,1.8168961065884095,Petrol,12.722441949746331,12.086319852259015,2417.263970451803
TR01478,VH010,2026-02-23 04:22:59.795959,Eldoret,Mombasa,750,14.560875717644617,Diesel,10.52821424435121,78.96160683263408,15002.705298200473
TR01479,VH030,2026-02-23 05:14:50.818163,Kisumu,Nairobi,350,6.432710384489379,Diesel,14.908836755989828,52.1809286459644,9914.376442733235
TR01480,VH025,2026-02-23 06:06:41.840368,Naivasha,Nakuru,75,1.5269056846596991,Diesel,23.11673195712781,17.33754896784586,3294.134303890713
TR01481,VH039,2026-02-23 06:58:32.862572,Mombasa,Nakuru,630,13.4870869643308,Diesel,23.953654767234823,150.90802503357938,28672.52475638008
TR01482,VH020,2026-02-23 07:50:23.884776,Naivasha,Eldoret,235,4.203518129470732,Petrol,9.240753945866004,21.71577177278511,4343.154354557022
TR01483,VH005,2026-02-23 08:42:14.906981,Mombasa,Eldoret,750,15.561186897859802,Diesel,21.534726432595175,161.51044824446382,30686.985166448125
TR01484,VH001,2026-02-23 09:34:05.929185,Kisumu,Thika,370,9.137783274254591,Petrol,13.492991433635197,49.92406830445023,9984.813660890046
TR01485,VH030,2026-02-23 10:25:56.951390,Naivasha,Machakos,190,3.0871017598076653,Diesel,12.714732922859206,24.15799255343249,4590.018585152173
TR01486,VH049,2026-02-23 11:17:47.973594,Nairobi,Thika,45,1.2842252580968856,Diesel,12.333237328496388,5.549956797823374,1054.4917915864412
TR01487,VH003,2026-02-23 12:09:38.995799,Nairobi,Eldoret,310,4.988206704985684,Diesel,14.089370317952362,43.67704798565232,8298.63911727394
TR01488,VH045,2026-02-23 13:01:30.018003,Nakuru,Machakos,270,4.99522290441345,Diesel,20.620359440721373,55.67497048994771,10578.244393090064
TR01489,VH014,2026-02-23 13:53:21.040208,Kisumu,Eldoret,120,2.8404522153272755,Diesel,14.243343378093549,17.092012053712256,3247.482290205329
TR01490,VH030,2026-02-23 14:45:12.062412,Machakos,Thika,80,1.5938148371434588,Diesel,10.814580523826454,8.651664419061163,1643.816239621621
TR01491,VH050,2026-02-23 15:37:03.084616,Nairobi,Eldoret,310,6.656775586513733,Diesel,10.354430275131874,32.09873385290881,6098.759432052673
TR01492,VH004,2026-02-23 16:28:54.106821,Naivasha,Mombasa,620,10.980874432203674,Diesel,10.21672809963663,63.343714217747106,12035.30570137195
TR01493,VH018,2026-02-23 17:20:45.129025,Kisumu,Nairobi,350,6.21631533903997,Diesel,10.822134056676255,37.877469198366896,7196.719147689711
TR01494,VH037,2026-02-23 18:12:36.151230,Eldoret,Naivasha,235,4.376904917716711,Diesel,11.899547724120602,27.963937151683414,5313.148058819848
TR01495,VH025,2026-02-23 19:04:27.173434,Mombasa,Naivasha,620,11.077152166045332,Diesel,23.636894180450756,146.54874391879468,27844.26134457099
TR01496,VH048,2026-02-23 19:56:18.195639,Naivasha,Nairobi,95,1.935562452858818,Diesel,22.57191469202759,21.44331895742621,4074.23060191098
TR01497,VH001,2026-02-23 20:48:09.217843,Mombasa,Naivasha,620,9.673382791882123,Petrol,12.183612790778334,75.53839930282567,15107.679860565133
TR01498,VH046,2026-02-23 21:40:00.240048,Mombasa,Eldoret,750,12.544143873490311,Diesel,13.260569893118742,99.45427419839056,18896.31209769421
TR01499,VH015,2026-02-23 22:31:51.262252,Machakos,Eldoret,430,9.310592974356945,Petrol,9.263916752578456,39.83484203608736,7966.968407217471
TR01500,VH009,2026-02-23 23:23:42.284456,Kisumu,Nakuru,190,3.3636121135286436,Diesel,10.90135768009188,20.71257959217457,3935.3901225131685
TR01501,VH015,2026-02-24 00:15:33.306661,Kisumu,Eldoret,120,2.1509748340257078,Petrol,12.134739276208775,14.56168713145053,2912.337426290106
TR01502,VH049,2026-02-24 01:07:24.328865,Nakuru,Machakos,270,5.634166465144354,Diesel,12.206834096126512,32.958452059541585,6262.105891312901
TR01503,VH024,2026-02-24 01:59:15.351070,Mombasa,Machakos,420,8.880629087003653,Petrol,12.870673293537136,54.05682783285597,10811.365566571194
TR01504,VH004,2026-02-24 02:51:06.373274,Nakuru,Thika,200,3.349182553030151,Diesel,12.01499879526801,24.02999759053602,4565.6995422018435
TR01505,VH012,2026-02-24 03:42:57.395479,Machakos,Eldoret,430,8.62026625012703,Diesel,13.61277048308078,58.53491307724735,11121.633484676997
TR01506,VH037,2026-02-24 04:34:48.417683,Mombasa,Naivasha,620,11.904447579185916,Diesel,13.419901662800946,83.20339030936587,15808.644158779516
TR01507,VH037,2026-02-24 05:26:39.439887,Nakuru,Mombasa,630,10.292632190884124,Diesel,14.816966891849244,93.34689141865023,17735.909369543544
TR01508,VH043,2026-02-24 06:18:30.462092,Nakuru,Mombasa,630,8.965838617152686,Diesel,11.075651132123395,69.77660213237739,13257.554405151704
TR01509,VH006,2026-02-24 07:10:21.484296,Eldoret,Naivasha,235,5.132461131391846,Diesel,21.86175694626848,51.375128823730925,9761.274476508876
TR01510,VH039,2026-02-24 08:02:12.506501,Nakuru,Naivasha,75,1.554958516224961,Diesel,22.212351094773286,16.659263321079965,3165.2600310051935
TR01511,VH046,2026-02-24 08:54:03.528705,Kisumu,Nairobi,350,6.918085427741387,Diesel,14.993239424671103,52.47633798634886,9970.504217406284
TR01512,VH024,2026-02-24 09:45:54.550910,Nakuru,Nairobi,155,3.0527500559278034,Petrol,10.005920710833259,15.50917710179155,3101.8354203583103
TR01513,VH011,2026-02-24 10:37:45.573114,Mombasa,Kisumu,850,16.034456618464873,Diesel,12.61609009983646,107.23676584860992,20374.985511235885
TR01514,VH013,2026-02-24 11:29:36.595319,Nakuru,Kisumu,190,4.123391676903884,Petrol,20.42329715399547,38.804264592591394,7760.852918518279
TR01515,VH034,2026-02-24 12:21:27.617523,Nairobi,Kisumu,350,8.778426334590621,Diesel,11.629464842894999,40.70312695013249,7733.594120525174
TR01516,VH025,2026-02-24 13:13:18.639727,Thika,Nakuru,200,3.123506477866548,Diesel,19.62490021472174,39.24980042944348,7457.462081594262
TR01517,VH007,2026-02-24 14:05:09.661932,Mombasa,Thika,520,9.47234312504787,Petrol,10.238061892137441,53.2379218391147,10647.58436782294
TR01518,VH004,2026-02-24 14:57:00.684136,Nairobi,Thika,45,0.9645947814786582,Diesel,12.862827269488445,5.7882722712698005,1099.7717315412622
TR01519,VH008,2026-02-24 15:48:51.706341,Machakos,Nairobi,115,2.1496571065829366,Diesel,10.67927157930416,12.281162316199783,2333.420840077959
TR01520,VH020,2026-02-24 16:40:42.728545,Mombasa,Nakuru,630,9.742729433656631,Petrol,9.909707008742169,62.43115415507566,12486.230831015131
TR01521,VH029,2026-02-24 17:32:33.750750,Kisumu,Naivasha,270,6.179079748103046,Diesel,11.619677830390168,31.37313014205346,5960.894726990157
TR01522,VH045,2026-02-24 18:24:24.772954,Thika,Machakos,80,1.547714438971716,Diesel,18.344961410134214,14.675969128107372,2788.4341343404008
TR01523,VH046,2026-02-24 19:16:15.795159,Thika,Mombasa,520,13.374113380551709,Diesel,14.752211170450517,76.71149808634269,14575.18463640511
TR01524,VH010,2026-02-24 20:08:06.817363,Kisumu,Eldoret,120,2.446320241584726,Diesel,12.905739574866303,15.486887489839562,2942.508623069517
TR01525,VH043,2026-02-24 20:59:57.839567,Thika,Eldoret,350,6.3714253629200375,Diesel,14.073843406735124,49.258451923572935,9359.105865478858
TR01526,VH034,2026-02-24 21:51:48.861772,Kisumu,Nakuru,190,4.6248724623344115,Diesel,11.115590987738653,21.11962287670344,4012.728346573653
TR01527,VH026,2026-02-24 22:43:39.883976,Nairobi,Kisumu,350,7.216139387688461,Diesel,24.3232026729633,85.13120935537155,16174.929777520594
TR01528,VH041,2026-02-24 23:35:30.906181,Machakos,Kisumu,465,8.24476587210704,Diesel,21.383227550865772,99.43200811152585,18892.08154118991
TR01529,VH049,2026-02-25 00:27:21.928385,Eldoret,Mombasa,750,13.707743330709675,Diesel,11.869726611003347,89.0229495825251,16914.360420679768
TR01530,VH003,2026-02-25 01:19:12.950590,Mombasa,Kisumu,850,20.864555221209976,Diesel,12.458969900313285,105.90124415266293,20121.236389005957
TR01531,VH006,2026-02-25 02:11:03.972794,Kisumu,Mombasa,850,16.04070216857546,Diesel,23.13294807107356,196.63005860412525,37359.7111347838
TR01532,VH005,2026-02-25 03:02:54.994999,Mombasa,Naivasha,620,11.382464433208197,Diesel,21.966592543214436,136.1928737679295,25876.64601590661
TR01533,VH005,2026-02-25 03:54:46.017203,Machakos,Kisumu,465,9.14204661955513,Diesel,19.901192465062785,92.54054496254196,17582.703542882973
TR01534,VH047,2026-02-25 04:46:37.039407,Nairobi,Machakos,115,1.9586231667681737,Petrol,9.727697656613232,11.186852305105216,2237.370461021043
TR01535,VH023,2026-02-25 05:38:28.061612,Eldoret,Mombasa,750,16.5619870138671,Diesel,12.03062194441489,90.22966458311167,17143.636270791216
TR01536,VH049,2026-02-25 06:30:19.083816,Machakos,Thika,80,1.5009415865579523,Diesel,11.44589980773518,9.156719846188144,1739.7767707757473
TR01537,VH009,2026-02-25 07:22:10.106021,Nairobi,Nakuru,155,3.8103762377636934,Diesel,10.479878483480565,16.243811649394875,3086.3242133850263
TR01538,VH035,2026-02-25 08:14:01.128225,Thika,Mombasa,520,13.980376241542332,Diesel,11.978087328966343,62.28605411062498,11834.350281018746
TR01539,VH020,2026-02-25 09:05:52.150430,Mombasa,Kisumu,850,15.111478662644098,Petrol,11.573882110002268,98.37799793501928,19675.599587003857
TR01540,VH049,2026-02-25 09:57:43.172634,Naivasha,Nairobi,95,1.8937695072809004,Diesel,13.13446616912795,12.477742860671553,2370.771143527595
TR01541,VH042,2026-02-25 10:49:34.194838,Eldoret,Thika,350,7.560593932200902,Diesel,10.380505279166812,36.33176847708384,6903.03601064593
TR01542,VH035,2026-02-25 11:41:25.217043,Thika,Mombasa,520,12.536539224074442,Diesel,11.742476741230014,61.060879054396075,11601.567020335255
TR01543,VH050,2026-02-25 12:33:16.239247,Machakos,Mombasa,420,7.418290306960209,Diesel,13.113280613551927,55.0757785769181,10464.397929614439
TR01544,VH018,2026-02-25 13:25:07.261452,Eldoret,Mombasa,750,19.770199103714187,Diesel,12.242119658857893,91.8158974414342,17445.0205138725
TR01545,VH017,2026-02-25 14:16:58.283656,Thika,Nairobi,45,0.776625039524065,Petrol,10.449791609018934,4.702406224058521,940.4812448117042
TR01546,VH024,2026-02-25 15:08:49.305861,Nairobi,Naivasha,95,1.772124259053896,Petrol,13.226675610113212,12.56534182960755,2513.06836592151
TR01547,VH003,2026-02-25 16:00:40.328065,Kisumu,Machakos,465,12.12906296579647,Diesel,12.466467902813463,57.96907574808261,11014.124392135696
TR01548,VH032,2026-02-25 16:52:31.350270,Mombasa,Machakos,420,8.234052338756083,Petrol,12.491759456552302,52.46538971751967,10493.077943503935
TR01549,VH035,2026-02-25 17:44:22.372474,Nakuru,Eldoret,160,2.246250898355289,Diesel,14.882936696001922,23.812698713603076,4524.412755584584
TR01550,VH038,2026-02-25 18:36:13.394678,Nakuru,Kisumu,190,3.1924539112956767,Diesel,14.735582516181893,27.997606780745596,5319.545288341663
TR01551,VH013,2026-02-25 19:28:04.416883,Nairobi,Mombasa,480,11.066082767823717,Petrol,20.50972878358891,98.44669816122676,19689.339632245352
TR01552,VH047,2026-02-25 20:19:55.439087,Machakos,Thika,80,1.4353986598708386,Petrol,9.702895643315411,7.76231651465233,1552.463302930466
TR01553,VH025,2026-02-25 21:11:46.461292,Mombasa,Nakuru,630,16.290563680427923,Diesel,20.27966712594666,127.76190289346395,24274.76154975815
TR01554,VH009,2026-02-25 22:03:37.483496,Machakos,Thika,80,2.049732317466304,Diesel,10.15241630155694,8.121933041245553,1543.167277836655
TR01555,VH004,2026-02-25 22:55:28.505701,Mombasa,Nairobi,480,9.704506934549794,Diesel,10.103839433551956,48.49842928104939,9214.701563399383
TR01556,VH014,2026-02-25 23:47:19.527905,Nairobi,Mombasa,480,8.821385985457697,Diesel,11.977610681257095,57.49253127003406,10923.58094130647
TR01557,VH037,2026-02-26 00:39:10.550110,Mombasa,Nairobi,480,8.496982479239788,Diesel,14.70509911348617,70.58447574473361,13411.050391499386
TR01558,VH034,2026-02-26 01:31:01.572314,Kisumu,Eldoret,120,2.12008628806977,Diesel,13.356786706161039,16.028144047393244,3045.3473690047163
TR01559,VH011,2026-02-26 02:22:52.594518,Machakos,Eldoret,430,7.969161066487099,Diesel,12.557214169588114,53.99602092922889,10259.24397655349
TR01560,VH041,2026-02-26 03:14:43.616723,Nairobi,Kisumu,350,9.436996606220019,Diesel,21.956584668195816,76.84804633868535,14601.128804350217
TR01561,VH003,2026-02-26 04:06:34.638927,Kisumu,Eldoret,120,2.4236280996965465,Diesel,10.029667483730282,12.035600980476339,2286.7641862905043
TR01562,VH028,2026-02-26 04:58:25.661132,Mombasa,Eldoret,750,12.987135519669659,Petrol,11.077505779168828,83.0812933437662,16616.258668753242
TR01563,VH029,2026-02-26 05:50:16.683336,Nairobi,Thika,45,0.8403937706695649,Diesel,10.123870634671919,4.555741785602364,865.5909392644492
TR01564,VH009,2026-02-26 06:42:07.705541,Mombasa,Eldoret,750,14.57531942613418,Diesel,13.772697663476938,103.29523247607703,19626.094170454635
TR01565,VH003,2026-02-26 07:33:58.727745,Machakos,Nairobi,115,2.1849075089970547,Diesel,10.728228980132489,12.337463327152362,2344.1180321589486
TR01566,VH025,2026-02-26 08:25:49.749949,Nairobi,Mombasa,480,9.142829446489515,Diesel,24.08332971733772,115.59998264322104,21963.996702211996
TR01567,VH034,2026-02-26 09:17:40.772154,Mombasa,Naivasha,620,18.085914181734935,Diesel,12.21662156837894,75.74305372394943,14391.180207550391
TR01568,VH012,2026-02-26 10:09:31.794358,Machakos,Mombasa,420,7.089908411714382,Diesel,11.147093382578566,46.81779220682998,8895.380519297696
TR01569,VH042,2026-02-26 11:01:22.816563,Kisumu,Eldoret,120,2.4432087954819055,Diesel,10.788601585416249,12.946321902499498,2459.801161474905
TR01570,VH009,2026-02-26 11:53:13.838767,Naivasha,Mombasa,620,11.138920151918333,Diesel,13.138123504615265,81.45636572861464,15476.709488436782
TR01571,VH015,2026-02-26 12:45:04.860972,Kisumu,Nakuru,190,6.021264070289818,Petrol,13.504184901411618,25.657951312682073,5131.590262536414
TR01572,VH040,2026-02-26 13:36:55.883176,Mombasa,Machakos,420,6.636335953336197,Petrol,13.591801094571908,57.085564597202016,11417.112919440404
TR01573,VH025,2026-02-26 14:28:46.905381,Nairobi,Mombasa,480,11.779514912438406,Diesel,20.439826561223644,98.11116749387348,18641.12182383596
TR01574,VH005,2026-02-26 15:20:37.927585,Nakuru,Naivasha,75,1.066390208938882,Diesel,22.11168516688053,16.583763875160397,3150.9151362804755
TR01575,VH011,2026-02-26 16:12:28.949789,Kisumu,Nakuru,190,2.837772474099481,Diesel,11.553808476862107,21.952236106038004,4170.924860147221
TR01576,VH034,2026-02-26 17:04:19.971994,Kisumu,Naivasha,270,6.852675027084986,Diesel,13.995747833893294,37.78851915151189,7179.818638787259
TR01577,VH024,2026-02-26 17:56:10.994198,Machakos,Naivasha,190,3.360673087516068,Petrol,12.744195942309256,24.213972290387584,4842.7944580775165
TR01578,VH015,2026-02-26 18:48:02.016403,Thika,Machakos,80,1.9110271099160434,Petrol,12.071908198783769,9.657526559027016,1931.5053118054032
TR01579,VH038,2026-02-26 19:39:53.038607,Nakuru,Thika,200,4.455856217693119,Diesel,12.116295713829146,24.232591427658292,4604.192371255075
TR01580,VH008,2026-02-26 20:31:44.060812,Mombasa,Nairobi,480,10.651201313564373,Diesel,12.090761451297787,58.03565496622937,11026.774443583581
TR01581,VH005,2026-02-26 21:23:35.083016,Naivasha,Nakuru,75,1.3996860309797616,Diesel,20.391312437271345,15.293484327953509,2905.7620223111667
TR01582,VH048,2026-02-26 22:15:26.105221,Nairobi,Thika,45,0.8555605700056657,Diesel,18.202053876206215,8.190924244292797,1556.2756064156313
TR01583,VH026,2026-02-26 23:07:17.127425,Thika,Machakos,80,1.9808220068474731,Diesel,20.76561965649643,16.612495725197146,3156.3741877874577
TR01584,VH018,2026-02-26 23:59:08.149629,Mombasa,Kisumu,850,15.88202867153141,Diesel,13.652404097899336,116.04543483214435,22048.632618107426
TR01585,VH006,2026-02-27 00:50:59.171834,Eldoret,Naivasha,235,4.858671883861309,Diesel,22.384107663417062,52.6026530090301,9994.504071715719
TR01586,VH037,2026-02-27 01:42:50.194038,Naivasha,Eldoret,235,6.6317531771362335,Diesel,10.419778515354508,24.486479511083097,4652.431107105788
TR01587,VH048,2026-02-27 02:34:41.216243,Kisumu,Thika,370,7.952244939716964,Diesel,24.194955293765183,89.52133458693118,17009.053571516924
TR01588,VH013,2026-02-27 03:26:32.238447,Eldoret,Nairobi,310,4.8985978528943095,Petrol,19.882123945390603,61.63458423071087,12326.916846142174
TR01589,VH028,2026-02-27 04:18:23.260652,Kisumu,Mombasa,850,18.16326646218924,Petrol,11.218847465413637,95.36020345601591,19072.040691203183
TR01590,VH005,2026-02-27 05:10:14.282856,Kisumu,Naivasha,270,7.6453236906124,Diesel,20.079636781462245,54.21501930994806,10300.853668890131
TR01591,VH013,2026-02-27 06:02:05.305061,Eldoret,Naivasha,235,4.158134097203306,Petrol,22.040415652881702,51.794976784272,10358.9953568544
TR01592,VH017,2026-02-27 06:53:56.327265,Naivasha,Eldoret,235,5.519033576281011,Petrol,11.723440467169883,27.550085097849227,5510.017019569846
TR01593,VH050,2026-02-27 07:45:47.349469,Machakos,Eldoret,430,8.31473291432266,Diesel,11.457068773114408,49.26539572439195,9360.425187634472
TR01594,VH040,2026-02-27 08:37:38.371674,Eldoret,Nairobi,310,6.375438286000043,Petrol,13.587684317563134,42.12182138444572,8424.364276889144
TR01595,VH045,2026-02-27 09:29:29.393878,Mombasa,Nakuru,630,9.829411061393094,Diesel,20.215764119344712,127.35931395187168,24198.26965085562
TR01596,VH032,2026-02-27 10:21:20.416083,Thika,Naivasha,145,2.981714886128059,Petrol,13.910322607862156,20.169967781400125,4033.993556280025
TR01597,VH029,2026-02-27 11:13:11.438287,Thika,Machakos,80,1.9587062705254767,Diesel,10.876608391892995,8.701286713514397,1653.2444755677354
TR01598,VH003,2026-02-27 12:05:02.460492,Eldoret,Kisumu,120,2.5946383995237636,Diesel,13.913103945385046,16.695724734462054,3172.18769954779
TR01599,VH040,2026-02-27 12:56:53.482696,Mombasa,Eldoret,750,18.67074696983604,Petrol,13.319050526251415,99.89287894688562,19978.575789377122
TR01600,VH034,2026-02-27 13:48:44.504900,Machakos,Mombasa,420,8.69099496900242,Diesel,12.416041547737933,52.147374500499325,9908.001155094871
TR01601,VH040,2026-02-27 14:40:35.527105,Thika,Nakuru,200,3.117288322454258,Petrol,12.4077669856363,24.8155339712726,4963.10679425452
TR01602,VH027,2026-02-27 15:32:26.549309,Mombasa,Nairobi,480,8.001634425132373,Petrol,22.669010728766054,108.81125149807706,21762.25029961541
TR01603,VH013,2026-02-27 16:24:17.571514,Machakos,Mombasa,420,6.332021918899943,Petrol,18.558579325916202,77.94603316884805,15589.206633769609
TR01604,VH045,2026-02-27 17:16:08.593718,Mombasa,Eldoret,750,13.931715817363612,Diesel,23.96085781934557,179.70643364509178,34144.22239256744
TR01605,VH033,2026-02-27 18:07:59.615923,Kisumu,Thika,370,7.234361811614818,Petrol,9.27773616743823,34.32762381952145,6865.52476390429
TR01606,VH006,2026-02-27 18:59:50.638127,Thika,Kisumu,370,8.806660484603169,Diesel,19.041190569100483,70.45240510567179,13385.95697007764
TR01607,VH024,2026-02-27 19:51:41.660332,Machakos,Eldoret,430,8.244285098512535,Petrol,11.88394854248618,51.10097873269058,10220.195746538117
TR01608,VH019,2026-02-27 20:43:32.682536,Thika,Nairobi,45,0.9191719083868058,Diesel,12.697057277283458,5.713675774777556,1085.5983972077356
TR01609,VH016,2026-02-27 21:35:23.704740,Kisumu,Thika,370,6.580232184830685,Diesel,18.533760950423773,68.57491551656796,13029.233948147912
TR01610,VH040,2026-02-27 22:27:14.726945,Eldoret,Mombasa,750,18.282890356730487,Petrol,14.603824070611598,109.52868052958698,21905.736105917396
TR01611,VH028,2026-02-27 23:19:05.749149,Kisumu,Thika,370,7.3381453587864,Petrol,14.868038244003493,55.011741502812924,11002.348300562586
TR01612,VH033,2026-02-28 00:10:56.771354,Thika,Nakuru,200,5.345875040166904,Petrol,12.029750865038555,24.05950173007711,4811.900346015422
TR01613,VH048,2026-02-28 01:02:47.793558,Thika,Mombasa,520,9.86700403017901,Diesel,21.368704187637857,111.11726177571686,21112.2797373862
TR01614,VH041,2026-02-28 01:54:38.815763,Naivasha,Nairobi,95,1.7146152797798897,Diesel,23.189764805958248,22.030276565660333,4185.752547475463
TR01615,VH013,2026-02-28 02:46:29.837967,Machakos,Mombasa,420,11.34279236616545,Petrol,20.29850146629044,85.25370615841985,17050.74123168397
TR01616,VH043,2026-02-28 03:38:20.860172,Eldoret,Nakuru,160,4.073114236448359,Diesel,12.466322170525533,19.946115472840855,3789.7619398397624
TR01617,VH045,2026-02-28 04:30:11.882376,Kisumu,Nairobi,350,8.83121186074033,Diesel,24.413057187700808,85.44570015695282,16234.683029821037
TR01618,VH025,2026-02-28 05:22:02.904580,Machakos,Kisumu,465,9.572037234876358,Diesel,24.689587976690735,114.80658409161192,21813.250977406267
TR01619,VH042,2026-02-28 06:13:53.926785,Nairobi,Kisumu,350,9.015942559539026,Diesel,14.635345580255926,51.22370953089574,9732.50481087019
TR01620,VH036,2026-02-28 07:05:44.948989,Machakos,Nairobi,115,1.8843833552091036,Diesel,10.3122403348192,11.85907638504208,2253.2245131579953
TR01621,VH027,2026-02-28 07:57:35.971194,Nairobi,Machakos,115,2.1499657635350387,Petrol,19.627283281517343,22.571375773744943,4514.275154748989
TR01622,VH038,2026-02-28 08:49:26.993398,Eldoret,Thika,350,6.387756924263092,Diesel,11.48832252964657,40.209128853763,7639.73448221497
TR01623,VH007,2026-02-28 09:41:18.015603,Kisumu,Mombasa,850,22.795771634736365,Petrol,12.2065555619423,103.75572227650956,20751.14445530191
TR01624,VH005,2026-02-28 10:33:09.037807,Kisumu,Nairobi,350,5.799942610918266,Diesel,20.199171889543745,70.6971016134031,13432.44930654659
TR01625,VH043,2026-02-28 11:25:00.060012,Mombasa,Nakuru,630,11.413689526008163,Diesel,11.87106397869529,74.78770306578032,14209.66358249826
TR01626,VH045,2026-02-28 12:16:51.082216,Thika,Eldoret,350,7.857887212497739,Diesel,22.344458664845316,78.2056053269586,14859.065012122135
TR01627,VH031,2026-02-28 13:08:42.104420,Nakuru,Nairobi,155,4.115132748375663,Petrol,12.812628385469878,19.85957399747831,3971.914799495662
TR01628,VH023,2026-02-28 14:00:33.126625,Naivasha,Kisumu,270,5.466584949095186,Diesel,12.677790991339585,34.23003567661688,6503.706778557207
TR01629,VH042,2026-02-28 14:52:24.148829,Machakos,Naivasha,190,4.1064611995370965,Diesel,14.07211783539576,26.737023887251944,5080.034538577869
TR01630,VH010,2026-02-28 15:44:15.171034,Eldoret,Machakos,430,9.22735191174878,Diesel,10.160922016077011,43.691964669131146,8301.473287134917
TR01631,VH032,2026-02-28 16:36:06.193238,Nakuru,Kisumu,190,4.283471675917984,Petrol,10.23866894839378,19.45347100194818,3890.694200389636
TR01632,VH043,2026-02-28 17:27:57.215443,Machakos,Nairobi,115,2.0619855351257845,Diesel,13.946914803443146,16.038952023959617,3047.400884552327
TR01633,VH030,2026-02-28 18:19:48.237647,Nakuru,Thika,200,6.850394276847344,Diesel,12.66539411162316,25.33078822324632,4812.8497624168
TR01634,VH039,2026-02-28 19:11:39.259851,Eldoret,Nairobi,310,5.04562035710552,Diesel,22.04698471633484,68.345652620638,12985.673997921222
TR01635,VH031,2026-02-28 20:03:30.282056,Kisumu,Mombasa,850,14.658980738707797,Petrol,9.262934301071885,78.73494155911102,15746.988311822204
TR01636,VH018,2026-02-28 20:55:21.304260,Eldoret,Naivasha,235,4.546731367319571,Diesel,10.276569005856354,24.149937163762434,4588.488061114863
TR01637,VH036,2026-02-28 21:47:12.326465,Machakos,Nairobi,115,2.354274722625829,Diesel,12.191771524427388,14.020537253091495,2663.9020780873843
TR01638,VH002,2026-02-28 22:39:03.348669,Nakuru,Machakos,270,4.602450137779958,Petrol,24.014273230774734,64.83853772309179,12967.707544618357
TR01639,VH014,2026-02-28 23:30:54.370874,Thika,Machakos,80,1.6108919897673062,Diesel,14.584916985907013,11.66793358872561,2216.907381857866
TR01640,VH013,2026-03-01 00:22:45.393078,Naivasha,Machakos,190,3.9771781876220165,Petrol,21.502936470845572,40.855579294606585,8171.115858921317
TR01641,VH029,2026-03-01 01:14:36.415283,Naivasha,Kisumu,270,4.56777477365473,Diesel,12.727371163690988,34.36390214196567,6529.1414069734765
TR01642,VH012,2026-03-01 02:06:27.437487,Thika,Nairobi,45,0.6741859292508076,Diesel,14.165248155344955,6.3743616699052295,1211.1287172819937
TR01643,VH039,2026-03-01 02:58:18.459691,Thika,Nakuru,200,4.735751527557749,Diesel,21.763372205231484,43.52674441046297,8270.081437987963
TR01644,VH002,2026-03-01 03:50:09.481896,Kisumu,Nairobi,350,6.5545041798734465,Petrol,21.618009678761222,75.66303387566428,15132.606775132857
TR01645,VH032,2026-03-01 04:42:00.504100,Machakos,Thika,80,1.9366303103360973,Petrol,14.52542018880477,11.620336151043816,2324.0672302087632
TR01646,VH013,2026-03-01 05:33:51.526305,Nairobi,Machakos,115,2.129112434386661,Petrol,23.52952904739116,27.058958404499833,5411.791680899967
TR01647,VH046,2026-03-01 06:25:42.548509,Eldoret,Mombasa,750,17.133243661042883,Diesel,14.545362631806473,109.09021973854854,20727.141750324223
TR01648,VH027,2026-03-01 07:17:33.570714,Naivasha,Machakos,190,3.1829855121555988,Petrol,19.527729383468078,37.102685828589344,7420.537165717868
TR01649,VH049,2026-03-01 08:09:24.592918,Thika,Nairobi,45,0.9146519042652403,Diesel,11.621877433276783,5.2298448449745525,993.670520545165
TR01650,VH041,2026-03-01 09:01:15.615123,Eldoret,Kisumu,120,2.3822839380625456,Diesel,23.897304900153507,28.67676588018421,5448.585517235
TR01651,VH017,2026-03-01 09:53:06.637327,Naivasha,Eldoret,235,3.7272644336185006,Petrol,9.555739137335545,22.455986972738533,4491.197394547707
TR01652,VH040,2026-03-01 10:44:57.659531,Thika,Nairobi,45,1.0195763959140955,Petrol,13.973310771469809,6.287989847161414,1257.597969432283
TR01653,VH031,2026-03-01 11:36:48.681736,Machakos,Nairobi,115,2.0728662019473667,Petrol,9.914866917074347,11.402096954635498,2280.4193909271
TR01654,VH034,2026-03-01 12:28:39.703940,Naivasha,Nakuru,75,1.6691751600371714,Diesel,13.040593774926606,9.780445331194954,1858.2846129270413
TR01655,VH024,2026-03-01 13:20:30.726145,Kisumu,Eldoret,120,2.014423935073952,Petrol,12.06000468778434,14.472005625341207,2894.4011250682415
TR01656,VH045,2026-03-01 14:12:21.748349,Nairobi,Naivasha,95,1.4775863314004785,Diesel,19.352651940394068,18.385019343374363,3493.153675241129
TR01657,VH035,2026-03-01 15:04:12.770554,Nairobi,Thika,45,0.9395210974520866,Diesel,12.366770896664006,5.565046903498803,1057.3589116647724
TR01658,VH048,2026-03-01 15:56:03.792758,Thika,Machakos,80,2.465538186406163,Diesel,22.773336165225402,18.21866893218032,3461.5470971142613
TR01659,VH006,2026-03-01 16:47:54.814962,Naivasha,Mombasa,620,13.934180123823879,Diesel,22.436970306184797,139.10921589834575,26430.751020685693
TR01660,VH019,2026-03-01 17:39:45.837167,Kisumu,Nairobi,350,5.038792178702611,Diesel,11.13623598115852,38.97682593405482,7405.596927470417
TR01661,VH030,2026-03-01 18:31:36.859371,Mombasa,Naivasha,620,13.697696038105711,Diesel,14.496832644604634,89.88036239654873,17077.26885534426
TR01662,VH007,2026-03-01 19:23:27.881576,Eldoret,Thika,350,5.454417733062431,Petrol,12.596317072439222,44.08710975353728,8817.421950707456
TR01663,VH010,2026-03-01 20:15:18.903780,Eldoret,Mombasa,750,16.611401611781346,Diesel,12.529336492643441,93.97002369482581,17854.304502016905
TR01664,VH041,2026-03-01 21:07:09.925985,Nakuru,Naivasha,75,1.6684461515116158,Diesel,18.43575412959018,13.826815597192635,2627.094963466601
TR01665,VH032,2026-03-01 21:59:00.948189,Kisumu,Eldoret,120,2.133959271350127,Petrol,14.610601948988187,17.532722338785824,3506.544467757165
TR01666,VH034,2026-03-01 22:50:51.970394,Naivasha,Kisumu,270,4.884691611556858,Diesel,9.885582843391864,26.691073677158034,5071.303998660026
TR01667,VH028,2026-03-01 23:42:42.992598,Machakos,Eldoret,430,7.5681050094994555,Petrol,12.641723467182771,54.35941090888591,10871.882181777182
TR01668,VH015,2026-03-02 00:34:34.014802,Machakos,Naivasha,190,3.7970167243213484,Petrol,13.01783800700155,24.733892213302944,4946.778442660589
TR01669,VH030,2026-03-02 01:26:25.037007,Nakuru,Mombasa,630,10.810832927035591,Diesel,11.077266384778216,69.78677822410276,13259.487862579525
TR01670,VH037,2026-03-02 02:18:16.059211,Thika,Kisumu,370,6.413367454093323,Diesel,12.636866449854205,46.75640586446056,8883.717114247507
TR01671,VH029,2026-03-02 03:10:07.081416,Naivasha,Eldoret,235,3.9701160409028677,Diesel,11.203424546116704,26.328047683374255,5002.329059841109
TR01672,VH022,2026-03-02 04:01:58.103620,Nakuru,Eldoret,160,3.5546449694520588,Petrol,23.31786498459938,37.308583975359014,7461.716795071803
TR01673,VH004,2026-03-02 04:53:49.125825,Nairobi,Eldoret,310,5.32015001329499,Diesel,12.821705839365753,39.747288102033835,7551.984739386428
TR01674,VH020,2026-03-02 05:45:40.148029,Eldoret,Naivasha,235,5.127722751854893,Petrol,13.279879301975718,31.20771635964294,6241.543271928588
TR01675,VH032,2026-03-02 06:37:31.170234,Naivasha,Thika,145,2.974774517707733,Petrol,14.472790014386915,20.985545520861024,4197.109104172205
TR01676,VH036,2026-03-02 07:29:22.192438,Nakuru,Eldoret,160,3.293605337471248,Diesel,12.24366741222699,19.589867859563185,3722.0748933170053
TR01677,VH050,2026-03-02 08:21:13.214642,Nairobi,Kisumu,350,8.330324754748766,Diesel,12.626956230794722,44.19434680778153,8396.92589347849
TR01678,VH004,2026-03-02 09:13:04.236847,Kisumu,Naivasha,270,7.475940116069274,Diesel,12.746100499434318,34.41447134847266,6538.749556209806
TR01679,VH027,2026-03-02 10:04:55.259051,Nakuru,Mombasa,630,10.536915673114413,Petrol,20.69100113147168,130.35330712827158,26070.661425654318
TR01680,VH017,2026-03-02 10:56:46.281256,Thika,Eldoret,350,7.886079291792072,Petrol,12.240589615104174,42.84206365286461,8568.412730572922
TR01681,VH012,2026-03-02 11:48:37.303460,Thika,Eldoret,350,7.315735099320822,Diesel,14.541443117436645,50.89505091102826,9670.05967309537
TR01682,VH022,2026-03-02 12:40:28.325665,Thika,Machakos,80,1.8118294716136591,Petrol,20.916762663020066,16.733410130416054,3346.682026083211
TR01683,VH017,2026-03-02 13:32:19.347869,Naivasha,Mombasa,620,12.931008311567842,Petrol,10.572050131868977,65.54671081758767,13109.342163517533
TR01684,VH010,2026-03-02 14:24:10.370074,Machakos,Mombasa,420,9.139817704192161,Diesel,11.94218469276287,50.157175709604054,9529.86338482477
TR01685,VH001,2026-03-02 15:16:01.392278,Machakos,Mombasa,420,6.972959912570076,Petrol,12.176988151057998,51.143350234443595,10228.67004688872
TR01686,VH022,2026-03-02 16:07:52.414482,Eldoret,Machakos,430,9.497312377510275,Petrol,18.514927202844014,79.61418697222926,15922.837394445853
TR01687,VH026,2026-03-02 16:59:43.436687,Nakuru,Mombasa,630,9.88755911994624,Diesel,21.48909288304496,135.38128516318326,25722.44418100482
TR01688,VH018,2026-03-02 17:51:34.458891,Kisumu,Nairobi,350,5.920746124543992,Diesel,11.471571240250299,40.150499340876046,7628.594874766449
TR01689,VH050,2026-03-02 18:43:25.481096,Nakuru,Machakos,270,5.843596266937065,Diesel,11.942219138202615,32.243991673147065,6126.358417897943
TR01690,VH014,2026-03-02 19:35:16.503300,Eldoret,Thika,350,6.659247240557652,Diesel,11.814100152356657,41.3493505332483,7856.376601317177
TR01691,VH047,2026-03-02 20:27:07.525505,Nairobi,Mombasa,480,8.863485051380257,Petrol,12.065537979777949,57.91458230293415,11582.91646058683
TR01692,VH029,2026-03-02 21:18:58.547709,Eldoret,Machakos,430,7.5793820012357305,Diesel,14.391081551371016,61.88165067089537,11757.51362747012
TR01693,VH012,2026-03-02 22:10:49.569913,Thika,Kisumu,370,6.432127419586903,Diesel,14.777354952475822,54.67621332416054,10388.480531590503
TR01694,VH036,2026-03-02 23:02:40.592118,Naivasha,Kisumu,270,5.243424908807083,Diesel,11.918061080705249,32.178764917904175,6113.965334401793
TR01695,VH035,2026-03-02 23:54:31.614322,Nairobi,Thika,45,1.0622072166716405,Diesel,10.212954769851565,4.595829646433205,873.2076328223089
TR01696,VH012,2026-03-03 00:46:22.636527,Naivasha,Kisumu,270,4.897772015828187,Diesel,14.846179986335546,40.084685963105976,7616.090332990136
TR01697,VH007,2026-03-03 01:38:13.658731,Thika,Mombasa,520,10.809024513590531,Petrol,13.529310304481282,70.35241358330266,14070.482716660532
TR01698,VH029,2026-03-03 02:30:04.680936,Mombasa,Machakos,420,15.16992479440447,Diesel,11.67981824276826,49.05523661962669,9320.494957729072
TR01699,VH011,2026-03-03 03:21:55.703140,Eldoret,Nairobi,310,5.835598632477732,Diesel,10.735788504818617,33.28094436493771,6323.379429338165
TR01700,VH033,2026-03-03 04:13:46.725345,Eldoret,Mombasa,750,16.99635070149543,Petrol,9.717093061181375,72.87819795886031,14575.639591772062
TR01701,VH006,2026-03-03 05:05:37.747549,Kisumu,Eldoret,120,2.589952538092573,Diesel,19.174210842977217,23.00905301157266,4371.720072198806
TR01702,VH047,2026-03-03 05:57:28.769753,Nakuru,Naivasha,75,1.4985563182206452,Petrol,9.2278626080691,6.920896956051825,1384.179391210365
TR01703,VH015,2026-03-03 06:49:19.791958,Nairobi,Mombasa,480,12.775871097016935,Petrol,13.510770943264557,64.85170052766988,12970.340105533975
TR01704,VH032,2026-03-03 07:41:10.814162,Machakos,Mombasa,420,8.217195050003005,Petrol,12.703841164136682,53.35613288937407,10671.226577874813
TR01705,VH011,2026-03-03 08:33:01.836367,Naivasha,Machakos,190,4.0028364987802325,Diesel,13.499797063569186,25.649614420781454,4873.426739948476
TR01706,VH023,2026-03-03 09:24:52.858571,Nairobi,Thika,45,1.0469440373930008,Diesel,13.140542546341537,5.9132441458536915,1123.5163877122013
TR01707,VH026,2026-03-03 10:16:43.880776,Kisumu,Mombasa,850,16.87514599229881,Diesel,23.5407870443324,200.0966898768254,38018.37107659683
TR01708,VH034,2026-03-03 11:08:34.902980,Kisumu,Naivasha,270,7.401634283148663,Diesel,13.413028118644208,36.21517592033936,6880.883424864479
TR01709,VH046,2026-03-03 12:00:25.925185,Naivasha,Kisumu,270,5.335439661931479,Diesel,14.83627311262476,40.05793740408685,7611.008106776501
TR01710,VH034,2026-03-03 12:52:16.947389,Machakos,Nairobi,115,2.138946273243154,Diesel,11.195353073709697,12.87465603476615,2446.1846466055686
TR01711,VH029,2026-03-03 13:44:07.969593,Nakuru,Thika,200,3.8137378607783408,Diesel,14.751677333341952,29.503354666683904,5605.637386669941
TR01712,VH004,2026-03-03 14:35:58.991798,Naivasha,Nairobi,95,1.6870571598926163,Diesel,13.616449741714082,12.935627254628377,2457.7691783793916
TR01713,VH017,2026-03-03 15:27:50.014002,Naivasha,Eldoret,235,3.9613761402785967,Petrol,9.353340951540392,21.980351236119922,4396.070247223985
TR01714,VH035,2026-03-03 16:19:41.036207,Thika,Machakos,80,1.621099643406331,Diesel,13.408915606061727,10.727132484849383,2038.1551721213827
TR01715,VH013,2026-03-03 17:11:32.058411,Machakos,Nairobi,115,1.9569939226068997,Petrol,22.80701661723394,26.22806910981903,5245.613821963806
TR01716,VH041,2026-03-03 18:03:23.080616,Nakuru,Eldoret,160,3.2441648485663177,Diesel,24.34102394654769,38.945638314476305,7399.671279750498
TR01717,VH039,2026-03-03 18:55:14.102820,Eldoret,Machakos,430,9.683744006750258,Diesel,20.610524927290644,88.62525718734976,16838.798865596455
TR01718,VH015,2026-03-03 19:47:05.125025,Thika,Machakos,80,1.7072860225840951,Petrol,11.92455750135909,9.539646001087272,1907.9292002174543
TR01719,VH029,2026-03-03 20:38:56.147229,Mombasa,Thika,520,9.973948675382827,Diesel,10.060937755058713,52.31687632630531,9940.20650199801
TR01720,VH029,2026-03-03 21:30:47.169433,Machakos,Nakuru,270,4.601115432860211,Diesel,11.66037621090668,31.483015769448038,5981.772996195127
TR01721,VH011,2026-03-03 22:22:38.191638,Nakuru,Nairobi,155,3.0992745937985924,Diesel,10.311218630793904,15.982388877730552,3036.653886768805
TR01722,VH032,2026-03-03 23:14:29.213842,Kisumu,Nairobi,350,7.8456434607133065,Petrol,12.609364863824485,44.1327770233857,8826.55540467714
TR01723,VH002,2026-03-04 00:06:20.236047,Thika,Mombasa,520,8.447855882757821,Petrol,23.722133553548673,123.3550944784531,24671.01889569062
TR01724,VH047,2026-03-04 00:58:11.258251,Nakuru,Thika,200,5.1919101440081805,Petrol,10.032213460645345,20.06442692129069,4012.885384258138
TR01725,VH014,2026-03-04 01:50:02.280456,Nairobi,Naivasha,95,2.1270709058470545,Diesel,12.637205227788893,12.005344966399448,2281.0155436158952
TR01726,VH020,2026-03-04 02:41:53.302660,Naivasha,Nakuru,75,1.3125133706369982,Petrol,10.020043182553835,7.515032386915376,1503.0064773830752
TR01727,VH022,2026-03-04 03:33:44.324864,Mombasa,Eldoret,750,11.69469219591886,Petrol,18.844819274923683,141.33614456192763,28267.228912385526
TR01728,VH011,2026-03-04 04:25:35.347069,Eldoret,Mombasa,750,13.928753467849578,Diesel,12.554983959671713,94.16237969753784,17890.85214253219
TR01729,VH027,2026-03-04 05:17:26.369273,Naivasha,Nakuru,75,1.4423326428508816,Petrol,18.554040346648094,13.91553025998607,2783.1060519972143
TR01730,VH003,2026-03-04 06:09:17.391478,Nairobi,Thika,45,0.9439289696655485,Diesel,12.936773155689947,5.8215479200604765,1106.0941048114905
TR01731,VH017,2026-03-04 07:01:08.413682,Nairobi,Kisumu,350,6.43564902203146,Petrol,9.156687303383631,32.048405561842706,6409.681112368541
TR01732,VH044,2026-03-04 07:52:59.435887,Mombasa,Machakos,420,8.229655775849233,Petrol,18.747004803078628,78.73742017293024,15747.484034586048
TR01733,VH028,2026-03-04 08:44:50.458091,Eldoret,Nairobi,310,7.051263958772214,Petrol,12.749987427436789,39.52496102505405,7904.99220501081
TR01734,VH029,2026-03-04 09:36:41.480296,Kisumu,Machakos,465,9.783696184418467,Diesel,12.95703706449457,60.25022234989975,11447.542246480953
TR01735,VH021,2026-03-04 10:28:32.502500,Thika,Nairobi,45,1.0450429287901395,Petrol,18.202908510656307,8.19130882979534,1638.2617659590678
TR01736,VH047,2026-03-04 11:20:23.524704,Machakos,Mombasa,420,8.38174039279544,Petrol,11.866883940007792,49.840912548032726,9968.182509606546
TR01737,VH016,2026-03-04 12:12:14.546909,Eldoret,Thika,350,6.823314929192913,Diesel,23.86951767726546,83.54331187042911,15873.22925538153
TR01738,VH037,2026-03-04 13:04:05.569113,Machakos,Eldoret,430,6.817273925653253,Diesel,13.61158088646977,58.52979781182001,11120.661584245801
TR01739,VH020,2026-03-04 13:55:56.591318,Nakuru,Kisumu,190,4.201604203957405,Petrol,9.655925519603993,18.346258487247585,3669.251697449517
TR01740,VH006,2026-03-04 14:47:47.613522,Nairobi,Nakuru,155,3.1923360234498452,Diesel,22.147322532945303,34.32834992606522,6522.386485952392
TR01741,VH019,2026-03-04 15:39:38.635727,Nakuru,Thika,200,3.32925773524432,Diesel,12.361262500371067,24.722525000742134,4697.279750141006
TR01742,VH005,2026-03-04 16:31:29.657931,Kisumu,Naivasha,270,4.189897657445784,Diesel,18.26061841226604,49.30366971311831,9367.69724549248
TR01743,VH003,2026-03-04 17:23:20.680136,Nakuru,Naivasha,75,1.394111959831254,Diesel,14.276738343418113,10.707553757563584,2034.435213937081
TR01744,VH001,2026-03-04 18:15:11.702340,Eldoret,Machakos,430,8.96365650748983,Petrol,14.531336986449151,62.48474904173135,12496.94980834627
TR01745,VH038,2026-03-04 19:07:02.724544,Nakuru,Nairobi,155,3.3538271166647746,Diesel,14.252261366811293,22.091005118557504,4197.290972525926
TR01746,VH015,2026-03-04 19:58:53.746749,Kisumu,Nakuru,190,5.3892353258464585,Petrol,13.123157339945566,24.933998945896573,4986.799789179315
TR01747,VH034,2026-03-04 20:50:44.768953,Kisumu,Eldoret,120,2.818366588108398,Diesel,12.724825992304467,15.26979119076536,2901.2603262454186
TR01748,VH035,2026-03-04 21:42:35.791158,Kisumu,Nairobi,350,6.888068963646729,Diesel,13.1671601564098,46.085060547434296,8756.161504012516
TR01749,VH049,2026-03-04 22:34:26.813362,Eldoret,Mombasa,750,15.447319437767064,Diesel,12.393135024941259,92.94851268705943,17660.217410541292
TR01750,VH025,2026-03-04 23:26:17.835567,Kisumu,Thika,370,6.728830905277712,Diesel,23.644767053344882,87.48563809737607,16622.271238501453
TR01751,VH024,2026-03-05 00:18:08.857771,Nairobi,Mombasa,480,9.909497855598477,Petrol,12.312492291806523,59.09996300067131,11819.992600134261
TR01752,VH012,2026-03-05 01:09:59.879975,Naivasha,Kisumu,270,6.109766486074183,Diesel,11.638634783410355,31.42431391520796,5970.619643889512
TR01753,VH018,2026-03-05 02:01:50.902180,Kisumu,Eldoret,120,2.2757118138280727,Diesel,10.879805510806769,13.055766612968123,2480.595656463943
TR01754,VH015,2026-03-05 02:53:41.924384,Nakuru,Naivasha,75,1.0707842352174244,Petrol,13.485287341861461,10.113965506396095,2022.793101279219
TR01755,VH044,2026-03-05 03:45:32.946589,Thika,Mombasa,520,10.956316465278224,Petrol,18.119854600580133,94.2232439230167,18844.648784603338
TR01756,VH016,2026-03-05 04:37:23.968793,Nakuru,Nairobi,155,3.0326093447830806,Diesel,22.891744068709976,35.482203306500466,6741.618628235088
TR01757,VH027,2026-03-05 05:29:14.990998,Thika,Nakuru,200,3.522652127870862,Petrol,24.683442866976506,49.36688573395301,9873.377146790603
TR01758,VH008,2026-03-05 06:21:06.013202,Nakuru,Nairobi,155,3.4120637421116258,Diesel,12.531140849789868,19.423268317174294,3690.420980263116
TR01759,VH046,2026-03-05 07:12:57.035407,Eldoret,Naivasha,235,3.9048181277869842,Diesel,14.96955994115891,35.17846586172344,6683.908513727453
TR01760,VH025,2026-03-05 08:04:48.057611,Nakuru,Machakos,270,7.225495573261622,Diesel,22.812814338698317,61.59459871448546,11702.973755752237
TR01761,VH017,2026-03-05 08:56:39.079815,Eldoret,Kisumu,120,2.567493858013323,Petrol,9.171815146084306,11.006178175301168,2201.2356350602336
TR01762,VH029,2026-03-05 09:48:30.102020,Eldoret,Mombasa,750,15.78607292543847,Diesel,14.135049408234618,106.01287056175964,20142.445406734332
TR01763,VH008,2026-03-05 10:40:21.124224,Kisumu,Mombasa,850,16.598559858766684,Diesel,10.423149559696595,88.59677125742105,16833.38653891
TR01764,VH015,2026-03-05 11:32:12.146429,Nairobi,Kisumu,350,10.22550164380417,Petrol,11.230286128322206,39.30600144912772,7861.200289825544
TR01765,VH027,2026-03-05 12:24:03.168633,Thika,Mombasa,520,8.549549359915,Petrol,20.184643411349576,104.9601457390178,20992.02914780356
TR01766,VH046,2026-03-05 13:15:54.190838,Kisumu,Naivasha,270,5.064360454888868,Diesel,11.342770531048398,30.625480433830678,5818.841282427828
TR01767,VH050,2026-03-05 14:07:45.213042,Kisumu,Naivasha,270,4.577617194897798,Diesel,11.157028518348927,30.123976999542105,5723.555629913
TR01768,VH007,2026-03-05 14:59:36.235247,Naivasha,Thika,145,2.30508935799979,Petrol,11.89375724220337,17.245948001194886,3449.189600238977
TR01769,VH003,2026-03-05 15:51:27.257451,Eldoret,Mombasa,750,17.01626014498139,Diesel,13.166692909212948,98.75019681909711,18762.537395628453
TR01770,VH029,2026-03-05 16:43:18.279655,Eldoret,Mombasa,750,24.96241659039291,Diesel,14.065756004937553,105.49317003703165,20043.702307036012
TR01771,VH044,2026-03-05 17:35:09.301860,Thika,Naivasha,145,2.450527707185262,Petrol,20.079620572310684,29.11544982985049,5823.089965970098
TR01772,VH024,2026-03-05 18:27:00.324064,Nakuru,Mombasa,630,13.20507263370797,Petrol,10.068605764110087,63.43221631389355,12686.44326277871
TR01773,VH003,2026-03-05 19:18:51.346269,Nakuru,Mombasa,630,15.39038366545184,Diesel,13.334476354351711,84.00720103241578,15961.368196158997
TR01774,VH020,2026-03-05 20:10:42.368473,Machakos,Kisumu,465,8.514862070860087,Petrol,12.351600329153907,57.43494153056567,11486.988306113135
TR01775,VH046,2026-03-05 21:02:33.390678,Kisumu,Nairobi,350,5.020911705834704,Diesel,14.50565619643086,50.769796687508006,9646.261370626522
TR01776,VH015,2026-03-05 21:54:24.412882,Machakos,Eldoret,430,8.752512880230238,Petrol,9.079728432266554,39.04283225874618,7808.566451749236
TR01777,VH025,2026-03-05 22:46:15.435087,Mombasa,Nakuru,630,10.935804483555316,Diesel,23.971284634815568,151.01909319933807,28693.627707874235
TR01778,VH030,2026-03-05 23:38:06.457291,Mombasa,Thika,520,12.35155049951149,Diesel,12.605010864741786,65.54605649665729,12453.750734364885
TR01779,VH014,2026-03-06 00:29:57.479495,Machakos,Naivasha,190,5.204632754355579,Diesel,13.106510445860494,24.902369847134935,4731.450270955637
TR01780,VH007,2026-03-06 01:21:48.501700,Nakuru,Thika,200,3.4896995734475382,Petrol,10.456857202807074,20.913714405614147,4182.742881122829
TR01781,VH017,2026-03-06 02:13:39.523904,Mombasa,Eldoret,750,13.794730814391075,Petrol,11.163074664360227,83.7230599827017,16744.61199654034
TR01782,VH044,2026-03-06 03:05:30.546109,Naivasha,Mombasa,620,13.398343443413347,Petrol,19.591116850669668,121.46492447415194,24292.984894830388
TR01783,VH020,2026-03-06 03:57:21.568313,Nakuru,Naivasha,75,1.1783234771499436,Petrol,10.271125150412546,7.70334386280941,1540.668772561882
TR01784,VH036,2026-03-06 04:49:12.590518,Eldoret,Thika,350,9.753626666849055,Diesel,11.520475573380137,40.32166450683048,7661.116256297792
TR01785,VH009,2026-03-06 05:41:03.612722,Kisumu,Mombasa,850,21.16546545236822,Diesel,14.062279752015563,119.52937789213229,22710.581799505133
TR01786,VH038,2026-03-06 06:32:54.634926,Nairobi,Kisumu,350,7.665846329370904,Diesel,13.71890465072428,48.01616627753498,9123.071592731645
TR01787,VH048,2026-03-06 07:24:45.657131,Kisumu,Machakos,465,9.862388096415494,Diesel,22.136999713601675,102.9370486682478,19558.03924696708
TR01788,VH022,2026-03-06 08:16:36.679335,Machakos,Thika,80,1.2961166892614844,Petrol,21.77592734927427,17.420741879419417,3484.1483758838835
TR01789,VH002,2026-03-06 09:08:27.701540,Nakuru,Kisumu,190,3.7703212749422077,Petrol,20.99114230264143,39.883170375018715,7976.6340750037425
TR01790,VH024,2026-03-06 10:00:18.723744,Machakos,Nakuru,270,5.572023052499463,Petrol,13.863549867806931,37.431584643078715,7486.316928615743
TR01791,VH008,2026-03-06 10:52:09.745949,Naivasha,Eldoret,235,5.89860239367621,Diesel,11.800962771171166,27.73226251225224,5269.129877327926
TR01792,VH011,2026-03-06 11:44:00.768153,Nakuru,Kisumu,190,3.2371795408004846,Diesel,11.26983199156111,21.41268078396611,4068.4093489535608
TR01793,VH013,2026-03-06 12:35:51.790358,Kisumu,Eldoret,120,2.9334923791097065,Petrol,19.610635544280278,23.532762653136334,4706.552530627267
TR01794,VH017,2026-03-06 13:27:42.812562,Naivasha,Kisumu,270,6.783389595549126,Petrol,12.056765153875709,32.553265915464415,6510.653183092883
TR01795,VH008,2026-03-06 14:19:33.834766,Naivasha,Eldoret,235,5.02158910731085,Diesel,11.614137636554643,27.29322344590341,5185.712454721648
TR01796,VH021,2026-03-06 15:11:24.856971,Naivasha,Mombasa,620,12.084462079590226,Petrol,18.05388462068299,111.93408464823453,22386.816929646906
TR01797,VH018,2026-03-06 16:03:15.879175,Thika,Nairobi,45,1.0172052538213852,Diesel,13.150326860978897,5.917647087440503,1124.3529466136956
TR01798,VH030,2026-03-06 16:55:06.901380,Nakuru,Mombasa,630,11.319505803531666,Diesel,13.520611771162173,85.17985415832169,16184.17229008112
TR01799,VH018,2026-03-06 17:46:57.923584,Mombasa,Nakuru,630,13.197534257523168,Diesel,12.309146448390518,77.54762262486025,14734.048298723448
TR01800,VH046,2026-03-06 18:38:48.945789,Mombasa,Nakuru,630,10.783580947337011,Diesel,10.343903288488296,65.16659071747625,12381.652236320488
TR01801,VH047,2026-03-06 19:30:39.967993,Nakuru,Mombasa,630,11.65784019274791,Petrol,10.810279250862457,68.10475928043348,13620.951856086696
TR01802,VH031,2026-03-06 20:22:30.990198,Nakuru,Naivasha,75,1.165830266197697,Petrol,13.676911303663932,10.25768347774795,2051.53669554959
TR01803,VH038,2026-03-06 21:14:22.012402,Thika,Nairobi,45,0.9685299107368612,Diesel,14.312946206706819,6.440825793018068,1223.756900673433
TR01804,VH032,2026-03-06 22:06:13.034606,Mombasa,Naivasha,620,10.924769742274744,Petrol,11.427714689347667,70.85183107395554,14170.366214791107
TR01805,VH011,2026-03-06 22:58:04.056811,Nakuru,Kisumu,190,5.321307518086018,Diesel,10.785294420495694,20.492059398941816,3893.4912857989452
TR01806,VH045,2026-03-06 23:49:55.079015,Nakuru,Machakos,270,3.6918901846076406,Diesel,21.14361570018004,57.087762390486105,10846.67485419236
TR01807,VH025,2026-03-07 00:41:46.101220,Machakos,Mombasa,420,7.4532081909667784,Diesel,20.490812650673625,86.06141313282923,16351.668495237554
TR01808,VH033,2026-03-07 01:33:37.123424,Thika,Machakos,80,1.6796298319802365,Petrol,12.411131883529954,9.928905506823964,1985.781101364793
TR01809,VH038,2026-03-07 02:25:28.145629,Thika,Kisumu,370,7.720074551063294,Diesel,14.832174050421598,54.879043986559914,10427.018357446384
TR01810,VH041,2026-03-07 03:17:19.167833,Kisumu,Thika,370,7.7045107064943155,Diesel,20.54101014987793,76.00173755454834,14440.330135364185
TR01811,VH008,2026-03-07 04:09:10.190038,Thika,Eldoret,350,5.407886519953292,Diesel,9.31112086326121,32.58892302141424,6191.895374068706
TR01812,VH011,2026-03-07 05:01:01.212242,Nairobi,Naivasha,95,1.6611761588044092,Diesel,14.488070041711925,13.763666539626328,2615.0966425290026
TR01813,VH022,2026-03-07 05:52:52.234446,Mombasa,Naivasha,620,13.34669335015152,Petrol,18.265648111679095,113.24701829241039,22649.40365848208
TR01814,VH024,2026-03-07 06:44:43.256651,Kisumu,Eldoret,120,2.993303989825059,Petrol,13.763829485766665,16.51659538292,3303.3190765839995
TR01815,VH041,2026-03-07 07:36:34.278855,Nairobi,Nakuru,155,2.602031659293005,Diesel,22.65205599606328,35.11068679389808,6671.030490840636
TR01816,VH017,2026-03-07 08:28:25.301060,Nakuru,Machakos,270,4.76120012019887,Petrol,13.708446042209745,37.01280431396631,7402.5608627932625
TR01817,VH012,2026-03-07 09:20:16.323264,Machakos,Naivasha,190,3.4141366286570713,Diesel,10.99829843324489,20.896767023165292,3970.3857344014054
TR01818,VH046,2026-03-07 10:12:07.345469,Machakos,Nairobi,115,2.3312364934213203,Diesel,10.203498976269039,11.734023822709393,2229.4645263147845
TR01819,VH032,2026-03-07 11:03:58.367673,Nakuru,Kisumu,190,3.9913400182400824,Petrol,12.441049891382459,23.63799479362667,4727.598958725334
TR01820,VH015,2026-03-07 11:55:49.389877,Kisumu,Thika,370,5.828443260998382,Petrol,11.253117072850626,41.63653316954732,8327.306633909464
TR01821,VH016,2026-03-07 12:47:40.412082,Thika,Nakuru,200,3.1139962119862656,Diesel,20.32044591278418,40.64089182556836,7721.769446857988
TR01822,VH022,2026-03-07 13:39:31.434286,Naivasha,Nairobi,95,1.7234811000278392,Petrol,24.703595320720883,23.46841555468484,4693.683110936968
TR01823,VH028,2026-03-07 14:31:22.456491,Machakos,Thika,80,1.3850720794552773,Petrol,14.11291866080716,11.290334928645729,2258.066985729146
TR01824,VH020,2026-03-07 15:23:13.478695,Naivasha,Machakos,190,3.6616775446284957,Petrol,12.307910106877966,23.385029203068132,4677.005840613627
TR01825,VH033,2026-03-07 16:15:04.500900,Nakuru,Thika,200,5.122935883864786,Petrol,9.814291458189139,19.628582916378278,3925.7165832756555
TR01826,VH010,2026-03-07 17:06:55.523104,Naivasha,Nakuru,75,1.7788505505476535,Diesel,13.671617041092624,10.253712780819468,1948.2054283556988
TR01827,VH040,2026-03-07 17:58:46.545309,Eldoret,Naivasha,235,3.9716438001462233,Petrol,13.635062273498619,32.04239634272176,6408.479268544352
TR01828,VH032,2026-03-07 18:50:37.567513,Kisumu,Nairobi,350,5.81495393260288,Petrol,12.125340868080038,42.438693038280135,8487.738607656027
TR01829,VH050,2026-03-07 19:42:28.589717,Nairobi,Kisumu,350,5.9897644099325404,Diesel,13.623929548570068,47.68375341999524,9059.913149799097
TR01830,VH033,2026-03-07 20:34:19.611922,Kisumu,Machakos,465,8.812088999220363,Petrol,9.834889411145053,45.7322357618245,9146.447152364899
TR01831,VH002,2026-03-07 21:26:10.634126,Mombasa,Nakuru,630,10.726984484465214,Petrol,19.87136293688165,125.18958650235439,25037.91730047088
TR01832,VH033,2026-03-07 22:18:01.656331,Thika,Naivasha,145,2.9272289877968363,Petrol,9.316121696253168,13.508376459567094,2701.6752919134187
TR01833,VH033,2026-03-07 23:09:52.678535,Thika,Nairobi,45,0.8186116236315847,Petrol,12.977254790887937,5.839764655899572,1167.9529311799142
TR01834,VH041,2026-03-08 00:01:43.700740,Kisumu,Nakuru,190,3.9286604023508653,Diesel,22.35231570266778,42.469399835068785,8069.185968663069
TR01835,VH013,2026-03-08 00:53:34.722944,Nakuru,Machakos,270,6.498865175956651,Petrol,20.204582139768746,54.55237177737562,10910.474355475124
TR01836,VH030,2026-03-08 01:45:25.745149,Nakuru,Mombasa,630,11.068831730766533,Diesel,10.819068317971578,68.16013040322093,12950.424776611977
TR01837,VH033,2026-03-08 02:37:16.767353,Eldoret,Mombasa,750,12.458265798493674,Petrol,9.200738850143702,69.00554137607777,13801.108275215554
TR01838,VH013,2026-03-08 03:29:07.789557,Eldoret,Nairobi,310,4.441790817144259,Petrol,19.167218980381556,59.41837883918282,11883.675767836565
TR01839,VH026,2026-03-08 04:20:58.811762,Thika,Kisumu,370,7.1000604986696185,Diesel,21.172992524363607,78.34007234014535,14884.613744627617
TR01840,VH022,2026-03-08 05:12:49.833966,Eldoret,Machakos,430,10.332186660512201,Petrol,19.730238783074242,84.84002676721924,16968.00535344385
TR01841,VH039,2026-03-08 06:04:40.856171,Machakos,Naivasha,190,4.010767932310871,Diesel,19.812875242023768,37.64446295984516,7152.44796237058
TR01842,VH002,2026-03-08 06:56:31.878375,Machakos,Eldoret,430,8.791142485226677,Petrol,24.129034566674,103.7548486366982,20750.96972733964
TR01843,VH038,2026-03-08 07:48:22.900580,Nairobi,Mombasa,480,9.377200995184955,Diesel,12.575688367305503,60.36330416306641,11469.027790982618
TR01844,VH039,2026-03-08 08:40:13.922784,Eldoret,Mombasa,750,13.949073962789466,Diesel,23.104763811898902,173.28572858924176,32924.28843195593
TR01845,VH026,2026-03-08 09:32:04.944988,Nairobi,Nakuru,155,2.929848777957674,Diesel,18.249976643197,28.287463796955354,5374.618121421518
TR01846,VH046,2026-03-08 10:23:55.967193,Eldoret,Nairobi,310,5.514379734678552,Diesel,11.825816778390143,36.66003201300944,6965.4060824717935
TR01847,VH050,2026-03-08 11:15:46.989397,Thika,Kisumu,370,7.1734086095920215,Diesel,11.395846736977209,42.16463292681568,8011.2802560949785
TR01848,VH015,2026-03-08 12:07:38.011602,Thika,Eldoret,350,10.870364365465912,Petrol,9.932084276050924,34.76229496617823,6952.458993235647
TR01849,VH034,2026-03-08 12:59:29.033806,Nairobi,Kisumu,350,6.754530809011421,Diesel,9.600957707227693,33.603351975296924,6384.636875306415
TR01850,VH042,2026-03-08 13:51:20.056011,Kisumu,Nairobi,350,6.904191080224296,Diesel,14.351518892499213,50.230316123747244,9543.760063511976
TR01851,VH044,2026-03-08 14:43:11.078215,Thika,Eldoret,350,6.433571045977709,Petrol,24.576021389698575,86.01607486394501,17203.214972789003
TR01852,VH049,2026-03-08 15:35:02.100420,Kisumu,Machakos,465,9.8709050442295,Diesel,9.394033490227038,43.68225572955573,8299.628588615587
TR01853,VH040,2026-03-08 16:26:53.122624,Nakuru,Thika,200,3.8618831629068913,Petrol,11.745093562712215,23.49018712542443,4698.037425084886
TR01854,VH011,2026-03-08 17:18:44.144828,Machakos,Thika,80,1.4692395193228736,Diesel,14.791428140722369,11.833142512577895,2248.2970773898
TR01855,VH003,2026-03-08 18:10:35.167033,Nairobi,Nakuru,155,3.1814670383276096,Diesel,10.415808665662324,16.144503431776602,3067.4556520375545
TR01856,VH006,2026-03-08 19:02:26.189237,Naivasha,Nakuru,75,1.3536204382711172,Diesel,22.505489610151084,16.879117207613312,3207.0322694465294
TR01857,VH009,2026-03-08 19:54:17.211442,Thika,Nairobi,45,0.8900140519542316,Diesel,14.861106854835029,6.687498084675763,1270.624636088395
TR01858,VH006,2026-03-08 20:46:08.233646,Mombasa,Nakuru,630,12.291898485804499,Diesel,24.84756568006962,156.5396637844386,29742.536119043336
TR01859,VH009,2026-03-08 21:37:59.255851,Nakuru,Naivasha,75,2.8176073069117,Diesel,12.356116654518717,9.267087490889038,1760.7466232689171
TR01860,VH039,2026-03-08 22:29:50.278055,Kisumu,Naivasha,270,6.609724830339309,Diesel,19.139243754476663,51.675958137086994,9818.43204604653
TR01861,VH031,2026-03-08 23:21:41.300260,Thika,Mombasa,520,12.723059244952331,Petrol,10.010421574887195,52.05419218941341,10410.838437882683
TR01862,VH032,2026-03-09 00:13:32.322464,Nairobi,Eldoret,310,5.992577970667026,Petrol,14.448006975621972,44.78882162442812,8957.764324885624
TR01863,VH041,2026-03-09 01:05:23.344668,Naivasha,Eldoret,235,3.9053851891685296,Diesel,24.38178103030815,57.29718542122416,10886.46523003259
TR01864,VH050,2026-03-09 01:57:14.366873,Eldoret,Nairobi,310,6.319736358833535,Diesel,12.039398219367774,37.3221344800401,7091.205551207619
TR01865,VH012,2026-03-09 02:49:05.389077,Naivasha,Nairobi,95,1.6729362024578844,Diesel,13.830881997349557,13.13933789748208,2496.474200521595
TR01866,VH008,2026-03-09 03:40:56.411282,Mombasa,Nairobi,480,8.697854803125905,Diesel,12.699656257352041,60.9583500352898,11582.086506705062
TR01867,VH008,2026-03-09 04:32:47.433486,Kisumu,Mombasa,850,16.627820365475856,Diesel,12.309107989945534,104.62741791453705,19879.20940376204
TR01868,VH050,2026-03-09 05:24:38.455691,Nakuru,Machakos,270,4.945796487828964,Diesel,13.136384774359694,35.468238890771175,6738.965389246523
TR01869,VH028,2026-03-09 06:16:29.477895,Naivasha,Kisumu,270,5.19554994021242,Petrol,13.427033115201606,36.25298941104434,7250.597882208868
TR01870,VH020,2026-03-09 07:08:20.500100,Nairobi,Kisumu,350,7.1630663420326455,Petrol,11.670011528737497,40.84504035058124,8169.008070116249
TR01871,VH047,2026-03-09 08:00:11.522304,Mombasa,Naivasha,620,11.66978803439586,Petrol,10.184781812940784,63.14564724023286,12629.129448046573
TR01872,VH007,2026-03-09 08:52:02.544508,Nairobi,Nakuru,155,2.5173350480738574,Petrol,13.719440720593095,21.265133116919298,4253.026623383859
TR01873,VH011,2026-03-09 09:43:53.566713,Thika,Machakos,80,1.4874867467838753,Diesel,12.367189339191373,9.893751471353099,1879.8127795570888
TR01874,VH020,2026-03-09 10:35:44.588917,Eldoret,Nakuru,160,3.0921597559453016,Petrol,10.473958420037548,16.758333472060077,3351.666694412015
TR01875,VH016,2026-03-09 11:27:35.611122,Nakuru,Naivasha,75,1.7449816221589494,Diesel,23.61362393019243,17.71021794764432,3364.941410052421
TR01876,VH004,2026-03-09 12:19:26.633326,Nairobi,Naivasha,95,1.549072971941002,Diesel,13.483568001765143,12.809389601676886,2433.7840243186083
TR01877,VH006,2026-03-09 13:11:17.655531,Kisumu,Eldoret,120,3.097284805766187,Diesel,24.5613769418729,29.47365233024748,5599.993942747021
TR01878,VH022,2026-03-09 14:03:08.677735,Thika,Eldoret,350,9.628214646465349,Petrol,19.158091480132143,67.05332018046249,13410.664036092498
TR01879,VH026,2026-03-09 14:54:59.699939,Thika,Nairobi,45,0.8495104426013429,Diesel,22.54432499245545,10.144946246604952,1927.539786854941
TR01880,VH003,2026-03-09 15:46:50.722144,Nakuru,Kisumu,190,4.423344988371975,Diesel,11.221197340440881,21.320274946837674,4050.852239899158
TR01881,VH041,2026-03-09 16:38:41.744348,Thika,Mombasa,520,8.85667300233736,Diesel,24.32508089711149,126.49042066497975,24033.179926346154
TR01882,VH042,2026-03-09 17:30:32.766553,Kisumu,Nakuru,190,5.201153944855677,Diesel,10.497497071283078,19.945244435437846,3789.596442733191
TR01883,VH014,2026-03-09 18:22:23.788757,Nairobi,Thika,45,0.7799710130105293,Diesel,13.280809032224386,5.976364064500974,1135.509172255185
TR01884,VH011,2026-03-09 19:14:14.810962,Nakuru,Nairobi,155,2.740072054888961,Diesel,13.95542860764015,21.63091434184223,4109.873724950024
TR01885,VH018,2026-03-09 20:06:05.833166,Machakos,Nakuru,270,5.299923899410015,Diesel,10.774589201823536,29.09139084492355,5527.364260535474
TR01886,VH012,2026-03-09 20:57:56.855371,Thika,Eldoret,350,10.54108063852938,Diesel,14.770690396919047,51.69741638921666,9822.509113951166
TR01887,VH023,2026-03-09 21:49:47.877575,Thika,Mombasa,520,14.359256148068937,Diesel,13.253653422930187,68.91899779923698,13094.609581855026
TR01888,VH012,2026-03-09 22:41:38.899779,Kisumu,Eldoret,120,2.3112711233783387,Diesel,11.473091498424516,13.767709798109419,2615.8648616407895
TR01889,VH013,2026-03-09 23:33:29.921984,Eldoret,Machakos,430,8.932714309268201,Petrol,18.05278764901199,77.62698689075155,15525.39737815031
TR01890,VH025,2026-03-10 00:25:20.944188,Eldoret,Naivasha,235,4.210062989788416,Diesel,20.076600232826426,47.1800105471421,8964.202003957
TR01891,VH045,2026-03-10 01:17:11.966393,Naivasha,Mombasa,620,12.536834618839201,Diesel,19.9691732932952,123.80887441843024,23523.686139501744
TR01892,VH019,2026-03-10 02:09:02.988597,Thika,Nairobi,45,0.9229149644312942,Diesel,13.449823037504544,6.052420366877045,1149.9598697066385
TR01893,VH046,2026-03-10 03:00:54.010802,Machakos,Thika,80,2.6152799538442726,Diesel,14.835605891273737,11.86848471301899,2255.012095473608
TR01894,VH036,2026-03-10 03:52:45.033006,Nairobi,Machakos,115,2.0325397778741108,Diesel,9.352199929851302,10.755029919328997,2043.4556846725095
TR01895,VH045,2026-03-10 04:44:36.055211,Nakuru,Mombasa,630,14.060356259558999,Diesel,21.29906379973322,134.1841019383193,25494.979368280663
TR01896,VH008,2026-03-10 05:36:27.077415,Thika,Mombasa,520,11.107704603527683,Diesel,11.741659992648978,61.05663196177469,11600.760072737192
TR01897,VH029,2026-03-10 06:28:18.099619,Mombasa,Nakuru,630,15.202054247366597,Diesel,10.464558306648517,65.92671733188565,12526.076293058275
TR01898,VH032,2026-03-10 07:20:09.121824,Nakuru,Mombasa,630,16.721204561444075,Petrol,11.887488545687614,74.89117783783196,14978.235567566393
TR01899,VH044,2026-03-10 08:12:00.144028,Naivasha,Thika,145,2.3471479534970614,Petrol,20.219576921750654,29.318386536538448,5863.677307307689
TR01900,VH018,2026-03-10 09:03:51.166233,Eldoret,Nairobi,310,5.4999741221247165,Diesel,11.680281771635435,36.20887349206985,6879.685963493272
TR01901,VH006,2026-03-10 09:55:42.188437,Machakos,Naivasha,190,3.363072058963876,Diesel,22.628336298123564,42.99383896643477,8168.829403622607
TR01902,VH018,2026-03-10 10:47:33.210642,Thika,Eldoret,350,7.251193667671318,Diesel,12.517425552482834,43.81098943368992,8324.087992401084
TR01903,VH019,2026-03-10 11:39:24.232846,Kisumu,Nakuru,190,5.263650661049776,Diesel,9.683775118066938,18.399172724327183,3495.8428176221646
TR01904,VH022,2026-03-10 12:31:15.255051,Mombasa,Eldoret,750,11.22479617155689,Petrol,23.690633913612352,177.67975435209263,35535.95087041853
TR01905,VH037,2026-03-10 13:23:06.277255,Thika,Machakos,80,1.498735449923148,Diesel,13.392710148953794,10.714168119163036,2035.6919426409768
TR01906,VH032,2026-03-10 14:14:57.299459,Machakos,Nakuru,270,5.28434537961471,Petrol,14.445374583733598,39.00251137608072,7800.502275216144
TR01907,VH041,2026-03-10 15:06:48.321664,Naivasha,Nakuru,75,1.5914465621927312,Diesel,21.145352416048038,15.859014312036027,3013.212719286845
TR01908,VH003,2026-03-10 15:58:39.343868,Nairobi,Eldoret,310,9.214247611103563,Diesel,14.469448813610958,44.85529132219397,8522.505351216854
TR01909,VH028,2026-03-10 16:50:30.366073,Mombasa,Machakos,420,7.102696724947639,Petrol,14.328870611780378,60.18125656947759,12036.251313895518
TR01910,VH010,2026-03-10 17:42:21.388277,Naivasha,Thika,145,3.4907482698829,Diesel,12.192046661796347,17.678467659604703,3358.9088553248935
TR01911,VH035,2026-03-10 18:34:12.410482,Thika,Nairobi,45,0.8276234472439518,Diesel,11.905716576464894,5.3575724594092025,1017.9387672877484
TR01912,VH029,2026-03-10 19:26:03.432686,Nairobi,Eldoret,310,5.519287340303192,Diesel,14.664060074851283,45.45858623203898,8637.131384087406
TR01913,VH015,2026-03-10 20:17:54.454890,Mombasa,Nairobi,480,9.112783053776642,Petrol,12.575823672692188,60.3639536289225,12072.7907257845
TR01914,VH033,2026-03-10 21:09:45.477095,Nairobi,Naivasha,95,1.767120053186031,Petrol,13.641226732190379,12.95916539558086,2591.833079116172
TR01915,VH007,2026-03-10 22:01:36.499299,Nairobi,Kisumu,350,5.7595195216698265,Petrol,13.984873894479065,48.94705863067673,9789.411726135346
TR01916,VH012,2026-03-10 22:53:27.521504,Mombasa,Nairobi,480,10.993874493505826,Diesel,13.046487196457072,62.62313854299394,11898.396323168849
TR01917,VH049,2026-03-10 23:45:18.543708,Mombasa,Naivasha,620,12.0819968364023,Diesel,9.579263885018822,59.391436087116695,11284.372856552172
TR01918,VH030,2026-03-11 00:37:09.565913,Nairobi,Naivasha,95,1.9709888384145184,Diesel,11.457403362895493,10.884533194750718,2068.0613070026366
TR01919,VH021,2026-03-11 01:29:00.588117,Naivasha,Eldoret,235,6.660340832256117,Petrol,24.781896849688742,58.23745759676854,11647.491519353709
TR01920,VH031,2026-03-11 02:20:51.610322,Machakos,Kisumu,465,8.892600341296033,Petrol,10.597110493571023,49.27656379510526,9855.312759021052
TR01921,VH024,2026-03-11 03:12:42.632526,Eldoret,Thika,350,5.832360809312155,Petrol,9.466274348926854,33.131960221243986,6626.392044248797
TR01922,VH020,2026-03-11 04:04:33.654730,Mombasa,Kisumu,850,13.93198852676937,Petrol,12.537766779596598,106.57101762657109,21314.203525314217
TR01923,VH037,2026-03-11 04:56:24.676935,Thika,Kisumu,370,5.704610547282387,Diesel,13.670021272718422,50.579078709058166,9610.024954721051
TR01924,VH004,2026-03-11 05:48:15.699139,Nakuru,Kisumu,190,5.305743911304633,Diesel,11.427288601435754,21.71184834272793,4125.251185118306
TR01925,VH028,2026-03-11 06:40:06.721344,Kisumu,Thika,370,5.870311654964706,Petrol,11.488359896731518,42.50693161790662,8501.386323581324
TR01926,VH044,2026-03-11 07:31:57.743548,Nairobi,Machakos,115,2.2339328602425375,Petrol,21.282250898561486,24.474588533345706,4894.917706669141
TR01927,VH020,2026-03-11 08:23:48.765753,Nairobi,Naivasha,95,1.5126304629575238,Petrol,9.108944748811277,8.653497511370713,1730.6995022741426
TR01928,VH024,2026-03-11 09:15:39.787957,Kisumu,Nakuru,190,4.0562113417097585,Petrol,12.946615051805818,24.598568598431054,4919.71371968621
TR01929,VH050,2026-03-11 10:07:30.810162,Eldoret,Kisumu,120,2.622744659350386,Diesel,10.585443936370627,12.702532723644753,2413.481217492503
TR01930,VH049,2026-03-11 10:59:21.832366,Kisumu,Eldoret,120,2.9793072667991143,Diesel,13.268815510009887,15.922578612011863,3025.289936282254
TR01931,VH032,2026-03-11 11:51:12.854570,Mombasa,Kisumu,850,15.122450790053927,Petrol,14.013152108000169,119.11179291800143,23822.358583600286
TR01932,VH041,2026-03-11 12:43:03.876775,Kisumu,Eldoret,120,2.2174666365285645,Diesel,22.62981423183148,27.155777078197776,5159.5976448575775
TR01933,VH036,2026-03-11 13:34:54.898979,Nairobi,Naivasha,95,2.3134662228515244,Diesel,10.624374335496444,10.093155618721621,1917.699567557108
TR01934,VH034,2026-03-11 14:26:45.921184,Kisumu,Machakos,465,14.22587998803555,Diesel,11.58158280830585,53.854360058622206,10232.32841113822
TR01935,VH036,2026-03-11 15:18:36.943388,Nakuru,Naivasha,75,1.4065498973274733,Diesel,11.224146287989795,8.418109715992346,1599.4408460385457
TR01936,VH002,2026-03-11 16:10:27.965593,Thika,Kisumu,370,6.822368740799792,Petrol,20.37217320374072,75.37704085384067,15075.408170768134
TR01937,VH015,2026-03-11 17:02:18.987797,Mombasa,Kisumu,850,20.18791965088652,Petrol,13.240681446515891,112.54579229538507,22509.158459077014
TR01938,VH034,2026-03-11 17:54:10.010002,Kisumu,Thika,370,9.13639516332524,Diesel,11.417535372888327,42.24488087968681,8026.527367140494
TR01939,VH036,2026-03-11 18:46:01.032206,Nairobi,Eldoret,310,5.61116994920551,Diesel,13.163615488985732,40.80720801585577,7753.369523012597
TR01940,VH006,2026-03-11 19:37:52.054410,Naivasha,Kisumu,270,4.163380321260998,Diesel,18.73652931899277,50.58862916128048,9611.839540643292
TR01941,VH039,2026-03-11 20:29:43.076615,Thika,Kisumu,370,8.036476322112378,Diesel,18.98717352020235,70.2525420247487,13347.982984702254
TR01942,VH042,2026-03-11 21:21:34.098819,Mombasa,Eldoret,750,17.45692679236074,Diesel,14.886601525564885,111.64951144173664,21213.40717392996
TR01943,VH012,2026-03-11 22:13:25.121024,Nairobi,Kisumu,350,6.680553602153139,Diesel,12.938842313030449,45.28594809560657,8604.330138165249
TR01944,VH003,2026-03-11 23:05:16.143228,Eldoret,Thika,350,6.354160055984142,Diesel,12.548848367495244,43.92096928623336,8344.984164384337
TR01945,VH045,2026-03-11 23:57:07.165433,Nakuru,Thika,200,4.247575977632317,Diesel,21.66209244200878,43.32418488401756,8231.595127963337
TR01946,VH018,2026-03-12 00:48:58.187637,Machakos,Nairobi,115,1.737141000015916,Diesel,10.0763438701643,11.587795450688944,2201.6811356308995
TR01947,VH040,2026-03-12 01:40:49.209841,Eldoret,Kisumu,120,2.0974077778620135,Petrol,13.593519747509866,16.312223697011838,3262.4447394023678
TR01948,VH021,2026-03-12 02:32:40.232046,Machakos,Kisumu,465,9.904188298434342,Petrol,18.59346436610828,86.4596093024035,17291.921860480703
TR01949,VH015,2026-03-12 03:24:31.254250,Nakuru,Nairobi,155,4.159941849848094,Petrol,11.866618565515116,18.393258776548432,3678.6517553096865
TR01950,VH033,2026-03-12 04:16:22.276455,Kisumu,Thika,370,6.110110031713713,Petrol,11.853843982929508,43.85922273683918,8771.844547367837
TR01951,VH035,2026-03-12 05:08:13.298659,Mombasa,Nakuru,630,10.581930617253573,Diesel,14.570942120667555,91.7969353602056,17441.417718439065
TR01952,VH026,2026-03-12 06:00:04.320864,Kisumu,Naivasha,270,5.674894495225563,Diesel,21.683279670734024,58.54485511098187,11123.522471086555
TR01953,VH008,2026-03-12 06:51:55.343068,Nakuru,Mombasa,630,11.930777930760025,Diesel,9.685313479870898,61.017474923186654,11593.320235405465
TR01954,VH036,2026-03-12 07:43:46.365273,Nakuru,Thika,200,4.0986763865107605,Diesel,11.863766296240813,23.727532592481626,4508.231192571509
TR01955,VH048,2026-03-12 08:35:37.387477,Nakuru,Machakos,270,4.984787991822672,Diesel,18.639293510557327,50.32609247850478,9561.957570915909
TR01956,VH030,2026-03-12 09:27:28.409681,Machakos,Kisumu,465,11.124294463052175,Diesel,11.018969176499608,51.23820667072318,9735.259267437405
TR01957,VH023,2026-03-12 10:19:19.431886,Thika,Mombasa,520,12.78902991190058,Diesel,9.15554292093708,47.60882318887282,9045.676405885835
TR01958,VH042,2026-03-12 11:11:10.454090,Nairobi,Kisumu,350,6.196125807811822,Diesel,12.566467912297492,43.98263769304122,8356.70116167783
TR01959,VH044,2026-03-12 12:03:01.476295,Mombasa,Kisumu,850,14.782372499542534,Petrol,18.591728307055007,158.02969060996756,31605.938121993513
TR01960,VH014,2026-03-12 12:54:52.498499,Kisumu,Nairobi,350,7.596530667868796,Diesel,12.346971892656645,43.21440162429826,8210.73630861667
TR01961,VH014,2026-03-12 13:46:43.520704,Kisumu,Thika,370,8.407747314322148,Diesel,14.66472517662072,54.25948315349667,10309.301799164366
TR01962,VH002,2026-03-12 14:38:34.542908,Eldoret,Thika,350,5.914107062507837,Petrol,23.038329891135326,80.63415461897364,16126.830923794729
TR01963,VH037,2026-03-12 15:30:25.565113,Machakos,Mombasa,420,9.485544740507567,Diesel,10.387058371126464,43.62564515873115,8288.872580158919
TR01964,VH005,2026-03-12 16:22:16.587317,Nakuru,Eldoret,160,3.1718787543023264,Diesel,19.569468685461903,31.311149896739046,5949.118480380419
TR01965,VH038,2026-03-12 17:14:07.609521,Naivasha,Eldoret,235,4.754324800448091,Diesel,13.368312099467172,31.415533433747854,5968.951352412092
TR01966,VH045,2026-03-12 18:05:58.631726,Nakuru,Mombasa,630,16.46423823162601,Diesel,24.262913027169287,152.8563520711665,29042.706893521634
TR01967,VH041,2026-03-12 18:57:49.653930,Nakuru,Mombasa,630,12.22424762044947,Diesel,18.230430107347676,114.85170967629035,21821.824838495166
TR01968,VH047,2026-03-12 19:49:40.676135,Naivasha,Thika,145,2.8568470044745213,Petrol,13.06225565860297,18.940270704974306,3788.0541409948614
TR01969,VH014,2026-03-12 20:41:31.698339,Kisumu,Naivasha,270,5.105752402628314,Diesel,12.809069401691543,34.58448738456717,6571.052603067762
TR01970,VH039,2026-03-12 21:33:22.720544,Eldoret,Thika,350,6.82715727474517,Diesel,21.82263927707475,76.37923746976162,14512.055119254708
TR01971,VH025,2026-03-12 22:25:13.742748,Nairobi,Nakuru,155,2.31048440682997,Diesel,24.704692279273505,38.292273032873936,7275.531876246048
TR01972,VH020,2026-03-12 23:17:04.764952,Naivasha,Nairobi,95,1.6022012328886435,Petrol,12.738223062983865,12.10131190983467,2420.2623819669343
TR01973,VH002,2026-03-13 00:08:55.787157,Machakos,Nairobi,115,2.2858064220046135,Petrol,23.950832076392786,27.5434568878517,5508.69137757034
TR01974,VH039,2026-03-13 01:00:46.809361,Thika,Naivasha,145,2.840802634791582,Diesel,20.477968986812666,29.693055030878366,5641.680455866889
TR01975,VH006,2026-03-13 01:52:37.831566,Mombasa,Thika,520,8.111191499732339,Diesel,21.88054828579887,113.77885108615413,21617.981706369286
TR01976,VH017,2026-03-13 02:44:28.853770,Machakos,Kisumu,465,8.171556678150228,Petrol,12.077028387138853,56.15818200019567,11231.636400039135
TR01977,VH025,2026-03-13 03:36:19.875975,Naivasha,Machakos,190,4.730136134341395,Diesel,20.251087582537256,38.47706640682078,7310.642617295948
TR01978,VH028,2026-03-13 04:28:10.898179,Nairobi,Mombasa,480,8.334550845901779,Petrol,12.851240624736997,61.685954998737586,12337.190999747518
TR01979,VH002,2026-03-13 05:20:01.920384,Kisumu,Nairobi,350,5.838937871278991,Petrol,19.656587656357996,68.79805679725298,13759.611359450597
TR01980,VH035,2026-03-13 06:11:52.942588,Thika,Naivasha,145,2.3037178161636946,Diesel,10.716878355341198,15.539473615244736,2952.4999868964996
TR01981,VH037,2026-03-13 07:03:43.964792,Thika,Naivasha,145,3.099080827670215,Diesel,11.869851296386663,17.211284379760663,3270.144032154526
TR01982,VH005,2026-03-13 07:55:34.986997,Thika,Eldoret,350,7.575036793586006,Diesel,23.17502740122506,81.1125959042877,15411.393221814664
TR01983,VH001,2026-03-13 08:47:26.009201,Nakuru,Naivasha,75,1.766140411059335,Petrol,14.580935740369437,10.935701805277077,2187.1403610554153
TR01984,VH040,2026-03-13 09:39:17.031406,Mombasa,Kisumu,850,16.201270953911763,Petrol,12.288570257491163,104.45284718867488,20890.569437734976
TR01985,VH012,2026-03-13 10:31:08.053610,Kisumu,Machakos,465,8.323944183910601,Diesel,13.214118441377158,61.445650752403786,11674.673642956719
TR01986,VH036,2026-03-13 11:22:59.075815,Kisumu,Mombasa,850,18.52119521190783,Diesel,9.515185654875502,80.87907806644176,15367.024832623934
TR01987,VH045,2026-03-13 12:14:50.098019,Thika,Nairobi,45,0.9208955318351032,Diesel,24.3312463098663,10.949060839439836,2080.3215594935687
TR01988,VH023,2026-03-13 13:06:41.120224,Kisumu,Nakuru,190,5.659771875019489,Diesel,11.843021067849673,22.501740028914377,4275.330605493731
TR01989,VH047,2026-03-13 13:58:32.142428,Mombasa,Eldoret,750,12.082043375893443,Petrol,12.901691238125785,96.7626842859434,19352.53685718868
TR01990,VH031,2026-03-13 14:50:23.164632,Mombasa,Kisumu,850,22.67864762808468,Petrol,12.972206004606969,110.26375103915923,22052.750207831847
TR01991,VH011,2026-03-13 15:42:14.186837,Eldoret,Thika,350,6.603993134340615,Diesel,11.28240263184053,39.488409211441855,7502.797750173952
TR01992,VH010,2026-03-13 16:34:05.209041,Naivasha,Kisumu,270,5.2017069099084745,Diesel,12.645872265909247,34.14385511795497,6487.3324724114445
TR01993,VH003,2026-03-13 17:25:56.231246,Naivasha,Kisumu,270,5.360709883257713,Diesel,14.802398757804887,39.9664766460732,7593.630562753908
TR01994,VH014,2026-03-13 18:17:47.253450,Eldoret,Naivasha,235,4.64882802305215,Diesel,10.44817272410414,24.55320590164473,4665.109121312499
TR01995,VH016,2026-03-13 19:09:38.275655,Nairobi,Kisumu,350,8.352075670690823,Diesel,22.781349286206943,79.7347225017243,15149.597275327618
TR01996,VH010,2026-03-13 20:01:29.297859,Naivasha,Eldoret,235,4.960372076505512,Diesel,14.81132039017586,34.80660291691327,6613.254554213521
TR01997,VH029,2026-03-13 20:53:20.320064,Mombasa,Nairobi,480,8.311457286562998,Diesel,11.50288554027011,55.21385059329653,10490.63161272634
TR01998,VH010,2026-03-13 21:45:11.342268,Mombasa,Machakos,420,6.985883392159978,Diesel,14.30723960702174,60.09040634949131,11417.177206403348
TR01999,VH012,2026-03-13 22:37:02.364472,Naivasha,Thika,145,3.109399893363438,Diesel,14.668287727041358,21.26901720420997,4041.1132687998943
TR02000,VH030,2026-03-13 23:28:53.386677,Mombasa,Kisumu,850,22.656610903790558,Diesel,13.735431046974124,116.75116389928006,22182.72114086321
TR02001,VH041,2026-03-14 00:20:44.408881,Eldoret,Nairobi,310,7.082378009796797,Diesel,19.619298186148708,60.819824377060996,11555.766631641589
TR02002,VH001,2026-03-14 01:12:35.431086,Thika,Nakuru,200,3.0853923955618283,Petrol,11.67000359413297,23.34000718826594,4668.001437653188
TR02003,VH005,2026-03-14 02:04:26.453290,Thika,Naivasha,145,3.2770698795489124,Diesel,18.250665060924113,26.463464338339964,5028.058224284593
TR02004,VH020,2026-03-14 02:56:17.475495,Kisumu,Nairobi,350,7.110588040844054,Petrol,13.157266171226777,46.05043159929372,9210.086319858743
TR02005,VH008,2026-03-14 03:48:08.497699,Machakos,Thika,80,1.304476170317865,Diesel,13.248055932555399,10.59844474604432,2013.7045017484209
TR02006,VH043,2026-03-14 04:39:59.519903,Machakos,Nakuru,270,5.897149524361907,Diesel,13.163551549830963,35.541589184543604,6752.901945063285
TR02007,VH012,2026-03-14 05:31:50.542108,Thika,Kisumu,370,7.601326157984157,Diesel,11.762639256319257,43.52176524838126,8269.135397192438
TR02008,VH001,2026-03-14 06:23:41.564312,Nakuru,Machakos,270,4.790972842492739,Petrol,10.384055138199603,28.03694887313893,5607.389774627786
TR02009,VH020,2026-03-14 07:15:32.586517,Eldoret,Mombasa,750,11.774965351437869,Petrol,12.765288049574547,95.73966037180911,19147.932074361823
TR02010,VH028,2026-03-14 08:07:23.608721,Mombasa,Machakos,420,9.36755925517057,Petrol,13.632630968049614,57.257050065808386,11451.410013161678
TR02011,VH043,2026-03-14 08:59:14.630926,Naivasha,Kisumu,270,4.416328103992526,Diesel,14.563012608694505,39.320134043475164,7470.825468260281
TR02012,VH037,2026-03-14 09:51:05.653130,Thika,Naivasha,145,3.0367910171497154,Diesel,13.652660105026811,19.796357152288877,3761.3078589348866
TR02013,VH047,2026-03-14 10:42:56.675335,Eldoret,Machakos,430,10.020373900466371,Petrol,13.143474711220009,56.516941258246035,11303.388251649207
TR02014,VH037,2026-03-14 11:34:47.697539,Thika,Naivasha,145,2.7886518402214,Diesel,13.729773089519998,19.908170979803998,3782.5524861627596
TR02015,VH012,2026-03-14 12:26:38.719743,Nairobi,Naivasha,95,2.331891743416527,Diesel,13.153435941561582,12.495764144483502,2374.1951874518654
TR02016,VH037,2026-03-14 13:18:29.741948,Mombasa,Nairobi,480,8.925899726853405,Diesel,12.134831970955046,58.24719346058422,11066.966757511002
TR02017,VH049,2026-03-14 14:10:20.764152,Nairobi,Thika,45,0.5984266637789833,Diesel,13.510586543211389,6.0797639444451255,1155.155149444574
TR02018,VH049,2026-03-14 15:02:11.786357,Mombasa,Naivasha,620,10.536188945882463,Diesel,12.254842859537348,75.98002572913155,14436.204888534996
TR02019,VH044,2026-03-14 15:54:02.808561,Eldoret,Machakos,430,8.746805883032092,Petrol,20.788487253761364,89.39049519117386,17878.09903823477
TR02020,VH028,2026-03-14 16:45:53.830766,Kisumu,Machakos,465,7.959927804640962,Petrol,10.417346475909786,48.440661112980514,9688.132222596103
TR02021,VH047,2026-03-14 17:37:44.852970,Thika,Machakos,80,1.8802370696534088,Petrol,10.453524279521911,8.362819423617529,1672.5638847235057
TR02022,VH015,2026-03-14 18:29:35.875175,Thika,Kisumu,370,8.430050522249394,Petrol,11.718633674150823,43.35894459435804,8671.788918871609
TR02023,VH006,2026-03-14 19:21:26.897379,Nakuru,Mombasa,630,12.757508848406886,Diesel,19.929447590113362,125.55551981771418,23855.548765365696
TR02024,VH044,2026-03-14 20:13:17.919583,Naivasha,Thika,145,2.859833659203862,Petrol,19.548647435425316,28.345538781366706,5669.107756273341
TR02025,VH020,2026-03-14 21:05:08.941788,Nairobi,Naivasha,95,2.395748533120355,Petrol,11.636967570439236,11.055119191917273,2211.0238383834544
TR02026,VH050,2026-03-14 21:56:59.963992,Thika,Naivasha,145,3.0495383799658295,Diesel,9.849101729478672,14.281197507744075,2713.427526471374
TR02027,VH014,2026-03-14 22:48:50.986197,Eldoret,Nairobi,310,6.34682877266722,Diesel,14.002050316625517,43.40635598153911,8247.20763649243
TR02028,VH002,2026-03-14 23:40:42.008401,Kisumu,Naivasha,270,4.331380874235482,Petrol,21.390577059398606,57.75455806037624,11550.911612075248
TR02029,VH009,2026-03-15 00:32:33.030606,Naivasha,Kisumu,270,6.809028168339013,Diesel,12.86931386981325,34.74714744849578,6601.958015214198
TR02030,VH037,2026-03-15 01:24:24.052810,Eldoret,Nakuru,160,4.111883140052514,Diesel,10.736916337986743,17.17906614077879,3264.02256674797
TR02031,VH020,2026-03-15 02:16:15.075015,Nairobi,Thika,45,0.8753897897093341,Petrol,10.622881678146836,4.780296755166076,956.0593510332152
TR02032,VH026,2026-03-15 03:08:06.097219,Nakuru,Machakos,270,4.560270601939553,Diesel,20.87062778282807,56.35069501363579,10706.632052590801
TR02033,VH029,2026-03-15 03:59:57.119423,Thika,Naivasha,145,2.664816898421384,Diesel,14.041064152582514,20.359543021244644,3868.3131740364825
TR02034,VH001,2026-03-15 04:51:48.141628,Eldoret,Nairobi,310,5.913613723102079,Petrol,13.850797615430762,42.93747260783537,8587.494521567074
TR02035,VH035,2026-03-15 05:43:39.163832,Naivasha,Kisumu,270,5.661429439609331,Diesel,11.114887373938407,30.0101959096337,5701.937222830403
TR02036,VH006,2026-03-15 06:35:30.186037,Mombasa,Naivasha,620,11.189550373717847,Diesel,22.313253571249053,138.34217214174413,26285.012706931386
TR02037,VH037,2026-03-15 07:27:21.208241,Kisumu,Nairobi,350,6.182094793499273,Diesel,11.217281788859989,39.26048626100996,7459.492389591892
TR02038,VH005,2026-03-15 08:19:12.230446,Naivasha,Nakuru,75,1.5644061940572052,Diesel,24.917730089831718,18.688297567373787,3550.7765378010195
TR02039,VH033,2026-03-15 09:11:03.252650,Eldoret,Mombasa,750,17.684089757486095,Petrol,13.760619390654353,103.20464542990766,20640.92908598153
TR02040,VH049,2026-03-15 10:02:54.274854,Kisumu,Naivasha,270,6.358473311989894,Diesel,11.816323602603102,31.90407372702838,6061.774008135392
TR02041,VH014,2026-03-15 10:54:45.297059,Thika,Kisumu,370,6.4878277399710305,Diesel,13.494512859470715,49.92969758004165,9486.642540207913
TR02042,VH012,2026-03-15 11:46:36.319263,Mombasa,Nairobi,480,12.75042179330192,Diesel,14.007151911043225,67.23432917300748,12774.522542871422
TR02043,VH042,2026-03-15 12:38:27.341468,Nakuru,Nairobi,155,2.4441598796660693,Diesel,13.60499210022452,21.087737755348005,4006.670173516121
TR02044,VH020,2026-03-15 13:30:18.363672,Naivasha,Thika,145,3.1283039709109914,Petrol,12.499143455412105,18.12375801034755,3624.75160206951
TR02045,VH050,2026-03-15 14:22:09.385877,Nakuru,Nairobi,155,2.953716851425002,Diesel,13.79277003974764,21.378793561608845,4061.9707767056807
TR02046,VH024,2026-03-15 15:14:00.408081,Mombasa,Nakuru,630,11.328147943919829,Petrol,11.982280531536416,75.48836734867942,15097.673469735884
TR02047,VH043,2026-03-15 16:05:51.430286,Kisumu,Nairobi,350,7.859778977648691,Diesel,13.181513359095279,46.135296756833476,8765.70638379836
TR02048,VH034,2026-03-15 16:57:42.452490,Thika,Machakos,80,1.7270852444831188,Diesel,13.246343752190906,10.597075001752726,2013.444250333018
TR02049,VH025,2026-03-15 17:49:33.474694,Eldoret,Thika,350,6.855250022589043,Diesel,22.689236075008846,79.41232626253097,15088.341989880884
TR02050,VH050,2026-03-15 18:41:24.496899,Mombasa,Machakos,420,9.728925847081303,Diesel,12.664663110087613,53.19158506236798,10106.401161849915
TR02051,VH029,2026-03-15 19:33:15.519103,Nairobi,Thika,45,1.0854131928203445,Diesel,11.170843430983211,5.026879543942445,955.1071133490645
TR02052,VH039,2026-03-15 20:25:06.541308,Kisumu,Nairobi,350,8.29821567135602,Diesel,20.598868468805495,72.09603964081923,13698.247531755653
TR02053,VH031,2026-03-15 21:16:57.563512,Nakuru,Naivasha,75,1.2568462449224873,Petrol,9.736506728559466,7.302380046419599,1460.47600928392
TR02054,VH047,2026-03-15 22:08:48.585717,Naivasha,Eldoret,235,4.418672093520111,Petrol,11.528827211674027,27.092743947433966,5418.548789486793
TR02055,VH043,2026-03-15 23:00:39.607921,Mombasa,Eldoret,750,17.180295056035803,Diesel,12.278637003401231,92.08977752550923,17497.057729846754
TR02056,VH050,2026-03-15 23:52:30.630126,Nakuru,Thika,200,3.509875653335323,Diesel,13.985814071397284,27.971628142794568,5314.609347130968
TR02057,VH023,2026-03-16 00:44:21.652330,Kisumu,Machakos,465,10.54470594155016,Diesel,12.056043264077712,56.06060117796136,10651.51422381266
TR02058,VH044,2026-03-16 01:36:12.674534,Nakuru,Nairobi,155,4.5062459260556755,Petrol,23.505113762360963,36.432926331659495,7286.585266331899
TR02059,VH038,2026-03-16 02:28:03.696739,Mombasa,Naivasha,620,11.156201372258383,Diesel,11.670073353788272,72.35445479348729,13747.346410762586
TR02060,VH020,2026-03-16 03:19:54.718943,Kisumu,Nakuru,190,3.007764102258968,Petrol,13.157726656713983,24.999680647756566,4999.936129551314
TR02061,VH023,2026-03-16 04:11:45.741148,Nairobi,Naivasha,95,1.7442612812140736,Diesel,12.075424832438417,11.471653590816496,2179.6141822551344
TR02062,VH045,2026-03-16 05:03:36.763352,Mombasa,Naivasha,620,17.76437903575739,Diesel,22.87894632118907,141.84946719137224,26951.398766360726
TR02063,VH016,2026-03-16 05:55:27.785557,Eldoret,Naivasha,235,4.7177806739084245,Diesel,20.06101544564618,47.14338629726853,8957.24339648102
TR02064,VH050,2026-03-16 06:47:18.807761,Machakos,Kisumu,465,9.727346453120294,Diesel,11.743191958477887,54.60584260692218,10375.110095315214
TR02065,VH042,2026-03-16 07:39:09.829965,Thika,Mombasa,520,9.806565994724057,Diesel,13.170184867068043,68.48496130875382,13012.142648663226
TR02066,VH008,2026-03-16 08:31:00.852170,Mombasa,Machakos,420,9.71730828175962,Diesel,11.945473379082905,50.1709881921482,9532.487756508159
TR02067,VH050,2026-03-16 09:22:51.874374,Kisumu,Nairobi,350,7.394546061821815,Diesel,13.575968557122833,47.515889949929914,9028.019090486683
TR02068,VH021,2026-03-16 10:14:42.896579,Naivasha,Mombasa,620,16.045824333541425,Petrol,24.287908651447875,150.58503363897682,30117.006727795364
TR02069,VH001,2026-03-16 11:06:33.918783,Thika,Nakuru,200,3.8629303849616714,Petrol,14.854920289384353,29.709840578768706,5941.968115753742
TR02070,VH008,2026-03-16 11:58:24.940988,Mombasa,Nakuru,630,16.180052592635253,Diesel,12.337140030034947,77.72398218922017,14767.556615951831
TR02071,VH029,2026-03-16 12:50:15.963192,Nairobi,Mombasa,480,8.972063928063,Diesel,14.859570650628424,71.32593912301643,13551.928433373121
TR02072,VH032,2026-03-16 13:42:06.985397,Naivasha,Machakos,190,4.318611472128362,Petrol,14.162390000159544,26.90854100030313,5381.708200060626
TR02073,VH038,2026-03-16 14:33:58.007601,Nairobi,Machakos,115,4.6,Diesel,11.354160701699797,13.057284806954765,2480.8841133214055
TR02074,VH005,2026-03-16 15:25:49.029805,Eldoret,Nairobi,310,5.501324607228871,Diesel,20.99204968685908,65.07535402926315,12364.31726556
TR02075,VH047,2026-03-16 16:17:40.052010,Naivasha,Nakuru,75,1.3901163061447632,Petrol,10.191962210945048,7.643971658208786,1528.7943316417573
TR02076,VH022,2026-03-16 17:09:31.074214,Nakuru,Nairobi,155,2.548355607377154,Petrol,18.029380125813958,27.945539195011637,5589.107839002328
TR02077,VH047,2026-03-16 18:01:22.096419,Machakos,Nakuru,270,8.113211892735636,Petrol,9.940243765734543,26.838658167483267,5367.731633496654
TR02078,VH034,2026-03-16 18:53:13.118623,Naivasha,Nakuru,75,1.6754683231930294,Diesel,9.020302931434378,6.765227198575783,1285.3931677293988
TR02079,VH001,2026-03-16 19:45:04.140828,Thika,Nairobi,45,0.8814413634279721,Petrol,13.59919230675245,6.119636538038603,1223.9273076077206
TR02080,VH026,2026-03-16 20:36:55.163032,Naivasha,Eldoret,235,4.3061076599603,Diesel,20.978740084048397,49.30003919751373,9367.007447527609
TR02081,VH043,2026-03-16 21:28:46.185237,Kisumu,Machakos,465,12.141965902650847,Diesel,11.562873635389291,53.76736240456021,10215.79885686644
TR02082,VH010,2026-03-16 22:20:37.207441,Machakos,Nakuru,270,5.051291216819699,Diesel,13.80860445547594,37.28323202978504,7083.814085659158
TR02083,VH030,2026-03-16 23:12:28.229645,Kisumu,Nairobi,350,7.704875151230718,Diesel,14.162433873098225,49.56851855584379,9418.01852561032
TR02084,VH050,2026-03-17 00:04:19.251850,Nakuru,Thika,200,5.688383951789662,Diesel,13.8764976932494,27.7529953864988,5273.069123434772
TR02085,VH018,2026-03-17 00:56:10.274054,Naivasha,Machakos,190,4.318716543644726,Diesel,12.210067923376206,23.19912905441479,4407.83452033881
TR02086,VH017,2026-03-17 01:48:01.296259,Nairobi,Kisumu,350,6.467705616706726,Petrol,11.307644792700259,39.57675677445091,7915.351354890181
TR02087,VH026,2026-03-17 02:39:52.318463,Nairobi,Machakos,115,3.2400193284264334,Diesel,20.136850111252052,23.15737762793986,4399.901749308573
TR02088,VH008,2026-03-17 03:31:43.340668,Mombasa,Thika,520,9.438000687924621,Diesel,10.111591046071132,52.580273439569886,9990.251953518278
TR02089,VH047,2026-03-17 04:23:34.362872,Eldoret,Machakos,430,8.226984567591336,Petrol,10.064629752413007,43.27790793537593,8655.581587075185
TR02090,VH040,2026-03-17 05:15:25.385077,Thika,Kisumu,370,7.713294366333721,Petrol,12.045946873598993,44.57000343231628,8914.000686463256
TR02091,VH049,2026-03-17 06:07:16.407281,Machakos,Thika,80,2.166939976658864,Diesel,13.958931776439648,11.16714542115172,2121.7576300188266
TR02092,VH012,2026-03-17 06:59:07.429485,Eldoret,Kisumu,120,3.1948533542868858,Diesel,10.004268487187016,12.005122184624419,2280.9732150786394
TR02093,VH027,2026-03-17 07:50:58.451690,Naivasha,Eldoret,235,5.020064574447435,Petrol,19.380441280617006,45.544037009449966,9108.807401889993
TR02094,VH008,2026-03-17 08:42:49.473894,Eldoret,Nakuru,160,3.902393354498058,Diesel,9.94196491201787,15.907143859228592,3022.3573332534324
TR02095,VH025,2026-03-17 09:34:40.496099,Mombasa,Nairobi,480,10.141574016179208,Diesel,23.019836398726046,110.49521471388502,20994.090795638152
TR02096,VH046,2026-03-17 10:26:31.518303,Eldoret,Mombasa,750,13.10056087710584,Diesel,11.76242363799031,88.21817728492732,16761.45368413619
TR02097,VH004,2026-03-17 11:18:22.540508,Machakos,Nairobi,115,2.40506123961597,Diesel,12.286304022959103,14.129249626402967,2684.5574290165637
TR02098,VH033,2026-03-17 12:10:13.562712,Nakuru,Machakos,270,5.672693108437187,Petrol,9.743120652349525,26.306425761343718,5261.285152268743
TR02099,VH001,2026-03-17 13:02:04.584916,Mombasa,Nakuru,630,13.234521790247035,Petrol,12.024985194384739,75.75740672462385,15151.48134492477
TR02100,VH019,2026-03-17 13:53:55.607121,Nakuru,Mombasa,630,10.842027021012868,Diesel,9.51599905952918,59.95079407503383,11390.65087425643
TR02101,VH031,2026-03-17 14:45:46.629325,Naivasha,Machakos,190,3.148460217945943,Petrol,11.665216439442915,22.163911234941537,4432.782246988308
TR02102,VH016,2026-03-17 15:37:37.651530,Mombasa,Machakos,420,7.86878321410917,Diesel,18.685568557679993,78.47938794225597,14911.083709028633
TR02103,VH014,2026-03-17 16:29:28.673734,Naivasha,Nakuru,75,1.467919151312647,Diesel,13.95254190586578,10.464406429399336,1988.2372215858738
TR02104,VH048,2026-03-17 17:21:19.695939,Naivasha,Eldoret,235,4.533485012190595,Diesel,21.966212022783427,51.620598253541054,9807.9136681728
TR02105,VH005,2026-03-17 18:13:10.718143,Eldoret,Nairobi,310,5.0469188259213835,Diesel,23.06777511641462,71.51010286088533,13586.919543568212
TR02106,VH041,2026-03-17 19:05:01.740348,Nakuru,Thika,200,3.7167797422581277,Diesel,20.92961470656879,41.85922941313758,7953.25358849614
TR02107,VH026,2026-03-17 19:56:52.762552,Naivasha,Kisumu,270,4.342266358328591,Diesel,20.670439052695592,55.810185442278105,10603.93523403284
TR02108,VH028,2026-03-17 20:48:43.784756,Nakuru,Kisumu,190,4.073117066039555,Petrol,10.491044445244318,19.932984445964205,3986.596889192841
TR02109,VH002,2026-03-17 21:40:34.806961,Nakuru,Kisumu,190,4.832705982688798,Petrol,21.66698924929976,41.167279573669546,8233.45591473391
TR02110,VH050,2026-03-17 22:32:25.829165,Mombasa,Eldoret,750,16.79824390363098,Diesel,11.572510824285459,86.79383118214093,16490.827924606776
TR02111,VH006,2026-03-17 23:24:16.851370,Kisumu,Nairobi,350,7.692709310234839,Diesel,21.276714311147238,74.46850008901534,14149.015016912914
TR02112,VH009,2026-03-18 00:16:07.873574,Eldoret,Naivasha,235,3.7398810304397236,Diesel,13.702591823412247,32.20109078501878,6118.207249153567
TR02113,VH033,2026-03-18 01:07:58.895779,Naivasha,Kisumu,270,4.830804649437696,Petrol,13.162522000161772,35.53880940043679,7107.761880087358
TR02114,VH041,2026-03-18 01:59:49.917983,Nakuru,Nairobi,155,3.4520890722622584,Diesel,23.255527724639556,36.04606797319131,6848.752914906349
TR02115,VH025,2026-03-18 02:51:40.940188,Thika,Mombasa,520,9.208871284294661,Diesel,19.007060199647906,98.83671303816912,18778.975477252134
TR02116,VH048,2026-03-18 03:43:31.962392,Kisumu,Machakos,465,9.496898995808838,Diesel,22.354416564974755,103.94803702713263,19750.127035155198
TR02117,VH013,2026-03-18 04:35:22.984596,Naivasha,Nakuru,75,1.1890339953533133,Petrol,18.562261739826734,13.92169630487005,2784.33926097401
TR02118,VH009,2026-03-18 05:27:14.006801,Thika,Nairobi,45,0.9507633459095586,Diesel,13.473111437202382,6.062900146741072,1151.9510278808036
TR02119,VH013,2026-03-18 06:19:05.029005,Eldoret,Thika,350,9.286557329550302,Petrol,20.67287367592789,72.35505786574761,14471.011573149523
TR02120,VH031,2026-03-18 07:10:56.051210,Eldoret,Machakos,430,8.86488425422094,Petrol,9.662494781331432,41.54872755972516,8309.745511945031
TR02121,VH041,2026-03-18 08:02:47.073414,Nakuru,Thika,200,4.225224283866955,Diesel,24.034355998832893,48.06871199766579,9133.0552795565
TR02122,VH011,2026-03-18 08:54:38.095619,Nakuru,Machakos,270,6.878247185778008,Diesel,13.070041695194687,35.289112577025655,6704.931389634875
TR02123,VH004,2026-03-18 09:46:29.117823,Machakos,Nakuru,270,4.937161449468072,Diesel,11.773624839737638,31.788787067291622,6039.869542785408
TR02124,VH034,2026-03-18 10:38:20.140028,Machakos,Kisumu,465,7.573567356030269,Diesel,9.153635898252498,42.56440692687412,8087.237316106083
TR02125,VH038,2026-03-18 11:30:11.162232,Naivasha,Thika,145,3.534850236315567,Diesel,12.686551295018052,18.395499377776176,3495.1448817774735
TR02126,VH046,2026-03-18 12:22:02.184436,Mombasa,Eldoret,750,12.9798918826746,Diesel,14.616129392431162,109.62097044323372,20827.984384214407
TR02127,VH004,2026-03-18 13:13:53.206641,Kisumu,Nairobi,350,7.752461102813158,Diesel,12.981899163511828,45.4366470722914,8632.962943735367
TR02128,VH038,2026-03-18 14:05:44.228845,Naivasha,Kisumu,270,5.4214416339212566,Diesel,14.858253023097465,40.11728316236316,7622.283800849
TR02129,VH019,2026-03-18 14:57:35.251050,Kisumu,Nakuru,190,3.8805745261116,Diesel,9.682255591352293,18.396285623569355,3495.2942684781774
TR02130,VH006,2026-03-18 15:49:26.273254,Nakuru,Nairobi,155,3.1123052407773044,Diesel,21.978135732163857,34.06611038485398,6472.560973122256
TR02131,VH034,2026-03-18 16:41:17.295459,Eldoret,Mombasa,750,13.944496085183484,Diesel,12.990625240032148,97.42968930024111,18511.64096704581
TR02132,VH018,2026-03-18 17:33:08.317663,Nakuru,Eldoret,160,3.8271525053285727,Diesel,11.627703655628581,18.60432584900573,3534.8219113110886
TR02133,VH013,2026-03-18 18:24:59.339867,Eldoret,Kisumu,120,1.9885195846698565,Petrol,18.637464491912308,22.36495739029477,4472.991478058954
TR02134,VH041,2026-03-18 19:16:50.362072,Machakos,Thika,80,1.480704329598633,Diesel,22.080202010830526,17.664161608664422,3356.19070564624
TR02135,VH023,2026-03-18 20:08:41.384276,Naivasha,Nairobi,95,1.6759383631298697,Diesel,12.058689529212359,11.45575505275174,2176.5934600228306
TR02136,VH019,2026-03-18 21:00:32.406481,Machakos,Eldoret,430,9.826443890807694,Diesel,12.643546242376763,54.36724884222008,10329.777280021815
TR02137,VH045,2026-03-18 21:52:23.428685,Eldoret,Kisumu,120,2.9210008661916103,Diesel,23.328480606158315,27.994176727389977,5318.893578204095
TR02138,VH011,2026-03-18 22:44:14.450890,Nakuru,Kisumu,190,3.195333738840333,Diesel,13.853863441053036,26.322340538000766,5001.244702220146
TR02139,VH001,2026-03-18 23:36:05.473094,Machakos,Kisumu,465,11.414402551325216,Petrol,13.31722196819483,61.92508215210596,12385.016430421192
TR02140,VH024,2026-03-19 00:27:56.495299,Nairobi,Naivasha,95,1.855670194242209,Petrol,10.07905593209329,9.575103135488625,1915.020627097725
TR02141,VH007,2026-03-19 01:19:47.517503,Kisumu,Mombasa,850,14.616874525752422,Petrol,12.021178779197397,102.18001962317787,20436.003924635574
TR02142,VH025,2026-03-19 02:11:38.539707,Thika,Naivasha,145,2.960054518659808,Diesel,23.432909808300792,33.97771922203615,6455.766652186869
TR02143,VH021,2026-03-19 03:03:29.561912,Eldoret,Kisumu,120,2.02154234687631,Petrol,24.67398888380569,29.608786660566828,5921.757332113366
TR02144,VH015,2026-03-19 03:55:20.584116,Eldoret,Thika,350,7.317960469157561,Petrol,9.39473482418311,32.88157188464089,6576.314376928178
TR02145,VH001,2026-03-19 04:47:11.606321,Nairobi,Machakos,115,2.890852276840511,Petrol,12.677683388985974,14.57933589733387,2915.867179466774
TR02146,VH012,2026-03-19 05:39:02.628525,Naivasha,Kisumu,270,5.094975982366336,Diesel,11.562611356621533,31.21905066287814,5931.619625946846
TR02147,VH007,2026-03-19 06:30:53.650730,Naivasha,Nairobi,95,1.8415717792595772,Petrol,11.126969471584149,10.57062099800494,2114.124199600988
TR02148,VH015,2026-03-19 07:22:44.672934,Naivasha,Kisumu,270,3.7760225670082037,Petrol,11.529053417598575,31.128444227516155,6225.688845503231
TR02149,VH021,2026-03-19 08:14:35.695139,Thika,Eldoret,350,8.24710609432312,Petrol,22.242625383895756,77.84918884363515,15569.83776872703
TR02150,VH019,2026-03-19 09:06:26.717343,Mombasa,Nairobi,480,10.003079456895792,Diesel,9.048861157097406,43.43453355406755,8252.561375272835
TR02151,VH029,2026-03-19 09:58:17.739547,Nairobi,Kisumu,350,7.9269677071092355,Diesel,13.901032861005955,48.65361501352084,9244.18685256896
TR02152,VH025,2026-03-19 10:50:08.761752,Thika,Nairobi,45,0.9209964469394034,Diesel,23.739174918816133,10.68262871346726,2029.6994555587794
TR02153,VH033,2026-03-19 11:41:59.783956,Machakos,Thika,80,1.6482074118391026,Petrol,13.827554122839665,11.062043298271732,2212.4086596543466
TR02154,VH049,2026-03-19 12:33:50.806161,Nairobi,Nakuru,155,3.6028412441958944,Diesel,9.903218666123475,15.349988932491387,2916.4978971733635
TR02155,VH032,2026-03-19 13:25:41.828365,Eldoret,Naivasha,235,4.372426476491554,Petrol,12.97276281180474,30.485992607741142,6097.198521548228
TR02156,VH049,2026-03-19 14:17:32.850570,Kisumu,Machakos,465,9.629951206295807,Diesel,11.133126867381971,51.76903993332617,9836.117587331972
TR02157,VH035,2026-03-19 15:09:23.872774,Nairobi,Mombasa,480,7.899431840437111,Diesel,11.674139257776753,56.03586843732841,10646.815003092399
TR02158,VH044,2026-03-19 16:01:14.894978,Mombasa,Kisumu,850,18.968326971921247,Petrol,21.959434160062532,186.65519036053152,37331.038072106305
TR02159,VH038,2026-03-19 16:53:05.917183,Nakuru,Eldoret,160,2.4656737921129417,Diesel,13.911915466117751,22.259064745788404,4229.222301699797
TR02160,VH026,2026-03-19 17:44:56.939387,Machakos,Nairobi,115,2.2027700789131104,Diesel,18.16136948411647,20.88557490673394,3968.2592322794485
TR02161,VH011,2026-03-19 18:36:47.961592,Thika,Naivasha,145,2.409812056012216,Diesel,14.847000562830933,21.52815081610485,4090.348655059922
TR02162,VH035,2026-03-19 19:28:38.983796,Machakos,Nairobi,115,2.258283730708789,Diesel,14.049407928528554,16.156819117807835,3069.7956323834887
TR02163,VH008,2026-03-19 20:20:30.006001,Machakos,Nairobi,115,2.6282851827138987,Diesel,12.755768518227892,14.669133795962075,2787.135421232794
TR02164,VH046,2026-03-19 21:12:21.028205,Nairobi,Mombasa,480,10.022585763649726,Diesel,13.801936910902517,66.24929717233208,12587.366462743095
TR02165,VH014,2026-03-19 22:04:12.050410,Nairobi,Kisumu,350,8.996075428174459,Diesel,11.945303548093262,41.80856241832642,7943.626859482019
TR02166,VH010,2026-03-19 22:56:03.072614,Mombasa,Thika,520,10.58896407276457,Diesel,13.758102754224069,71.54213432196516,13593.005521173382
TR02167,VH002,2026-03-19 23:47:54.094818,Kisumu,Thika,370,7.201702138549171,Petrol,20.707391460220705,76.61734840281662,15323.469680563323
TR02168,VH046,2026-03-20 00:39:45.117023,Nairobi,Mombasa,480,9.530279833972187,Diesel,14.493534147873966,69.56896390979503,13218.103142861055
TR02169,VH009,2026-03-20 01:31:36.139227,Nairobi,Kisumu,350,5.771648093910093,Diesel,10.886111916532348,38.10139170786322,7239.264424494012
TR02170,VH003,2026-03-20 02:23:27.161432,Kisumu,Nakuru,190,3.892889852415462,Diesel,11.461737121075757,21.777300530043938,4137.687100708348
TR02171,VH021,2026-03-20 03:15:18.183636,Mombasa,Machakos,420,12.052323870261548,Petrol,21.85936279889353,91.80932375535284,18361.864751070567
TR02172,VH026,2026-03-20 04:07:09.205841,Thika,Nairobi,45,0.5743274109070644,Diesel,20.234477251210908,9.105514763044908,1730.0478049785327
TR02173,VH008,2026-03-20 04:59:00.228045,Machakos,Thika,80,1.7987580249778166,Diesel,11.121186226476368,8.896948981181096,1690.4203064244082
TR02174,VH048,2026-03-20 05:50:51.250250,Thika,Naivasha,145,2.5108242120817823,Diesel,21.446958825790162,31.098090297395736,5908.6371565051895
TR02175,VH002,2026-03-20 06:42:42.272454,Nairobi,Nakuru,155,4.082597357470659,Petrol,23.99447344169456,37.191433834626565,7438.286766925313
TR02176,VH006,2026-03-20 07:34:33.294658,Kisumu,Nairobi,350,6.735730693865555,Diesel,21.66234577526085,75.81821021341297,14405.459940548464
TR02177,VH028,2026-03-20 08:26:24.316863,Nairobi,Nakuru,155,3.5514916482417522,Petrol,11.812299243072802,18.309063826762845,3661.812765352569
TR02178,VH029,2026-03-20 09:18:15.339067,Naivasha,Thika,145,5.288319096210568,Diesel,11.23868082017558,16.29608718925459,3096.256565958372
TR02179,VH026,2026-03-20 10:10:06.361272,Nakuru,Naivasha,75,1.5710912493504292,Diesel,20.86073185154538,15.645548888659036,2972.654288845217
TR02180,VH025,2026-03-20 11:01:57.383476,Thika,Nairobi,45,0.907267628613999,Diesel,21.610152730900587,9.724568728905265,1847.6680584920002
TR02181,VH012,2026-03-20 11:53:48.405681,Naivasha,Mombasa,620,12.850030528187565,Diesel,13.730574286016182,85.12956057330034,16174.616508927063
TR02182,VH005,2026-03-20 12:45:39.427885,Eldoret,Mombasa,750,14.438374162185287,Diesel,18.84734143320637,141.35506074904777,26857.461542319077
TR02183,VH034,2026-03-20 13:37:30.450090,Nakuru,Nairobi,155,3.2397000582837907,Diesel,10.108045941195755,15.66747120885342,2976.81952968215
TR02184,VH048,2026-03-20 14:29:21.472294,Nairobi,Machakos,115,2.274831333052443,Diesel,20.657578111080714,23.75621482774282,4513.680817271136
TR02185,VH037,2026-03-20 15:21:12.494498,Mombasa,Nakuru,630,12.266141148270961,Diesel,11.801992025597572,74.3525497612647,14126.984454640293
TR02186,VH015,2026-03-20 16:13:03.516703,Thika,Machakos,80,1.609056565551942,Petrol,10.958740438026059,8.766992350420848,1753.3984700841695
TR02187,VH044,2026-03-20 17:04:54.538907,Eldoret,Kisumu,120,2.467420115786494,Petrol,23.554648852482273,28.265578622978726,5653.115724595746
TR02188,VH036,2026-03-20 17:56:45.561112,Nakuru,Naivasha,75,1.7502601853744881,Diesel,10.620772014810866,7.965579011108149,1513.4600121105484
TR02189,VH015,2026-03-20 18:48:36.583316,Thika,Eldoret,350,6.392044371629679,Petrol,11.509490902013322,40.283218157046626,8056.643631409325
TR02190,VH043,2026-03-20 19:40:27.605521,Kisumu,Machakos,465,9.741071587038386,Diesel,13.119535164289482,61.005838513946095,11591.109317649758
TR02191,VH048,2026-03-20 20:32:18.627725,Mombasa,Machakos,420,8.919205846124362,Diesel,19.625249851285236,82.426049375398,15660.94938132562
TR02192,VH023,2026-03-20 21:24:09.649929,Nakuru,Machakos,270,4.990909660287071,Diesel,12.593476935737694,34.002387726491776,6460.453668033438
TR02193,VH006,2026-03-20 22:16:00.672134,Kisumu,Nakuru,190,3.675356587083919,Diesel,21.829779238167966,41.47658055251913,7880.550304978635
TR02194,VH046,2026-03-20 23:07:51.694338,Naivasha,Mombasa,620,13.959487674959865,Diesel,12.233905815156891,75.85021605397273,14411.541050254818
TR02195,VH050,2026-03-20 23:59:42.716543,Nairobi,Nakuru,155,2.5831064873537737,Diesel,13.048920133691569,20.22582620722193,3842.906979372167
TR02196,VH044,2026-03-21 00:51:33.738747,Kisumu,Nakuru,190,4.692956165061338,Petrol,19.704466814296275,37.43848694716292,7487.697389432585
TR02197,VH043,2026-03-21 01:43:24.760952,Nakuru,Mombasa,630,15.090469647534299,Diesel,14.415879853071615,90.82004307435118,17255.808184126723
TR02198,VH045,2026-03-21 02:35:15.783156,Machakos,Nakuru,270,4.878328018032925,Diesel,21.927341147566928,59.20382109843071,11248.726008701835
TR02199,VH021,2026-03-21 03:27:06.805361,Nakuru,Machakos,270,4.218151234795505,Petrol,22.264224155657608,60.113405220275546,12022.681044055109
TR02200,VH023,2026-03-21 04:18:57.827565,Machakos,Nairobi,115,2.5341123215731116,Diesel,13.375294820844715,15.381589043971422,2922.50191835457
TR02201,VH043,2026-03-21 05:10:48.849769,Naivasha,Kisumu,270,5.065421705303119,Diesel,14.08791343924668,38.03736628596604,7227.099594333547
TR02202,VH016,2026-03-21 06:02:39.871974,Nairobi,Machakos,115,2.842236717805335,Diesel,22.210934481753302,25.542574654016295,4853.089184263096
TR02203,VH047,2026-03-21 06:54:30.894178,Machakos,Kisumu,465,10.923668407785874,Petrol,12.765938519240871,59.36161411447006,11872.322822894012
TR02204,VH015,2026-03-21 07:46:21.916383,Machakos,Thika,80,1.3546100687482554,Petrol,11.166597451164485,8.933277960931589,1786.6555921863178
TR02205,VH025,2026-03-21 08:38:12.938587,Kisumu,Machakos,465,8.785834639144856,Diesel,21.831644274498224,101.51714587641675,19288.257716519183
TR02206,VH036,2026-03-21 09:30:03.960792,Kisumu,Thika,370,6.238846161206252,Diesel,9.310350683542556,34.44829752910746,6545.176530530417
TR02207,VH011,2026-03-21 10:21:54.982996,Nairobi,Nakuru,155,2.6409739077957575,Diesel,10.449289590000234,16.196398864500363,3077.315784255069
TR02208,VH015,2026-03-21 11:13:46.005201,Kisumu,Thika,370,11.116585126251524,Petrol,13.14712702093166,48.64436997744714,9728.873995489428
TR02209,VH004,2026-03-21 12:05:37.027405,Thika,Nairobi,45,1.112969762932824,Diesel,10.298358278412483,4.634261225285617,880.5096328042673
TR02210,VH021,2026-03-21 12:57:28.049609,Nairobi,Eldoret,310,5.939174453008028,Petrol,19.18579387942825,59.47596102622757,11895.192205245514
TR02211,VH013,2026-03-21 13:49:19.071814,Mombasa,Machakos,420,11.53108666330412,Petrol,23.57082861265309,98.99748017314299,19799.4960346286
TR02212,VH022,2026-03-21 14:41:10.094018,Machakos,Nairobi,115,2.7667136192315533,Petrol,18.008021654397794,20.709224902557462,4141.844980511492
TR02213,VH019,2026-03-21 15:33:01.116223,Nakuru,Nairobi,155,2.5237830225603255,Diesel,10.412021644229322,16.13863354855545,3066.3403742255355
TR02214,VH034,2026-03-21 16:24:52.138427,Mombasa,Nakuru,630,13.795376857786332,Diesel,11.92019328913311,75.09721772153858,14268.47136709233
TR02215,VH014,2026-03-21 17:16:43.160632,Machakos,Nairobi,115,2.065284964089566,Diesel,12.977249657346484,14.923837105948454,2835.529050130206
TR02216,VH004,2026-03-21 18:08:34.182836,Thika,Machakos,80,1.6072437240672282,Diesel,13.885764541147367,11.108611632917894,2110.6362102544
TR02217,VH048,2026-03-21 19:00:25.205041,Machakos,Naivasha,190,4.263865026376344,Diesel,21.541483781445194,40.92881918474587,7776.475645101715
TR02218,VH046,2026-03-21 19:52:16.227245,Machakos,Kisumu,465,12.675022358516852,Diesel,12.547009347654852,58.34359346659507,11085.282758653062
TR02219,VH027,2026-03-21 20:44:07.249449,Machakos,Naivasha,190,3.663256718509693,Petrol,23.077174028784903,43.84663065469131,8769.326130938261
TR02220,VH029,2026-03-21 21:35:58.271654,Naivasha,Eldoret,235,3.812654632484936,Diesel,12.493122316331418,29.35883744337883,5578.179114241978
TR02221,VH047,2026-03-21 22:27:49.293858,Thika,Kisumu,370,8.26118192647034,Petrol,12.042455432818084,44.557085101426914,8911.417020285382
TR02222,VH028,2026-03-21 23:19:40.316063,Eldoret,Mombasa,750,14.837151333927684,Petrol,14.488870341275256,108.66652755956441,21733.305511912884
TR02223,VH035,2026-03-22 00:11:31.338267,Eldoret,Kisumu,120,3.1711057659813418,Diesel,12.00725503806186,14.408706045674231,2737.654148678104
TR02224,VH008,2026-03-22 01:03:22.360472,Eldoret,Nakuru,160,3.5856271370563544,Diesel,10.92562535459611,17.481000567353778,3321.3901077972178
TR02225,VH016,2026-03-22 01:55:13.382676,Nairobi,Thika,45,0.8534518279394402,Diesel,18.0248429430534,8.11117932437403,1541.1240716310656
TR02226,VH042,2026-03-22 02:47:04.404880,Kisumu,Nakuru,190,3.3959057831209214,Diesel,13.067131307606159,24.8275494844517,4717.234402045823
TR02227,VH036,2026-03-22 03:38:55.427085,Thika,Nakuru,200,3.67325716347094,Diesel,9.14885953703566,18.29771907407132,3476.566624073551
TR02228,VH030,2026-03-22 04:30:46.449289,Mombasa,Naivasha,620,18.371682509128252,Diesel,12.520742448641581,77.6286031815778,14749.434604499782
TR02229,VH018,2026-03-22 05:22:37.471494,Naivasha,Machakos,190,4.099729476623509,Diesel,13.021168945161133,24.74022099580615,4700.641989203169
TR02230,VH002,2026-03-22 06:14:28.493698,Mombasa,Nakuru,630,14.907096448660734,Petrol,21.84944749363764,137.65151920991713,27530.303841983427
TR02231,VH049,2026-03-22 07:06:19.515903,Mombasa,Nairobi,480,10.099357947752498,Diesel,10.34818082608338,49.67126796520022,9437.540913388042
TR02232,VH013,2026-03-22 07:58:10.538107,Mombasa,Kisumu,850,17.30791877339393,Petrol,23.5031789501456,199.7770210762376,39955.404215247516
TR02233,VH004,2026-03-22 08:50:01.560312,Naivasha,Kisumu,270,4.612954721411906,Diesel,11.348585020412694,30.641179555114274,5821.824115471712
TR02234,VH026,2026-03-22 09:41:52.582516,Eldoret,Nairobi,310,5.920335624632387,Diesel,23.131222466621292,71.706789646526,13624.290032839941
TR02235,VH025,2026-03-22 10:33:43.604720,Mombasa,Eldoret,750,12.226402499623546,Diesel,22.27180918633162,167.03856889748715,31737.32809052256
TR02236,VH030,2026-03-22 11:25:34.626925,Naivasha,Kisumu,270,6.080544584692249,Diesel,10.849981483740006,29.294950006098016,5566.040501158624
TR02237,VH011,2026-03-22 12:17:25.649129,Naivasha,Nairobi,95,2.4571049267218887,Diesel,14.525669374220929,13.799385905509881,2621.8833220468773
TR02238,VH007,2026-03-22 13:09:16.671334,Kisumu,Nairobi,350,5.677952277352481,Petrol,11.003218414785978,38.511264451750925,7702.252890350185
TR02239,VH031,2026-03-22 14:01:07.693538,Naivasha,Machakos,190,3.5535511430252678,Petrol,13.947935370703348,26.50107720433636,5300.215440867272
TR02240,VH044,2026-03-22 14:52:58.715743,Eldoret,Kisumu,120,2.72394048994239,Petrol,18.051173420584586,21.661408104701504,4332.281620940301
TR02241,VH010,2026-03-22 15:44:49.737947,Mombasa,Nakuru,630,11.775132420603454,Diesel,11.317416885714515,71.29972638000145,13546.948012200275
TR02242,VH039,2026-03-22 16:36:40.760152,Naivasha,Machakos,190,3.352029629224662,Diesel,19.39902208091939,36.85814195374684,7003.046971211899
TR02243,VH013,2026-03-22 17:28:31.782356,Nairobi,Thika,45,0.883157714244052,Petrol,18.097953871193237,8.144079242036957,1628.8158484073915
TR02244,VH031,2026-03-22 18:20:22.804560,Naivasha,Thika,145,3.282941422038987,Petrol,12.661839500736578,18.359667276068038,3671.9334552136074
TR02245,VH007,2026-03-22 19:12:13.826765,Nakuru,Thika,200,4.303861434960107,Petrol,13.467129010497981,26.934258020995962,5386.8516041991925
TR02246,VH049,2026-03-22 20:04:04.848969,Nakuru,Mombasa,630,12.040140226106754,Diesel,12.961754821774653,81.65905537718031,15515.220521664258
TR02247,VH042,2026-03-22 20:55:55.871174,Nakuru,Machakos,270,5.233460440566536,Diesel,11.283492732322827,30.465430377271634,5788.43177168161
TR02248,VH042,2026-03-22 21:47:46.893378,Naivasha,Thika,145,2.4288888164772677,Diesel,12.22167583541485,17.721429961351532,3367.071692656791
TR02249,VH036,2026-03-22 22:39:37.915583,Eldoret,Machakos,430,8.997186502215515,Diesel,12.295567608107737,52.870940714863266,10045.478735824021
TR02250,VH020,2026-03-22 23:31:28.937787,Mombasa,Nairobi,480,11.350223749147977,Petrol,11.198842519440717,53.75444409331544,10750.888818663088
TR02251,VH004,2026-03-23 00:23:19.959991,Thika,Naivasha,145,2.0533463739180218,Diesel,13.486628851589579,19.55561183480489,3715.566248612929
TR02252,VH007,2026-03-23 01:15:10.982196,Thika,Kisumu,370,7.199017036670376,Petrol,13.16986704220221,48.72850805614818,9745.701611229635
TR02253,VH001,2026-03-23 02:07:02.004400,Thika,Eldoret,350,6.175660262075528,Petrol,10.573239015110882,37.00633655288809,7401.2673105776175
TR02254,VH044,2026-03-23 02:58:53.026605,Eldoret,Naivasha,235,4.337811242399704,Petrol,23.467301847538778,55.14815934171613,11029.631868343226
TR02255,VH045,2026-03-23 03:50:44.048809,Kisumu,Eldoret,120,2.3304321488362607,Diesel,23.044734513647626,27.65368141637715,5254.199469111659
TR02256,VH042,2026-03-23 04:42:35.071014,Machakos,Naivasha,190,3.9437046412724035,Diesel,13.279171938087027,25.230426682365348,4793.781069649416
TR02257,VH047,2026-03-23 05:34:26.093218,Nairobi,Nakuru,155,5.622160143576409,Petrol,9.775468031355011,15.151975448600268,3030.395089720054
TR02258,VH013,2026-03-23 06:26:17.115423,Nairobi,Naivasha,95,2.2894749422137664,Petrol,19.875975141567544,18.882176384489167,3776.4352768978333
TR02259,VH022,2026-03-23 07:18:08.137627,Nakuru,Eldoret,160,3.0399205959382054,Petrol,20.752239221113204,33.20358275378113,6640.716550756226
TR02260,VH021,2026-03-23 08:09:59.159831,Nakuru,Machakos,270,9.558126368022668,Petrol,19.959507351595104,53.89066984930678,10778.133969861356
TR02261,VH022,2026-03-23 09:01:50.182036,Naivasha,Machakos,190,3.7569493323714553,Petrol,19.59467203473292,37.229876865992544,7445.975373198509
TR02262,VH028,2026-03-23 09:53:41.204240,Thika,Machakos,80,1.446920339913448,Petrol,14.026788350808879,11.221430680647103,2244.286136129421
TR02263,VH009,2026-03-23 10:45:32.226445,Naivasha,Mombasa,620,10.941260987936698,Diesel,13.191161231801011,81.78519963716627,15539.187931061591
TR02264,VH026,2026-03-23 11:37:23.248649,Machakos,Nairobi,115,2.0991054496496484,Diesel,21.958304920851752,25.252050658979513,4797.889625206108
TR02265,VH009,2026-03-23 12:29:14.270854,Thika,Mombasa,520,9.017267711894892,Diesel,11.129763554266269,57.8747704821846,10996.206391615075
TR02266,VH015,2026-03-23 13:21:05.293058,Nakuru,Mombasa,630,10.024681232067417,Petrol,13.590382811343208,85.6194117114622,17123.88234229244
TR02267,VH010,2026-03-23 14:12:56.315263,Mombasa,Thika,520,8.84821079262723,Diesel,10.95591519548658,56.970759016530224,10824.444213140743
TR02268,VH024,2026-03-23 15:04:47.337467,Kisumu,Machakos,465,9.016057098980479,Petrol,12.974754664123385,60.33260918817374,12066.521837634747
TR02269,VH042,2026-03-23 15:56:38.359671,Naivasha,Kisumu,270,5.518871958653332,Diesel,14.833363333526465,40.05008100052146,7609.515390099077
TR02270,VH008,2026-03-23 16:48:29.381876,Kisumu,Naivasha,270,5.302736882319792,Diesel,12.635463646121181,34.11575184452719,6481.992850460166
TR02271,VH024,2026-03-23 17:40:20.404080,Kisumu,Thika,370,7.741231181134271,Petrol,13.964293875923149,51.667887340915655,10333.577468183132
TR02272,VH016,2026-03-23 18:32:11.426285,Kisumu,Machakos,465,7.889292579530867,Diesel,22.557357818845627,104.89171385763217,19929.42563295011
TR02273,VH049,2026-03-23 19:24:02.448489,Nakuru,Kisumu,190,3.481332621162835,Diesel,10.087301718019475,19.165873264237003,3641.515920205031
TR02274,VH026,2026-03-23 20:15:53.470694,Nairobi,Nakuru,155,3.301286828771167,Diesel,19.42673645601558,30.11144150682415,5721.1738862965885
TR02275,VH027,2026-03-23 21:07:44.492898,Nakuru,Kisumu,190,3.135691145722843,Petrol,20.271949989788332,38.51670498059783,7703.340996119566
TR02276,VH037,2026-03-23 21:59:35.515103,Kisumu,Machakos,465,9.755592170085366,Diesel,10.03565010110503,46.6657729701384,8866.496864326296
TR02277,VH004,2026-03-23 22:51:26.537307,Nakuru,Thika,200,4.713220912046988,Diesel,13.408492350414173,26.816984700828346,5095.227093157386
TR02278,VH050,2026-03-23 23:43:17.559511,Kisumu,Eldoret,120,2.4041322404396164,Diesel,10.343338923139138,12.412006707766965,2358.2812744757234
TR02279,VH024,2026-03-24 00:35:08.581716,Eldoret,Thika,350,8.063228217712576,Petrol,13.075916161463764,45.765706565123175,9153.141313024635
TR02280,VH019,2026-03-24 01:26:59.603920,Thika,Kisumu,370,6.435941537049577,Diesel,10.7958632527965,39.944694035347055,7589.491866715941
TR02281,VH036,2026-03-24 02:18:50.626125,Nairobi,Eldoret,310,7.1698609986692965,Diesel,11.399782467316562,35.339325648681346,6714.471873249456
TR02282,VH039,2026-03-24 03:10:41.648329,Eldoret,Machakos,430,8.761734080536582,Diesel,24.759822415922585,106.46723638846711,20228.774913808753
TR02283,VH010,2026-03-24 04:02:32.670534,Mombasa,Nairobi,480,8.345263012051069,Diesel,11.210860615236385,53.81213095313465,10224.304881095582
TR02284,VH025,2026-03-24 04:54:23.692738,Nakuru,Machakos,270,6.094480107002674,Diesel,23.048778682008177,62.23170244142208,11824.023463870195
TR02285,VH018,2026-03-24 05:46:14.714942,Mombasa,Nakuru,630,11.822294416279332,Diesel,12.775588946527087,80.48621036312065,15292.379968992924
TR02286,VH019,2026-03-24 06:38:05.737147,Naivasha,Eldoret,235,5.567048004687027,Diesel,10.104990787618176,23.746728350902714,4511.878386671516
TR02287,VH036,2026-03-24 07:29:56.759351,Nakuru,Eldoret,160,3.079584251234577,Diesel,11.504984183060978,18.407974692897564,3497.5151916505374
TR02288,VH010,2026-03-24 08:21:47.781556,Machakos,Naivasha,190,3.4838110642832563,Diesel,11.75100962656484,22.326918290473195,4242.114475189907
TR02289,VH033,2026-03-24 09:13:38.803760,Machakos,Naivasha,190,3.825801530982188,Petrol,12.859531217000445,24.433109312300843,4886.621862460169
TR02290,VH050,2026-03-24 10:05:29.825965,Thika,Eldoret,350,6.962650906256905,Diesel,12.112416595145188,42.393458083008156,8054.757035771549
TR02291,VH005,2026-03-24 10:57:20.848169,Eldoret,Thika,350,6.535717458361873,Diesel,21.33188138402383,74.66158484408341,14185.701120375847
TR02292,VH047,2026-03-24 11:49:11.870374,Thika,Kisumu,370,7.747728706146484,Petrol,12.896816325238591,47.71822040338279,9543.644080676557
TR02293,VH049,2026-03-24 12:41:02.892578,Naivasha,Thika,145,2.538674115577612,Diesel,10.175777850042085,14.754877882561022,2803.426797686594
TR02294,VH035,2026-03-24 13:32:53.914782,Kisumu,Nakuru,190,3.1163312491484363,Diesel,13.768109402921795,26.159407865551408,4970.2874944547675
TR02295,VH044,2026-03-24 14:24:44.936987,Thika,Mombasa,520,12.20837172055667,Petrol,24.05762018464977,125.09962496017882,25019.92499203576
TR02296,VH034,2026-03-24 15:16:35.959191,Thika,Mombasa,520,8.107710738122687,Diesel,13.393107984037862,69.64416151699689,13232.390688229409
TR02297,VH033,2026-03-24 16:08:26.981396,Machakos,Thika,80,1.6816580199549946,Petrol,12.91836796509802,10.334694372078417,2066.938874415683
TR02298,VH021,2026-03-24 17:00:18.003600,Kisumu,Nairobi,350,5.306667814947101,Petrol,20.856099168987882,72.99634709145758,14599.269418291517
TR02299,VH017,2026-03-24 17:52:09.025805,Machakos,Thika,80,1.6778290074257154,Petrol,13.909040113589136,11.12723209087131,2225.446418174262
TR02300,VH022,2026-03-24 18:44:00.048009,Nakuru,Nairobi,155,2.784813244060769,Petrol,20.65715550675708,32.01859103547347,6403.718207094694
TR02301,VH048,2026-03-24 19:35:51.070214,Kisumu,Nairobi,350,6.293143443631082,Diesel,22.470377793716978,78.64632227800942,14942.80123282179
TR02302,VH037,2026-03-24 20:27:42.092418,Eldoret,Naivasha,235,5.010499908278958,Diesel,10.805370890347344,25.39262159231626,4824.59810254009
TR02303,VH015,2026-03-24 21:19:33.114622,Thika,Mombasa,520,10.280536240601823,Petrol,13.902244493181964,72.29167136454622,14458.334272909244
TR02304,VH035,2026-03-24 22:11:24.136827,Machakos,Nakuru,270,4.388873399942833,Diesel,13.519929609323317,36.503809945172954,6935.723889582861
TR02305,VH028,2026-03-24 23:03:15.159031,Kisumu,Mombasa,850,17.92396596209919,Petrol,13.766887726231841,117.01854567297065,23403.70913459413
TR02306,VH007,2026-03-24 23:55:06.181236,Naivasha,Machakos,190,4.072042448991709,Petrol,10.328883517055724,19.624878682405875,3924.975736481175
TR02307,VH032,2026-03-25 00:46:57.203440,Naivasha,Mombasa,620,15.206416412749578,Petrol,13.817089071103359,85.66595224084082,17133.190448168163
TR02308,VH011,2026-03-25 01:38:48.225645,Thika,Mombasa,520,8.314623064855912,Diesel,13.873617146103006,72.14280915973563,13707.133740349771
TR02309,VH010,2026-03-25 02:30:39.247849,Eldoret,Naivasha,235,5.091673136456117,Diesel,13.358863631811149,31.3933295347562,5964.732611603678
TR02310,VH009,2026-03-25 03:22:30.270054,Mombasa,Naivasha,620,10.402712186173689,Diesel,11.459548068951719,71.04919802750067,13499.347625225126
TR02311,VH014,2026-03-25 04:14:21.292258,Machakos,Naivasha,190,4.204548034239385,Diesel,12.448450210804408,23.652055400528376,4493.890526100391
TR02312,VH013,2026-03-25 05:06:12.314462,Eldoret,Machakos,430,7.245317373600404,Petrol,18.773040599161014,80.72407457639235,16144.814915278472
TR02313,VH025,2026-03-25 05:58:03.336667,Nairobi,Naivasha,95,1.6828114733277024,Diesel,21.30110946521407,20.236053991953366,3844.8502584711396
TR02314,VH002,2026-03-25 06:49:54.358871,Nairobi,Nakuru,155,3.217600423348716,Petrol,19.706766968202835,30.545488800714395,6109.0977601428785
TR02315,VH035,2026-03-25 07:41:45.381076,Nairobi,Kisumu,350,7.93186892097419,Diesel,11.74548493247041,41.109197263646436,7810.747480092823
TR02316,VH007,2026-03-25 08:33:36.403280,Thika,Nairobi,45,1.0050081701956677,Petrol,10.813002042018493,4.865850918908322,973.1701837816644
TR02317,VH021,2026-03-25 09:25:27.425485,Naivasha,Eldoret,235,5.260377371277228,Petrol,19.61038057422828,46.08439434943646,9216.878869887292
TR02318,VH018,2026-03-25 10:17:18.447689,Nakuru,Nairobi,155,2.6486007968528447,Diesel,9.382843209100582,14.543406974105903,2763.2473250801213
TR02319,VH003,2026-03-25 11:09:09.469893,Machakos,Naivasha,190,3.7050150539219096,Diesel,14.599506832184606,27.73906298115075,5270.421966418642
TR02320,VH042,2026-03-25 12:01:00.492098,Naivasha,Machakos,190,4.625231991968085,Diesel,12.652053439877017,24.038901535766332,4567.391291795603
TR02321,VH039,2026-03-25 12:52:51.514302,Nakuru,Nairobi,155,3.2303152650205584,Diesel,20.77719379883918,32.204650388200726,6118.883573758138
TR02322,VH041,2026-03-25 13:44:42.536507,Nakuru,Thika,200,4.085648329703995,Diesel,21.745204489381486,43.49040897876297,8263.177705964965
TR02323,VH049,2026-03-25 14:36:33.558711,Naivasha,Mombasa,620,18.851809930556353,Diesel,12.141466142407763,75.27709008292814,14302.647115756346
TR02324,VH011,2026-03-25 15:28:24.580916,Machakos,Nakuru,270,5.5752989182764106,Diesel,14.609393966846746,39.44536371048621,7494.61910499238
TR02325,VH039,2026-03-25 16:20:15.603120,Thika,Nakuru,200,3.5851582031274316,Diesel,19.250850666004194,38.50170133200839,7315.323253081594
TR02326,VH024,2026-03-25 17:12:06.625325,Eldoret,Nairobi,310,6.339600936192883,Petrol,10.477762493176089,32.481063728845875,6496.212745769175
TR02327,VH046,2026-03-25 18:03:57.647529,Nakuru,Thika,200,3.84354799231399,Diesel,14.878946681720574,29.75789336344115,5653.999739053818
TR02328,VH019,2026-03-25 18:55:48.669733,Mombasa,Machakos,420,7.795663766710294,Diesel,10.855964933242621,45.59505271961901,8663.060016727612
TR02329,VH004,2026-03-25 19:47:39.691938,Naivasha,Kisumu,270,5.713175475152917,Diesel,10.112808253786639,27.304582285223926,5187.870634192546
TR02330,VH026,2026-03-25 20:39:30.714142,Naivasha,Mombasa,620,11.101951545610884,Diesel,19.03350444846011,118.0077275804527,22421.468240286013
TR02331,VH038,2026-03-25 21:31:21.736347,Nairobi,Mombasa,480,7.784641224229213,Diesel,10.13169350874276,48.63212884196525,9240.104479973397
TR02332,VH042,2026-03-25 22:23:12.758551,Eldoret,Nakuru,160,4.231782011107255,Diesel,14.949615712103643,23.91938513936583,4544.683176479508
TR02333,VH032,2026-03-25 23:15:03.780756,Nairobi,Machakos,115,2.4343157070149535,Petrol,11.394354244956116,13.103507381699533,2620.7014763399065
TR02334,VH039,2026-03-26 00:06:54.802960,Naivasha,Thika,145,2.112565045581007,Diesel,24.464799298553583,35.473958982902694,6740.052206751512
TR02335,VH045,2026-03-26 00:58:45.825165,Naivasha,Thika,145,2.8229601161609765,Diesel,24.971203930318012,36.208245698961115,6879.5666828026115
TR02336,VH046,2026-03-26 01:50:36.847369,Nakuru,Thika,200,4.022430326816597,Diesel,12.99920610571557,25.99841221143114,4939.698320171917
TR02337,VH036,2026-03-26 02:42:27.869573,Eldoret,Thika,350,7.301453571811824,Diesel,9.165981575327809,32.08093551364733,6095.377747592993
TR02338,VH040,2026-03-26 03:34:18.891778,Kisumu,Nairobi,350,5.814389939064072,Petrol,10.407958151934634,36.42785353177122,7285.570706354244
TR02339,VH037,2026-03-26 04:26:09.913982,Mombasa,Eldoret,750,17.652020316267944,Diesel,12.407945275539388,93.05958956654541,17681.32201764363
TR02340,VH033,2026-03-26 05:18:00.936187,Machakos,Nakuru,270,4.703062874864334,Petrol,11.03086006455743,29.783322174305063,5956.6644348610125
TR02341,VH036,2026-03-26 06:09:51.958391,Nakuru,Nairobi,155,3.243628400529296,Diesel,12.030886528908837,18.647874119808698,3543.0960827636527
TR02342,VH003,2026-03-26 07:01:42.980596,Naivasha,Kisumu,270,6.136188389844666,Diesel,12.19423904855682,32.924445431103415,6255.6446319096485
TR02343,VH009,2026-03-26 07:53:34.002800,Machakos,Naivasha,190,3.945905474304262,Diesel,14.670384246357422,27.8737300680791,5296.0087129350295
TR02344,VH008,2026-03-26 08:45:25.025005,Nakuru,Thika,200,4.029905435558497,Diesel,11.673698577067555,23.34739715413511,4436.00545928567
TR02345,VH033,2026-03-26 09:37:16.047209,Mombasa,Naivasha,620,13.472973899863225,Petrol,12.46863030731221,77.3055079053357,15461.10158106714
TR02346,VH006,2026-03-26 10:29:07.069413,Naivasha,Mombasa,620,10.525926179639537,Diesel,24.275396908497477,150.50746083268436,28596.41755821003
TR02347,VH041,2026-03-26 11:20:58.091618,Mombasa,Machakos,420,9.531735942374365,Diesel,19.028103130832452,79.9180331494963,15184.426298404296
TR02348,VH039,2026-03-26 12:12:49.113822,Machakos,Thika,80,1.5649268964654963,Diesel,19.6081425788297,15.686514063063761,2980.437671982115
TR02349,VH004,2026-03-26 13:04:40.136027,Kisumu,Nakuru,190,3.499113940392464,Diesel,10.536593302370076,20.019527274503144,3803.7101821555975
TR02350,VH013,2026-03-26 13:56:31.158231,Nakuru,Kisumu,190,3.722732134101252,Petrol,18.977468794609386,36.05719070975783,7211.438141951567
TR02351,VH049,2026-03-26 14:48:22.180436,Thika,Naivasha,145,2.58108893779975,Diesel,11.562919834671167,16.76623376027319,3185.5844144519065
TR02352,VH002,2026-03-26 15:40:13.202640,Nakuru,Machakos,270,5.802522402053633,Petrol,20.24825481277225,54.67028799448507,10934.057598897014
TR02353,VH005,2026-03-26 16:32:04.224844,Nairobi,Naivasha,95,1.7278691148536827,Diesel,20.962209876687282,19.914099382852918,3783.678882742054
TR02354,VH044,2026-03-26 17:23:55.247049,Eldoret,Kisumu,120,2.173211253685643,Petrol,24.877428822558432,29.852914587070117,5970.5829174140235
TR02355,VH027,2026-03-26 18:15:46.269253,Eldoret,Nairobi,310,5.368433828384517,Petrol,19.096930434571636,59.20048434717207,11840.096869434414
TR02356,VH032,2026-03-26 19:07:37.291458,Nairobi,Thika,45,1.288854066275275,Petrol,12.704060353990378,5.71682715929567,1143.365431859134
TR02357,VH021,2026-03-26 19:59:28.313662,Naivasha,Kisumu,270,4.993308124779392,Petrol,18.692098085375555,50.468664830514,10093.7329661028
TR02358,VH008,2026-03-26 20:51:19.335867,Eldoret,Mombasa,750,13.109559983184223,Diesel,10.592481566319393,79.44361174739544,15094.286232005134
TR02359,VH038,2026-03-26 21:43:10.358071,Mombasa,Naivasha,620,13.273863298924063,Diesel,12.637629618372994,78.35330363391256,14887.127690443387
TR02360,VH008,2026-03-26 22:35:01.380276,Machakos,Mombasa,420,9.20700733982754,Diesel,13.733158729826688,57.67926666527209,10959.060666401696
TR02361,VH050,2026-03-26 23:26:52.402480,Machakos,Mombasa,420,9.461808042553747,Diesel,10.956141106417416,46.01579264695315,8743.000602921098
TR02362,VH003,2026-03-27 00:18:43.424684,Eldoret,Kisumu,120,2.8746677386117656,Diesel,10.324533481073349,12.389440177288018,2353.993633684723
TR02363,VH044,2026-03-27 01:10:34.446889,Eldoret,Thika,350,6.32613041203564,Petrol,20.71713013572222,72.50995547502777,14501.991095005553
TR02364,VH003,2026-03-27 02:02:25.469093,Nairobi,Machakos,115,1.6848527392612558,Diesel,10.728705879369889,12.338011761275371,2344.2222346423205
TR02365,VH022,2026-03-27 02:54:16.491298,Naivasha,Nakuru,75,1.6464757579905152,Petrol,19.609927293040116,14.707445469780087,2941.4890939560173
TR02366,VH006,2026-03-27 03:46:07.513502,Kisumu,Nairobi,350,7.564686864419561,Diesel,22.326634362154934,78.14322026754226,14847.21185083303
TR02367,VH002,2026-03-27 04:37:58.535707,Eldoret,Nakuru,160,3.192136344807664,Petrol,18.471967063425772,29.555147301481238,5911.029460296248
TR02368,VH023,2026-03-27 05:29:49.557911,Thika,Eldoret,350,9.41260000030784,Diesel,11.323618781250186,39.63266573437565,7530.206489531373
TR02369,VH044,2026-03-27 06:21:40.580116,Eldoret,Nakuru,160,3.6007154629133638,Petrol,22.266231102075352,35.62596976332056,7125.193952664113
TR02370,VH002,2026-03-27 07:13:31.602320,Kisumu,Naivasha,270,5.449671075201585,Petrol,20.95300874657248,56.5731236157457,11314.62472314914
TR02371,VH038,2026-03-27 08:05:22.624524,Nairobi,Naivasha,95,2.2171099858494356,Diesel,10.095631753118651,9.590850165462719,1822.2615314379166
TR02372,VH017,2026-03-27 08:57:13.646729,Kisumu,Eldoret,120,2.014114545061295,Petrol,13.927596784514327,16.713116141417192,3342.6232282834385
TR02373,VH035,2026-03-27 09:49:04.668933,Nairobi,Nakuru,155,3.909258682971317,Diesel,11.835578836702677,18.34514719688915,3485.5779674089385
TR02374,VH034,2026-03-27 10:40:55.691138,Mombasa,Thika,520,9.089631045303756,Diesel,12.892885934666335,67.04300686026494,12738.17130345034
TR02375,VH023,2026-03-27 11:32:46.713342,Nairobi,Thika,45,0.7287683286029506,Diesel,10.628232460937266,4.78270460742177,908.7138754101362
TR02376,VH030,2026-03-27 12:24:37.735547,Mombasa,Kisumu,850,16.02147315938609,Diesel,12.375083784967094,105.1882121722203,19985.760312721857
TR02377,VH008,2026-03-27 13:16:28.757751,Mombasa,Eldoret,750,15.33729925189986,Diesel,10.942318213054982,82.06738659791236,15592.803453603348
TR02378,VH022,2026-03-27 14:08:19.779955,Nairobi,Kisumu,350,6.7346216281188935,Petrol,20.397774606567253,71.39221112298539,14278.442224597078
TR02379,VH044,2026-03-27 15:00:10.802160,Thika,Nakuru,200,4.30334338727259,Petrol,18.15295964045445,36.3059192809089,7261.18385618178
TR02380,VH036,2026-03-27 15:52:01.824364,Nakuru,Thika,200,5.932701613955246,Diesel,10.800104689272517,21.600209378545035,4104.039781923557
TR02381,VH005,2026-03-27 16:43:52.846569,Nairobi,Kisumu,350,8.300530164620428,Diesel,24.226429932796712,84.79250476478849,16110.575905309814
TR02382,VH013,2026-03-27 17:35:43.868773,Eldoret,Mombasa,750,15.026877952624709,Petrol,22.832753370155785,171.2456502761684,34249.130055233676
TR02383,VH029,2026-03-27 18:27:34.890978,Thika,Nakuru,200,4.708707032032177,Diesel,10.727114295477199,21.454228590954397,4076.3034322813355
TR02384,VH031,2026-03-27 19:19:25.913182,Thika,Mombasa,520,11.136091908038592,Petrol,11.955775023113695,62.170030120191214,12434.006024038243
TR02385,VH047,2026-03-27 20:11:16.935387,Eldoret,Thika,350,6.501535917469345,Petrol,13.461154299744358,47.114040049105256,9422.808009821052
TR02386,VH016,2026-03-27 21:03:07.957591,Nakuru,Eldoret,160,3.1274314937057457,Diesel,22.90023828675399,36.640381258806386,6961.672439173213
TR02387,VH042,2026-03-27 21:54:58.979795,Thika,Naivasha,145,2.4799976144331652,Diesel,10.743421961783483,15.57796184458605,2959.8127504713493
TR02388,VH030,2026-03-27 22:46:50.002000,Mombasa,Nakuru,630,12.033616123472283,Diesel,14.339162483672483,90.33672364713664,17163.97749295596
TR02389,VH016,2026-03-27 23:38:41.024204,Machakos,Kisumu,465,8.802855896709758,Diesel,20.110808093022058,93.51525763255258,17767.89895018499
TR02390,VH012,2026-03-28 00:30:32.046409,Nakuru,Eldoret,160,3.611600719542454,Diesel,12.27038072156171,19.632609154498738,3730.19573935476
TR02391,VH017,2026-03-28 01:22:23.068613,Naivasha,Mombasa,620,15.755574638471053,Petrol,11.630713798445733,72.11042555036354,14422.085110072709
TR02392,VH016,2026-03-28 02:14:14.090818,Eldoret,Thika,350,7.495188703471376,Diesel,23.95354623064737,83.8374118072658,15929.1082433805
TR02393,VH012,2026-03-28 03:06:05.113022,Nakuru,Nairobi,155,3.5081746515727525,Diesel,14.658037475738304,22.71995808739437,4316.79203660493
TR02394,VH008,2026-03-28 03:57:56.135227,Nairobi,Eldoret,310,6.36996873515296,Diesel,13.64826438895278,42.30961960575362,8038.827725093187
TR02395,VH020,2026-03-28 04:49:47.157431,Machakos,Kisumu,465,11.21246723429697,Petrol,9.039770906392704,42.03493471472608,8406.986942945216
TR02396,VH003,2026-03-28 05:41:38.179635,Nakuru,Thika,200,3.524855791275565,Diesel,14.609442427927286,29.218884855854572,5551.588122612368
TR02397,VH016,2026-03-28 06:33:29.201840,Mombasa,Thika,520,11.77722902353775,Diesel,18.380708762011007,95.57968556245724,18160.140256866875
TR02398,VH030,2026-03-28 07:25:20.224044,Machakos,Nakuru,270,5.733719951280821,Diesel,11.328868284087177,30.58794436703538,5811.709429736722
TR02399,VH045,2026-03-28 08:17:11.246249,Nairobi,Thika,45,0.9029170871681396,Diesel,21.60491498309483,9.722211742392673,1847.220231054608
TR02400,VH023,2026-03-28 09:09:02.268453,Kisumu,Eldoret,120,2.0344011962053266,Diesel,11.399628445021971,13.679554134026365,2599.1152854650095
TR02401,VH028,2026-03-28 10:00:53.290658,Eldoret,Mombasa,750,11.70603017353909,Petrol,13.023548969436959,97.6766172707772,19535.32345415544
TR02402,VH040,2026-03-28 10:52:44.312862,Machakos,Nairobi,115,1.779647579616999,Petrol,12.39723114368503,14.256815815237783,2851.3631630475566
TR02403,VH005,2026-03-28 11:44:35.335067,Eldoret,Machakos,430,10.81879807927745,Diesel,24.540629757482947,105.52470795717666,20049.694511863567
TR02404,VH020,2026-03-28 12:36:26.357271,Nakuru,Kisumu,190,4.04127406888626,Petrol,10.202744241072935,19.385214058038574,3877.042811607715
TR02405,VH040,2026-03-28 13:28:17.379475,Thika,Machakos,80,1.758515839500889,Petrol,11.370123470192429,9.096098776153942,1819.2197552307885
TR02406,VH044,2026-03-28 14:20:08.401680,Nairobi,Nakuru,155,2.9266004994930253,Petrol,24.445165549851392,37.89000660226966,7578.001320453932
TR02407,VH001,2026-03-28 15:11:59.423884,Kisumu,Nairobi,350,6.669936736460407,Petrol,10.383697568726282,36.34294149054199,7268.588298108398
TR02408,VH030,2026-03-28 16:03:50.446089,Nairobi,Mombasa,480,10.587615946671837,Diesel,13.04780410952405,62.629459725715435,11899.597347885932
TR02409,VH021,2026-03-28 16:55:41.468293,Eldoret,Nairobi,310,6.934423591880551,Petrol,22.772151664459276,70.59367015982376,14118.734031964752
TR02410,VH020,2026-03-28 17:47:32.490498,Nairobi,Naivasha,95,2.2607996566573445,Petrol,11.527708617148697,10.951323186291262,2190.264637258252
TR02411,VH006,2026-03-28 18:39:23.512702,Kisumu,Mombasa,850,29.54805255827793,Diesel,22.85962315176196,194.30679678997666,36918.29139009557
TR02412,VH022,2026-03-28 19:31:14.534906,Thika,Nakuru,200,5.04863301078852,Petrol,19.209282522083768,38.418565044167536,7683.713008833507
TR02413,VH018,2026-03-28 20:23:05.557111,Nakuru,Kisumu,190,3.3371858907076852,Diesel,13.2631611638577,25.200006211329626,4788.001180152629
TR02414,VH008,2026-03-28 21:14:56.579315,Mombasa,Nairobi,480,7.777355584578789,Diesel,9.700128447349428,46.560616547277256,8846.517143982679
TR02415,VH039,2026-03-28 22:06:47.601520,Nairobi,Nakuru,155,2.550060958299801,Diesel,20.805687110210247,32.24881502082589,6127.274853956918
TR02416,VH032,2026-03-28 22:58:38.623724,Machakos,Thika,80,1.3967974898932878,Petrol,10.37628800654103,8.301030405232824,1660.2060810465648
TR02417,VH033,2026-03-28 23:50:29.645929,Mombasa,Nairobi,480,11.454626769567735,Petrol,11.726055394087002,56.285065891617606,11257.013178323521
TR02418,VH016,2026-03-29 00:42:20.668133,Eldoret,Thika,350,8.631272441489822,Diesel,22.688220651979474,79.40877228192817,15087.666733566351
TR02419,VH012,2026-03-29 01:34:11.690338,Nakuru,Machakos,270,7.603103392143404,Diesel,14.706108175476452,39.70649207378642,7544.23349401942
TR02420,VH038,2026-03-29 02:26:02.712542,Naivasha,Nakuru,75,1.6543720085555131,Diesel,13.696680979480004,10.272510734610002,1951.7770395759003
TR02421,VH034,2026-03-29 03:17:53.734746,Nakuru,Machakos,270,5.3257747041040195,Diesel,11.705514582270755,31.60488937213104,6004.928980704898
TR02422,VH014,2026-03-29 04:09:44.756951,Nairobi,Eldoret,310,7.391912506083635,Diesel,14.66308508585167,45.45556376614017,8636.557115566633
TR02423,VH036,2026-03-29 05:01:35.779155,Machakos,Nairobi,115,2.1515956445361493,Diesel,11.392184190204382,13.101011818735039,2489.1922455596573
TR02424,VH033,2026-03-29 05:53:26.801360,Thika,Eldoret,350,6.338873019556667,Petrol,11.806028265494348,41.32109892923022,8264.219785846044
TR02425,VH023,2026-03-29 06:45:17.823564,Nakuru,Kisumu,190,4.112191274690958,Diesel,11.980492638350478,22.762936012865907,4324.957842444523
TR02426,VH050,2026-03-29 07:37:08.845769,Nairobi,Machakos,115,2.927709145051712,Diesel,11.049898629432834,12.707383423847757,2414.402850531074
TR02427,VH045,2026-03-29 08:28:59.867973,Nairobi,Naivasha,95,1.5561675113388254,Diesel,23.86937883396077,22.67590989226273,4308.422879529919
TR02428,VH002,2026-03-29 09:20:50.890178,Mombasa,Nakuru,630,12.52954940168443,Petrol,19.296231571915413,121.5662589030671,24313.25178061342
TR02429,VH041,2026-03-29 10:12:41.912382,Nakuru,Kisumu,190,2.899450944834419,Diesel,21.883895332601256,41.57940113194238,7900.086215069053
TR02430,VH021,2026-03-29 11:04:32.934586,Nairobi,Machakos,115,2.266499630722625,Petrol,23.05563279331036,26.51397771230691,5302.795542461382
TR02431,VH002,2026-03-29 11:56:23.956791,Mombasa,Nakuru,630,12.28125157668966,Petrol,24.32783320313604,153.26534917975707,30653.069835951414
TR02432,VH027,2026-03-29 12:48:14.978995,Machakos,Naivasha,190,4.493422705679515,Petrol,24.187428775039947,45.9561146725759,9191.22293451518
TR02433,VH009,2026-03-29 13:40:06.001200,Kisumu,Mombasa,850,18.235783097625532,Diesel,12.54370144715071,106.62146230078103,20258.077837148398
TR02434,VH001,2026-03-29 14:31:57.023404,Machakos,Thika,80,2.131652008747286,Petrol,13.215807255816708,10.572645804653368,2114.5291609306737
TR02435,VH011,2026-03-29 15:23:48.045609,Naivasha,Thika,145,3.6941729174520646,Diesel,11.971188680646506,17.358223586937434,3298.0624815181127
TR02436,VH003,2026-03-29 16:15:39.067813,Mombasa,Nairobi,480,8.582260552258646,Diesel,12.340888814401001,59.2362663091248,11254.890598733713
TR02437,VH023,2026-03-29 17:07:30.090018,Mombasa,Nairobi,480,10.054602159039472,Diesel,13.531328962865247,64.95037902175318,12340.572014133104
TR02438,VH026,2026-03-29 17:59:21.112222,Nairobi,Kisumu,350,7.507711099648704,Diesel,24.514927952347318,85.80224783321562,16302.427088310968
TR02439,VH004,2026-03-29 18:51:12.134426,Eldoret,Naivasha,235,5.331628161638439,Diesel,14.4770702903351,34.02111518228749,6464.011884634623
TR02440,VH018,2026-03-29 19:43:03.156631,Eldoret,Thika,350,7.460171683727345,Diesel,9.69185430906819,33.92149008173867,6445.083115530347
TR02441,VH006,2026-03-29 20:34:54.178835,Thika,Machakos,80,1.3544513167319017,Diesel,23.950588149314456,19.160470519451565,3640.4893986957973
TR02442,VH035,2026-03-29 21:26:45.201040,Eldoret,Machakos,430,8.406026885481124,Diesel,14.741818655107402,63.38982021696182,12044.065841222746
TR02443,VH022,2026-03-29 22:18:36.223244,Mombasa,Machakos,420,10.355059977173335,Petrol,20.528747862015233,86.22074102046399,17244.1482040928
TR02444,VH043,2026-03-29 23:10:27.245449,Thika,Nakuru,200,3.4338844787947114,Diesel,12.593231447108346,25.186462894216692,4785.427949901172
TR02445,VH015,2026-03-30 00:02:18.267653,Machakos,Naivasha,190,2.9780420160451557,Petrol,12.89547627906498,24.501404930223458,4900.280986044691
TR02446,VH022,2026-03-30 00:54:09.289857,Nairobi,Eldoret,310,5.745247851037776,Petrol,21.93454696295954,67.99709558517458,13599.419117034915
TR02447,VH037,2026-03-30 01:46:00.312062,Machakos,Mombasa,420,7.35161272585353,Diesel,14.967417608531246,62.86315395583124,11943.999251607935
TR02448,VH042,2026-03-30 02:37:51.334266,Nakuru,Machakos,270,4.517598807687764,Diesel,12.278566825784143,33.15213042961719,6298.904781627266
TR02449,VH012,2026-03-30 03:29:42.356471,Naivasha,Mombasa,620,16.87205185373007,Diesel,13.569713556036888,84.1322240474287,15985.122569011455
TR02450,VH047,2026-03-30 04:21:33.378675,Naivasha,Nairobi,95,1.463471077695216,Petrol,12.962955700982722,12.314807915933585,2462.961583186717
TR02451,VH049,2026-03-30 05:13:24.400880,Mombasa,Machakos,420,7.14400983547568,Diesel,11.470502078792197,48.17610873092723,9153.460658876174
TR02452,VH042,2026-03-30 06:05:15.423084,Mombasa,Thika,520,9.645555941604485,Diesel,14.284919028556878,74.28157894849576,14113.500000214195
TR02453,VH038,2026-03-30 06:57:06.445289,Thika,Naivasha,145,2.959406191415236,Diesel,12.730772956035983,18.459620786252174,3507.327949387913
TR02454,VH018,2026-03-30 07:48:57.467493,Nairobi,Naivasha,95,2.4171760557611575,Diesel,11.058253984008157,10.505341284807749,1996.0148441134722
TR02455,VH045,2026-03-30 08:40:48.489697,Kisumu,Nairobi,350,7.391952177621397,Diesel,18.75476571696363,65.6416800093727,12471.919201780815
TR02456,VH035,2026-03-30 09:32:39.511902,Mombasa,Eldoret,750,13.995885846815797,Diesel,11.96706788175212,89.7530091131409,17053.071731496773
TR02457,VH030,2026-03-30 10:24:30.534106,Kisumu,Nakuru,190,4.61555657184833,Diesel,13.669682273666421,25.972396319966197,4934.755300793578
TR02458,VH024,2026-03-30 11:16:21.556311,Machakos,Nakuru,270,5.460941721989474,Petrol,13.606432058400536,36.73736655768145,7347.47331153629
TR02459,VH042,2026-03-30 12:08:12.578515,Kisumu,Thika,370,9.128664296900151,Diesel,11.258397019301551,41.65606897141574,7914.653104568991
TR02460,VH030,2026-03-30 13:00:03.600720,Eldoret,Nairobi,310,6.6065672794344055,Diesel,11.776177586652514,36.506150518622796,6936.168598538331
TR02461,VH014,2026-03-30 13:51:54.622924,Nairobi,Mombasa,480,12.251467161515027,Diesel,10.76980497052213,51.695063858506224,9822.062133116182
TR02462,VH006,2026-03-30 14:43:45.645129,Naivasha,Kisumu,270,7.042659236781455,Diesel,22.83506025960278,61.65466270092751,11714.385913176227
TR02463,VH003,2026-03-30 15:35:36.667333,Naivasha,Machakos,190,3.6038964750137197,Diesel,14.800942150049625,28.121790085094286,5343.140116167914
TR02464,VH016,2026-03-30 16:27:27.689537,Kisumu,Nakuru,190,4.188533425971153,Diesel,22.486665538937228,42.72466452398073,8117.686259556338
TR02465,VH007,2026-03-30 17:19:18.711742,Naivasha,Machakos,190,4.120252811287881,Petrol,13.085382650031132,24.86222703505915,4972.44540701183
TR02466,VH014,2026-03-30 18:11:09.733946,Machakos,Nairobi,115,2.559397443065381,Diesel,12.767449652502169,14.682567100377494,2789.687749071724
TR02467,VH009,2026-03-30 19:03:00.756151,Nairobi,Machakos,115,1.602007242055944,Diesel,10.442278703427682,12.008620508941833,2281.637896698948
TR02468,VH015,2026-03-30 19:54:51.778355,Eldoret,Naivasha,235,4.283714089221258,Petrol,12.647519132146918,29.72166996054526,5944.333992109052
TR02469,VH021,2026-03-30 20:46:42.800560,Nairobi,Thika,45,0.8076392143323905,Petrol,22.214346804845455,9.996456062180455,1999.291212436091
TR02470,VH035,2026-03-30 21:38:33.822764,Mombasa,Kisumu,850,19.40786569366732,Diesel,13.307383844281436,113.11276267639221,21491.42490851452
TR02471,VH002,2026-03-30 22:30:24.844968,Kisumu,Eldoret,120,2.220659309510739,Petrol,24.29167765119195,29.15001318143034,5830.002636286068
TR02472,VH027,2026-03-30 23:22:15.867173,Nairobi,Thika,45,0.9340317847902813,Petrol,23.487725509427126,10.569476479242207,2113.8952958484415
TR02473,VH002,2026-03-31 00:14:06.889377,Machakos,Mombasa,420,9.603863041889834,Petrol,23.466406765081683,98.55890841334308,19711.781682668614
TR02474,VH035,2026-03-31 01:05:57.911582,Naivasha,Thika,145,2.2160163165922846,Diesel,14.635918844396738,21.22208232437527,4032.195641631301
TR02475,VH018,2026-03-31 01:57:48.933786,Nakuru,Eldoret,160,2.9313515448789587,Diesel,13.949674757314998,22.319479611703997,4240.701126223759
TR02476,VH014,2026-03-31 02:49:39.955991,Nairobi,Thika,45,0.8305845745353418,Diesel,12.906413659805299,5.807886146912384,1103.498367913353
TR02477,VH020,2026-03-31 03:41:30.978195,Kisumu,Nairobi,350,8.288706339674464,Petrol,9.54440808015583,33.4054282805454,6681.08565610908
TR02478,VH018,2026-03-31 04:33:22.000400,Eldoret,Mombasa,750,18.82609221592334,Diesel,11.295649538877182,84.71737154157887,16096.300592899985
TR02479,VH010,2026-03-31 05:25:13.022604,Naivasha,Kisumu,270,5.450186600307199,Diesel,13.938005732308222,37.6326154772322,7150.196940674118
TR02480,VH025,2026-03-31 06:17:04.044808,Eldoret,Nairobi,310,6.826406361273644,Diesel,18.194077273332944,56.40163954733213,10716.311513993105
TR02481,VH002,2026-03-31 07:08:55.067013,Kisumu,Naivasha,270,4.91793178199905,Petrol,18.398212068493045,49.675172584931225,9935.034516986245
TR02482,VH025,2026-03-31 08:00:46.089217,Naivasha,Mombasa,620,11.184454061146594,Diesel,18.47010447667975,114.51464775541446,21757.783073528746
TR02483,VH033,2026-03-31 08:52:37.111422,Mombasa,Kisumu,850,16.82367904650607,Petrol,12.655178791641553,107.56901972895321,21513.80394579064
TR02484,VH036,2026-03-31 09:44:28.133626,Naivasha,Nairobi,95,1.6778018137726893,Diesel,11.50583314281586,10.930541485675066,2076.8028822782626
TR02485,VH031,2026-03-31 10:36:19.155831,Mombasa,Thika,520,10.087991499999088,Petrol,10.844489717602968,56.39134653153544,11278.269306307087
TR02486,VH014,2026-03-31 11:28:10.178035,Eldoret,Machakos,430,9.993844936058778,Diesel,10.52808522630868,45.27076647312732,8601.44562989419
TR02487,VH001,2026-03-31 12:20:01.200240,Eldoret,Kisumu,120,2.4786320095244,Petrol,13.661201251029446,16.393441501235333,3278.6883002470668
TR02488,VH046,2026-03-31 13:11:52.222444,Kisumu,Mombasa,850,16.63865358783525,Diesel,11.605099052754499,98.64334194841324,18742.234970198515
TR02489,VH016,2026-03-31 14:03:43.244648,Mombasa,Nairobi,480,8.3577972319209,Diesel,19.85726849045267,95.31488875417283,18109.828863292838
TR02490,VH046,2026-03-31 14:55:34.266853,Eldoret,Nakuru,160,3.0888265379151862,Diesel,13.261596007767755,21.21855361242841,4031.5251863613976
TR02491,VH003,2026-03-31 15:47:25.289057,Mombasa,Machakos,420,9.24531889130524,Diesel,12.795054462984208,53.739228744533676,10210.453461461399
TR02492,VH035,2026-03-31 16:39:16.311262,Eldoret,Kisumu,120,2.0786646220048604,Diesel,11.812053209066509,14.17446385087981,2693.148131667164
TR02493,VH041,2026-03-31 17:31:07.333466,Naivasha,Kisumu,270,5.0899174671983545,Diesel,22.490412295639118,60.72411319822562,11537.581507662868
TR02494,VH006,2026-03-31 18:22:58.355671,Nairobi,Mombasa,480,7.6965766028752975,Diesel,19.89855064268883,95.51304308490637,18147.47818613221
TR02495,VH025,2026-03-31 19:14:49.377875,Machakos,Nakuru,270,5.325630787881552,Diesel,23.56381183123029,63.62229194432179,12088.235469421139
TR02496,VH013,2026-03-31 20:06:40.400080,Nakuru,Naivasha,75,1.7985020511009142,Petrol,19.60523265215358,14.703924489115185,2940.7848978230368
TR02497,VH034,2026-03-31 20:58:31.422284,Machakos,Naivasha,190,3.1978007259000445,Diesel,9.794188476910078,18.608958106129148,3535.702040164538
TR02498,VH008,2026-03-31 21:50:22.444488,Naivasha,Thika,145,3.1948402902890827,Diesel,12.912197047494374,18.722685718866842,3557.3102865847
TR02499,VH021,2026-03-31 22:42:13.466693,Thika,Mombasa,520,9.930601705681102,Petrol,22.955244214885532,119.36726991740477,23873.453983480955
TR02500,VH034,2026-03-31 23:34:04.488897,Machakos,Nairobi,115,2.2336284665460466,Diesel,9.913194878508993,11.40017411028534,2166.0330809542147
TR02501,VH004,2026-04-01 00:25:55.511102,Nairobi,Machakos,115,2.28333010832258,Diesel,10.58122876344969,12.168413077967143,2311.9984848137574
TR02502,VH025,2026-04-01 01:17:46.533306,Thika,Mombasa,520,10.690472930498949,Diesel,23.868793619406844,124.11772682091559,23582.36809597396
TR02503,VH015,2026-04-01 02:09:37.555511,Eldoret,Naivasha,235,6.388847506885283,Petrol,12.88299241098344,30.275032165811087,6055.006433162217
TR02504,VH004,2026-04-01 03:01:28.577715,Nakuru,Machakos,270,6.431148695646235,Diesel,11.63628686849832,31.417974544945466,5969.415163539638
TR02505,VH045,2026-04-01 03:53:19.599919,Nakuru,Eldoret,160,2.712919291978864,Diesel,22.607381857493568,36.17181097198971,6872.644084678044
TR02506,VH012,2026-04-01 04:45:10.622124,Eldoret,Mombasa,750,14.036951237443509,Diesel,10.620800932739055,79.65600699554291,15134.641329153153
TR02507,VH032,2026-04-01 05:37:01.644328,Eldoret,Nakuru,160,2.4511915519075775,Petrol,12.53523829523839,20.056381272381426,4011.276254476285
TR02508,VH032,2026-04-01 06:28:52.666533,Mombasa,Thika,520,12.470514002119687,Petrol,10.0936514603021,52.48698759357092,10497.397518714184
TR02509,VH028,2026-04-01 07:20:43.688737,Eldoret,Naivasha,235,4.723167024946226,Petrol,11.958009404607777,28.101322100828277,5620.264420165656
TR02510,VH013,2026-04-01 08:12:34.710942,Kisumu,Naivasha,270,4.5526937768014095,Petrol,18.523899750299837,50.01452932580956,10002.905865161913
TR02511,VH031,2026-04-01 09:04:25.733146,Machakos,Nakuru,270,5.937535553562655,Petrol,11.375735900784413,30.714486932117918,6142.897386423583
TR02512,VH014,2026-04-01 09:56:16.755351,Eldoret,Machakos,430,9.32409754641701,Diesel,12.108408234264472,52.06615540733723,9892.569527394073
TR02513,VH020,2026-04-01 10:48:07.777555,Kisumu,Machakos,465,9.757984957870153,Petrol,11.221925133190279,52.1819518693348,10436.390373866961
TR02514,VH018,2026-04-01 11:39:58.799759,Eldoret,Machakos,430,9.259814042548319,Diesel,9.22665651023997,39.674622994031864,7538.178368866054
TR02515,VH029,2026-04-01 12:31:49.821964,Mombasa,Nakuru,630,11.611965880555935,Diesel,11.808081706409162,74.39091475037772,14134.273802571766
TR02516,VH006,2026-04-01 13:23:40.844168,Kisumu,Nairobi,350,9.787932243382082,Diesel,23.295386943699416,81.53385430294796,15491.432317560111
TR02517,VH032,2026-04-01 14:15:31.866373,Machakos,Kisumu,465,7.364375842003914,Petrol,11.844571866768101,55.07725918047167,11015.451836094335
TR02518,VH029,2026-04-01 15:07:22.888577,Nairobi,Thika,45,1.0632593627236098,Diesel,13.575859763047903,6.109136893371557,1160.7360097405958
TR02519,VH043,2026-04-01 15:59:13.910782,Kisumu,Nairobi,350,10.585970840578266,Diesel,11.847393618168667,41.465877663590334,7878.516756082164
TR02520,VH002,2026-04-01 16:51:04.932986,Naivasha,Nairobi,95,1.9031178849787798,Petrol,20.962676090431305,19.91454228590974,3982.908457181948
TR02521,VH023,2026-04-01 17:42:55.955191,Mombasa,Kisumu,850,18.092500330711772,Diesel,11.81946056414633,100.46541479524382,19088.428811096324
TR02522,VH019,2026-04-01 18:34:46.977395,Thika,Mombasa,520,10.704839132824583,Diesel,13.753409684035413,71.51773035698415,13588.368767826987
TR02523,VH031,2026-04-01 19:26:37.999599,Machakos,Thika,80,1.5237917432588084,Petrol,9.544302233233276,7.635441786586622,1527.0883573173244
TR02524,VH005,2026-04-01 20:18:29.021804,Kisumu,Naivasha,270,4.894964014781847,Diesel,18.230396380628214,49.22207022769618,9352.193343262274
TR02525,VH019,2026-04-01 21:10:20.044008,Naivasha,Nakuru,75,1.181228654534179,Diesel,12.039785919050226,9.02983943928767,1715.6694934646573
TR02526,VH034,2026-04-01 22:02:11.066213,Naivasha,Mombasa,620,13.939202007741784,Diesel,13.745485444642132,85.22200975678122,16192.181853788432
TR02527,VH010,2026-04-01 22:54:02.088417,Machakos,Nakuru,270,4.804755344067392,Diesel,14.948615662773575,40.36126228948866,7668.639835002845
TR02528,VH025,2026-04-01 23:45:53.110622,Machakos,Thika,80,1.4370011955583029,Diesel,21.389149731744013,17.11131978539521,3251.15075922509
TR02529,VH002,2026-04-02 00:37:44.132826,Naivasha,Nairobi,95,3.2901897202476613,Petrol,21.276571347595688,20.2127427802159,4042.5485560431803
TR02530,VH011,2026-04-02 01:29:35.155031,Eldoret,Kisumu,120,2.7691597437098796,Diesel,13.224818853725981,15.869782624471178,3015.258698649524
TR02531,VH050,2026-04-02 02:21:26.177235,Naivasha,Machakos,190,4.78539330897425,Diesel,11.77817378602485,22.37853019344721,4251.92073675497
TR02532,VH031,2026-04-02 03:13:17.199439,Eldoret,Mombasa,750,13.996939332974737,Petrol,12.17044028807059,91.27830216052944,18255.660432105888
TR02533,VH015,2026-04-02 04:05:08.221644,Thika,Eldoret,350,6.641037659206365,Petrol,13.369997127689471,46.79498994691315,9358.99798938263
TR02534,VH009,2026-04-02 04:56:59.243848,Mombasa,Thika,520,9.836669369150135,Diesel,13.731530847438046,71.40396040667784,13566.75247726879
TR02535,VH023,2026-04-02 05:48:50.266053,Nakuru,Nairobi,155,3.2593659237265293,Diesel,11.484386958433978,17.800799785572668,3382.151959258807
TR02536,VH019,2026-04-02 06:40:41.288257,Eldoret,Nakuru,160,3.308386204039584,Diesel,11.309322295000849,18.09491567200136,3438.0339776802584
TR02537,VH009,2026-04-02 07:32:32.310462,Naivasha,Nakuru,75,1.506890891885756,Diesel,13.19800874256558,9.898506556924186,1880.7162458155954
TR02538,VH035,2026-04-02 08:24:23.332666,Naivasha,Thika,145,3.098880323831073,Diesel,12.278531422101487,17.803870562047155,3382.7354067889596
TR02539,VH021,2026-04-02 09:16:14.354870,Nairobi,Mombasa,480,8.538272906080241,Petrol,21.204455458859478,101.7813862025255,20356.2772405051
TR02540,VH009,2026-04-02 10:08:05.377075,Naivasha,Thika,145,3.498807546747855,Diesel,10.081529508932524,14.61821778795216,2777.4613797109105
TR02541,VH028,2026-04-02 10:59:56.399279,Mombasa,Naivasha,620,14.172889887688466,Petrol,10.870320687036543,67.39598825962656,13479.197651925313
TR02542,VH046,2026-04-02 11:51:47.421484,Kisumu,Thika,370,7.259093182122572,Diesel,12.442568199978766,46.03750233992144,8747.125444585074
TR02543,VH007,2026-04-02 12:43:38.443688,Kisumu,Naivasha,270,5.737775224349849,Petrol,14.113267295251845,38.105821697179984,7621.164339435997
TR02544,VH016,2026-04-02 13:35:29.465893,Naivasha,Machakos,190,4.619527523842653,Diesel,19.95108904708987,37.907069189470754,7202.343145999444
TR02545,VH016,2026-04-02 14:27:20.488097,Nairobi,Naivasha,95,1.7509776998846647,Diesel,21.658504031918042,20.57557883032214,3909.3599777612067
TR02546,VH033,2026-04-02 15:19:11.510302,Eldoret,Thika,350,7.705567870558213,Petrol,10.72481042379616,37.536836483286564,7507.367296657313
TR02547,VH004,2026-04-02 16:11:02.532506,Mombasa,Machakos,420,9.71272707959694,Diesel,10.524019947697946,44.200883780331374,8398.167918262961
TR02548,VH004,2026-04-02 17:02:53.554710,Nairobi,Kisumu,350,7.200910835937991,Diesel,14.791492415356503,51.77022345374776,9836.342456212074
TR02549,VH039,2026-04-02 17:54:44.576915,Eldoret,Mombasa,750,17.50128178577083,Diesel,23.98271709175211,179.87037818814082,34175.37185574676
TR02550,VH040,2026-04-02 18:46:35.599119,Mombasa,Eldoret,750,15.082486307851202,Petrol,10.392462122334532,77.94346591750899,15588.693183501797
TR02551,VH017,2026-04-02 19:38:26.621324,Naivasha,Thika,145,3.0770922394755047,Petrol,12.598936312341422,18.268457652895062,3653.6915305790126
TR02552,VH037,2026-04-02 20:30:17.643528,Kisumu,Machakos,465,10.130860395621019,Diesel,11.7378995217875,54.581232776311886,10370.434227499258
TR02553,VH039,2026-04-02 21:22:08.665733,Mombasa,Nakuru,630,13.71075442095224,Diesel,24.96394864943255,157.27287649142505,29881.84653337076
TR02554,VH029,2026-04-02 22:13:59.687937,Naivasha,Eldoret,235,4.054176123767654,Diesel,11.51199259914489,27.05318260799049,5140.104695518193
TR02555,VH036,2026-04-02 23:05:50.710142,Thika,Mombasa,520,9.819891984399003,Diesel,10.193692226812999,53.0071995794276,10071.367920091245
TR02556,VH038,2026-04-02 23:57:41.732346,Nakuru,Eldoret,160,4.404506848914462,Diesel,12.839452741527026,20.543124386443242,3903.193633424216
TR02557,VH039,2026-04-03 00:49:32.754550,Mombasa,Nakuru,630,11.04025687582298,Diesel,23.84588314340243,150.22906380343528,28543.522122652703
TR02558,VH050,2026-04-03 01:41:23.776755,Nakuru,Machakos,270,4.987765532241719,Diesel,9.96259435909899,26.899004769567274,5110.810906217782
TR02559,VH037,2026-04-03 02:33:14.798959,Mombasa,Nakuru,630,11.740562809385372,Diesel,13.547013848596656,85.34618724615893,16215.775576770196
TR02560,VH035,2026-04-03 03:25:05.821164,Nakuru,Mombasa,630,11.03263983747394,Diesel,10.307032915705609,64.93430736894533,12337.518400099612
TR02561,VH007,2026-04-03 04:16:56.843368,Thika,Mombasa,520,10.37505001844343,Petrol,14.594673715552487,75.89230332087294,15178.460664174589
TR02562,VH027,2026-04-03 05:08:47.865573,Kisumu,Nairobi,350,6.368190261946672,Petrol,18.56752441303109,64.98633544560882,12997.267089121764
TR02563,VH028,2026-04-03 06:00:38.887777,Machakos,Thika,80,1.7284506956054244,Petrol,14.571156881720812,11.65692550537665,2331.38510107533
TR02564,VH022,2026-04-03 06:52:29.909981,Eldoret,Thika,350,6.164072548465187,Petrol,21.43565074616892,75.02477761159122,15004.955522318243
TR02565,VH014,2026-04-03 07:44:20.932186,Nakuru,Eldoret,160,3.092091663173436,Diesel,12.2404555639796,19.58472890236736,3721.0984914497985
TR02566,VH007,2026-04-03 08:36:11.954390,Thika,Eldoret,350,8.977971626228907,Petrol,14.866535397501883,52.03287389125659,10406.574778251319
TR02567,VH037,2026-04-03 09:28:02.976595,Nakuru,Nairobi,155,2.659068946435701,Diesel,14.951920888491095,23.175477377161197,4403.340701660628
TR02568,VH022,2026-04-03 10:19:53.998799,Kisumu,Nairobi,350,7.147413573815907,Petrol,22.551246881727085,78.9293640860448,15785.87281720896
TR02569,VH005,2026-04-03 11:11:45.021004,Nakuru,Machakos,270,5.642041512767083,Diesel,18.88983504299934,51.00255461609822,9690.485377058663
TR02570,VH002,2026-04-03 12:03:36.043208,Thika,Nairobi,45,0.9686030482805866,Petrol,21.543190599586417,9.694435769813888,1938.8871539627776
TR02571,VH027,2026-04-03 12:55:27.065413,Naivasha,Thika,145,3.08214941810374,Petrol,21.704141706689636,31.47100547469997,6294.201094939995
TR02572,VH021,2026-04-03 13:47:18.087617,Thika,Nairobi,45,0.8681044112026406,Petrol,21.601124996947167,9.720506248626226,1944.1012497252452
TR02573,VH038,2026-04-03 14:39:09.109821,Machakos,Mombasa,420,9.976398681930961,Diesel,12.847459192600049,53.95932860892021,10252.27243569484
TR02574,VH015,2026-04-03 15:31:00.132026,Machakos,Eldoret,430,11.481639151500383,Petrol,9.093623568971953,39.1025813465794,7820.51626931588
TR02575,VH021,2026-04-03 16:22:51.154230,Machakos,Nakuru,270,6.508490157471617,Petrol,22.978590970293517,62.0421956197925,12408.4391239585
TR02576,VH010,2026-04-03 17:14:42.176435,Nairobi,Eldoret,310,5.843131579412952,Diesel,13.561971509764941,42.04211168027132,7988.0012192515505
TR02577,VH023,2026-04-03 18:06:33.198639,Kisumu,Nairobi,350,7.186195057348658,Diesel,9.57734887588944,33.52072106561304,6368.937002466478
TR02578,VH039,2026-04-03 18:58:24.220844,Naivasha,Eldoret,235,3.9894376669208476,Diesel,21.991676097120603,51.68043882823342,9819.28337736435
TR02579,VH005,2026-04-03 19:50:15.243048,Nairobi,Machakos,115,2.3241385899442304,Diesel,21.978528277050422,25.275307518607985,4802.308428535517
TR02580,VH001,2026-04-03 20:42:06.265253,Kisumu,Nairobi,350,6.168476438795047,Petrol,13.412252100952001,46.942882353332,9388.576470666401
TR02581,VH013,2026-04-03 21:33:57.287457,Naivasha,Thika,145,3.261543159286304,Petrol,18.597783844945567,26.96678657517107,5393.3573150342145
TR02582,VH021,2026-04-03 22:25:48.309661,Nakuru,Nairobi,155,3.331981743616847,Petrol,22.385523150862674,34.69756088383715,6939.51217676743
TR02583,VH026,2026-04-03 23:17:39.331866,Naivasha,Nairobi,95,1.8971090613891284,Diesel,19.965263655224387,18.967000472463166,3603.7300897680016
TR02584,VH050,2026-04-04 00:09:30.354070,Thika,Nairobi,45,0.9216743871771917,Diesel,11.53501495248086,5.190756728616387,986.2437784371135
TR02585,VH045,2026-04-04 01:01:21.376275,Nairobi,Machakos,115,2.3919922051281293,Diesel,23.413264868928536,26.925254599267813,5115.798373860885
TR02586,VH021,2026-04-04 01:53:12.398479,Nakuru,Nairobi,155,3.6027171253780286,Petrol,22.939521554541095,35.5562584095387,7111.25168190774
TR02587,VH018,2026-04-04 02:45:03.420684,Thika,Kisumu,370,9.915449718654532,Diesel,9.594515088389967,35.49970582704288,6744.944107138147
TR02588,VH037,2026-04-04 03:36:54.442888,Kisumu,Thika,370,6.721390584681379,Diesel,12.955923935580365,47.93691856164735,9108.014526712997
TR02589,VH045,2026-04-04 04:28:45.465093,Naivasha,Thika,145,2.6775451158902506,Diesel,24.78381571658517,35.9365327890485,6827.9412299192145
TR02590,VH032,2026-04-04 05:20:36.487297,Thika,Nairobi,45,0.9980251031484487,Petrol,10.783847186675011,4.852731234003755,970.5462468007511
TR02591,VH036,2026-04-04 06:12:27.509501,Nakuru,Nairobi,155,2.9228148539351455,Diesel,13.264535438627075,20.560029929871966,3906.4056866756737
TR02592,VH017,2026-04-04 07:04:18.531706,Nairobi,Mombasa,480,9.862655956271405,Petrol,12.512740402768884,60.06115393329064,12012.230786658129
TR02593,VH035,2026-04-04 07:56:09.553910,Nairobi,Mombasa,480,8.15641641121022,Diesel,13.870016564548798,66.57607950983423,12649.455106868503
TR02594,VH049,2026-04-04 08:48:00.576115,Machakos,Mombasa,420,10.632393701587207,Diesel,10.409791635713226,43.72112486999555,8307.013725299154
TR02595,VH011,2026-04-04 09:39:51.598319,Naivasha,Mombasa,620,12.65662851654734,Diesel,11.439444646899211,70.92455681077512,13475.665794047272
TR02596,VH021,2026-04-04 10:31:42.620524,Thika,Nakuru,200,4.136707756557864,Petrol,24.34213619043542,48.68427238087084,9736.854476174167
TR02597,VH026,2026-04-04 11:23:33.642728,Machakos,Nairobi,115,2.242199344428123,Diesel,20.51882422464791,23.596647858345097,4483.363093085569
TR02598,VH004,2026-04-04 12:15:24.664932,Nakuru,Kisumu,190,3.049901077493657,Diesel,10.315076953464052,19.5986462115817,3723.7427802005227
TR02599,VH034,2026-04-04 13:07:15.687137,Machakos,Kisumu,465,9.487808776421433,Diesel,12.00298351789725,55.81387335822222,10604.635938062222
TR02600,VH048,2026-04-04 13:59:06.709341,Mombasa,Kisumu,850,15.193478010615042,Diesel,18.873723683292898,160.42665130798963,30481.06374851803
TR02601,VH018,2026-04-04 14:50:57.731546,Kisumu,Thika,370,7.579253921067699,Diesel,12.98298120703954,48.037030466046296,9127.035788548796
TR02602,VH040,2026-04-04 15:42:48.753750,Machakos,Mombasa,420,7.1712367577751905,Petrol,13.208732212505288,55.47667529252221,11095.335058504443
TR02603,VH035,2026-04-04 16:34:39.775955,Kisumu,Mombasa,850,15.172397712316156,Diesel,14.373632526106041,122.17587647190135,23213.416529661255
TR02604,VH041,2026-04-04 17:26:30.798159,Nakuru,Nairobi,155,3.2746377375195235,Diesel,23.493860748478447,36.415484160141595,6918.941990426903
TR02605,VH029,2026-04-04 18:18:21.820364,Mombasa,Nairobi,480,10.265712678136145,Diesel,10.56056824169098,50.690727560116706,9631.238236422174
TR02606,VH029,2026-04-04 19:10:12.842568,Nairobi,Eldoret,310,5.751851921652373,Diesel,11.90535338217211,36.90659548473354,7012.253142099373
TR02607,VH038,2026-04-04 20:02:03.864772,Naivasha,Thika,145,3.23973466677089,Diesel,13.872801249572937,20.11556181188076,3821.9567442573443
TR02608,VH042,2026-04-04 20:53:54.886977,Eldoret,Kisumu,120,2.3289637744861817,Diesel,12.086707366331629,14.504048839597953,2755.769279523611
TR02609,VH021,2026-04-04 21:45:45.909181,Eldoret,Thika,350,7.422546672919954,Petrol,24.80655839345985,86.82295437710947,17364.590875421894
TR02610,VH042,2026-04-04 22:37:36.931386,Naivasha,Nairobi,95,1.794320915120177,Diesel,13.678702249467246,12.994767136993884,2469.005756028838
TR02611,VH013,2026-04-04 23:29:27.953590,Nakuru,Nairobi,155,3.1819766669974916,Petrol,18.10849941683225,28.068174096089987,5613.634819217998
TR02612,VH049,2026-04-05 00:21:18.975795,Mombasa,Eldoret,750,16.869342223874156,Diesel,13.399928457804183,100.49946343353137,19094.89805237096
TR02613,VH041,2026-04-05 01:13:09.997999,Mombasa,Eldoret,750,12.745899141969769,Diesel,18.705633494079905,140.29225120559929,26655.527729063866
TR02614,VH017,2026-04-05 02:05:01.020204,Kisumu,Eldoret,120,2.31140611956106,Petrol,9.702618620900429,11.643142345080514,2328.628469016103
TR02615,VH009,2026-04-05 02:56:52.042408,Nairobi,Nakuru,155,3.126808190469826,Diesel,13.672462003055255,21.192316104735646,4026.5400598997726
TR02616,VH041,2026-04-05 03:48:43.064612,Thika,Nakuru,200,3.7481322615293853,Diesel,24.054779916013363,48.109559832026726,9140.816368085078
TR02617,VH001,2026-04-05 04:40:34.086817,Machakos,Nakuru,270,7.370906489028914,Petrol,12.68174813949778,34.24071997664401,6848.143995328802
TR02618,VH002,2026-04-05 05:32:25.109021,Mombasa,Nairobi,480,7.1940851744473155,Petrol,20.023348130620455,96.11207102697819,19222.41420539564
TR02619,VH048,2026-04-05 06:24:16.131226,Naivasha,Mombasa,620,12.351212190358842,Diesel,20.45920881677223,126.84709466398782,24100.947986157684
TR02620,VH029,2026-04-05 07:16:07.153430,Thika,Kisumu,370,10.788865290743423,Diesel,11.71444664798028,43.34345259752704,8235.255993530138
TR02621,VH033,2026-04-05 08:07:58.175635,Eldoret,Nairobi,310,5.203371578454509,Petrol,10.63339051904756,32.96351060904744,6592.702121809488
TR02622,VH010,2026-04-05 08:59:49.197839,Thika,Mombasa,520,11.82116613107049,Diesel,11.21454835910825,58.3156514673629,11079.97377879895
TR02623,VH050,2026-04-05 09:51:40.220044,Nairobi,Thika,45,0.771212101099834,Diesel,12.044335473146166,5.419950962915775,1029.7906829539972
TR02624,VH040,2026-04-05 10:43:31.242248,Naivasha,Thika,145,2.8446689193755614,Petrol,14.502026592825336,21.027938559596738,4205.587711919347
TR02625,VH021,2026-04-05 11:35:22.264452,Nairobi,Nakuru,155,4.140324254132921,Petrol,20.149576891583386,31.23184418195425,6246.36883639085
TR02626,VH028,2026-04-05 12:27:13.286657,Thika,Machakos,80,1.5358006554680719,Petrol,10.93347148730706,8.746777189845648,1749.3554379691298
TR02627,VH011,2026-04-05 13:19:04.308861,Machakos,Nairobi,115,2.232937058720509,Diesel,14.192888331857123,16.32182158163569,3101.146100510781
TR02628,VH034,2026-04-05 14:10:55.331066,Nakuru,Kisumu,190,3.208691338043612,Diesel,12.708916654448515,24.146941643452177,4587.918912255914
TR02629,VH008,2026-04-05 15:02:46.353270,Mombasa,Machakos,420,7.752322744220432,Diesel,13.654185157799553,57.34757766275813,10896.039755924045
TR02630,VH022,2026-04-05 15:54:37.375475,Naivasha,Kisumu,270,6.7357359301256245,Petrol,19.158638149234367,51.7283230029328,10345.664600586559
TR02631,VH008,2026-04-05 16:46:28.397679,Nakuru,Naivasha,75,1.2926988295092705,Diesel,9.721256570582957,7.2909424279372175,1385.2790613080713
TR02632,VH049,2026-04-05 17:38:19.419883,Thika,Eldoret,350,7.496655762598327,Diesel,11.707146971524983,40.97501440033744,7785.252736064114
TR02633,VH015,2026-04-05 18:30:10.442088,Mombasa,Naivasha,620,9.72364118342432,Petrol,12.072168274175477,74.84744329988796,14969.488659977591
TR02634,VH017,2026-04-05 19:22:01.464292,Kisumu,Naivasha,270,5.724977075509205,Petrol,11.400867209297948,30.782341465104462,6156.468293020893
TR02635,VH023,2026-04-05 20:13:52.486497,Nakuru,Mombasa,630,13.040867620204,Diesel,11.994833181619377,75.56744904420208,14357.815318398394
TR02636,VH024,2026-04-05 21:05:43.508701,Nakuru,Nairobi,155,3.569402290881769,Petrol,9.901898844375356,15.347943208781803,3069.5886417563606
TR02637,VH045,2026-04-05 21:57:34.530906,Thika,Nairobi,45,0.9780224082563072,Diesel,21.357296279148585,9.610783325616863,1826.048831867204
TR02638,VH019,2026-04-05 22:49:25.553110,Eldoret,Naivasha,235,5.353505093478467,Diesel,12.29046280469834,28.882587591041098,5487.691642297808
TR02639,VH005,2026-04-05 23:41:16.575315,Thika,Kisumu,370,6.227741022334312,Diesel,21.028945144740927,77.80709703554143,14783.348436752873
TR02640,VH032,2026-04-06 00:33:07.597519,Nakuru,Nairobi,155,3.9392157555628065,Petrol,13.39723667908299,20.765716852578635,4153.143370515727
TR02641,VH044,2026-04-06 01:24:58.619723,Mombasa,Naivasha,620,10.985771513215958,Petrol,21.15833896387688,131.18170157603666,26236.340315207333
TR02642,VH001,2026-04-06 02:16:49.641928,Machakos,Nairobi,115,2.030751548065266,Petrol,11.667997904211386,13.418197589843093,2683.6395179686187
TR02643,VH023,2026-04-06 03:08:40.664132,Eldoret,Kisumu,120,1.9665560856716098,Diesel,10.518025235435461,12.621630282522553,2398.109753679285
TR02644,VH037,2026-04-06 04:00:31.686337,Thika,Eldoret,350,6.951327882746222,Diesel,12.05451029494294,42.19078603230029,8016.249346137055
TR02645,VH008,2026-04-06 04:52:22.708541,Machakos,Naivasha,190,4.54692849700574,Diesel,9.115448113411004,17.319351415480906,3290.6767689413723
TR02646,VH013,2026-04-06 05:44:13.730746,Naivasha,Thika,145,2.981947764045086,Petrol,22.679675969122798,32.885530155228054,6577.1060310456105
TR02647,VH008,2026-04-06 06:36:04.752950,Thika,Nakuru,200,3.652461812670964,Diesel,13.225528204901309,26.451056409802618,5025.700717862497
TR02648,VH023,2026-04-06 07:27:55.775155,Nakuru,Kisumu,190,3.749173245043378,Diesel,10.773135472215593,20.468957397209625,3889.1019054698286
TR02649,VH043,2026-04-06 08:19:46.797359,Machakos,Thika,80,1.5113210599750813,Diesel,10.230165680708593,8.184132544566875,1554.9851834677063
TR02650,VH001,2026-04-06 09:11:37.819563,Nakuru,Mombasa,630,10.341042817661945,Petrol,14.933877986927788,94.08343131764506,18816.686263529013
TR02651,VH045,2026-04-06 10:03:28.841768,Kisumu,Thika,370,6.769610259342158,Diesel,19.84588778815747,73.42978481618265,13951.659115074703
TR02652,VH024,2026-04-06 10:55:19.863972,Machakos,Mombasa,420,8.141502061810746,Petrol,9.633105608453866,40.459043555506234,8091.808711101246
TR02653,VH035,2026-04-06 11:47:10.886177,Machakos,Naivasha,190,5.390819259115881,Diesel,11.84876253986514,22.512648825743764,4277.403276891315
TR02654,VH024,2026-04-06 12:39:01.908381,Thika,Nakuru,200,4.573603482154505,Petrol,12.692785203167784,25.385570406335567,5077.114081267114
TR02655,VH017,2026-04-06 13:30:52.930586,Nakuru,Eldoret,160,3.4215377937763742,Petrol,10.469582984452828,16.751332775124524,3350.266555024905
TR02656,VH005,2026-04-06 14:22:43.952790,Naivasha,Thika,145,4.2418628812840575,Diesel,22.022922427436413,31.933237519782796,6067.315128758732
TR02657,VH020,2026-04-06 15:14:34.974995,Nairobi,Machakos,115,2.7962946988746022,Petrol,11.077799972185712,12.739469968013568,2547.8939936027136
TR02658,VH021,2026-04-06 16:06:25.997199,Eldoret,Nairobi,310,6.478256738151516,Petrol,18.824347945936328,58.355478632402615,11671.095726480524
TR02659,VH040,2026-04-06 16:58:17.019403,Nairobi,Kisumu,350,7.1204414406569745,Petrol,11.651435062460552,40.78002271861193,8156.004543722386
TR02660,VH031,2026-04-06 17:50:08.041608,Eldoret,Thika,350,6.4759071495078055,Petrol,12.624352528570334,44.185233849996166,8837.046769999233
TR02661,VH046,2026-04-06 18:41:59.063812,Naivasha,Nakuru,75,1.5509435561387217,Diesel,13.060019486657229,9.795014614992922,1861.0527768486552
TR02662,VH036,2026-04-06 19:33:50.086017,Machakos,Eldoret,430,8.271724194086712,Diesel,9.598891899417804,41.275235167496554,7842.294681824345
TR02663,VH011,2026-04-06 20:25:41.108221,Machakos,Eldoret,430,9.216059593649721,Diesel,10.816612048571542,46.51143180885763,8837.17204368295
TR02664,VH015,2026-04-06 21:17:32.130426,Thika,Naivasha,145,2.880636028364848,Petrol,12.203666796537227,17.69531685497898,3539.063370995796
TR02665,VH019,2026-04-06 22:09:23.152630,Kisumu,Thika,370,6.901982936834469,Diesel,13.067077071604345,48.348185164936076,9186.155181337854
TR02666,VH007,2026-04-06 23:01:14.174834,Nakuru,Mombasa,630,10.197302919330962,Petrol,11.747372479790846,74.00844662268233,14801.689324536466
TR02667,VH028,2026-04-06 23:53:05.197039,Nakuru,Machakos,270,5.884550668905504,Petrol,12.97655375921725,35.036695149886576,7007.3390299773155
TR02668,VH043,2026-04-07 00:44:56.219243,Nakuru,Eldoret,160,3.1278434092990692,Diesel,10.853217943760527,17.365148710016843,3299.3782549032003
TR02669,VH005,2026-04-07 01:36:47.241448,Thika,Nakuru,200,3.5116662637805156,Diesel,20.179634358337267,40.359268716674535,7668.261056168161
TR02670,VH005,2026-04-07 02:28:38.263652,Eldoret,Kisumu,120,3.118239661500636,Diesel,18.14189143971137,21.77026972765364,4136.351248254192
TR02671,VH030,2026-04-07 03:20:29.285857,Machakos,Naivasha,190,2.8795466393178692,Diesel,13.841379738997613,26.298621504095465,4996.738085778138
TR02672,VH032,2026-04-07 04:12:20.308061,Naivasha,Nairobi,95,1.5984588562723179,Petrol,12.005049098864834,11.404796643921593,2280.9593287843186
TR02673,VH008,2026-04-07 05:04:11.330266,Nakuru,Machakos,270,7.436358791019576,Diesel,13.080627868269769,35.31769524432838,6710.362096422392
TR02674,VH010,2026-04-07 05:56:02.352470,Nairobi,Kisumu,350,6.607382121524872,Diesel,13.541864980113631,47.39652743039771,9005.340211775565
TR02675,VH038,2026-04-07 06:47:53.374674,Nakuru,Eldoret,160,3.5176917060399293,Diesel,14.143721328642386,22.62995412582782,4299.691283907286
TR02676,VH047,2026-04-07 07:39:44.396879,Machakos,Kisumu,465,9.931395257567232,Petrol,10.428293347914414,48.49156406780203,9698.312813560406
TR02677,VH032,2026-04-07 08:31:35.419083,Thika,Naivasha,145,2.7460034678768745,Petrol,10.925543652139226,15.842038295601876,3168.4076591203752
TR02678,VH048,2026-04-07 09:23:26.441288,Naivasha,Thika,145,2.482740829585157,Diesel,24.803339778561693,35.96484267891445,6833.320108993746
TR02679,VH028,2026-04-07 10:15:17.463492,Kisumu,Machakos,465,10.049053110157553,Petrol,13.586638935204348,63.177871048700226,12635.574209740045
TR02680,VH017,2026-04-07 11:07:08.485697,Naivasha,Machakos,190,4.096556761026762,Petrol,13.170211339633351,25.023401545303365,5004.680309060673
TR02681,VH031,2026-04-07 11:58:59.507901,Nairobi,Mombasa,480,9.060478564354657,Petrol,9.065666868549668,43.5152009690384,8703.040193807681
TR02682,VH008,2026-04-07 12:50:50.530106,Nakuru,Thika,200,3.6646379454935447,Diesel,10.772308101479434,21.544616202958867,4093.477078562185
TR02683,VH040,2026-04-07 13:42:41.552310,Nakuru,Kisumu,190,4.529962828416782,Petrol,13.714083452886658,26.05675856048465,5211.35171209693
TR02684,VH025,2026-04-07 14:34:32.574514,Mombasa,Naivasha,620,9.719485732046405,Diesel,18.545879830929884,114.98445495176529,21847.046440835406
TR02685,VH009,2026-04-07 15:26:23.596719,Eldoret,Nakuru,160,3.5671698338438507,Diesel,12.836699647844679,20.53871943655149,3902.356692944783
TR02686,VH002,2026-04-07 16:18:14.618923,Nairobi,Mombasa,480,8.31638380426832,Petrol,21.00350937218502,100.8168449864881,20163.36899729762
TR02687,VH015,2026-04-07 17:10:05.641128,Mombasa,Naivasha,620,11.56422194780909,Petrol,9.088082535705537,56.34611172137433,11269.222344274865
TR02688,VH050,2026-04-07 18:01:56.663332,Naivasha,Thika,145,2.643544880051554,Diesel,10.179877885597257,14.760822934116023,2804.5563574820444
TR02689,VH003,2026-04-07 18:53:47.685537,Kisumu,Thika,370,8.220689763240657,Diesel,11.423959945333571,42.268651797734215,8031.043841569501
TR02690,VH049,2026-04-07 19:45:38.707741,Eldoret,Nakuru,160,4.418766714949906,Diesel,9.559299731731612,15.29487957077058,2906.02711844641
TR02691,VH036,2026-04-07 20:37:29.729945,Nairobi,Kisumu,350,7.0240520375994855,Diesel,12.157684548713302,42.551895920496555,8084.860224894345
TR02692,VH004,2026-04-07 21:29:20.752150,Nakuru,Kisumu,190,3.8105354513705723,Diesel,11.211989381259444,21.302779824392942,4047.528166634659
TR02693,VH014,2026-04-07 22:21:11.774354,Naivasha,Eldoret,235,5.550854422972748,Diesel,11.388097498096942,26.762029120527814,5084.785532900285
TR02694,VH041,2026-04-07 23:13:02.796559,Nairobi,Naivasha,95,1.6566816564588425,Diesel,24.287670187401034,23.073286678030982,4383.924468825887
TR02695,VH041,2026-04-08 00:04:53.818763,Nakuru,Nairobi,155,3.125771076394566,Diesel,21.269861648851975,32.96828555572056,6263.974255586907
TR02696,VH025,2026-04-08 00:56:44.840968,Machakos,Nakuru,270,6.202986715872777,Diesel,20.744897028784905,56.011221977719245,10642.132175766657
TR02697,VH050,2026-04-08 01:48:35.863172,Eldoret,Kisumu,120,2.1945637791073667,Diesel,12.619355191573586,15.143226229888302,2877.2129836787776
TR02698,VH010,2026-04-08 02:40:26.885377,Machakos,Eldoret,430,7.833427090291165,Diesel,14.54806898441456,62.5566966329826,11885.772360266694
TR02699,VH021,2026-04-08 03:32:17.907581,Machakos,Mombasa,420,9.48740531977031,Petrol,18.17525435366211,76.33606828538086,15267.213657076172
TR02700,VH036,2026-04-08 04:24:08.929785,Nakuru,Nairobi,155,2.5890665857136193,Diesel,11.241194232776982,17.42385106080432,3310.531701552821
TR02701,VH012,2026-04-08 05:15:59.951990,Kisumu,Eldoret,120,1.766109635486656,Diesel,13.053906780389736,15.664688136467683,2976.29074592886
TR02702,VH027,2026-04-08 06:07:50.974194,Naivasha,Nakuru,75,1.8168712027805973,Petrol,20.229941686881926,15.172456265161443,3034.4912530322886
TR02703,VH040,2026-04-08 06:59:41.996399,Thika,Mombasa,520,10.714922662939818,Petrol,13.862038610616208,72.08260077520428,14416.520155040856
TR02704,VH002,2026-04-08 07:51:33.018603,Nakuru,Nairobi,155,2.941395350186926,Petrol,24.80033949189192,38.440526212432474,7688.105242486495
TR02705,VH013,2026-04-08 08:43:24.040808,Kisumu,Thika,370,5.421874450643724,Petrol,24.603991563751983,91.03476878588233,18206.953757176467
TR02706,VH032,2026-04-08 09:35:15.063012,Thika,Mombasa,520,11.783425603431862,Petrol,11.32991269689971,58.91554602387849,11783.109204775697
TR02707,VH031,2026-04-08 10:27:06.085217,Naivasha,Thika,145,3.4131039202248283,Petrol,10.131691392187431,14.690952518671775,2938.190503734355
TR02708,VH016,2026-04-08 11:18:57.107421,Machakos,Naivasha,190,4.4781065207747,Diesel,24.702433717148548,46.93462406258224,8917.578571890625
TR02709,VH032,2026-04-08 12:10:48.129625,Eldoret,Mombasa,750,12.547809507537028,Petrol,12.293142437157329,92.19856827867997,18439.713655735995
TR02710,VH032,2026-04-08 13:02:39.151830,Eldoret,Machakos,430,9.698369482853284,Petrol,11.041488615423459,47.47840104632087,9495.680209264174
TR02711,VH034,2026-04-08 13:54:30.174034,Naivasha,Kisumu,270,6.250155331079809,Diesel,12.534984818152092,33.84445900901065,6430.447211712023
TR02712,VH011,2026-04-08 14:46:21.196239,Naivasha,Nairobi,95,1.8322882060247716,Diesel,11.422101619518958,10.85099653854301,2061.689342323172
TR02713,VH010,2026-04-08 15:38:12.218443,Nairobi,Eldoret,310,5.908614265815447,Diesel,11.336234875355261,35.14232811360131,6677.042341584249
TR02714,VH015,2026-04-08 16:30:03.240648,Kisumu,Eldoret,120,2.048894694003092,Petrol,13.396245215388923,16.07549425846671,3215.0988516933417
TR02715,VH017,2026-04-08 17:21:54.262852,Machakos,Nakuru,270,5.321727154031384,Petrol,9.812395766884517,26.4934685705882,5298.6937141176395
TR02716,VH040,2026-04-08 18:13:45.285057,Kisumu,Thika,370,7.116553803906251,Petrol,10.321964732331182,38.19126950962537,7638.253901925074
TR02717,VH018,2026-04-08 19:05:36.307261,Naivasha,Mombasa,620,12.612435007551824,Diesel,10.345932200858437,64.14477964532232,12187.50813261124
TR02718,VH009,2026-04-08 19:57:27.329465,Mombasa,Nairobi,480,12.131767797200554,Diesel,13.034727064191019,62.566689908116885,11887.671082542209
TR02719,VH025,2026-04-08 20:49:18.351670,Mombasa,Naivasha,620,12.809080366369475,Diesel,18.861614973822896,116.94201283770195,22218.98243916337
TR02720,VH040,2026-04-08 21:41:09.373874,Thika,Eldoret,350,6.930326848418406,Petrol,12.35797336138397,43.25290676484389,8650.581352968778
TR02721,VH014,2026-04-08 22:33:00.396079,Thika,Eldoret,350,7.535079212106725,Diesel,13.136685552126599,45.9783994324431,8735.895892164188
TR02722,VH025,2026-04-08 23:24:51.418283,Mombasa,Nairobi,480,12.80533791125205,Diesel,23.941158948152218,114.91756295113065,21834.336960714823
TR02723,VH050,2026-04-09 00:16:42.440488,Naivasha,Eldoret,235,5.742902298589135,Diesel,10.149347956011272,23.85096769662649,4531.683862359033
TR02724,VH022,2026-04-09 01:08:33.462692,Naivasha,Nakuru,75,1.5095114431711454,Petrol,23.721424263679527,17.791068197759646,3558.213639551929
TR02725,VH030,2026-04-09 02:00:24.484896,Thika,Eldoret,350,6.090979240946062,Diesel,11.174531305656192,39.11085956979667,7431.063318261368
TR02726,VH020,2026-04-09 02:52:15.507101,Nakuru,Kisumu,190,2.9940934681862257,Petrol,12.383832706198202,23.529282141776584,4705.856428355317
TR02727,VH021,2026-04-09 03:44:06.529305,Naivasha,Mombasa,620,12.775772425441064,Petrol,21.014715000377187,130.29123300233857,26058.246600467715
TR02728,VH044,2026-04-09 04:35:57.551510,Mombasa,Nakuru,630,14.232461695776479,Petrol,18.80276869665069,118.45744278889936,23691.48855777987
TR02729,VH032,2026-04-09 05:27:48.573714,Kisumu,Eldoret,120,2.5521096114503474,Petrol,13.571317314109244,16.28558077693109,3257.1161553862185
TR02730,VH046,2026-04-09 06:19:39.595919,Naivasha,Nakuru,75,1.8016426032315516,Diesel,11.088813092745088,8.316609819558817,1580.1558657161752
TR02731,VH049,2026-04-09 07:11:30.618123,Machakos,Thika,80,1.4209095712966875,Diesel,9.883117130122958,7.9064937040983665,1502.2338037786897
TR02732,VH021,2026-04-09 08:03:21.640328,Naivasha,Mombasa,620,9.239817414595274,Petrol,20.508260500125683,127.15121510077924,25430.24302015585
TR02733,VH035,2026-04-09 08:55:12.662532,Nakuru,Thika,200,4.498453787792874,Diesel,13.266451223797418,26.532902447594836,5041.2514650430185
TR02734,VH032,2026-04-09 09:47:03.684736,Thika,Nairobi,45,1.112108778494895,Petrol,11.16998239395314,5.026492077278913,1005.2984154557827
TR02735,VH030,2026-04-09 10:38:54.706941,Naivasha,Nairobi,95,1.636467619366239,Diesel,10.918307693909428,10.372392309213955,1970.7545387506516
TR02736,VH039,2026-04-09 11:30:45.729145,Eldoret,Machakos,430,8.183553311925905,Diesel,18.06967537999355,77.69960413397227,14762.924785454732
TR02737,VH049,2026-04-09 12:22:36.751350,Nairobi,Kisumu,350,6.6439592329623345,Diesel,11.358215485508618,39.75375419928016,7553.21329786323
TR02738,VH012,2026-04-09 13:14:27.773554,Mombasa,Naivasha,620,9.887507053327752,Diesel,12.143227846575915,75.28801264877067,14304.722403266429
TR02739,VH041,2026-04-09 14:06:18.795759,Machakos,Kisumu,465,11.902290812782635,Diesel,19.637074205461634,91.3123950553966,17349.355060525355
TR02740,VH047,2026-04-09 14:58:09.817963,Machakos,Eldoret,430,11.069730491175468,Petrol,9.268260820048454,39.85352152620835,7970.704305241669
TR02741,VH018,2026-04-09 15:50:00.840168,Machakos,Nakuru,270,5.5434323802669265,Diesel,11.146279372979185,30.094954307043803,5718.0413183383225
TR02742,VH021,2026-04-09 16:41:51.862372,Eldoret,Machakos,430,8.513632925178591,Petrol,23.51743577750142,101.1249738432561,20224.99476865122
TR02743,VH013,2026-04-09 17:33:42.884576,Machakos,Nairobi,115,2.438485809869584,Petrol,23.00697491929024,26.458021157183772,5291.604231436754
TR02744,VH021,2026-04-09 18:25:33.906781,Machakos,Nakuru,270,3.874521557002123,Petrol,24.025564229021192,64.86902341835723,12973.804683671446
TR02745,VH008,2026-04-09 19:17:24.928985,Thika,Eldoret,350,7.365620018286171,Diesel,9.047913438565779,31.667697034980225,6016.862436646243
TR02746,VH046,2026-04-09 20:09:15.951190,Kisumu,Naivasha,270,5.9218061370194155,Diesel,14.832096584022992,40.04666077686208,7608.865547603796
TR02747,VH040,2026-04-09 21:01:06.973394,Nairobi,Naivasha,95,1.8629369192092973,Petrol,11.707061263137241,11.121708199980379,2224.3416399960756
TR02748,VH046,2026-04-09 21:52:57.995599,Eldoret,Mombasa,750,12.9831696774019,Diesel,14.951988980459824,112.13991735344868,21306.58429715525
TR02749,VH007,2026-04-09 22:44:49.017803,Nairobi,Thika,45,1.0181783744541455,Petrol,11.263097303008873,5.068393786353993,1013.6787572707985
TR02750,VH023,2026-04-09 23:36:40.040008,Mombasa,Machakos,420,8.602307907686162,Diesel,11.357681937891224,47.70226413914314,9063.430186437197
TR02751,VH044,2026-04-10 00:28:31.062212,Thika,Mombasa,520,8.966401959062447,Petrol,20.477493736027125,106.48296742734105,21296.59348546821
TR02752,VH032,2026-04-10 01:20:22.084416,Naivasha,Mombasa,620,10.609452927990557,Petrol,11.778803574971512,73.02858216482338,14605.716432964675
TR02753,VH011,2026-04-10 02:12:13.106621,Kisumu,Mombasa,850,16.42796993815736,Diesel,14.211410493741079,120.79698919679917,22951.427947391843
TR02754,VH022,2026-04-10 03:04:04.128825,Thika,Nakuru,200,2.884041497986983,Petrol,23.224932578161372,46.449865156322744,9289.973031264548
TR02755,VH022,2026-04-10 03:55:55.151030,Nairobi,Machakos,115,1.7465204050621448,Petrol,24.945060046610337,28.686819053601884,5737.363810720377
TR02756,VH043,2026-04-10 04:47:46.173234,Eldoret,Nairobi,310,7.999778989017469,Diesel,13.067573413587564,40.50947758212145,7696.800740603076
TR02757,VH025,2026-04-10 05:39:37.195439,Mombasa,Naivasha,620,17.002926858530998,Diesel,21.24279623076152,131.70533663072143,25024.013959837073
TR02758,VH022,2026-04-10 06:31:28.217643,Mombasa,Kisumu,850,15.080088866245578,Petrol,18.630517040628238,158.35939484534003,31671.878969068006
TR02759,VH028,2026-04-10 07:23:19.239847,Thika,Nairobi,45,0.7386382036636999,Petrol,14.982807097569284,6.742263193906178,1348.4526387812355
TR02760,VH029,2026-04-10 08:15:10.262052,Naivasha,Thika,145,3.008178420489966,Diesel,12.757653264661414,18.49859723375905,3514.7334744142195
TR02761,VH013,2026-04-10 09:07:01.284256,Eldoret,Machakos,430,9.351397168784253,Petrol,22.90334228783099,98.48437183767327,19696.874367534652
TR02762,VH018,2026-04-10 09:58:52.306461,Naivasha,Machakos,190,4.374083072170123,Diesel,11.033711935956557,20.964052678317458,3983.170008880317
TR02763,VH002,2026-04-10 10:50:43.328665,Naivasha,Eldoret,235,5.780218205906822,Petrol,21.83400995725465,51.30992339954843,10261.984679909687
TR02764,VH029,2026-04-10 11:42:34.350870,Machakos,Thika,80,1.3538499737021064,Diesel,14.712888659464436,11.77031092757155,2236.3590762385948
TR02765,VH021,2026-04-10 12:34:25.373074,Eldoret,Naivasha,235,5.00536315998379,Petrol,19.164936065521218,45.03759975397487,9007.519950794973
TR02766,VH015,2026-04-10 13:26:16.395279,Nairobi,Machakos,115,2.194053289031651,Petrol,10.461862921651273,12.031142359898963,2406.2284719797926
TR02767,VH027,2026-04-10 14:18:07.417483,Thika,Naivasha,145,4.09679117655995,Petrol,19.064418094446225,27.643406236947026,5528.681247389405
TR02768,VH050,2026-04-10 15:09:58.439687,Thika,Kisumu,370,6.377312675227591,Diesel,12.961079519023873,47.955994220388334,9111.638901873783
TR02769,VH031,2026-04-10 16:01:49.461892,Machakos,Eldoret,430,7.860740464024807,Petrol,9.310226302109148,40.033973099069335,8006.794619813867
TR02770,VH015,2026-04-10 16:53:40.484096,Nakuru,Kisumu,190,4.841691173005836,Petrol,9.408158249256692,17.875500673587712,3575.1001347175425
TR02771,VH023,2026-04-10 17:45:31.506301,Thika,Nakuru,200,3.840818758934504,Diesel,10.492470563936843,20.984941127873686,3987.1388142960004
TR02772,VH024,2026-04-10 18:37:22.528505,Mombasa,Nairobi,480,9.59271972503948,Petrol,11.570940904605056,55.54051634210427,11108.103268420853
TR02773,VH044,2026-04-10 19:29:13.550710,Nairobi,Kisumu,350,7.543304932347202,Petrol,20.843923603917105,72.95373261370986,14590.746522741973
TR02774,VH013,2026-04-10 20:21:04.572914,Eldoret,Mombasa,750,28.009550140172465,Petrol,18.31371417469565,137.3528563102174,27470.57126204348
TR02775,VH022,2026-04-10 21:12:55.595119,Thika,Naivasha,145,3.242588132423518,Petrol,24.702440905096662,35.81853931239016,7163.7078624780315
TR02776,VH043,2026-04-10 22:04:46.617323,Nairobi,Kisumu,350,6.676911061965521,Diesel,14.76434760179042,51.67521660626647,9818.291155190629
TR02777,VH037,2026-04-10 22:56:37.639527,Machakos,Nairobi,115,2.521295055602655,Diesel,11.3967816162038,13.10629885863437,2490.1967831405304
TR02778,VH033,2026-04-10 23:48:28.661732,Thika,Nairobi,45,0.9330981153574206,Petrol,12.657628076342908,5.695932634354309,1139.1865268708618
TR02779,VH003,2026-04-11 00:40:19.683936,Eldoret,Mombasa,750,12.101838561595354,Diesel,12.892877056916118,96.69657792687089,18372.349806105467
TR02780,VH019,2026-04-11 01:32:10.706141,Kisumu,Nairobi,350,7.087899033162579,Diesel,10.18738347502812,35.65584216259842,6774.6100108937
TR02781,VH023,2026-04-11 02:24:01.728345,Eldoret,Machakos,430,12.941826370260463,Diesel,10.310857758708078,44.33668836244473,8423.970788864499
TR02782,VH029,2026-04-11 03:15:52.750550,Eldoret,Kisumu,120,2.473145906027284,Diesel,12.455765871552252,14.946919045862701,2839.914618713913
TR02783,VH030,2026-04-11 04:07:43.772754,Eldoret,Machakos,430,8.465374686439201,Diesel,12.0961847074868,52.01359424219324,9882.582906016716
TR02784,VH039,2026-04-11 04:59:34.794958,Thika,Naivasha,145,3.3412322564573453,Diesel,20.03860529761885,29.055977681547333,5520.635759493994
TR02785,VH044,2026-04-11 05:51:25.817163,Nakuru,Naivasha,75,1.3422100840846958,Petrol,23.652581174136042,17.73943588060203,3547.8871761204064
TR02786,VH047,2026-04-11 06:43:16.839367,Eldoret,Naivasha,235,6.135422899592525,Petrol,11.407314588186924,26.807189282239275,5361.437856447855
TR02787,VH025,2026-04-11 07:35:07.861572,Machakos,Eldoret,430,8.793802892039231,Diesel,22.583936436723896,97.11092667791274,18451.07606880342
TR02788,VH037,2026-04-11 08:26:58.883776,Mombasa,Kisumu,850,22.245526933279102,Diesel,10.946367500839377,93.04412375713471,17678.383513855595
TR02789,VH047,2026-04-11 09:18:49.905981,Mombasa,Eldoret,750,15.744891357960348,Petrol,11.667538312582433,87.50653734436825,17501.307468873652
TR02790,VH008,2026-04-11 10:10:40.928185,Machakos,Nakuru,270,4.850441235886573,Diesel,10.589880247233108,28.592676667529393,5432.608566830585
TR02791,VH042,2026-04-11 11:02:31.950390,Nairobi,Eldoret,310,6.364645671834932,Diesel,12.632068051974391,39.159410961120614,7440.288082612917
TR02792,VH016,2026-04-11 11:54:22.972594,Nakuru,Kisumu,190,3.9386750826122108,Diesel,23.465780833876497,44.58498358436534,8471.146881029414
TR02793,VH008,2026-04-11 12:46:13.994798,Nairobi,Nakuru,155,3.086286970949474,Diesel,12.844566050456308,19.90907737820728,3782.724701859383
TR02794,VH001,2026-04-11 13:38:05.017003,Machakos,Naivasha,190,3.753298476351313,Petrol,11.77110339017138,22.36509644132562,4473.019288265124
TR02795,VH044,2026-04-11 14:29:56.039207,Mombasa,Nairobi,480,8.640861696264762,Petrol,22.859939819557475,109.72771113387587,21945.542226775175
TR02796,VH005,2026-04-11 15:21:47.061412,Naivasha,Nairobi,95,1.7086783985539298,Diesel,24.58902965275994,23.359578170121942,4438.3198523231695
TR02797,VH003,2026-04-11 16:13:38.083616,Mombasa,Machakos,420,6.8433369620904045,Diesel,13.128346649624532,55.13905592842304,10476.420626400377
TR02798,VH001,2026-04-11 17:05:29.105821,Kisumu,Mombasa,850,16.555989589215976,Petrol,10.742050616913186,91.30743024376208,18261.486048752417
TR02799,VH004,2026-04-11 17:57:20.128025,Eldoret,Kisumu,120,3.2684897614050716,Diesel,13.398543146395475,16.07825177567457,3054.867837378168
TR02800,VH040,2026-04-11 18:49:11.150230,Naivasha,Machakos,190,3.3413297334838905,Petrol,10.524521931746557,19.99659167031846,3999.318334063692
TR02801,VH035,2026-04-11 19:41:02.172434,Mombasa,Thika,520,8.552829127687904,Diesel,14.360552043965136,74.6748706286187,14188.225419437555
TR02802,VH032,2026-04-11 20:32:53.194638,Thika,Kisumu,370,5.308955365031322,Petrol,12.583302479009701,46.558219172335896,9311.643834467179
TR02803,VH042,2026-04-11 21:24:44.216843,Thika,Nairobi,45,0.7303576749197596,Diesel,11.925703681557899,5.366566656701054,1019.6476647732003
TR02804,VH034,2026-04-11 22:16:35.239047,Nairobi,Thika,45,0.9766130957236776,Diesel,9.285032973248462,4.178264837961808,793.8703192127435
TR02805,VH043,2026-04-11 23:08:26.261252,Naivasha,Nakuru,75,1.456382163375494,Diesel,11.903918672960549,8.927939004720411,1696.308410896878
TR02806,VH025,2026-04-12 00:00:17.283456,Nairobi,Thika,45,0.9407340471253074,Diesel,24.322446675410525,10.945101003934736,2079.5691907476
TR02807,VH010,2026-04-12 00:52:08.305661,Eldoret,Kisumu,120,2.5669665638469312,Diesel,10.104914981431516,12.12589797771782,2303.9206157663857
TR02808,VH021,2026-04-12 01:43:59.327865,Eldoret,Mombasa,750,15.277401908244057,Petrol,21.322537104472634,159.91902828354475,31983.805656708948
TR02809,VH046,2026-04-12 02:35:50.350070,Kisumu,Nakuru,190,3.1516467159393122,Diesel,14.655790455553111,27.84600186555091,5290.740354454673
TR02810,VH039,2026-04-12 03:27:41.372274,Machakos,Kisumu,465,12.470958181072273,Diesel,20.763886998355147,96.55207454235145,18344.894163046774
TR02811,VH027,2026-04-12 04:19:32.394478,Machakos,Nakuru,270,6.43169004161701,Petrol,20.99722981223505,56.69252049303464,11338.504098606929
TR02812,VH027,2026-04-12 05:11:23.416683,Nakuru,Thika,200,3.3469473663702045,Petrol,22.04992038639384,44.09984077278768,8819.968154557537
TR02813,VH002,2026-04-12 06:03:14.438887,Nairobi,Mombasa,480,7.788497459161722,Petrol,21.240561335040283,101.95469440819336,20390.93888163867
TR02814,VH041,2026-04-12 06:55:05.461092,Eldoret,Kisumu,120,2.683121095590102,Diesel,19.180211838662867,23.01625420639544,4373.088299215134
TR02815,VH048,2026-04-12 07:46:56.483296,Machakos,Mombasa,420,6.6449401641607135,Diesel,18.12988877348902,76.1455328486539,14467.65124124424
TR02816,VH013,2026-04-12 08:38:47.505501,Nairobi,Machakos,115,1.989376498850869,Petrol,22.26868160585091,25.608983846728545,5121.796769345709
TR02817,VH009,2026-04-12 09:30:38.527705,Eldoret,Thika,350,7.313315465153487,Diesel,14.604032935039061,51.11411527263672,9711.681901800976
TR02818,VH036,2026-04-12 10:22:29.549909,Mombasa,Eldoret,750,24.57576058549818,Diesel,9.531820665135829,71.48865498851872,13582.844447818556
TR02819,VH022,2026-04-12 11:14:20.572114,Nairobi,Nakuru,155,4.228516812582606,Petrol,19.476669034769273,30.188837003892374,6037.767400778474
TR02820,VH042,2026-04-12 12:06:11.594318,Mombasa,Eldoret,750,16.765551191910667,Diesel,11.851147429124868,88.88360571843651,16887.885086502938
TR02821,VH026,2026-04-12 12:58:02.616523,Nairobi,Thika,45,0.802432320643683,Diesel,23.66119560314784,10.647538021416528,2023.0322240691403
TR02822,VH012,2026-04-12 13:49:53.638727,Nakuru,Eldoret,160,2.851805896107871,Diesel,11.346301582354888,18.154082531767823,3449.2756810358865
TR02823,VH017,2026-04-12 14:41:44.660932,Kisumu,Nakuru,190,4.106473823445239,Petrol,13.410272021393842,25.479516840648298,5095.90336812966
TR02824,VH014,2026-04-12 15:33:35.683136,Thika,Eldoret,350,7.268980500012028,Diesel,10.274789373250332,35.961762806376164,6832.734933211471
TR02825,VH014,2026-04-12 16:25:26.705341,Machakos,Kisumu,465,9.348584744407113,Diesel,14.704783106294673,68.37724144427024,12991.675874411345
TR02826,VH034,2026-04-12 17:17:17.727545,Thika,Machakos,80,1.658027792769211,Diesel,11.803735389368825,9.44298831149506,1794.1677791840616
TR02827,VH020,2026-04-12 18:09:08.749749,Thika,Nairobi,45,0.8770379175474355,Petrol,12.293888392438522,5.532249776597335,1106.449955319467
TR02828,VH011,2026-04-12 19:00:59.771954,Mombasa,Eldoret,750,15.072446998859375,Diesel,11.838447612681765,88.78835709511324,16869.787848071515
TR02829,VH016,2026-04-12 19:52:50.794158,Naivasha,Nakuru,75,2.048834220024623,Diesel,23.47395999857742,17.605469998933067,3345.0392997972826
TR02830,VH031,2026-04-12 20:44:41.816363,Eldoret,Mombasa,750,15.515259448219316,Petrol,9.83283125042203,73.74623437816523,14749.246875633045
TR02831,VH006,2026-04-12 21:36:32.838567,Thika,Machakos,80,1.6058060378794394,Diesel,18.34238277694941,14.673906221559529,2788.0421820963106
TR02832,VH019,2026-04-12 22:28:23.860772,Nakuru,Mombasa,630,10.877373285807705,Diesel,10.977584715537786,69.15878370788805,13140.168904498729
TR02833,VH037,2026-04-12 23:20:14.882976,Thika,Machakos,80,1.8454631767243728,Diesel,14.268478569905199,11.414782855924159,2168.80874262559
TR02834,VH004,2026-04-13 00:12:05.905181,Nairobi,Nakuru,155,3.0020582802570104,Diesel,13.774634183188473,21.350682983942132,4056.629766949005
TR02835,VH047,2026-04-13 01:03:56.927385,Mombasa,Nairobi,480,8.806899917273158,Petrol,11.58577985244479,55.611743291734996,11122.348658346998
TR02836,VH004,2026-04-13 01:55:47.949589,Naivasha,Nakuru,75,1.5364689330469403,Diesel,12.860688735826766,9.645516551870074,1832.648144855314
TR02837,VH020,2026-04-13 02:47:38.971794,Nairobi,Thika,45,1.2513341684224917,Petrol,9.649464131493778,4.3422588591722,868.45177183444
TR02838,VH010,2026-04-13 03:39:29.993998,Naivasha,Mombasa,620,10.674829644204028,Diesel,14.203407543087911,88.06112676714505,16731.61408575756
TR02839,VH024,2026-04-13 04:31:21.016203,Nairobi,Machakos,115,2.054410440395888,Petrol,12.934798414820985,14.875018177044131,2975.003635408826
TR02840,VH035,2026-04-13 05:23:12.038407,Nairobi,Kisumu,350,6.752821473103189,Diesel,13.282351969434714,46.4882318930215,8832.764059674086
TR02841,VH026,2026-04-13 06:15:03.060612,Machakos,Kisumu,465,9.240373127583883,Diesel,21.26333725430257,98.87451823250696,18786.158464176322
TR02842,VH037,2026-04-13 07:06:54.082816,Kisumu,Nairobi,350,9.790592977974164,Diesel,14.822296341397562,51.87803719489147,9856.827067029379
TR02843,VH038,2026-04-13 07:58:45.105021,Kisumu,Nakuru,190,3.3809481702860062,Diesel,14.395159859382355,27.350803732826474,5196.65270923703
TR02844,VH021,2026-04-13 08:50:36.127225,Eldoret,Nakuru,160,2.5851830604312673,Petrol,22.51101345460233,36.01762152736373,7203.524305472746
TR02845,VH040,2026-04-13 09:42:27.149429,Mombasa,Thika,520,12.655136200599406,Petrol,11.85900498858644,61.66682594064949,12333.365188129897
TR02846,VH039,2026-04-13 10:34:18.171634,Nakuru,Kisumu,190,3.1270495932736724,Diesel,22.326155950770588,42.41969630646411,8059.742298228181
TR02847,VH021,2026-04-13 11:26:09.193838,Nakuru,Thika,200,3.386864856475612,Petrol,22.02808648571466,44.05617297142932,8811.234594285865
TR02848,VH010,2026-04-13 12:18:00.216043,Nakuru,Nairobi,155,3.793957518796255,Diesel,11.971209939174582,18.555375405720604,3525.521327086915
TR02849,VH038,2026-04-13 13:09:51.238247,Machakos,Nairobi,115,2.45480746392816,Diesel,11.53336985844038,13.263375337206437,2520.041314069223
TR02850,VH046,2026-04-13 14:01:42.260452,Nairobi,Eldoret,310,7.98218194581436,Diesel,12.035053961186613,37.3086672796785,7088.646783138915
TR02851,VH004,2026-04-13 14:53:33.282656,Kisumu,Thika,370,7.477936049431524,Diesel,12.86955703016699,47.61736101161786,9047.298592207393
TR02852,VH045,2026-04-13 15:45:24.304860,Mombasa,Thika,520,9.703929291823233,Diesel,20.99694391297766,109.18410834748383,20744.980586021928
TR02853,VH020,2026-04-13 16:37:15.327065,Nairobi,Nakuru,155,3.9303934967784415,Petrol,10.31787244100692,15.992702283560725,3198.540456712145
TR02854,VH017,2026-04-13 17:29:06.349269,Naivasha,Mombasa,620,11.679069228898781,Petrol,12.804816588804044,79.38986285058508,15877.972570117015
TR02855,VH007,2026-04-13 18:20:57.371474,Kisumu,Eldoret,120,2.177344486802651,Petrol,12.657337479787065,15.188804975744478,3037.7609951488957
TR02856,VH004,2026-04-13 19:12:48.393678,Kisumu,Nairobi,350,6.337384698160759,Diesel,10.338375816128,36.184315356447996,6875.01991772512
TR02857,VH029,2026-04-13 20:04:39.415883,Thika,Naivasha,145,2.703407121575866,Diesel,11.841582528130628,17.17029466578941,3262.355986499988
TR02858,VH014,2026-04-13 20:56:30.438087,Thika,Mombasa,520,12.944315306608518,Diesel,14.424567286059968,75.00774988751184,14251.472478627249
TR02859,VH003,2026-04-13 21:48:21.460292,Machakos,Nakuru,270,5.5070338450315335,Diesel,13.77618265599976,37.19569317119935,7067.181702527877
TR02860,VH024,2026-04-13 22:40:12.482496,Mombasa,Nairobi,480,9.087670423737213,Petrol,10.616233919720035,50.957922814656165,10191.584562931233
TR02861,VH037,2026-04-13 23:32:03.504700,Naivasha,Thika,145,2.3505303817810272,Diesel,14.690915760222545,21.30182785232269,4047.3472919413107
TR02862,VH016,2026-04-14 00:23:54.526905,Mombasa,Kisumu,850,16.99329558890348,Diesel,18.53622035850747,157.5578730473135,29935.995878989565
TR02863,VH004,2026-04-14 01:15:45.549109,Mombasa,Machakos,420,7.864530782697472,Diesel,14.806173519460945,62.18592878173597,11815.326468529835
TR02864,VH024,2026-04-14 02:07:36.571314,Machakos,Eldoret,430,10.10723411278478,Petrol,10.228525462423377,43.98265948842052,8796.531897684104
TR02865,VH034,2026-04-14 02:59:27.593518,Machakos,Nairobi,115,2.821334846033828,Diesel,9.045470901512097,10.402291536738911,1976.4353919803932
TR02866,VH030,2026-04-14 03:51:18.615723,Nairobi,Machakos,115,2.8941430136048427,Diesel,12.169040182591633,13.994396209980376,2658.9352798962714
TR02867,VH018,2026-04-14 04:43:09.637927,Eldoret,Kisumu,120,2.5730171996400424,Diesel,10.794852148435043,12.95382257812205,2461.2262898431895
TR02868,VH019,2026-04-14 05:35:00.660132,Machakos,Eldoret,430,6.466514583534066,Diesel,11.695445026033969,50.290413611946065,9555.178586269752
TR02869,VH031,2026-04-14 06:26:51.682336,Mombasa,Thika,520,11.115056023930624,Petrol,12.983864302849227,67.51609437481598,13503.218874963195
TR02870,VH019,2026-04-14 07:18:42.704540,Thika,Nakuru,200,3.779502977534174,Diesel,13.212154010752236,26.424308021504473,5020.6185240858495
TR02871,VH049,2026-04-14 08:10:33.726745,Eldoret,Machakos,430,7.89616960518718,Diesel,11.00614999805846,47.32644499165137,8992.024548413761
TR02872,VH046,2026-04-14 09:02:24.748949,Nairobi,Thika,45,1.0904394187536046,Diesel,12.14922871853175,5.467152923339288,1038.7590554344647
TR02873,VH019,2026-04-14 09:54:15.771154,Eldoret,Mombasa,750,16.122394271315056,Diesel,9.740888651647369,73.05666488735527,13880.766328597501
TR02874,VH022,2026-04-14 10:46:06.793358,Nakuru,Nairobi,155,2.818421583280843,Petrol,18.332833262168144,28.415891556360624,5683.178311272125
TR02875,VH024,2026-04-14 11:37:57.815563,Naivasha,Mombasa,620,11.604702074889001,Petrol,12.206074951175124,75.67766469728576,15135.532939457153
TR02876,VH045,2026-04-14 12:29:48.837767,Eldoret,Nakuru,160,4.699242187374154,Diesel,18.451063378868845,29.521701406190154,5609.123267176129
TR02877,VH012,2026-04-14 13:21:39.859971,Mombasa,Naivasha,620,11.323108345657797,Diesel,13.66915059710728,84.74873370206514,16102.259403392376
TR02878,VH030,2026-04-14 14:13:30.882176,Nairobi,Kisumu,350,7.676772457044083,Diesel,12.695450725111238,44.43407753788933,8442.474732198973
TR02879,VH038,2026-04-14 15:05:21.904380,Naivasha,Nairobi,95,2.0741695780108147,Diesel,10.992914891130416,10.443269146573895,1984.2211378490401
TR02880,VH031,2026-04-14 15:57:12.926585,Mombasa,Thika,520,9.76728952903234,Petrol,11.697614717563248,60.827596531328886,12165.519306265778
TR02881,VH036,2026-04-14 16:49:03.948789,Naivasha,Machakos,190,3.0554735341623513,Diesel,9.914988583010494,18.83847830771994,3579.3108784667884
TR02882,VH019,2026-04-14 17:40:54.970994,Thika,Machakos,80,1.6530113128665544,Diesel,11.19368603755206,8.95494883004165,1701.4402777079133
TR02883,VH048,2026-04-14 18:32:45.993198,Nakuru,Eldoret,160,2.6921341786284083,Diesel,23.596922213695603,37.755075541912966,7173.464352963463
TR02884,VH045,2026-04-14 19:24:37.015403,Thika,Nakuru,200,5.1985024971180955,Diesel,21.233435053874462,42.466870107748925,8068.705320472296
TR02885,VH036,2026-04-14 20:16:28.037607,Mombasa,Nairobi,480,9.403293119200514,Diesel,9.743496591487741,46.768783639141155,8886.06889143682
TR02886,VH030,2026-04-14 21:08:19.059811,Mombasa,Eldoret,750,16.421599203703703,Diesel,13.619143409114725,102.14357556836045,19407.279357988486
TR02887,VH049,2026-04-14 22:00:10.082016,Mombasa,Thika,520,9.950999766502154,Diesel,9.933842081350043,51.65597882302023,9814.635976373844
TR02888,VH033,2026-04-14 22:52:01.104220,Kisumu,Naivasha,270,5.668750854854019,Petrol,12.692749371850548,34.27042330399648,6854.084660799296
TR02889,VH018,2026-04-14 23:43:52.126425,Nakuru,Kisumu,190,4.838113088590888,Diesel,11.396761446079166,21.653846747550414,4114.230882034579
TR02890,VH049,2026-04-15 00:35:43.148629,Naivasha,Thika,145,3.3798962528058207,Diesel,11.268708795471507,16.339627753433685,3104.5292731524
TR02891,VH028,2026-04-15 01:27:34.170834,Machakos,Nairobi,115,3.1203879850593728,Petrol,14.257175189287373,16.39575146768048,3279.150293536096
TR02892,VH047,2026-04-15 02:19:25.193038,Mombasa,Naivasha,620,15.67842432238463,Petrol,12.543017621703344,77.76670925456074,15553.341850912147
TR02893,VH011,2026-04-15 03:11:16.215243,Mombasa,Naivasha,620,11.515046776841098,Diesel,10.164553984774697,63.02023470560312,11973.844594064592
TR02894,VH045,2026-04-15 04:03:07.237447,Naivasha,Nairobi,95,1.97950883461917,Diesel,20.073220202211218,19.069559192100655,3623.2162464991243
TR02895,VH033,2026-04-15 04:54:58.259651,Machakos,Nairobi,115,2.218068314704318,Petrol,13.354603304249494,15.357793799886917,3071.5587599773835
TR02896,VH017,2026-04-15 05:46:49.281856,Thika,Nakuru,200,3.0995920697616217,Petrol,9.091630842725992,18.183261685451985,3636.652337090397
TR02897,VH006,2026-04-15 06:38:40.304060,Thika,Naivasha,145,3.0441575636704328,Diesel,21.816774123833792,31.634322479558996,6010.521271116209
TR02898,VH004,2026-04-15 07:30:31.326265,Mombasa,Eldoret,750,13.617974056550041,Diesel,13.63912834586972,102.2934625940229,19435.757892864352
TR02899,VH020,2026-04-15 08:22:22.348469,Nairobi,Mombasa,480,9.55697752675024,Petrol,12.10928042742288,58.12454605162982,11624.909210325965
TR02900,VH048,2026-04-15 09:14:13.370674,Kisumu,Thika,370,5.131656370755371,Diesel,23.323725414731054,86.2977840345049,16396.57896655593
TR02901,VH047,2026-04-15 10:06:04.392878,Thika,Naivasha,145,5.60737004856676,Petrol,12.62845924457373,18.311265904631906,3662.253180926381
TR02902,VH027,2026-04-15 10:57:55.415083,Nairobi,Mombasa,480,10.845324886694796,Petrol,22.844214866071795,109.65223135714461,21930.446271428922
TR02903,VH015,2026-04-15 11:49:46.437287,Kisumu,Eldoret,120,2.172645989641095,Petrol,13.10769930462826,15.729239165553912,3145.847833110782
TR02904,VH006,2026-04-15 12:41:37.459491,Mombasa,Machakos,420,9.550499632357525,Diesel,22.51983467914677,94.58330565241643,17970.82807395912
TR02905,VH047,2026-04-15 13:33:28.481696,Nakuru,Kisumu,190,3.4844117759487157,Petrol,11.01209247128491,20.92297569544133,4184.5951390882665
TR02906,VH014,2026-04-15 14:25:19.503900,Eldoret,Naivasha,235,4.745618064497756,Diesel,12.359545549572939,29.04493204149641,5518.537087884318
TR02907,VH011,2026-04-15 15:17:10.526105,Eldoret,Machakos,430,7.5545167258041905,Diesel,13.583623913407253,58.409582827651185,11097.820737253725
TR02908,VH039,2026-04-15 16:09:01.548309,Mombasa,Nairobi,480,11.723610788614081,Diesel,24.13414220766756,115.84388259680428,22010.337693392812
TR02909,VH009,2026-04-15 17:00:52.570514,Thika,Nairobi,45,0.875780492182161,Diesel,11.361094004198879,5.112492301889496,971.3735373590042
TR02910,VH026,2026-04-15 17:52:43.592718,Nairobi,Thika,45,0.8375498408956508,Diesel,20.394537571797496,9.177541907308873,1743.7329623886858
TR02911,VH016,2026-04-15 18:44:34.614922,Nakuru,Thika,200,3.9173967331454276,Diesel,24.51517577453689,49.03035154907378,9315.766794324018
TR02912,VH005,2026-04-15 19:36:25.637127,Naivasha,Thika,145,2.8322912521592314,Diesel,22.04958254686612,31.97189469295587,6074.659991661615
TR02913,VH010,2026-04-15 20:28:16.659331,Kisumu,Machakos,465,7.799468486842663,Diesel,10.894809085675005,50.66086224838878,9625.563827193868
TR02914,VH050,2026-04-15 21:20:07.681536,Mombasa,Machakos,420,11.487728061592861,Diesel,12.318475694561913,51.73759791716004,9830.143604260407
TR02915,VH003,2026-04-15 22:11:58.703740,Nakuru,Nairobi,155,3.0392313278076477,Diesel,14.953810777696898,23.17840670543019,4403.897274031737
TR02916,VH013,2026-04-15 23:03:49.725945,Machakos,Thika,80,1.9837916811691374,Petrol,23.7641749512928,19.011339961034242,3802.2679922068482
TR02917,VH043,2026-04-15 23:55:40.748149,Nakuru,Nairobi,155,2.764850984792014,Diesel,13.728705682757013,21.279493808273372,4043.1038235719407
TR02918,VH049,2026-04-16 00:47:31.770354,Thika,Eldoret,350,8.083788450466999,Diesel,10.040233271331346,35.14081644965971,6676.755125435345
TR02919,VH030,2026-04-16 01:39:22.792558,Machakos,Kisumu,465,15.386939469063428,Diesel,14.380698923420036,66.87024999390317,12705.347498841602
TR02920,VH045,2026-04-16 02:31:13.814762,Kisumu,Mombasa,850,15.110643872815489,Diesel,21.680521904748826,184.28443619036503,35014.042876169355
TR02921,VH006,2026-04-16 03:23:04.836967,Machakos,Mombasa,420,8.77687375463118,Diesel,24.22503015450369,101.7451266489155,19331.574063293945
TR02922,VH017,2026-04-16 04:14:55.859171,Nakuru,Nairobi,155,2.932660240673924,Petrol,10.649139147124396,16.506165678042816,3301.2331356085633
TR02923,VH045,2026-04-16 05:06:46.881376,Thika,Machakos,80,1.3025906478347613,Diesel,18.43435736844803,14.747485894758425,2802.022320004101
TR02924,VH019,2026-04-16 05:58:37.903580,Machakos,Eldoret,430,8.117617299184115,Diesel,11.379879843298731,48.93348332618454,9297.361831975064
TR02925,VH042,2026-04-16 06:50:28.925785,Nairobi,Kisumu,350,6.815248870793415,Diesel,11.349188024089388,39.72215808431286,7547.210036019444
TR02926,VH035,2026-04-16 07:42:19.947989,Thika,Nakuru,200,4.030483598105673,Diesel,13.576146448881492,27.152292897762983,5158.9356505749665
TR02927,VH046,2026-04-16 08:34:10.970194,Nairobi,Nakuru,155,3.797014251060693,Diesel,14.785532764280163,22.917575784634252,4354.339399080508
TR02928,VH026,2026-04-16 09:26:01.992398,Nairobi,Eldoret,310,6.421141927424751,Diesel,22.836819058060946,70.79413907998894,13450.886425197898
TR02929,VH005,2026-04-16 10:17:53.014602,Machakos,Mombasa,420,6.38383359172485,Diesel,24.208537507964422,101.67585753345058,19318.41293135561
TR02930,VH029,2026-04-16 11:09:44.036807,Machakos,Nairobi,115,2.4468998185829554,Diesel,12.265120068006032,14.104888078206937,2679.928734859318
TR02931,VH037,2026-04-16 12:01:35.059011,Naivasha,Kisumu,270,5.538246742575706,Diesel,13.858203685976509,37.417149952136576,7109.25849090595
TR02932,VH020,2026-04-16 12:53:26.081216,Naivasha,Nakuru,75,1.248820299056296,Petrol,13.215217183358517,9.911412887518887,1982.2825775037775
TR02933,VH049,2026-04-16 13:45:17.103420,Nakuru,Machakos,270,7.1675661490994775,Diesel,12.554378137917713,33.896820972377824,6440.395984751786
TR02934,VH021,2026-04-16 14:37:08.125625,Thika,Eldoret,350,6.368152842000878,Petrol,21.554441002486953,75.44054350870434,15088.108701740868
TR02935,VH010,2026-04-16 15:28:59.147829,Naivasha,Eldoret,235,6.302133284403907,Diesel,13.12933054807684,30.853926787980576,5862.246089716309
TR02936,VH005,2026-04-16 16:20:50.170034,Nairobi,Mombasa,480,9.023657254255319,Diesel,22.903548969752162,109.93703505481038,20888.03666041397
TR02937,VH036,2026-04-16 17:12:41.192238,Naivasha,Mombasa,620,12.444620332347673,Diesel,10.265422016107134,63.64561649986423,12092.667134974205
TR02938,VH006,2026-04-16 18:04:32.214442,Kisumu,Nairobi,350,6.375320438164656,Diesel,23.667054826404893,82.83469189241713,15738.591459559255
TR02939,VH026,2026-04-16 18:56:23.236647,Nakuru,Thika,200,4.773246331729539,Diesel,24.652271772770913,49.304543545541826,9367.863273652947
TR02940,VH004,2026-04-16 19:48:14.258851,Thika,Nakuru,200,4.37447851763299,Diesel,12.32619657589968,24.65239315179936,4683.954698841878
TR02941,VH039,2026-04-16 20:40:05.281056,Thika,Eldoret,350,6.327692352874343,Diesel,22.907470281769143,80.176145986192,15233.467737376479
TR02942,VH039,2026-04-16 21:31:56.303260,Eldoret,Kisumu,120,2.613164170404769,Diesel,23.159181340532477,27.79101760863897,5280.293345641405
TR02943,VH050,2026-04-16 22:23:47.325465,Thika,Machakos,80,1.4274467513251252,Diesel,12.311237737607401,9.848990190085921,1871.308136116325
TR02944,VH035,2026-04-16 23:15:38.347669,Nakuru,Machakos,270,5.225129697650909,Diesel,12.735575541643177,34.386053962436584,6533.350252862951
TR02945,VH001,2026-04-17 00:07:29.369873,Kisumu,Naivasha,270,5.814706503311873,Petrol,14.408239772874053,38.902247386759946,7780.449477351989
TR02946,VH024,2026-04-17 00:59:20.392078,Thika,Eldoret,350,7.371964783145595,Petrol,11.244633546344472,39.35621741220565,7871.24348244113
TR02947,VH036,2026-04-17 01:51:11.414282,Eldoret,Thika,350,6.9960767885624575,Diesel,9.305514782433018,32.56930173851556,6188.167330317957
TR02948,VH006,2026-04-17 02:43:02.436487,Nakuru,Machakos,270,5.597183967793175,Diesel,23.91189462998512,64.56211550095983,12266.80194518237
TR02949,VH041,2026-04-17 03:34:53.458691,Nairobi,Naivasha,95,1.7012285260494295,Diesel,22.717868906215855,21.581975460905063,4100.575337571962
TR02950,VH046,2026-04-17 04:26:44.480896,Mombasa,Eldoret,750,15.947347263977147,Diesel,14.246293132498232,106.84719849373674,20300.96771380998
TR02951,VH044,2026-04-17 05:18:35.503100,Mombasa,Nakuru,630,13.871838823926609,Petrol,18.96983209711286,119.50994221181102,23901.988442362206
TR02952,VH031,2026-04-17 06:10:26.525305,Nairobi,Thika,45,0.7855869109332487,Petrol,9.153764702548582,4.119194116146862,823.8388232293725
TR02953,VH020,2026-04-17 07:02:17.547509,Naivasha,Machakos,190,4.075244745231454,Petrol,13.671872701912505,25.97655813363376,5195.3116267267515
TR02954,VH024,2026-04-17 07:54:08.569713,Thika,Nairobi,45,0.9851779530809116,Petrol,9.738641529252872,4.382388688163792,876.4777376327585
TR02955,VH025,2026-04-17 08:45:59.591918,Machakos,Eldoret,430,14.278745884183488,Diesel,23.667566324493162,101.77053519532059,19336.401687110912
TR02956,VH036,2026-04-17 09:37:50.614122,Mombasa,Nairobi,480,11.515217117398644,Diesel,13.11604971090318,62.95703861233526,11961.8373363437
TR02957,VH021,2026-04-17 10:29:41.636327,Naivasha,Kisumu,270,6.236865022122452,Petrol,22.96093640384302,61.99452829037616,12398.905658075231
TR02958,VH030,2026-04-17 11:21:32.658531,Mombasa,Thika,520,11.383798010285892,Diesel,10.656311055464355,55.41281748841465,10528.435322798785
TR02959,VH024,2026-04-17 12:13:23.680736,Nairobi,Machakos,115,2.6004634637765753,Petrol,12.336993122804039,14.187542091224643,2837.5084182449286
TR02960,VH044,2026-04-17 13:05:14.702940,Thika,Kisumu,370,6.394259551545779,Petrol,24.22360608328806,89.62734250816582,17925.468501633164
TR02961,VH042,2026-04-17 13:57:05.725145,Thika,Kisumu,370,8.44771639423743,Diesel,12.127658224004417,44.87233542881634,8525.743731475104
TR02962,VH030,2026-04-17 14:48:56.747349,Naivasha,Mombasa,620,13.96554010787193,Diesel,12.067584271892994,74.81902248573657,14215.614272289948
TR02963,VH022,2026-04-17 15:40:47.769553,Nairobi,Thika,45,0.8781304495873058,Petrol,21.100008167055933,9.49500367517517,1899.0007350350338
TR02964,VH028,2026-04-17 16:32:38.791758,Naivasha,Nairobi,95,2.3065785219650525,Petrol,10.411359453381031,9.890791480711979,1978.1582961423958
TR02965,VH007,2026-04-17 17:24:29.813962,Thika,Nairobi,45,0.719862509269476,Petrol,14.460127845149866,6.50705753031744,1301.411506063488
TR02966,VH035,2026-04-17 18:16:20.836167,Machakos,Eldoret,430,7.621781760064541,Diesel,14.345914319902551,61.687431575580966,11720.611999360384
TR02967,VH028,2026-04-17 19:08:11.858371,Thika,Naivasha,145,3.566570271704627,Petrol,14.989546608951432,21.734842582979574,4346.9685165959145
TR02968,VH014,2026-04-17 20:00:02.880576,Nakuru,Mombasa,630,10.841631240675463,Diesel,12.925915707492067,81.43326895720001,15472.321101868003
TR02969,VH010,2026-04-17 20:51:53.902780,Machakos,Mombasa,420,7.02650572260884,Diesel,13.75595818225693,57.775024365479105,10977.25462944103
TR02970,VH016,2026-04-17 21:43:44.924984,Naivasha,Mombasa,620,15.172619588805583,Diesel,19.418703344151133,120.39596073373703,22875.232539410033
TR02971,VH016,2026-04-17 22:35:35.947189,Nakuru,Nairobi,155,3.81035100580614,Diesel,22.672701727569187,35.14268767773224,6677.110658769126
TR02972,VH031,2026-04-17 23:27:26.969393,Nairobi,Eldoret,310,6.871070701183685,Petrol,12.248664243786953,37.970859155739554,7594.171831147911
TR02973,VH042,2026-04-18 00:19:17.991598,Kisumu,Machakos,465,12.022226679642143,Diesel,14.506043679208062,67.45310310831749,12816.089590580323
TR02974,VH025,2026-04-18 01:11:09.013802,Mombasa,Naivasha,620,14.168937518502416,Diesel,23.81554905987352,147.65640417121583,28054.716792531006
TR02975,VH013,2026-04-18 02:03:00.036007,Nakuru,Mombasa,630,13.461825151743643,Petrol,24.56926523832434,154.78637100144334,30957.27420028867
TR02976,VH006,2026-04-18 02:54:51.058211,Mombasa,Nairobi,480,8.883424120413554,Diesel,24.081834308911255,115.59280468277402,21962.63288972706
TR02977,VH044,2026-04-18 03:46:42.080416,Eldoret,Nairobi,310,6.12045803465996,Petrol,24.080857264291964,74.65065751930508,14930.131503861017
TR02978,VH009,2026-04-18 04:38:33.102620,Nairobi,Eldoret,310,6.350399307617672,Diesel,10.318616633443591,31.987711563675134,6077.665197098276
TR02979,VH045,2026-04-18 05:30:24.124824,Kisumu,Thika,370,8.020008639985273,Diesel,23.921733668871692,88.51041457482526,16816.9787692168
TR02980,VH036,2026-04-18 06:22:15.147029,Eldoret,Thika,350,8.85261195297387,Diesel,12.037391972515591,42.13087190380457,8004.865661722868
TR02981,VH043,2026-04-18 07:14:06.169233,Eldoret,Machakos,430,7.856214206206575,Diesel,11.902222258829806,51.17955571296816,9724.115585463951
TR02982,VH020,2026-04-18 08:05:57.191438,Thika,Machakos,80,1.4664102262219532,Petrol,9.282573121940311,7.4260584975522494,1485.21169951045
TR02983,VH018,2026-04-18 08:57:48.213642,Eldoret,Mombasa,750,16.642549293114893,Diesel,12.388368873840234,92.91276655380176,17653.425645222334
TR02984,VH043,2026-04-18 09:49:39.235847,Nairobi,Machakos,115,2.791888354379212,Diesel,11.641008752688087,13.3871600655913,2543.560412462347
TR02985,VH021,2026-04-18 10:41:30.258051,Nakuru,Mombasa,630,10.088258571255732,Petrol,21.27443385490224,134.0289332858841,26805.78665717682
TR02986,VH004,2026-04-18 11:33:21.280256,Nairobi,Naivasha,95,1.8278424954529644,Diesel,13.40864218527567,12.738210076011887,2420.2599144422584
TR02987,VH050,2026-04-18 12:25:12.302460,Nakuru,Machakos,270,5.077502783343666,Diesel,13.558872735120715,36.60895638482594,6955.701713116928
TR02988,VH033,2026-04-18 13:17:03.324664,Eldoret,Kisumu,120,2.242102911972273,Petrol,13.127184578024991,15.752621493629988,3150.5242987259976
TR02989,VH027,2026-04-18 14:08:54.346869,Eldoret,Mombasa,750,18.573491278007296,Petrol,21.1541799037252,158.656349277939,31731.2698555878
TR02990,VH007,2026-04-18 15:00:45.369073,Machakos,Kisumu,465,7.500700145338042,Petrol,11.938915787231895,55.515958410628315,11103.191682125664
TR02991,VH006,2026-04-18 15:52:36.391278,Kisumu,Nairobi,350,7.483106907038518,Diesel,19.678458171908332,68.87460360167915,13086.17468431904
TR02992,VH015,2026-04-18 16:44:27.413482,Nakuru,Mombasa,630,11.135397662549185,Petrol,10.86213375587984,68.431442662043,13686.2885324086
TR02993,VH018,2026-04-18 17:36:18.435687,Eldoret,Nairobi,310,5.026962223173293,Diesel,9.555231936459492,29.621219003024425,5628.031610574641
TR02994,VH032,2026-04-18 18:28:09.457891,Thika,Nakuru,200,3.948588722826333,Petrol,14.855527541823772,29.711055083647544,5942.211016729509
TR02995,VH011,2026-04-18 19:20:00.480096,Machakos,Kisumu,465,11.467841056487345,Diesel,12.869587219797895,59.84358057206021,11370.280308691441
TR02996,VH020,2026-04-18 20:11:51.502300,Mombasa,Kisumu,850,28.284085185922727,Petrol,9.639029213976064,81.93174831879655,16386.34966375931
TR02997,VH024,2026-04-18 21:03:42.524504,Machakos,Mombasa,420,8.451950160897685,Petrol,10.764030046329529,45.20892619458402,9041.785238916804
TR02998,VH015,2026-04-18 21:55:33.546709,Kisumu,Nairobi,350,6.730619658038726,Petrol,11.73519571810328,41.07318501336148,8214.637002672296
TR02999,VH048,2026-04-18 22:47:24.568913,Nairobi,Nakuru,155,3.4175747931825957,Diesel,21.730199456486087,33.68180915755344,6399.543739935153
TR03000,VH007,2026-04-18 23:39:15.591118,Kisumu,Nakuru,190,3.7192561664844987,Petrol,10.177516843593162,19.337282002827006,3867.456400565401
TR03001,VH021,2026-04-19 00:31:06.613322,Mombasa,Nakuru,630,11.788313613696646,Petrol,24.65588723960378,155.3320896095038,31066.417921900764
TR03002,VH042,2026-04-19 01:22:57.635527,Machakos,Thika,80,1.380466549198309,Diesel,11.376878407374724,9.10150272589978,1729.285517920958
TR03003,VH026,2026-04-19 02:14:48.657731,Nakuru,Thika,200,4.151834508533479,Diesel,18.113292682523237,36.226585365046475,6883.05121935883
TR03004,VH044,2026-04-19 03:06:39.679935,Nairobi,Kisumu,350,7.051153777938557,Petrol,18.53510806265198,64.87287821928193,12974.575643856386
TR03005,VH014,2026-04-19 03:58:30.702140,Nairobi,Nakuru,155,3.1911916611136824,Diesel,12.900974516239884,19.996510500171823,3799.3369950326464
TR03006,VH037,2026-04-19 04:50:21.724344,Nakuru,Nairobi,155,3.0834261486632384,Diesel,10.688927603375484,16.567837785232,3147.88917919408
TR03007,VH021,2026-04-19 05:42:12.746549,Naivasha,Mombasa,620,13.50923668215795,Petrol,18.29207354997452,113.41085600984204,22682.171201968406
TR03008,VH018,2026-04-19 06:34:03.768753,Naivasha,Nairobi,95,2.0716902106413273,Diesel,10.898132332063557,10.353225715460379,1967.1128859374721
TR03009,VH005,2026-04-19 07:25:54.790958,Kisumu,Thika,370,7.981049574005949,Diesel,22.359328346381318,82.72951488161088,15718.607827506068
TR03010,VH003,2026-04-19 08:17:45.813162,Eldoret,Mombasa,750,14.634109239940067,Diesel,10.559199024208063,79.19399268156047,15046.85860949649
TR03011,VH023,2026-04-19 09:09:36.835367,Naivasha,Machakos,190,4.395961586964804,Diesel,10.566639160756578,20.076614405437496,3814.556737033124
TR03012,VH026,2026-04-19 10:01:27.857571,Kisumu,Machakos,465,10.023269389565728,Diesel,20.924324701371795,97.29810986137885,18486.64087366198
TR03013,VH037,2026-04-19 10:53:18.879775,Naivasha,Eldoret,235,3.6451786379314917,Diesel,10.797300488933836,25.373656148994513,4820.994668308957
TR03014,VH024,2026-04-19 11:45:09.901980,Mombasa,Kisumu,850,14.867627029712144,Petrol,11.53036949233355,98.00814068483518,19601.628136967036
TR03015,VH049,2026-04-19 12:37:00.924184,Thika,Nairobi,45,1.062740631797761,Diesel,9.426070434508855,4.241731695528985,805.9290221505072
TR03016,VH019,2026-04-19 13:28:51.946389,Eldoret,Machakos,430,7.554809690389479,Diesel,9.232592481725343,39.700147671418975,7543.028057569605
TR03017,VH025,2026-04-19 14:20:42.968593,Kisumu,Naivasha,270,4.9073834436721,Diesel,21.638847570085943,58.42488843923205,11100.728803454089
TR03018,VH021,2026-04-19 15:12:33.990798,Thika,Nakuru,200,4.067633029976048,Petrol,19.73527880925613,39.47055761851226,7894.111523702451
TR03019,VH012,2026-04-19 16:04:25.013002,Thika,Nairobi,45,1.0149715882317072,Diesel,10.476869039490138,4.714591067770562,895.7723028764068
TR03020,VH041,2026-04-19 16:56:16.035207,Machakos,Eldoret,430,9.901471812540256,Diesel,20.967388112413424,90.15976888337772,17130.356087841767
TR03021,VH033,2026-04-19 17:48:07.057411,Naivasha,Machakos,190,3.6686108038081806,Petrol,13.575703697586974,25.79383702541525,5158.76740508305
TR03022,VH050,2026-04-19 18:39:58.079615,Machakos,Kisumu,465,10.75638663229589,Diesel,12.620962233270774,58.687474384709105,11150.62013309473
TR03023,VH004,2026-04-19 19:31:49.101820,Nakuru,Mombasa,630,10.718337786009979,Diesel,14.078079576735139,88.69190133343137,16851.46125335196
TR03024,VH042,2026-04-19 20:23:40.124024,Mombasa,Thika,520,8.51810345951389,Diesel,14.359569943793183,74.66976370772456,14187.255104467666
TR03025,VH007,2026-04-19 21:15:31.146229,Mombasa,Nairobi,480,9.66620110104357,Petrol,14.863138706982095,71.34306579351406,14268.613158702812
TR03026,VH022,2026-04-19 22:07:22.168433,Mombasa,Nairobi,480,8.120419528914338,Petrol,23.34272601459921,112.04508487007621,22409.01697401524
TR03027,VH033,2026-04-19 22:59:13.190638,Eldoret,Nairobi,310,6.637034319014336,Petrol,12.042039609697397,37.330322790061935,7466.064558012387
TR03028,VH017,2026-04-19 23:51:04.212842,Nairobi,Mombasa,480,10.838839039449663,Petrol,10.827129401511236,51.97022112725393,10394.044225450785
TR03029,VH024,2026-04-20 00:42:55.235047,Eldoret,Mombasa,750,12.754624514363762,Petrol,9.90821618278858,74.31162137091435,14862.32427418287
TR03030,VH034,2026-04-20 01:34:46.257251,Kisumu,Nakuru,190,3.0332571593693625,Diesel,12.433299369916472,23.623268802841295,4488.421072539846
TR03031,VH028,2026-04-20 02:26:37.279455,Thika,Naivasha,145,2.2068247108731986,Petrol,14.97474993060971,21.71338739938408,4342.677479876816
TR03032,VH043,2026-04-20 03:18:28.301660,Thika,Kisumu,370,7.026040328377981,Diesel,12.336793423094594,45.646135665450004,8672.7657764355
TR03033,VH041,2026-04-20 04:10:19.323864,Machakos,Mombasa,420,7.381775181036153,Diesel,23.065755576649654,96.87617342192856,18406.472950166426
TR03034,VH039,2026-04-20 05:02:10.346069,Nairobi,Mombasa,480,9.14548096780641,Diesel,21.465647149952094,103.03510631977005,19576.67020075631
TR03035,VH022,2026-04-20 05:54:01.368273,Kisumu,Mombasa,850,13.8827575069744,Petrol,21.023533963544338,178.70003869012686,35740.00773802537
TR03036,VH049,2026-04-20 06:45:52.390478,Nairobi,Thika,45,0.8416520811760461,Diesel,11.051528067799575,4.973187630509809,944.9056497968637
TR03037,VH017,2026-04-20 07:37:43.412682,Thika,Naivasha,145,2.5690694175918964,Petrol,11.523123414658489,16.70852895125481,3341.705790250962
TR03038,VH034,2026-04-20 08:29:34.434886,Naivasha,Nairobi,95,2.3217930726082523,Diesel,10.834478309326876,10.292754393860532,1955.623334833501
TR03039,VH006,2026-04-20 09:21:25.457091,Eldoret,Kisumu,120,2.4921757210199855,Diesel,23.241413252752654,27.889695903303185,5299.042221627605
TR03040,VH046,2026-04-20 10:13:16.479295,Mombasa,Nairobi,480,8.494208752744596,Diesel,14.371360132957584,68.9825286381964,13106.680441257316
TR03041,VH006,2026-04-20 11:05:07.501500,Thika,Naivasha,145,2.5989490732399854,Diesel,24.18019714651629,35.06128586244862,6661.644313865238
TR03042,VH034,2026-04-20 11:56:58.523704,Nakuru,Eldoret,160,2.7976319461690102,Diesel,10.13849356712913,16.221589707406608,3082.1020444072556
TR03043,VH001,2026-04-20 12:48:49.545909,Mombasa,Naivasha,620,12.165154806213408,Petrol,14.479545693657453,89.77318330067621,17954.636660135242
TR03044,VH010,2026-04-20 13:40:40.568113,Thika,Kisumu,370,8.261911716320322,Diesel,11.707756159275526,43.31869778931945,8230.552579970696
TR03045,VH021,2026-04-20 14:32:31.590318,Eldoret,Nakuru,160,3.230467982271823,Petrol,20.165153658397085,32.264245853435334,6452.849170687066
TR03046,VH005,2026-04-20 15:24:22.612522,Nairobi,Machakos,115,2.2828206373085926,Diesel,23.08729240178765,26.550386262055795,5044.573389790601
TR03047,VH002,2026-04-20 16:16:13.634726,Naivasha,Nakuru,75,1.4441426847599559,Petrol,20.132874380604026,15.09965578545302,3019.931157090604
TR03048,VH022,2026-04-20 17:08:04.656931,Naivasha,Mombasa,620,14.672098737215189,Petrol,18.37076483926797,113.89874200346142,22779.748400692286
TR03049,VH048,2026-04-20 17:59:55.679135,Mombasa,Nakuru,630,13.15980018287154,Diesel,20.615324406172157,129.8765437588846,24676.54331418807
TR03050,VH002,2026-04-20 18:51:46.701340,Eldoret,Kisumu,120,2.4345383513335235,Petrol,23.050259202508443,27.66031104301013,5532.062208602026
TR03051,VH010,2026-04-20 19:43:37.723544,Naivasha,Nairobi,95,2.962988216628411,Diesel,11.634792101350882,11.053052496283337,2100.079974293834
TR03052,VH034,2026-04-20 20:35:28.745749,Naivasha,Machakos,190,3.3533334227263727,Diesel,12.147795279975732,23.08081103195389,4385.354096071239
TR03053,VH016,2026-04-20 21:27:19.767953,Kisumu,Thika,370,7.210770960448902,Diesel,22.620836109841914,83.69709360641508,15902.447785218865
TR03054,VH048,2026-04-20 22:19:10.790158,Nakuru,Thika,200,3.837110738108837,Diesel,23.136152082084493,46.272304164168986,8791.737791192107
TR03055,VH039,2026-04-20 23:11:01.812362,Mombasa,Nairobi,480,10.462980452064002,Diesel,24.279913264176557,116.54358366804746,22143.280896929016
TR03056,VH022,2026-04-21 00:02:52.834566,Nairobi,Mombasa,480,8.776741152542428,Petrol,21.02795149487902,100.93416717541929,20186.83343508386
TR03057,VH012,2026-04-21 00:54:43.856771,Naivasha,Nakuru,75,1.7303196108706849,Diesel,10.832160383312285,8.124120287484214,1543.5828546220007
TR03058,VH024,2026-04-21 01:46:34.878975,Kisumu,Thika,370,8.295687718053756,Petrol,10.594628577159448,39.200125735489955,7840.025147097991
TR03059,VH047,2026-04-21 02:38:25.901180,Eldoret,Kisumu,120,2.180761885551876,Petrol,11.16083627586993,13.393003531043915,2678.600706208783
TR03060,VH040,2026-04-21 03:30:16.923384,Naivasha,Thika,145,2.7432354048257004,Petrol,13.569457346640565,19.67571315262882,3935.142630525764
TR03061,VH038,2026-04-21 04:22:07.945589,Machakos,Mombasa,420,10.55828227811956,Diesel,10.065610627808168,42.27556463679431,8032.357280990918
TR03062,VH010,2026-04-21 05:13:58.967793,Nakuru,Naivasha,75,1.197720173938118,Diesel,11.578926917199395,8.684195187899546,1649.9970857009137
TR03063,VH035,2026-04-21 06:05:49.989998,Nairobi,Kisumu,350,7.966854467150823,Diesel,13.899212905096583,48.64724516783804,9242.976581889227
TR03064,VH049,2026-04-21 06:57:41.012202,Eldoret,Thika,350,7.151723592446688,Diesel,12.354288516653476,43.24000980828717,8215.601863574562
TR03065,VH032,2026-04-21 07:49:32.034406,Eldoret,Machakos,430,6.7214491772101255,Petrol,13.658699867928025,58.732409432090506,11746.481886418102
TR03066,VH007,2026-04-21 08:41:23.056611,Mombasa,Nairobi,480,14.31906259566741,Petrol,14.059053847195973,67.48345846654067,13496.691693308134
TR03067,VH021,2026-04-21 09:33:14.078815,Naivasha,Machakos,190,5.226972556959422,Petrol,23.482650032145735,44.61703506107689,8923.407012215379
TR03068,VH020,2026-04-21 10:25:05.101020,Mombasa,Machakos,420,7.845266025467947,Petrol,12.41091583076389,52.12584648920834,10425.169297841669
TR03069,VH026,2026-04-21 11:16:56.123224,Nairobi,Thika,45,1.4914635451034068,Diesel,21.077630726594133,9.48493382696736,1802.1374271237985
TR03070,VH004,2026-04-21 12:08:47.145429,Machakos,Kisumu,465,13.817879524098943,Diesel,14.91799164439077,69.36866114641708,13180.045617819245
TR03071,VH046,2026-04-21 13:00:38.167633,Naivasha,Nakuru,75,1.2625994247288634,Diesel,12.845365977950369,9.634024483462778,1830.4646518579277
TR03072,VH022,2026-04-21 13:52:29.189837,Thika,Nairobi,45,0.9629991532067059,Petrol,19.419384465581874,8.738723009511844,1747.7446019023687
TR03073,VH015,2026-04-21 14:44:20.212042,Naivasha,Thika,145,2.1459635104211476,Petrol,10.464064275523922,15.172893199509687,3034.5786399019375
TR03074,VH040,2026-04-21 15:36:11.234246,Machakos,Kisumu,465,11.145241442151814,Petrol,13.46781227985235,62.62532710131343,12525.065420262687
TR03075,VH021,2026-04-21 16:28:02.256451,Thika,Naivasha,145,3.0557100872671206,Petrol,24.473176956396244,35.486106586774554,7097.221317354911
TR03076,VH015,2026-04-21 17:19:53.278655,Eldoret,Mombasa,750,13.805786793645549,Petrol,9.893600646029487,74.20200484522115,14840.40096904423
TR03077,VH022,2026-04-21 18:11:44.300860,Mombasa,Kisumu,850,15.807416460429884,Petrol,18.576425470220503,157.89961649687427,31579.923299374856
TR03078,VH028,2026-04-21 19:03:35.323064,Nakuru,Eldoret,160,3.336057566554128,Petrol,14.40765524021003,23.05224838433605,4610.44967686721
TR03079,VH014,2026-04-21 19:55:26.345269,Naivasha,Kisumu,270,6.0251288156345355,Diesel,14.576389894564173,39.35625271532327,7477.688015911422
TR03080,VH027,2026-04-21 20:47:17.367473,Nakuru,Naivasha,75,1.4464551634139344,Petrol,19.934655417211296,14.950991562908472,2990.1983125816946
TR03081,VH041,2026-04-21 21:39:08.389677,Naivasha,Nairobi,95,1.5569919593951302,Diesel,20.64100007059868,19.608950067068744,3725.700512743061
TR03082,VH040,2026-04-21 22:30:59.411882,Eldoret,Mombasa,750,13.368395481740192,Petrol,13.300939987489292,99.75704990616968,19951.409981233937
TR03083,VH028,2026-04-21 23:22:50.434086,Mombasa,Naivasha,620,13.796095107861285,Petrol,11.649650104212373,72.22783064611671,14445.566129223344
TR03084,VH026,2026-04-22 00:14:41.456291,Nairobi,Eldoret,310,7.369403677668496,Diesel,24.14011095789037,74.83434396946015,14218.525354197429
TR03085,VH049,2026-04-22 01:06:32.478495,Nairobi,Kisumu,350,7.87265408911858,Diesel,9.537893513569314,33.3826272974926,6342.699186523593
TR03086,VH002,2026-04-22 01:58:23.500700,Nairobi,Eldoret,310,7.7869770607398765,Petrol,18.265875546721368,56.62421419483624,11324.842838967248
TR03087,VH025,2026-04-22 02:50:14.522904,Naivasha,Eldoret,235,4.591702325941154,Diesel,19.459403447199527,45.72959810091889,8688.62363917459
TR03088,VH003,2026-04-22 03:42:05.545109,Naivasha,Nakuru,75,1.3271919283490894,Diesel,11.430438891024846,8.572829168268633,1628.8375419710403
TR03089,VH008,2026-04-22 04:33:56.567313,Nakuru,Kisumu,190,3.8438755319496036,Diesel,9.564632956444376,18.17280261724431,3452.8324972764194
TR03090,VH044,2026-04-22 05:25:47.589517,Mombasa,Eldoret,750,11.763204926293646,Petrol,18.459833005384528,138.44874754038395,27689.74950807679
TR03091,VH033,2026-04-22 06:17:38.611722,Machakos,Nairobi,115,1.7911847251483481,Petrol,12.778038567508991,14.69474435263534,2938.948870527068
TR03092,VH042,2026-04-22 07:09:29.633926,Naivasha,Nakuru,75,1.4296094025879913,Diesel,10.821382829511286,8.116037122133465,1542.0470532053582
TR03093,VH035,2026-04-22 08:01:20.656131,Mombasa,Thika,520,9.3499111221245,Diesel,14.56961099533152,75.7619771757239,14394.775663387541
TR03094,VH006,2026-04-22 08:53:11.678335,Nakuru,Naivasha,75,1.7524864673259422,Diesel,20.575997630136673,15.431998222602505,2932.079662294476
TR03095,VH039,2026-04-22 09:45:02.700540,Naivasha,Nairobi,95,2.016405130443971,Diesel,22.694240668049417,21.559528634646945,4096.31044058292
TR03096,VH023,2026-04-22 10:36:53.722744,Nairobi,Mombasa,480,7.976315259464883,Diesel,10.127010573844,48.6096507544512,9235.833643345728
TR03097,VH025,2026-04-22 11:28:44.744948,Nairobi,Mombasa,480,10.58065323029335,Diesel,19.682259379443067,94.47484502132671,17950.220554052077
TR03098,VH050,2026-04-22 12:20:35.767153,Eldoret,Nakuru,160,2.5848543691578243,Diesel,11.873546014337876,18.997673622940603,3609.5579883587147
TR03099,VH043,2026-04-22 13:12:26.789357,Thika,Nairobi,45,0.7640001393556394,Diesel,12.80321462572993,5.761446581578469,1094.674850499909
TR03100,VH019,2026-04-22 14:04:17.811562,Kisumu,Eldoret,120,2.1423601272294444,Diesel,12.843646140060407,15.412375368072489,2928.351319933773
TR03101,VH005,2026-04-22 14:56:08.833766,Machakos,Nairobi,115,2.8312263469697934,Diesel,23.30469313985986,26.800397110838837,5092.075451059379
TR03102,VH011,2026-04-22 15:47:59.855971,Thika,Eldoret,350,7.367783835896226,Diesel,13.353438823318307,46.73703588161408,8880.036817506674
TR03103,VH012,2026-04-22 16:39:50.878175,Naivasha,Mombasa,620,11.241318882500451,Diesel,12.245652829467454,75.92304754269821,14425.37903311266
TR03104,VH010,2026-04-22 17:31:41.900380,Mombasa,Thika,520,12.3474333903295,Diesel,14.453201931403086,75.15665004329605,14279.76350822625
TR03105,VH008,2026-04-22 18:23:32.922584,Naivasha,Nakuru,75,1.547049423310543,Diesel,12.112892451106493,9.08466933832987,1726.0871742826755
TR03106,VH024,2026-04-22 19:15:23.944788,Mombasa,Nairobi,480,8.568820040058679,Petrol,13.950992452311786,66.96476377109657,13392.952754219314
TR03107,VH028,2026-04-22 20:07:14.966993,Mombasa,Nairobi,480,10.559982175957346,Petrol,14.096849089671792,67.6648756304246,13532.97512608492
TR03108,VH041,2026-04-22 20:59:05.989197,Thika,Kisumu,370,8.559195055406985,Diesel,18.310168678668283,67.74762411107265,12872.048581103803
TR03109,VH036,2026-04-22 21:50:57.011402,Kisumu,Naivasha,270,7.585589826225718,Diesel,10.602969535401588,28.628017745584287,5439.323371661015
TR03110,VH037,2026-04-22 22:42:48.033606,Eldoret,Nairobi,310,6.608832078137484,Diesel,12.859378582354758,39.86407360529975,7574.1739850069525
TR03111,VH021,2026-04-22 23:34:39.055811,Thika,Machakos,80,1.4238561230063906,Petrol,23.05028676510041,18.440229412080328,3688.0458824160655
TR03112,VH008,2026-04-23 00:26:30.078015,Kisumu,Thika,370,8.6012965376454,Diesel,11.751682488809708,43.48122520859592,8261.432789633225
TR03113,VH009,2026-04-23 01:18:21.100220,Nairobi,Kisumu,350,6.980040316211166,Diesel,13.93065211231091,48.75728239308818,9263.883654686755
TR03114,VH047,2026-04-23 02:10:12.122424,Nairobi,Nakuru,155,3.21534564904622,Petrol,10.413278263786722,16.14058130886942,3228.116261773884
TR03115,VH015,2026-04-23 03:02:03.144628,Mombasa,Nairobi,480,10.746185681987061,Petrol,9.919560256164125,47.6138892295878,9522.777845917559
TR03116,VH048,2026-04-23 03:53:54.166833,Nakuru,Mombasa,630,11.110788801235534,Diesel,18.37741678652839,115.77772575512886,21997.767893474484
TR03117,VH046,2026-04-23 04:45:45.189037,Naivasha,Nairobi,95,1.5046363806198726,Diesel,12.866568722857611,12.22324028671473,2322.415654475799
TR03118,VH040,2026-04-23 05:37:36.211242,Naivasha,Nakuru,75,1.2923301992316223,Petrol,13.442997603377476,10.082248202533107,2016.4496405066213
TR03119,VH018,2026-04-23 06:29:27.233446,Mombasa,Naivasha,620,13.953747312903772,Diesel,10.630748585596809,65.91064123070022,12523.021833833041
TR03120,VH042,2026-04-23 07:21:18.255651,Nakuru,Thika,200,3.0331097914836778,Diesel,13.067920924279383,26.135841848558766,4965.809951226165
TR03121,VH020,2026-04-23 08:13:09.277855,Machakos,Nakuru,270,4.654271789585226,Petrol,9.260786154266647,25.004122616519947,5000.82452330399
TR03122,VH006,2026-04-23 09:05:00.300060,Kisumu,Mombasa,850,18.34223190777664,Diesel,18.695053424077624,158.9079541046598,30192.511279885362
TR03123,VH012,2026-04-23 09:56:51.322264,Machakos,Nairobi,115,2.625727304186822,Diesel,13.508773861292491,15.535089940486364,2951.667088692409
TR03124,VH002,2026-04-23 10:48:42.344468,Machakos,Mombasa,420,7.122469182536229,Petrol,20.57648793652109,86.42124933338859,17284.249866677717
TR03125,VH007,2026-04-23 11:40:33.366673,Nairobi,Thika,45,0.8756541250401876,Petrol,13.356670155515028,6.010501569981763,1202.1003139963525
TR03126,VH016,2026-04-23 12:32:24.388877,Machakos,Naivasha,190,4.398771184142187,Diesel,23.822047841959424,45.26189089972291,8599.759270947352
TR03127,VH003,2026-04-23 13:24:15.411082,Naivasha,Nakuru,75,1.5364089539554897,Diesel,14.263112187380585,10.697334140535439,2032.4934867017334
TR03128,VH045,2026-04-23 14:16:06.433286,Thika,Mombasa,520,11.124797117747612,Diesel,19.205173518251158,99.86690229490603,18974.711436032147
TR03129,VH003,2026-04-23 15:07:57.455491,Nakuru,Mombasa,630,14.51361187351505,Diesel,12.431427861756733,78.31799552906742,14880.41915052281
TR03130,VH027,2026-04-23 15:59:48.477695,Kisumu,Thika,370,6.366501599349291,Petrol,23.137487065427404,85.6087021420814,17121.74042841628
TR03131,VH050,2026-04-23 16:51:39.499899,Nairobi,Machakos,115,2.0443065761721892,Diesel,12.869902981334551,14.800388428534733,2812.0738014215995
TR03132,VH043,2026-04-23 17:43:30.522104,Machakos,Nairobi,115,2.02792070068406,Diesel,13.923379903644388,16.011886889191047,3042.2585089462987
TR03133,VH040,2026-04-23 18:35:21.544308,Thika,Machakos,80,1.4134934129854055,Petrol,11.140836671902923,8.912669337522338,1782.5338675044677
TR03134,VH038,2026-04-23 19:27:12.566513,Nakuru,Mombasa,630,14.763872928866702,Diesel,10.962674088618867,69.06484675829886,13122.320884076782
TR03135,VH033,2026-04-23 20:19:03.588717,Mombasa,Thika,520,11.511937635924555,Petrol,11.95006234136848,62.14032417511609,12428.064835023219
TR03136,VH028,2026-04-23 21:10:54.610922,Mombasa,Nairobi,480,7.783456434724945,Petrol,13.705428988691098,65.78605914571727,13157.211829143454
TR03137,VH001,2026-04-23 22:02:45.633126,Mombasa,Machakos,420,8.257297876912583,Petrol,11.595697577670967,48.70192982621806,9740.385965243613
TR03138,VH008,2026-04-23 22:54:36.655331,Naivasha,Machakos,190,4.9691085623674285,Diesel,9.523525784312108,18.094698990193006,3437.992808136671
TR03139,VH037,2026-04-23 23:46:27.677535,Kisumu,Machakos,465,8.988016141096033,Diesel,13.583731914550388,63.16435340265931,12001.227146505269
TR03140,VH032,2026-04-24 00:38:18.699739,Mombasa,Naivasha,620,11.224090209683867,Petrol,11.498489156900023,71.29063277278014,14258.126554556029
TR03141,VH048,2026-04-24 01:30:09.721944,Naivasha,Nairobi,95,1.7530155535349168,Diesel,19.16453907018205,18.206312116672947,3459.19930216786
TR03142,VH043,2026-04-24 02:22:00.744148,Eldoret,Machakos,430,10.118351016381407,Diesel,10.738617641985659,46.176055860538334,8773.450613502284
TR03143,VH037,2026-04-24 03:13:51.766353,Naivasha,Thika,145,2.2275556399466914,Diesel,11.574547737633582,16.783094219568692,3188.7879017180517
TR03144,VH004,2026-04-24 04:05:42.788557,Nairobi,Kisumu,350,9.211679399120142,Diesel,12.963390329568728,45.37186615349055,8620.654569163205
TR03145,VH030,2026-04-24 04:57:33.810762,Naivasha,Eldoret,235,4.6180597848918845,Diesel,11.792011193469083,27.711226304652346,5265.132997883946
TR03146,VH006,2026-04-24 05:49:24.832966,Kisumu,Machakos,465,7.277858304020218,Diesel,18.14463296115402,84.3725432693662,16030.78322117958
TR03147,VH046,2026-04-24 06:41:15.855171,Thika,Nairobi,45,0.8221692392633625,Diesel,10.484542173389055,4.718043978025075,896.4283558247643
TR03148,VH019,2026-04-24 07:33:06.877375,Machakos,Thika,80,1.4111896904344325,Diesel,10.452516235993095,8.362012988794476,1588.7824678709503
TR03149,VH032,2026-04-24 08:24:57.899579,Naivasha,Thika,145,3.487699153919915,Petrol,13.298522410735458,19.282857495566414,3856.5714991132827
TR03150,VH009,2026-04-24 09:16:48.921784,Mombasa,Kisumu,850,16.105692249240892,Diesel,10.492575367342669,89.18689062241269,16945.509218258412
TR03151,VH012,2026-04-24 10:08:39.943988,Nairobi,Eldoret,310,6.236523739974933,Diesel,12.80328426750341,39.69018122926057,7541.134433559508
TR03152,VH011,2026-04-24 11:00:30.966193,Nakuru,Thika,200,4.8828546233610215,Diesel,10.599429354120021,21.198858708240042,4027.783154565608
TR03153,VH046,2026-04-24 11:52:21.988397,Mombasa,Eldoret,750,13.176255521631875,Diesel,11.058076636746907,82.93557477560181,15757.759207364343
TR03154,VH016,2026-04-24 12:44:13.010602,Nairobi,Mombasa,480,11.048679399613818,Diesel,19.20531969289034,92.18553452587362,17515.25155991599
TR03155,VH001,2026-04-24 13:36:04.032806,Eldoret,Thika,350,7.884196393082528,Petrol,10.336143177854053,36.176501122489185,7235.300224497837
TR03156,VH045,2026-04-24 14:27:55.055011,Machakos,Nakuru,270,5.05044510110964,Diesel,22.69930872170613,61.28813354860656,11644.745374235246
TR03157,VH021,2026-04-24 15:19:46.077215,Nakuru,Nairobi,155,3.172716346718548,Petrol,21.24382483170224,32.92792848913847,6585.585697827694
TR03158,VH030,2026-04-24 16:11:37.099419,Eldoret,Thika,350,6.815397570380838,Diesel,14.155267204486691,49.54343521570342,9413.252690983649
TR03159,VH013,2026-04-24 17:03:28.121624,Thika,Eldoret,350,7.236787284854833,Petrol,18.69223587987622,65.42282557956676,13084.565115913352
TR03160,VH034,2026-04-24 17:55:19.143828,Nairobi,Eldoret,310,5.056726129591974,Diesel,9.723664666690361,30.14336046674012,5727.238488680623
TR03161,VH004,2026-04-24 18:47:10.166033,Eldoret,Nairobi,310,7.2770371870601105,Diesel,11.532288656752254,35.75009483593199,6792.518018827078
TR03162,VH028,2026-04-24 19:39:01.188237,Machakos,Nakuru,270,5.833860752004988,Petrol,13.82932993469404,37.33919082367391,7467.838164734782
TR03163,VH038,2026-04-24 20:30:52.210442,Machakos,Nakuru,270,5.013986006937806,Diesel,11.528794115778494,31.127744112601935,5914.271381394367
TR03164,VH031,2026-04-24 21:22:43.232646,Thika,Nairobi,45,1.068968484749476,Petrol,11.042093537493463,4.968942091872059,993.7884183744118
TR03165,VH027,2026-04-24 22:14:34.254850,Machakos,Nairobi,115,2.755004871519519,Petrol,20.11122496408015,23.12790870869217,4625.581741738434
TR03166,VH005,2026-04-24 23:06:25.277055,Nairobi,Naivasha,95,1.859028820981433,Diesel,18.561570042607208,17.633491540476847,3350.363392690601
TR03167,VH025,2026-04-24 23:58:16.299259,Nairobi,Nakuru,155,2.722219759017088,Diesel,24.576035360273313,38.09285480842364,7237.642413600492
TR03168,VH003,2026-04-25 00:50:07.321464,Machakos,Kisumu,465,8.019588833759942,Diesel,12.742694960355944,59.253531565655145,11258.170997474477
TR03169,VH033,2026-04-25 01:41:58.343668,Eldoret,Nairobi,310,6.110310539024971,Petrol,12.939165940927484,40.111414416875206,8022.282883375041
TR03170,VH004,2026-04-25 02:33:49.365873,Nairobi,Mombasa,480,10.756799387028098,Diesel,13.29178546092648,63.8005702124471,12122.108340364948
TR03171,VH025,2026-04-25 03:25:40.388077,Mombasa,Nakuru,630,12.06773895847845,Diesel,21.599779953433824,136.0786137066331,25854.93660426029
TR03172,VH020,2026-04-25 04:17:31.410282,Machakos,Mombasa,420,7.702308495250843,Petrol,9.4483912832969,39.68324338984698,7936.648677969396
TR03173,VH034,2026-04-25 05:09:22.432486,Nairobi,Thika,45,0.8638084096555388,Diesel,12.213667726351522,5.496150476858185,1044.2685906030551
TR03174,VH026,2026-04-25 06:01:13.454690,Kisumu,Machakos,465,7.766392411808068,Diesel,19.087592491557825,88.7573050857439,16863.88796629134
TR03175,VH005,2026-04-25 06:53:04.476895,Thika,Nakuru,200,4.774784187698519,Diesel,20.900682185493935,41.80136437098787,7942.259230487695
TR03176,VH035,2026-04-25 07:44:55.499099,Machakos,Kisumu,465,10.467269758726044,Diesel,13.145565717402151,61.126880585920006,11614.1073113248
TR03177,VH028,2026-04-25 08:36:46.521304,Nairobi,Thika,45,0.7657906862058247,Petrol,13.911145002360616,6.260015251062278,1252.0030502124555
TR03178,VH029,2026-04-25 09:28:37.543508,Kisumu,Nairobi,350,9.158505676760857,Diesel,13.425225878543099,46.988290574900844,8927.77520923116
TR03179,VH009,2026-04-25 10:20:28.565713,Nairobi,Nakuru,155,3.3928048847358236,Diesel,13.357667645273144,20.704384850173373,3933.833121532941
TR03180,VH038,2026-04-25 11:12:19.587917,Nairobi,Naivasha,95,2.151868570980381,Diesel,10.745211045876037,10.207950493582235,1939.5105937806247
TR03181,VH050,2026-04-25 12:04:10.610122,Eldoret,Nakuru,160,4.268219070387683,Diesel,10.73064270035794,17.169028320572703,3262.1153809088137
TR03182,VH006,2026-04-25 12:56:01.632326,Mombasa,Thika,520,10.721028424671772,Diesel,18.300385908621358,95.16200672483106,18080.781277717902
TR03183,VH019,2026-04-25 13:47:52.654530,Machakos,Thika,80,1.429328184359517,Diesel,12.597384465882323,10.07790757270586,1914.8024388141132
TR03184,VH044,2026-04-25 14:39:43.676735,Thika,Nakuru,200,3.902391561854113,Petrol,24.668101869221935,49.33620373844387,9867.240747688775
TR03185,VH011,2026-04-25 15:31:34.698939,Machakos,Naivasha,190,3.3689836653681247,Diesel,11.320551950895378,21.50904870670122,4086.7192542732314
TR03186,VH002,2026-04-25 16:23:25.721144,Mombasa,Machakos,420,7.054596967284647,Petrol,18.613876964136164,78.17828324937189,15635.656649874378
TR03187,VH047,2026-04-25 17:15:16.743348,Nakuru,Naivasha,75,1.5986376738019341,Petrol,11.377850383768267,8.5333877878262,1706.67755756524
TR03188,VH044,2026-04-25 18:07:07.765553,Eldoret,Mombasa,750,10.537442117999749,Petrol,23.996887561892983,179.97665671419736,35995.331342839476
TR03189,VH044,2026-04-25 18:58:58.787757,Eldoret,Thika,350,7.40949671180948,Petrol,21.863819366902458,76.52336778415861,15304.673556831722
TR03190,VH009,2026-04-25 19:50:49.809961,Mombasa,Thika,520,10.766100874097372,Diesel,10.233885750950567,53.216205904942946,10111.07912193916
TR03191,VH021,2026-04-25 20:42:40.832166,Naivasha,Machakos,190,4.285163106927039,Petrol,24.819905683695623,47.15782079902168,9431.564159804335
TR03192,VH024,2026-04-25 21:34:31.854370,Eldoret,Nakuru,160,2.943171992737424,Petrol,13.143249549813003,21.029199279700805,4205.839855940161
TR03193,VH034,2026-04-25 22:26:22.876575,Machakos,Thika,80,1.677994082896742,Diesel,9.657970385257551,7.726376308206041,1468.0114985591479
TR03194,VH022,2026-04-25 23:18:13.898779,Mombasa,Nakuru,630,12.761079992746039,Petrol,24.452584295524563,154.05128106180473,30810.256212360946
TR03195,VH003,2026-04-26 00:10:04.920984,Eldoret,Nairobi,310,6.410482294894994,Diesel,12.253441443025944,37.98566847338043,7217.277009942281
TR03196,VH012,2026-04-26 01:01:55.943188,Nairobi,Thika,45,0.9340602526334473,Diesel,11.859489952874707,5.3367704787936185,1013.9863909707875
TR03197,VH028,2026-04-26 01:53:46.965393,Mombasa,Nairobi,480,9.362877955937785,Petrol,12.305266652635941,59.065279932652516,11813.055986530504
TR03198,VH030,2026-04-26 02:45:37.987597,Mombasa,Nakuru,630,13.578109556486735,Diesel,14.172859784354735,89.28901664143483,16964.913161872617
TR03199,VH026,2026-04-26 03:37:29.009801,Machakos,Naivasha,190,4.062117442870056,Diesel,22.616357748007502,42.97107972121425,8164.505147030708
TR03200,VH048,2026-04-26 04:29:20.032006,Kisumu,Thika,370,6.315845686511104,Diesel,18.414739166798093,68.13453491715295,12945.56163425906
TR03201,VH021,2026-04-26 05:21:11.054210,Eldoret,Thika,350,7.344945017371585,Petrol,24.703230597813196,86.46130709234619,17292.26141846924
TR03202,VH028,2026-04-26 06:13:02.076415,Eldoret,Naivasha,235,4.4282457139531965,Petrol,10.73892066739159,25.236463568370237,5047.292713674047
TR03203,VH026,2026-04-26 07:04:53.098619,Mombasa,Nairobi,480,11.192968482706371,Diesel,23.218975662147457,111.4510831783078,21175.70580387848
TR03204,VH033,2026-04-26 07:56:44.120824,Nairobi,Machakos,115,2.4761813007807394,Petrol,12.180682652140655,14.007785049961752,2801.5570099923502
TR03205,VH021,2026-04-26 08:48:35.143028,Nairobi,Naivasha,95,2.3667450594869175,Petrol,19.312696335625926,18.34706151884463,3669.412303768926
TR03206,VH035,2026-04-26 09:40:26.165233,Thika,Kisumu,370,5.706753023550331,Diesel,10.853660380565248,40.15854340809142,7630.123247537369
TR03207,VH034,2026-04-26 10:32:17.187437,Nairobi,Mombasa,480,7.8683781091540235,Diesel,13.351637968523459,64.0878622489126,12176.693827293395
TR03208,VH041,2026-04-26 11:24:08.209641,Eldoret,Nairobi,310,5.660686893026056,Diesel,20.93786446449718,64.90737983994127,12332.402169588842
TR03209,VH047,2026-04-26 12:15:59.231846,Naivasha,Kisumu,270,4.017329762971362,Petrol,12.272882570870692,33.13678294135087,6627.356588270175
TR03210,VH018,2026-04-26 13:07:50.254050,Kisumu,Mombasa,850,15.13471092521462,Diesel,11.520355019283366,97.92301766390861,18605.373356142634
TR03211,VH011,2026-04-26 13:59:41.276255,Mombasa,Nakuru,630,12.956512952002598,Diesel,13.636767585379797,85.91163578789272,16323.210799699616
TR03212,VH023,2026-04-26 14:51:32.298459,Nakuru,Thika,200,3.774998226766903,Diesel,11.396211875196652,22.792423750393304,4330.560512574728
TR03213,VH048,2026-04-26 15:43:23.320664,Kisumu,Nakuru,190,3.120571106677032,Diesel,20.01165940678898,38.022152872899056,7224.209045850821
TR03214,VH022,2026-04-26 16:35:14.342868,Machakos,Thika,80,1.8623070418889773,Petrol,20.543683596975477,16.434946877580384,3286.9893755160765
TR03215,VH017,2026-04-26 17:27:05.365073,Machakos,Nakuru,270,6.647387977401302,Petrol,13.295388472251712,35.89754887507963,7179.509775015926
TR03216,VH005,2026-04-26 18:18:56.387277,Naivasha,Eldoret,235,4.413258806666652,Diesel,21.276242850459088,49.99917069857886,9499.842432729984
TR03217,VH044,2026-04-26 19:10:47.409481,Nakuru,Kisumu,190,4.193778883229708,Petrol,19.494145325712264,37.0388761188533,7407.775223770661
TR03218,VH011,2026-04-26 20:02:38.431686,Kisumu,Nairobi,350,10.964641235480714,Diesel,14.673026940386265,51.35559429135193,9757.562915356866
TR03219,VH030,2026-04-26 20:54:29.453890,Nairobi,Mombasa,480,11.98306396879681,Diesel,13.983002282491885,67.11841095596104,12752.498081632597
TR03220,VH015,2026-04-26 21:46:20.476095,Eldoret,Kisumu,120,2.525858199409676,Petrol,9.278330730280995,11.133996876337195,2226.799375267439
TR03221,VH027,2026-04-26 22:38:11.498299,Naivasha,Kisumu,270,5.358683474603313,Petrol,24.992600733863625,67.48002198143179,13496.004396286358
TR03222,VH035,2026-04-26 23:30:02.520504,Nakuru,Thika,200,3.950714614335966,Diesel,13.474633482200511,26.949266964401023,5120.360723236195
TR03223,VH033,2026-04-27 00:21:53.542708,Naivasha,Eldoret,235,3.558364791013826,Petrol,9.801332995202934,23.033132538726896,4606.626507745379
TR03224,VH020,2026-04-27 01:13:44.564912,Kisumu,Machakos,465,9.61956225314585,Petrol,10.185838406492982,47.36414859019237,9472.829718038474
TR03225,VH016,2026-04-27 02:05:35.587117,Eldoret,Thika,350,6.701770679826334,Diesel,22.84711836869083,79.96491429041791,15193.333715179402
TR03226,VH034,2026-04-27 02:57:26.609321,Naivasha,Nairobi,95,2.5680628718661906,Diesel,12.89880527639561,12.25386501257583,2328.234352389408
TR03227,VH002,2026-04-27 03:49:17.631526,Nakuru,Kisumu,190,3.8190251847949095,Petrol,19.673251602048644,37.37917804389242,7475.835608778485
TR03228,VH035,2026-04-27 04:41:08.653730,Mombasa,Naivasha,620,11.770604240379528,Diesel,11.284844269496354,69.96603447087739,13293.546549466704
TR03229,VH040,2026-04-27 05:32:59.675935,Kisumu,Machakos,465,11.923711584898763,Petrol,11.535603474360304,53.64055615577542,10728.111231155084
TR03230,VH028,2026-04-27 06:24:50.698139,Mombasa,Machakos,420,9.875831564094971,Petrol,12.990091824183184,54.558385661569375,10911.677132313875
TR03231,VH047,2026-04-27 07:16:41.720344,Nairobi,Machakos,115,2.1330524254615297,Petrol,9.859080891506384,11.33794302523234,2267.588605046468
TR03232,VH039,2026-04-27 08:08:32.742548,Mombasa,Thika,520,11.39616377305958,Diesel,18.729702392193442,97.3944524394059,18504.94596348712
TR03233,VH006,2026-04-27 09:00:23.764752,Mombasa,Thika,520,10.573475668165,Diesel,22.752048623598597,118.31065284271271,22479.024040115415
TR03234,VH009,2026-04-27 09:52:14.786957,Thika,Nairobi,45,0.8283293016588633,Diesel,13.89548969896585,6.252970364534633,1188.0643692615804
TR03235,VH020,2026-04-27 10:44:05.809161,Kisumu,Naivasha,270,4.072706722189751,Petrol,11.504647022082526,31.06254695962282,6212.509391924565
TR03236,VH001,2026-04-27 11:35:56.831366,Nairobi,Mombasa,480,9.953195432042907,Petrol,11.819163551341926,56.731985046441245,11346.397009288248
TR03237,VH008,2026-04-27 12:27:47.853570,Mombasa,Naivasha,620,9.664307981634087,Diesel,11.160213567632383,69.19332411932078,13146.731582670947
TR03238,VH023,2026-04-27 13:19:38.875775,Machakos,Nairobi,115,3.3498582608765526,Diesel,10.94203916935976,12.583345044763723,2390.835558505107
TR03239,VH003,2026-04-27 14:11:29.897979,Eldoret,Nakuru,160,3.1257995899469586,Diesel,14.799924541188377,23.679879265901405,4499.177060521267
TR03240,VH004,2026-04-27 15:03:20.920184,Nakuru,Thika,200,4.225891984372665,Diesel,13.840449526095702,27.680899052191403,5259.370819916367
TR03241,VH025,2026-04-27 15:55:11.942388,Mombasa,Nakuru,630,13.773403597904695,Diesel,19.45661050395077,122.57664617488985,23289.56277322907
TR03242,VH047,2026-04-27 16:47:02.964592,Nairobi,Nakuru,155,2.8046917300802745,Petrol,10.9209457602699,16.927465928418346,3385.4931856836693
TR03243,VH038,2026-04-27 17:38:53.986797,Mombasa,Thika,520,10.769828439316939,Diesel,12.72006145681555,66.14431957544086,12567.420719333764
TR03244,VH015,2026-04-27 18:30:45.009001,Nakuru,Machakos,270,7.988077452192356,Petrol,12.064929310318442,32.5753091378598,6515.06182757196
TR03245,VH021,2026-04-27 19:22:36.031206,Nairobi,Thika,45,1.2066592785988144,Petrol,21.27728727220137,9.574779272490616,1914.9558544981232
TR03246,VH035,2026-04-27 20:14:27.053410,Kisumu,Thika,370,6.633651917333203,Diesel,14.050633175059795,51.98734274772124,9877.595122067036
TR03247,VH046,2026-04-27 21:06:18.075615,Nairobi,Thika,45,1.2194402598913312,Diesel,13.838030097291158,6.227113543781021,1183.151573318394
TR03248,VH014,2026-04-27 21:58:09.097819,Kisumu,Machakos,465,8.304970007848333,Diesel,12.525789593140834,58.24492160810488,11066.535105539928
TR03249,VH036,2026-04-27 22:50:00.120024,Nairobi,Naivasha,95,1.8628112861608705,Diesel,13.272146933908651,12.608539587213217,2395.6225215705113
TR03250,VH012,2026-04-27 23:41:51.142228,Machakos,Nakuru,270,5.551246629332058,Diesel,13.755447652211929,37.13970866097221,7056.5446455847205
TR03251,VH017,2026-04-28 00:33:42.164432,Naivasha,Mombasa,620,12.563779771054698,Petrol,12.892909243603217,79.93603731033996,15987.20746206799
TR03252,VH039,2026-04-28 01:25:33.186637,Nakuru,Eldoret,160,2.9564989524144996,Diesel,24.694805456033915,39.51168872965427,7507.22085863431
TR03253,VH009,2026-04-28 02:17:24.208841,Nakuru,Mombasa,630,15.524846178885667,Diesel,11.332334706046014,71.39370864808988,13564.804643137079
TR03254,VH035,2026-04-28 03:09:15.231046,Nairobi,Nakuru,155,3.079164601663453,Diesel,11.338240811834247,17.574273258343084,3339.111919085186
TR03255,VH013,2026-04-28 04:01:06.253250,Naivasha,Machakos,190,4.6472973260789345,Petrol,24.22266578983448,46.023065000685506,9204.613000137102
TR03256,VH015,2026-04-28 04:52:57.275455,Mombasa,Nairobi,480,9.35505505769426,Petrol,12.861131866928398,61.733432961256305,12346.68659225126
TR03257,VH018,2026-04-28 05:44:48.297659,Nakuru,Thika,200,3.6250393896824997,Diesel,13.632727707178137,27.265455414356275,5180.436528727692
TR03258,VH033,2026-04-28 06:36:39.319863,Machakos,Eldoret,430,8.377564454142643,Petrol,9.315650801622265,40.057298446975736,8011.4596893951475
TR03259,VH006,2026-04-28 07:28:30.342068,Kisumu,Thika,370,6.743356575371713,Diesel,22.394299540831177,82.85890830107536,15743.192577204318
TR03260,VH027,2026-04-28 08:20:21.364272,Kisumu,Nairobi,350,7.8829039538045995,Petrol,19.012398366864133,66.54339428402446,13308.678856804892
TR03261,VH023,2026-04-28 09:12:12.386477,Eldoret,Machakos,430,8.686419526077248,Diesel,11.519485991462913,49.53378976329052,9411.420055025199
TR03262,VH027,2026-04-28 10:04:03.408681,Thika,Nakuru,200,4.158333237344203,Petrol,19.090228522974108,38.180457045948216,7636.091409189643
TR03263,VH034,2026-04-28 10:55:54.430886,Naivasha,Nakuru,75,1.5765415692090874,Diesel,9.640392544924396,7.230294408693297,1373.7559376517263
TR03264,VH046,2026-04-28 11:47:45.453090,Thika,Machakos,80,1.8350782728357753,Diesel,10.060841726910166,8.048673381528133,1529.2479424903452
TR03265,VH038,2026-04-28 12:39:36.475295,Thika,Kisumu,370,7.949224717343184,Diesel,13.151194061914522,48.65941802908373,9245.289425525909
TR03266,VH014,2026-04-28 13:31:27.497499,Kisumu,Nakuru,190,4.623055154063124,Diesel,11.795113083450431,22.410714858555817,4258.035823125605
TR03267,VH036,2026-04-28 14:23:18.519703,Machakos,Naivasha,190,5.2130830256655925,Diesel,9.525941424394858,18.09928870635023,3438.8648542065434
TR03268,VH008,2026-04-28 15:15:09.541908,Machakos,Nakuru,270,6.081866420482474,Diesel,10.61418888865655,28.658309999372687,5445.07889988081
TR03269,VH035,2026-04-28 16:07:00.564112,Eldoret,Thika,350,6.362748217662264,Diesel,10.844720457257925,37.95652160040274,7211.739104076521
TR03270,VH019,2026-04-28 16:58:51.586317,Thika,Naivasha,145,2.795313931875799,Diesel,13.708474157508297,19.87728752838703,3776.6846303935354
TR03271,VH030,2026-04-28 17:50:42.608521,Thika,Machakos,80,2.0026447744961393,Diesel,11.60002442880674,9.280019543045393,1763.2037131786246
TR03272,VH014,2026-04-28 18:42:33.630726,Nairobi,Nakuru,155,3.3153726284542393,Diesel,11.669767616446949,18.088139805492773,3436.746563043627
TR03273,VH020,2026-04-28 19:34:24.652930,Nairobi,Kisumu,350,6.301796861862209,Petrol,13.199290016997928,46.197515059492744,9239.503011898549
TR03274,VH049,2026-04-28 20:26:15.675135,Nairobi,Kisumu,350,7.5411419319727,Diesel,12.238778806430021,42.835725822505076,8138.787906275965
TR03275,VH025,2026-04-28 21:18:06.697339,Mombasa,Nairobi,480,12.41661773788434,Diesel,22.971201251821007,110.26176600874084,20949.735541660757
TR03276,VH040,2026-04-28 22:09:57.719543,Thika,Kisumu,370,5.436297523766797,Petrol,13.180009019944803,48.76603337379577,9753.206674759154
TR03277,VH024,2026-04-28 23:01:48.741748,Machakos,Thika,80,1.64391456865208,Petrol,13.730981419742827,10.984785135794262,2196.9570271588523
TR03278,VH014,2026-04-28 23:53:39.763952,Machakos,Nairobi,115,2.826152164239257,Diesel,11.035004157790226,12.690254781458759,2411.148408477164
TR03279,VH026,2026-04-29 00:45:30.786157,Mombasa,Thika,520,10.122618350521208,Diesel,24.92327469229057,129.60102839991097,24624.195395983086
TR03280,VH038,2026-04-29 01:37:21.808361,Machakos,Mombasa,420,8.516648559492644,Diesel,14.154780887782566,59.45007972868678,11295.515148450488
TR03281,VH023,2026-04-29 02:29:12.830566,Eldoret,Kisumu,120,3.1857131248886765,Diesel,11.944862944381711,14.333835533258053,2723.42875131903
TR03282,VH022,2026-04-29 03:21:03.852770,Naivasha,Nairobi,95,1.8720336560242925,Petrol,22.636601370773743,21.504771302235056,4300.954260447012
TR03283,VH048,2026-04-29 04:12:54.874974,Kisumu,Machakos,465,8.035267519586933,Diesel,22.541781135504298,104.819282280095,19915.66363321805
TR03284,VH019,2026-04-29 05:04:45.897179,Thika,Nakuru,200,4.154832462550369,Diesel,9.29198112029577,18.58396224059154,3530.9528257123925
TR03285,VH046,2026-04-29 05:56:36.919383,Machakos,Nakuru,270,8.055274308423316,Diesel,11.090082492659693,29.943222730181173,5689.212318734423
TR03286,VH003,2026-04-29 06:48:27.941588,Kisumu,Eldoret,120,2.275512496371909,Diesel,14.807354422623746,17.768825307148493,3376.076808358214
TR03287,VH042,2026-04-29 07:40:18.963792,Machakos,Nakuru,270,4.924922263152295,Diesel,12.671822144296897,34.213919789601626,6500.644760024309
TR03288,VH019,2026-04-29 08:32:09.985997,Naivasha,Machakos,190,4.193454806771675,Diesel,10.89176801630956,20.694359230988166,3931.9282538877515
TR03289,VH009,2026-04-29 09:24:01.008201,Nairobi,Mombasa,480,10.58025952356833,Diesel,13.810192316945376,66.2889231213378,12594.895393054183
TR03290,VH028,2026-04-29 10:15:52.030406,Thika,Nairobi,45,0.661153621016102,Petrol,12.622594713279048,5.680167620975571,1136.0335241951143
TR03291,VH020,2026-04-29 11:07:43.052610,Nakuru,Kisumu,190,4.247301536445157,Petrol,9.065813857159489,17.225046328603028,3445.0092657206055
TR03292,VH045,2026-04-29 11:59:34.074814,Mombasa,Kisumu,850,20.719097841231076,Diesel,23.153663177005825,196.8061370045495,37393.166030864406
TR03293,VH007,2026-04-29 12:51:25.097019,Mombasa,Thika,520,10.358377414279145,Petrol,13.661087800264307,71.03765656137439,14207.531312274878
TR03294,VH014,2026-04-29 13:43:16.119223,Thika,Mombasa,520,9.524029552237705,Diesel,10.825743560549872,56.29386651485934,10695.834637823275
TR03295,VH009,2026-04-29 14:35:07.141428,Naivasha,Kisumu,270,4.976089903707409,Diesel,14.783300442121067,39.91491119372689,7583.833126808108
TR03296,VH019,2026-04-29 15:26:58.163632,Nairobi,Mombasa,480,15.864906112030285,Diesel,10.11954065770557,48.57379515698674,9229.02107982748
TR03297,VH047,2026-04-29 16:18:49.185837,Mombasa,Eldoret,750,16.773214616327163,Petrol,11.288746836910995,84.66560127683246,16933.12025536649
TR03298,VH014,2026-04-29 17:10:40.208041,Nairobi,Thika,45,0.7598385880901403,Diesel,10.573679806304574,4.758155912837058,904.0496234390409
TR03299,VH038,2026-04-29 18:02:31.230246,Eldoret,Nairobi,310,5.892022149473141,Diesel,13.016411597252942,40.35087595148412,7666.666430781983
TR03300,VH036,2026-04-29 18:54:22.252450,Kisumu,Thika,370,9.223788596695567,Diesel,10.877255600286063,40.24584572105843,7646.710687001102
TR03301,VH040,2026-04-29 19:46:13.274654,Naivasha,Eldoret,235,3.9206347107921435,Petrol,11.765867311048527,27.64978818096404,5529.957636192808
TR03302,VH017,2026-04-29 20:38:04.296859,Nakuru,Naivasha,75,1.2993947197856366,Petrol,13.134884386104737,9.851163289578553,1970.2326579157107
TR03303,VH030,2026-04-29 21:29:55.319063,Kisumu,Nakuru,190,3.989318106445856,Diesel,10.04780856425239,19.090836272079542,3627.258891695113
TR03304,VH009,2026-04-29 22:21:46.341268,Kisumu,Machakos,465,8.152783157137737,Diesel,13.989733854462113,65.05226242324883,12359.929860417278
TR03305,VH033,2026-04-29 23:13:37.363472,Eldoret,Naivasha,235,3.5607114438716736,Petrol,11.857242828740393,27.864520647539926,5572.904129507985
TR03306,VH025,2026-04-30 00:05:28.385677,Mombasa,Eldoret,750,18.04404546964889,Diesel,24.902689594361394,186.77017195771046,35486.332671964985
TR03307,VH014,2026-04-30 00:57:19.407881,Nakuru,Machakos,270,4.959263374716027,Diesel,12.947216103021244,34.957483478157364,6641.9218608498995
TR03308,VH011,2026-04-30 01:49:10.430086,Mombasa,Eldoret,750,11.38302921508057,Diesel,10.27689567073979,77.07671753054842,14644.5763308042
TR03309,VH035,2026-04-30 02:41:01.452290,Thika,Nakuru,200,3.621598286228532,Diesel,10.253226632218631,20.506453264437262,3896.2261202430795
TR03310,VH041,2026-04-30 03:32:52.474494,Kisumu,Machakos,465,10.576610144511719,Diesel,24.182070904602824,112.44662970640314,21364.859644216598
TR03311,VH014,2026-04-30 04:24:43.496699,Thika,Naivasha,145,2.7932258189303676,Diesel,14.206070727555264,20.59880255495513,3913.772485441475
TR03312,VH030,2026-04-30 05:16:34.518903,Nairobi,Eldoret,310,5.085379746387644,Diesel,11.729450377910116,36.36129617152136,6908.646272589059
TR03313,VH041,2026-04-30 06:08:25.541108,Kisumu,Naivasha,270,6.447935459266218,Diesel,22.32622738926796,60.2808139510235,11453.354650694464
TR03314,VH004,2026-04-30 07:00:16.563312,Mombasa,Kisumu,850,17.08225916061087,Diesel,12.447956785278002,105.80763267486302,20103.450208223974
TR03315,VH004,2026-04-30 07:52:07.585517,Kisumu,Machakos,465,9.676988889798166,Diesel,14.83582027568026,68.98656428191322,13107.447213563511
TR03316,VH028,2026-04-30 08:43:58.607721,Nairobi,Machakos,115,2.558471820792996,Petrol,14.749804504384457,16.962275180042123,3392.4550360084245
TR03317,VH008,2026-04-30 09:35:49.629925,Eldoret,Nairobi,310,5.969294072853588,Diesel,13.919195042703873,43.149504632382005,8198.40588015258
TR03318,VH002,2026-04-30 10:27:40.652130,Thika,Eldoret,350,7.1146508962946715,Petrol,24.06514146443985,84.22799512553948,16845.599025107895
TR03319,VH041,2026-04-30 11:19:31.674334,Machakos,Eldoret,430,7.797369725870333,Diesel,24.366861135425708,104.77750288233054,19907.725547642804
TR03320,VH046,2026-04-30 12:11:22.696539,Thika,Naivasha,145,2.4523169814305215,Diesel,11.086393893835682,16.075271146061738,3054.30151775173
TR03321,VH022,2026-04-30 13:03:13.718743,Mombasa,Machakos,420,10.548163802927586,Petrol,23.817047522928423,100.03159959629939,20006.319919259877
TR03322,VH041,2026-04-30 13:55:04.740948,Kisumu,Eldoret,120,2.3743452700253034,Diesel,22.96199979242992,27.554399750915906,5235.335952674022
TR03323,VH016,2026-04-30 14:46:55.763152,Mombasa,Naivasha,620,12.506305878626172,Diesel,24.73950556179649,153.38493448313824,29143.137551796266
TR03324,VH029,2026-04-30 15:38:46.785357,Eldoret,Naivasha,235,4.551853783877663,Diesel,12.856309142213096,30.212326484200776,5740.342031998148
TR03325,VH049,2026-04-30 16:30:37.807561,Kisumu,Mombasa,850,17.042185120077434,Diesel,9.425835833552782,80.11960458519864,15222.724871187742
TR03326,VH048,2026-04-30 17:22:28.829765,Machakos,Naivasha,190,4.507208327044271,Diesel,22.18179223831007,42.14540525278913,8007.626998029935
TR03327,VH030,2026-04-30 18:14:19.851970,Kisumu,Thika,370,6.002790848382255,Diesel,13.43290464010644,49.70174716839383,9443.331961994827
TR03328,VH012,2026-04-30 19:06:10.874174,Machakos,Naivasha,190,2.9210057426286697,Diesel,11.101605143562141,21.093049772768065,4007.6794568259324
TR03329,VH035,2026-04-30 19:58:01.896379,Mombasa,Kisumu,850,15.632150091540069,Diesel,11.970566917563643,101.74981879929096,19332.465571865283
TR03330,VH011,2026-04-30 20:49:52.918583,Mombasa,Naivasha,620,11.317004695964524,Diesel,12.9925170702584,80.55360583560208,15305.185108764395
TR03331,VH046,2026-04-30 21:41:43.940788,Nairobi,Nakuru,155,3.036334543451872,Diesel,11.870528686582528,18.399319464202918,3495.8706981985542
TR03332,VH050,2026-04-30 22:33:34.962992,Naivasha,Mombasa,620,10.735256733900608,Diesel,10.87473858619332,67.42337923439858,12810.44205453573
TR03333,VH021,2026-04-30 23:25:25.985197,Naivasha,Eldoret,235,7.716343899430185,Petrol,18.93160647420958,44.489275214392514,8897.855042878502
TR03334,VH021,2026-05-01 00:17:17.007401,Eldoret,Thika,350,7.004328427061612,Petrol,24.585227061543662,86.04829471540282,17209.658943080565
TR03335,VH005,2026-05-01 01:09:08.029605,Naivasha,Eldoret,235,5.1740479292001265,Diesel,23.253460691465676,54.64563262494434,10382.670198739424
TR03336,VH048,2026-05-01 02:00:59.051810,Nairobi,Kisumu,350,6.840407173796138,Diesel,18.008704072062713,63.030464252219495,11975.788207921703
TR03337,VH020,2026-05-01 02:52:50.074014,Thika,Mombasa,520,8.852416852558635,Petrol,12.828066420110826,66.7059453845763,13341.18907691526
TR03338,VH037,2026-05-01 03:44:41.096219,Machakos,Kisumu,465,9.271763140248765,Diesel,13.698974963289293,63.70023357929522,12103.044380066092
TR03339,VH003,2026-05-01 04:36:32.118423,Kisumu,Nakuru,190,4.03259514474243,Diesel,10.048654800777616,19.09244412147747,3627.5643830807194
TR03340,VH044,2026-05-01 05:28:23.140628,Mombasa,Nairobi,480,12.379483228414745,Petrol,20.58723008329635,98.81870439982248,19763.740879964495
TR03341,VH033,2026-05-01 06:20:14.162832,Kisumu,Naivasha,270,5.496095055762311,Petrol,12.033738451627652,32.49109381939466,6498.218763878933
TR03342,VH009,2026-05-01 07:12:05.185037,Kisumu,Thika,370,6.6813268731823285,Diesel,12.26375325929018,45.37588705937367,8621.418541280997
TR03343,VH009,2026-05-01 08:03:56.207241,Nakuru,Mombasa,630,14.559305429484901,Diesel,13.889930593602536,87.50656273969597,16626.246920542235
TR03344,VH004,2026-05-01 08:55:47.229445,Thika,Naivasha,145,4.268059931736406,Diesel,12.12729166317217,17.584572911599643,3341.068853203932
TR03345,VH035,2026-05-01 09:47:38.251650,Nakuru,Machakos,270,3.959297180899327,Diesel,10.769314847269186,29.077150087626805,5524.658516649093
TR03346,VH017,2026-05-01 10:39:29.273854,Naivasha,Nakuru,75,1.423652266007957,Petrol,13.882078121369144,10.411558591026857,2082.3117182053716
TR03347,VH034,2026-05-01 11:31:20.296059,Kisumu,Nairobi,350,7.257283578547355,Diesel,10.210199963880234,35.73569987358082,6789.782975980356
TR03348,VH024,2026-05-01 12:23:11.318263,Machakos,Naivasha,190,3.108234019976508,Petrol,12.588461552706661,23.918076950142655,4783.615390028531
TR03349,VH032,2026-05-01 13:15:02.340468,Mombasa,Kisumu,850,16.623694503772533,Petrol,10.71578155832036,91.08414324572307,18216.828649144612
TR03350,VH001,2026-05-01 14:06:53.362672,Machakos,Nakuru,270,4.451313426069478,Petrol,11.645063068919663,31.44167028608309,6288.334057216618
TR03351,VH008,2026-05-01 14:58:44.384876,Kisumu,Eldoret,120,2.00097081344348,Diesel,11.210138042152119,13.452165650582542,2555.911473610683
TR03352,VH045,2026-05-01 15:50:35.407081,Thika,Naivasha,145,3.642865247864683,Diesel,19.345624031689447,28.051154845949696,5329.719420730442
TR03353,VH023,2026-05-01 16:42:26.429285,Machakos,Kisumu,465,8.662451063347012,Diesel,11.249797881843048,52.31156015057017,9939.196428608333
TR03354,VH047,2026-05-01 17:34:17.451490,Nakuru,Kisumu,190,2.9779497589839483,Petrol,9.78581411495875,18.593046818421623,3718.6093636843248
TR03355,VH040,2026-05-01 18:26:08.473694,Mombasa,Nairobi,480,11.425634910577662,Petrol,12.79503269492945,61.416156935661355,12283.231387132271
TR03356,VH012,2026-05-01 19:17:59.495899,Kisumu,Mombasa,850,20.185706953912586,Diesel,13.31856626260097,113.20781323210825,21509.484514100568
TR03357,VH012,2026-05-01 20:09:50.518103,Eldoret,Mombasa,750,17.256298493529304,Diesel,10.312171420140054,77.3412856510504,14694.844273699575
TR03358,VH046,2026-05-01 21:01:41.540308,Thika,Machakos,80,1.4004781204733079,Diesel,14.35566060541084,11.484528484328672,2182.060412022448
TR03359,VH047,2026-05-01 21:53:32.562512,Thika,Naivasha,145,2.773787896285204,Petrol,9.925704425210178,14.392271416554758,2878.4542833109517
TR03360,VH015,2026-05-01 22:45:23.584716,Eldoret,Thika,350,10.140864913722677,Petrol,10.12681212660162,35.443842443105666,7088.768488621134
TR03361,VH041,2026-05-01 23:37:14.606921,Machakos,Eldoret,430,8.155126592253035,Diesel,22.629448880581442,97.3066301865002,18488.259735435036
TR03362,VH019,2026-05-02 00:29:05.629125,Kisumu,Mombasa,850,17.713986849282822,Diesel,11.34375530217207,96.4219200684626,18320.164813007894
TR03363,VH026,2026-05-02 01:20:56.651330,Thika,Nakuru,200,4.073171010131716,Diesel,21.49576919419746,42.99153838839492,8168.392293795036
TR03364,VH029,2026-05-02 02:12:47.673534,Mombasa,Kisumu,850,19.62874459041379,Diesel,10.640774922815663,90.44658684393313,17184.851500347297
TR03365,VH022,2026-05-02 03:04:38.695739,Kisumu,Eldoret,120,2.273327217036056,Petrol,23.640150753134858,28.36818090376183,5673.636180752365
TR03366,VH040,2026-05-02 03:56:29.717943,Kisumu,Naivasha,270,4.622997448124713,Petrol,13.08527123052105,35.330232322406836,7066.046464481367
TR03367,VH021,2026-05-02 04:48:20.740148,Nakuru,Eldoret,160,3.566312420720414,Petrol,18.947674303166192,30.31627888506591,6063.255777013182
TR03368,VH038,2026-05-02 05:40:11.762352,Thika,Eldoret,350,9.57845185428488,Diesel,11.86999683512798,41.54498892294793,7893.547895360107
TR03369,VH020,2026-05-02 06:32:02.784556,Thika,Mombasa,520,10.93009072550018,Petrol,13.05204966367515,67.87065825111078,13574.131650222156
TR03370,VH029,2026-05-02 07:23:53.806761,Eldoret,Machakos,430,7.671681460105366,Diesel,12.841775229933104,55.21963348871235,10491.730362855345
TR03371,VH004,2026-05-02 08:15:44.828965,Nakuru,Kisumu,190,4.0744765214452325,Diesel,10.543243895664652,20.032163401762837,3806.111046334939
TR03372,VH007,2026-05-02 09:07:35.851170,Machakos,Mombasa,420,11.046931272082336,Petrol,11.863885228946433,49.828317961575024,9965.663592315004
TR03373,VH028,2026-05-02 09:59:26.873374,Naivasha,Nairobi,95,1.6932252676562787,Petrol,11.213471992278674,10.652798392664739,2130.5596785329476
TR03374,VH028,2026-05-02 10:51:17.895579,Machakos,Mombasa,420,6.849003984321126,Petrol,12.587327768268633,52.86677662672826,10573.355325345652
TR03375,VH004,2026-05-02 11:43:08.917783,Machakos,Nairobi,115,2.2926577908958596,Diesel,14.216805644359948,16.349326491013937,3106.3720332926478
TR03376,VH022,2026-05-02 12:34:59.939987,Nakuru,Eldoret,160,4.306438275499529,Petrol,21.05386994363094,33.6861919098095,6737.2383819619
TR03377,VH012,2026-05-02 13:26:50.962192,Thika,Kisumu,370,7.796473166790707,Diesel,12.166710151841615,45.016827561813976,8553.197236744656
TR03378,VH045,2026-05-02 14:18:41.984396,Kisumu,Thika,370,7.22482528982743,Diesel,24.33745631628926,90.04858837027027,17109.23179035135
TR03379,VH003,2026-05-02 15:10:33.006601,Nakuru,Mombasa,630,14.475340078119633,Diesel,12.880927062536362,81.14984049397907,15418.469693856023
TR03380,VH022,2026-05-02 16:02:24.028805,Eldoret,Mombasa,750,13.71943409887345,Petrol,21.96333761178185,164.72503208836386,32945.006417672776
TR03381,VH044,2026-05-02 16:54:15.051010,Nakuru,Nairobi,155,3.6265529211279888,Petrol,19.833369243127727,30.741722326847977,6148.344465369595
TR03382,VH002,2026-05-02 17:46:06.073214,Eldoret,Kisumu,120,2.390199161426459,Petrol,22.254059234859884,26.70487108183186,5340.974216366372
TR03383,VH024,2026-05-02 18:37:57.095419,Machakos,Nairobi,115,2.3872083830010915,Petrol,11.87955233708698,13.661485187650028,2732.2970375300056
TR03384,VH034,2026-05-02 19:29:48.117623,Naivasha,Kisumu,270,4.915629734711764,Diesel,10.98425735170932,29.65749484961517,5634.924021426882
TR03385,VH027,2026-05-02 20:21:39.139827,Nakuru,Nairobi,155,3.1070937075064546,Petrol,24.934868961294264,38.64904689000611,7729.809378001222
TR03386,VH041,2026-05-02 21:13:30.162032,Eldoret,Kisumu,120,2.477901946578053,Diesel,24.173236754636605,29.007884105563924,5511.4979800571455
TR03387,VH001,2026-05-02 22:05:21.184236,Nakuru,Nairobi,155,3.5569158565910097,Petrol,13.747931450384078,21.30929374809532,4261.858749619064
TR03388,VH008,2026-05-02 22:57:12.206441,Naivasha,Machakos,190,3.77897738880337,Diesel,11.686727942065001,22.204783089923502,4218.9087870854655
TR03389,VH023,2026-05-02 23:49:03.228645,Machakos,Kisumu,465,9.704008947419661,Diesel,11.310299009473152,52.59289039405016,9992.64917486953
TR03390,VH038,2026-05-03 00:40:54.250850,Nakuru,Naivasha,75,1.7427368210135912,Diesel,10.924486976115997,8.193365232086997,1556.7393940965294
TR03391,VH006,2026-05-03 01:32:45.273054,Mombasa,Nairobi,480,9.36111771924107,Diesel,20.140162318102366,96.67277912689136,18367.828034109356
TR03392,VH022,2026-05-03 02:24:36.295259,Eldoret,Mombasa,750,14.174539800652482,Petrol,23.417725598762473,175.63294199071856,35126.588398143715
TR03393,VH025,2026-05-03 03:16:27.317463,Naivasha,Eldoret,235,4.9690499842278415,Diesel,21.17624267756286,49.76417029227272,9455.192355531817
TR03394,VH018,2026-05-03 04:08:18.339667,Eldoret,Naivasha,235,4.090331660793428,Diesel,13.411347582847506,31.51666681969164,5988.166695741412
TR03395,VH017,2026-05-03 05:00:09.361872,Eldoret,Naivasha,235,4.509535746471599,Petrol,9.739555681727644,22.887955852059964,4577.591170411993
TR03396,VH012,2026-05-03 05:52:00.384076,Nairobi,Mombasa,480,12.081803199714294,Diesel,12.541735480068184,60.20033030432728,11438.062757822183
TR03397,VH006,2026-05-03 06:43:51.406281,Naivasha,Eldoret,235,3.871553265810626,Diesel,22.52875978814916,52.94258550215053,10059.091245408601
TR03398,VH026,2026-05-03 07:35:42.428485,Nakuru,Mombasa,630,11.222764064881636,Diesel,21.617939194155483,136.19301692317953,25876.67321540411
TR03399,VH027,2026-05-03 08:27:33.450690,Eldoret,Naivasha,235,4.050701008371914,Petrol,24.22458824109491,56.92778236657304,11385.556473314608
TR03400,VH008,2026-05-03 09:19:24.472894,Thika,Mombasa,520,9.773696880011963,Diesel,13.947816409145698,72.52864532755763,13780.44261223595
TR03401,VH019,2026-05-03 10:11:15.495099,Nairobi,Eldoret,310,9.904728374497887,Diesel,9.579173291706848,29.69543720429123,5642.133068815334
TR03402,VH042,2026-05-03 11:03:06.517303,Mombasa,Machakos,420,7.150037734836727,Diesel,10.649774520384605,44.72905298561535,8498.520067266916
TR03403,VH001,2026-05-03 11:54:57.539507,Eldoret,Thika,350,6.932573585962247,Petrol,10.651620567800606,37.28067198730212,7456.134397460424
TR03404,VH029,2026-05-03 12:46:48.561712,Machakos,Naivasha,190,3.596730525824394,Diesel,13.405885480352637,25.47118241267001,4839.524658407302
TR03405,VH045,2026-05-03 13:38:39.583916,Eldoret,Nakuru,160,2.945341509300541,Diesel,20.608732668470864,32.973972269553386,6265.054731215143
TR03406,VH049,2026-05-03 14:30:30.606121,Nairobi,Eldoret,310,4.733531429096941,Diesel,12.66657330632953,39.26637724962154,7460.611677428093
TR03407,VH035,2026-05-03 15:22:21.628325,Nakuru,Thika,200,4.383061083919787,Diesel,12.027357364434893,24.054714728869786,4570.39579848526
TR03408,VH040,2026-05-03 16:14:12.650530,Thika,Nairobi,45,0.9817444386433523,Petrol,13.138033606660318,5.912115122997143,1182.4230245994286
TR03409,VH014,2026-05-03 17:06:03.672734,Machakos,Naivasha,190,4.398990898441598,Diesel,13.849290028394467,26.313651053949485,4999.593700250402
TR03410,VH035,2026-05-03 17:57:54.694938,Mombasa,Nairobi,480,11.582883123460238,Diesel,12.741079553274602,61.157181855718086,11619.864552586436
TR03411,VH048,2026-05-03 18:49:45.717143,Machakos,Mombasa,420,10.099127716064416,Diesel,21.77652513315004,91.46140555923017,17377.667056253733
TR03412,VH045,2026-05-03 19:41:36.739347,Eldoret,Naivasha,235,6.6788150940973,Diesel,18.617640276999442,43.75145465094869,8312.776383680251
TR03413,VH020,2026-05-03 20:33:27.761552,Nakuru,Machakos,270,5.054925842733397,Petrol,11.053908714547173,29.84555352927737,5969.110705855474
TR03414,VH049,2026-05-03 21:25:18.783756,Naivasha,Nakuru,75,1.1380456589139099,Diesel,11.728885766124687,8.796664324593515,1671.3662216727678
TR03415,VH013,2026-05-03 22:17:09.805961,Thika,Nairobi,45,0.6775823213694545,Petrol,21.23386577966487,9.555239600849193,1911.0479201698386
TR03416,VH038,2026-05-03 23:09:00.828165,Naivasha,Eldoret,235,5.442201445941768,Diesel,14.503910000942128,34.084188502214,6475.99581542066
TR03417,VH049,2026-05-04 00:00:51.850370,Thika,Machakos,80,1.6728434676522836,Diesel,13.532653160597448,10.82612252847796,2056.9632804108123
TR03418,VH046,2026-05-04 00:52:42.872574,Mombasa,Machakos,420,7.015581906323759,Diesel,14.109586902943809,59.260264992364,11259.45034854916
TR03419,VH049,2026-05-04 01:44:33.894778,Kisumu,Naivasha,270,5.050620714664011,Diesel,10.8764903768656,29.366524017537124,5579.6395633320535
TR03420,VH008,2026-05-04 02:36:24.916983,Thika,Naivasha,145,2.838899758777324,Diesel,12.586495758437671,18.250418849734622,3467.579581449578
TR03421,VH043,2026-05-04 03:28:15.939187,Kisumu,Thika,370,7.716995118675739,Diesel,11.97644230534805,44.31283652978779,8419.43894065968
TR03422,VH020,2026-05-04 04:20:06.961392,Naivasha,Thika,145,2.4399925251200636,Petrol,10.162967994878795,14.736303592574252,2947.2607185148504
TR03423,VH033,2026-05-04 05:11:57.983596,Thika,Nairobi,45,1.086547299409869,Petrol,10.714513217754408,4.821530947989484,964.3061895978968
TR03424,VH026,2026-05-04 06:03:49.005801,Mombasa,Thika,520,9.656991010528184,Diesel,18.496752432998747,96.18311265159349,18274.791403802763
TR03425,VH039,2026-05-04 06:55:40.028005,Nairobi,Thika,45,0.8529274340450995,Diesel,20.32244256303253,9.14509915336464,1737.5688391392816
TR03426,VH021,2026-05-04 07:47:31.050210,Mombasa,Nakuru,630,12.51316472981867,Petrol,21.2251955208282,133.71873178121766,26743.74635624353
TR03427,VH049,2026-05-04 08:39:22.072414,Mombasa,Kisumu,850,15.097198268730551,Diesel,13.77740447390415,117.10793802818527,22250.508225355203
TR03428,VH042,2026-05-04 09:31:13.094618,Nairobi,Machakos,115,2.2876513331631454,Diesel,11.567052931098125,13.302110870762842,2527.40106544494
TR03429,VH043,2026-05-04 10:23:04.116823,Nairobi,Nakuru,155,3.389921009134563,Diesel,14.512267696027603,22.494014928842784,4273.862836480129
TR03430,VH041,2026-05-04 11:14:55.139027,Nakuru,Kisumu,190,3.744573536095349,Diesel,19.60200793076448,37.243815068452506,7076.324863005976
TR03431,VH009,2026-05-04 12:06:46.161232,Thika,Eldoret,350,9.392652153895884,Diesel,10.954844488796248,38.34195571078686,7284.971585049504
TR03432,VH024,2026-05-04 12:58:37.183436,Naivasha,Machakos,190,3.4607295990371156,Petrol,11.594977282160825,22.030456836105564,4406.091367221113
TR03433,VH037,2026-05-04 13:50:28.205641,Nakuru,Naivasha,75,1.3170410317131773,Diesel,13.36255684648703,10.021917634865272,1904.1643506244015
TR03434,VH049,2026-05-04 14:42:19.227845,Nairobi,Kisumu,350,7.821738774479896,Diesel,9.221661254011407,32.27581438903992,6132.404733917585
TR03435,VH041,2026-05-04 15:34:10.250050,Kisumu,Thika,370,8.635999796450962,Diesel,19.547461055330515,72.3256059047229,13741.865121897352
TR03436,VH017,2026-05-04 16:26:01.272254,Naivasha,Eldoret,235,5.217354228220748,Petrol,11.278418332506583,26.50428308139047,5300.8566162780935
TR03437,VH024,2026-05-04 17:17:52.294458,Kisumu,Mombasa,850,17.17316867535487,Petrol,10.655021679915908,90.56768427928522,18113.536855857044
TR03438,VH021,2026-05-04 18:09:43.316663,Mombasa,Nakuru,630,12.179305436423913,Petrol,22.988347555438253,144.82658959926098,28965.317919852198
TR03439,VH039,2026-05-04 19:01:34.338867,Eldoret,Naivasha,235,3.7346678643309166,Diesel,21.57812417228922,50.70859180487967,9634.632442927137
TR03440,VH041,2026-05-04 19:53:25.361072,Mombasa,Eldoret,750,12.113825745792662,Diesel,19.1225137392273,143.41885304420475,27249.582078398904
TR03441,VH039,2026-05-04 20:45:16.383276,Mombasa,Nairobi,480,8.472730143381186,Diesel,24.261257655205632,116.45403674498704,22126.26698154754
TR03442,VH013,2026-05-04 21:37:07.405481,Eldoret,Kisumu,120,2.354322134180155,Petrol,20.050339728383516,24.06040767406022,4812.081534812044
TR03443,VH011,2026-05-04 22:28:58.427685,Thika,Kisumu,370,8.688585462255997,Diesel,13.655655544822118,50.525925515841834,9599.925848009949
TR03444,VH046,2026-05-04 23:20:49.449889,Nairobi,Machakos,115,1.8128193733016296,Diesel,13.89957889552705,15.984515729856106,3037.05798867266
TR03445,VH019,2026-05-05 00:12:40.472094,Kisumu,Machakos,465,9.683694518968638,Diesel,13.815788501280512,64.24341653095439,12206.249140881335
TR03446,VH011,2026-05-05 01:04:31.494298,Mombasa,Naivasha,620,11.86580318486595,Diesel,12.492537332620508,77.45373146224715,14716.208977826958
TR03447,VH013,2026-05-05 01:56:22.516503,Eldoret,Machakos,430,7.815507620277186,Petrol,22.310848608251025,95.9366490154794,19187.32980309588
TR03448,VH046,2026-05-05 02:48:13.538707,Nakuru,Kisumu,190,3.76291520309924,Diesel,11.67438146739767,22.18132478805557,4214.451709730558
TR03449,VH045,2026-05-05 03:40:04.560912,Mombasa,Naivasha,620,10.471420166856378,Diesel,22.747255053884466,141.0329813340837,26796.266453475902
TR03450,VH001,2026-05-05 04:31:55.583116,Kisumu,Naivasha,270,5.033262825103545,Petrol,12.3169174293316,33.25567705919532,6651.135411839065
TR03451,VH040,2026-05-05 05:23:46.605321,Nairobi,Thika,45,0.7770798310754192,Petrol,12.188261823622112,5.4847178206299505,1096.9435641259902
TR03452,VH044,2026-05-05 06:15:37.627525,Mombasa,Thika,520,9.70533764823869,Petrol,23.98827270381274,124.73901805982625,24947.80361196525
TR03453,VH019,2026-05-05 07:07:28.649729,Mombasa,Thika,520,10.463449794053687,Diesel,9.250844217493443,48.1043899309659,9139.834086883522
TR03454,VH012,2026-05-05 07:59:19.671934,Thika,Nairobi,45,0.8894425852637367,Diesel,14.409812139159342,6.484415462621704,1232.0389378981238
TR03455,VH008,2026-05-05 08:51:10.694138,Machakos,Nakuru,270,5.454316684701828,Diesel,13.260349189142785,35.80294281068552,6802.559134030249
TR03456,VH008,2026-05-05 09:43:01.716343,Eldoret,Nakuru,160,4.027618036138041,Diesel,11.531831267808945,18.450930028494312,3505.6767054139195
TR03457,VH045,2026-05-05 10:34:52.738547,Nakuru,Thika,200,4.7626481532076665,Diesel,21.431419979439397,42.862839958878794,8143.939592186971
TR03458,VH012,2026-05-05 11:26:43.760752,Nakuru,Eldoret,160,2.861006222689743,Diesel,11.809036840177452,18.894458944283922,3589.9471994139453
TR03459,VH048,2026-05-05 12:18:34.782956,Naivasha,Nairobi,95,2.3794597142505345,Diesel,24.95921654177214,23.71125571468353,4505.138585789871
TR03460,VH033,2026-05-05 13:10:25.805161,Nairobi,Eldoret,310,6.628717093521521,Petrol,9.555846663769206,29.62312465768454,5924.624931536908
TR03461,VH045,2026-05-05 14:02:16.827365,Naivasha,Mombasa,620,14.904143002719602,Diesel,22.13150664940025,137.21534122628157,26070.914832993498
TR03462,VH026,2026-05-05 14:54:07.849569,Kisumu,Nakuru,190,4.100284462536326,Diesel,22.77177113078692,43.26636514849515,8220.609378214078
TR03463,VH039,2026-05-05 15:45:58.871774,Nairobi,Kisumu,350,7.178331936710205,Diesel,24.54031005751861,85.89108520131514,16319.306188249875
TR03464,VH028,2026-05-05 16:37:49.893978,Mombasa,Eldoret,750,16.042736160814297,Petrol,13.901017484283807,104.25763113212855,20851.52622642571
TR03465,VH005,2026-05-05 17:29:40.916183,Machakos,Nairobi,115,2.981353481221621,Diesel,22.506930419680828,25.88296998263295,4917.76429670026
TR03466,VH008,2026-05-05 18:21:31.938387,Mombasa,Kisumu,850,17.520081524214152,Diesel,9.584061584060613,81.46452346451521,15478.25945825789
TR03467,VH025,2026-05-05 19:13:22.960592,Nakuru,Eldoret,160,3.7799295969728974,Diesel,20.616134617820272,32.985815388512435,6267.304923817363
TR03468,VH027,2026-05-05 20:05:13.982796,Kisumu,Naivasha,270,6.012353071180622,Petrol,18.971891497835898,51.22410704415693,10244.821408831385
TR03469,VH046,2026-05-05 20:57:05.005001,Eldoret,Naivasha,235,4.202119349607057,Diesel,14.406063662327568,33.854249606469786,6432.307425229259
TR03470,VH023,2026-05-05 21:48:56.027205,Kisumu,Machakos,465,8.066874357662108,Diesel,12.748105777818214,59.2786918668547,11262.951454702394
TR03471,VH030,2026-05-05 22:40:47.049409,Mombasa,Nairobi,480,12.148136405827797,Diesel,13.787683933986147,66.1808828831335,12574.367747795366
TR03472,VH045,2026-05-05 23:32:38.071614,Eldoret,Kisumu,120,1.9184858641428246,Diesel,22.565795624414807,27.07895474929777,5145.001402366576
TR03473,VH047,2026-05-06 00:24:29.093818,Kisumu,Machakos,465,10.126459358123013,Petrol,11.535217684683548,53.63876223377851,10727.752446755701
TR03474,VH023,2026-05-06 01:16:20.116023,Machakos,Thika,80,1.7702279900559128,Diesel,9.749855297317486,7.799884237853989,1481.978005192258
TR03475,VH049,2026-05-06 02:08:11.138227,Machakos,Nairobi,115,2.682731221952389,Diesel,10.648474433525259,12.245745598554047,2326.691663725269
TR03476,VH047,2026-05-06 03:00:02.160432,Kisumu,Machakos,465,9.21754050941538,Petrol,9.684578962384453,45.03329217508771,9006.658435017542
TR03477,VH020,2026-05-06 03:51:53.182636,Eldoret,Thika,350,5.3149162273218105,Petrol,12.624565714261717,44.18597999991601,8837.195999983202
TR03478,VH018,2026-05-06 04:43:44.204840,Mombasa,Nairobi,480,12.73793242072996,Diesel,9.801143880110025,47.04549062452812,8938.643218660343
TR03479,VH018,2026-05-06 05:35:35.227045,Kisumu,Mombasa,850,25.339164800881324,Diesel,12.510567750858428,106.33982588229664,20204.566917636363
TR03480,VH002,2026-05-06 06:27:26.249249,Eldoret,Thika,350,6.711655956862292,Petrol,22.845787727171334,79.96025704509967,15992.051409019934
TR03481,VH004,2026-05-06 07:19:17.271454,Thika,Machakos,80,1.4664177490544572,Diesel,12.296522394956444,9.837217915965155,1869.0714040333794
TR03482,VH030,2026-05-06 08:11:08.293658,Machakos,Kisumu,465,9.222278751777907,Diesel,10.676143270590261,49.644066208244716,9432.372579566496
TR03483,VH033,2026-05-06 09:02:59.315863,Thika,Eldoret,350,6.390780237882927,Petrol,10.574004130670183,37.00901445734564,7401.802891469129
TR03484,VH036,2026-05-06 09:54:50.338067,Mombasa,Thika,520,12.698439970481756,Diesel,10.600465545377757,55.12242083596434,10473.259958833225
TR03485,VH018,2026-05-06 10:46:41.360272,Eldoret,Machakos,430,10.131702275527344,Diesel,12.501925665716467,53.758280362580805,10214.073268890354
TR03486,VH037,2026-05-06 11:38:32.382476,Thika,Kisumu,370,7.256088052312732,Diesel,10.568715097068623,39.104245859153906,7429.8067132392425
TR03487,VH019,2026-05-06 12:30:23.404680,Eldoret,Kisumu,120,1.8731106493107135,Diesel,13.145343231080453,15.774411877296544,2997.138256686343
TR03488,VH047,2026-05-06 13:22:14.426885,Kisumu,Naivasha,270,4.955451838723232,Petrol,12.80503645092957,34.57359841750984,6914.719683501969
TR03489,VH028,2026-05-06 14:14:05.449089,Mombasa,Nakuru,630,11.48427261574541,Petrol,10.931534590871369,68.86866792248962,13773.733584497924
TR03490,VH040,2026-05-06 15:05:56.471294,Thika,Kisumu,370,8.934912966779176,Petrol,13.595821908894447,50.30454106290946,10060.908212581891
TR03491,VH020,2026-05-06 15:57:47.493498,Naivasha,Nakuru,75,1.4050405938515105,Petrol,12.34256590733911,9.256924430504332,1851.3848861008664
TR03492,VH049,2026-05-06 16:49:38.515703,Kisumu,Nakuru,190,4.686404783010774,Diesel,12.740604000554631,24.207147601053798,4599.358044200221
TR03493,VH033,2026-05-06 17:41:29.537907,Machakos,Mombasa,420,6.547965678691538,Petrol,9.944642777243473,41.76749966442259,8353.499932884517
TR03494,VH012,2026-05-06 18:33:20.560112,Naivasha,Nairobi,95,2.26705521311823,Diesel,10.787951610782343,10.248554030243225,1947.2252657462127
TR03495,VH015,2026-05-06 19:25:11.582316,Naivasha,Machakos,190,4.354985897833261,Petrol,10.182419929613772,19.346597866266166,3869.319573253233
TR03496,VH041,2026-05-06 20:17:02.604520,Nairobi,Mombasa,480,12.560383107781242,Diesel,20.56110192204283,98.69328922580559,18751.72495290306
TR03497,VH039,2026-05-06 21:08:53.626725,Nairobi,Kisumu,350,6.905187554910553,Diesel,23.55565486725061,82.44479203537713,15664.510486721656
TR03498,VH002,2026-05-06 22:00:44.648929,Mombasa,Eldoret,750,14.895631321356236,Petrol,23.16546756235195,173.7410067176396,34748.20134352792
TR03499,VH029,2026-05-06 22:52:35.671134,Thika,Mombasa,520,8.372791636936725,Diesel,14.627257961392665,76.06174139924187,14451.730865855954
TR03500,VH041,2026-05-06 23:44:26.693338,Thika,Nairobi,45,0.800550503369648,Diesel,18.41040691369031,8.28468311116064,1574.0897911205213
TR03501,VH010,2026-05-07 00:36:17.715543,Thika,Nairobi,45,1.0303644677829638,Diesel,10.057781405070928,4.526001632281917,859.9403101335644
TR03502,VH002,2026-05-07 01:28:08.737747,Eldoret,Machakos,430,7.545558817450364,Petrol,22.893971807905594,98.44407877399405,19688.81575479881
TR03503,VH011,2026-05-07 02:19:59.759951,Kisumu,Thika,370,9.238019530857096,Diesel,11.396437478970828,42.166818672192065,8011.695547716492
TR03504,VH013,2026-05-07 03:11:50.782156,Thika,Nakuru,200,4.519449663995757,Petrol,20.338552268736724,40.67710453747345,8135.420907494689
TR03505,VH010,2026-05-07 04:03:41.804360,Kisumu,Eldoret,120,2.355357663058343,Diesel,12.73401012957256,15.280812155487071,2903.3543095425434
TR03506,VH014,2026-05-07 04:55:32.826565,Mombasa,Nakuru,630,15.386528284501388,Diesel,10.512065615633993,66.22601337849416,12582.94254191389
TR03507,VH018,2026-05-07 05:47:23.848769,Naivasha,Nairobi,95,1.6234523363092184,Diesel,12.21347208274025,11.602798478603237,2204.531710934615
TR03508,VH009,2026-05-07 06:39:14.870974,Thika,Machakos,80,1.1724273917053698,Diesel,11.625737231155751,9.300589784924602,1767.1120591356744
TR03509,VH039,2026-05-07 07:31:05.893178,Mombasa,Thika,520,10.914321401432145,Diesel,22.42900587010694,116.6308305245561,22159.85779966566
TR03510,VH028,2026-05-07 08:22:56.915383,Thika,Nakuru,200,4.465630920762187,Petrol,14.17003456536693,28.34006913073386,5668.013826146772
TR03511,VH003,2026-05-07 09:14:47.937587,Nairobi,Kisumu,350,7.148213472139116,Diesel,10.855556666687148,37.99444833340502,7218.945183346953
TR03512,VH020,2026-05-07 10:06:38.959791,Nakuru,Machakos,270,5.928720785488873,Petrol,13.654365464572601,36.86678675434602,7373.357350869204
TR03513,VH006,2026-05-07 10:58:29.981996,Mombasa,Nakuru,630,12.093559576437622,Diesel,21.714816987437107,136.80334702085378,25992.635933962218
TR03514,VH027,2026-05-07 11:50:21.004200,Thika,Nairobi,45,1.1415303829163106,Petrol,24.46049435621778,11.007222460298001,2201.4444920596
TR03515,VH002,2026-05-07 12:42:12.026405,Machakos,Mombasa,420,7.9926846095755915,Petrol,19.454110575412447,81.70726441673227,16341.452883346454
TR03516,VH029,2026-05-07 13:34:03.048609,Nakuru,Machakos,270,4.135054816554958,Diesel,13.022813323021188,35.16159597215721,6680.703234709869
TR03517,VH038,2026-05-07 14:25:54.070814,Mombasa,Machakos,420,12.359171807907662,Diesel,12.019435586618023,50.4816294637957,9591.509598121183
TR03518,VH003,2026-05-07 15:17:45.093018,Machakos,Mombasa,420,10.331894761512936,Diesel,13.871110955780066,58.25866601427628,11069.146542712493
TR03519,VH016,2026-05-07 16:09:36.115223,Machakos,Thika,80,1.722669902599254,Diesel,22.241362602493076,17.79309008199446,3380.6871155789477
TR03520,VH030,2026-05-07 17:01:27.137427,Eldoret,Thika,350,6.4415032975939175,Diesel,12.472577284791592,43.65402049677057,8294.263894386408
TR03521,VH040,2026-05-07 17:53:18.159631,Machakos,Nakuru,270,4.726637811163787,Petrol,14.564927032155044,39.32530298681862,7865.060597363724
TR03522,VH002,2026-05-07 18:45:09.181836,Thika,Naivasha,145,2.5673042744592935,Petrol,20.639819449201763,29.927738201342557,5985.547640268512
TR03523,VH017,2026-05-07 19:37:00.204040,Eldoret,Kisumu,120,3.2907017961995972,Petrol,10.099901024490908,12.119881229389089,2423.9762458778177
TR03524,VH041,2026-05-07 20:28:51.226245,Nairobi,Kisumu,350,7.846612906641676,Diesel,22.256708307964644,77.89847907787626,14800.71102479649
TR03525,VH012,2026-05-07 21:20:42.248449,Thika,Nakuru,200,4.6731740124825745,Diesel,13.120142185864069,26.240284371728137,4985.654030628346
TR03526,VH035,2026-05-07 22:12:33.270654,Naivasha,Eldoret,235,4.749546420444913,Diesel,12.195473107859378,28.65936180346954,5445.278742659213
TR03527,VH043,2026-05-07 23:04:24.292858,Machakos,Kisumu,465,9.272878557557874,Diesel,12.433050218446912,57.813683515778145,10984.599867997847
TR03528,VH001,2026-05-07 23:56:15.315063,Nairobi,Mombasa,480,12.293135000318419,Petrol,14.7977670714995,71.0292819431976,14205.85638863952
TR03529,VH045,2026-05-08 00:48:06.337267,Nakuru,Eldoret,160,3.4420767738367153,Diesel,23.12879983977761,37.00607974364418,7031.155151292394
TR03530,VH015,2026-05-08 01:39:57.359471,Mombasa,Nairobi,480,8.784106155262224,Petrol,9.553008757412885,45.85444203558185,9170.88840711637
TR03531,VH026,2026-05-08 02:31:48.381676,Machakos,Kisumu,465,10.339455825262208,Diesel,19.484910496094276,90.60483380683839,17214.918423299292
TR03532,VH037,2026-05-08 03:23:39.403880,Kisumu,Mombasa,850,17.562660824845203,Diesel,14.877883172177794,126.46200696351126,24027.781323067138
TR03533,VH021,2026-05-08 04:15:30.426085,Nairobi,Machakos,115,1.8088837679089116,Petrol,23.085258876554718,26.548047708037924,5309.609541607585
TR03534,VH049,2026-05-08 05:07:21.448289,Kisumu,Eldoret,120,1.8203818293842198,Diesel,13.575225630723267,16.29027075686792,3095.151443804905
TR03535,VH031,2026-05-08 05:59:12.470494,Machakos,Thika,80,2.445801702361901,Petrol,10.51930731994361,8.41544585595489,1683.0891711909778
TR03536,VH025,2026-05-08 06:51:03.492698,Kisumu,Naivasha,270,5.303353741660137,Diesel,23.193068020606148,62.6212836556366,11898.043894570954
TR03537,VH023,2026-05-08 07:42:54.514902,Machakos,Eldoret,430,5.863402187108486,Diesel,12.570013542617557,54.051058233255496,10269.701064318544
TR03538,VH024,2026-05-08 08:34:45.537107,Mombasa,Machakos,420,7.802228380464056,Petrol,10.473449927196874,43.98848969422687,8797.697938845375
TR03539,VH038,2026-05-08 09:26:36.559311,Nakuru,Machakos,270,5.3840717114686765,Diesel,12.754081627253527,34.43602039358453,6542.843874781061
TR03540,VH028,2026-05-08 10:18:27.581516,Mombasa,Nairobi,480,7.9336868827904,Petrol,13.137075556351476,63.057962670487086,12611.592534097417
TR03541,VH021,2026-05-08 11:10:18.603720,Thika,Nakuru,200,3.8651269776192514,Petrol,21.367922675792254,42.73584535158451,8547.169070316902
TR03542,VH043,2026-05-08 12:02:09.625925,Nairobi,Thika,45,0.8082898615711491,Diesel,14.135893533290064,6.3611520899805285,1208.6188970963003
TR03543,VH018,2026-05-08 12:54:00.648129,Kisumu,Naivasha,270,5.588030054166702,Diesel,13.164345208989946,35.54373206427286,6753.309092211844
TR03544,VH036,2026-05-08 13:45:51.670334,Mombasa,Naivasha,620,12.008968092059789,Diesel,13.253002741507784,82.16861699734827,15612.03722949617
TR03545,VH035,2026-05-08 14:37:42.692538,Machakos,Nairobi,115,2.153032070717864,Diesel,14.017117845490814,16.119685522314434,3062.7402492397423
TR03546,VH045,2026-05-08 15:29:33.714742,Mombasa,Naivasha,620,10.891625317447463,Diesel,21.416584340380012,132.7828229103561,25228.73635296766
TR03547,VH009,2026-05-08 16:21:24.736947,Mombasa,Naivasha,620,13.320089285062245,Diesel,11.907191490745037,73.82458724261923,14026.671576097653
TR03548,VH038,2026-05-08 17:13:15.759151,Nairobi,Mombasa,480,10.360724309518533,Diesel,14.156881418571853,67.95303080914489,12911.07585373753
TR03549,VH030,2026-05-08 18:05:06.781356,Nakuru,Naivasha,75,2.1688749306001682,Diesel,12.451007292781334,9.338255469586,1774.26853922134
TR03550,VH044,2026-05-08 18:56:57.803560,Naivasha,Nakuru,75,1.5990519437404527,Petrol,19.724599790395875,14.793449842796907,2958.689968559381
TR03551,VH034,2026-05-08 19:48:48.825765,Mombasa,Nakuru,630,10.932890928396994,Diesel,11.536717661611082,72.68132126814982,13809.451040948465
TR03552,VH032,2026-05-08 20:40:39.847969,Nairobi,Thika,45,0.8378983954532456,Petrol,10.709249109596211,4.819162099318295,963.8324198636591
TR03553,VH003,2026-05-08 21:32:30.870174,Kisumu,Nakuru,190,4.521012440070458,Diesel,13.458147452993995,25.57048016068859,4858.391230530832
TR03554,VH003,2026-05-08 22:24:21.892378,Machakos,Nakuru,270,7.76551588780304,Diesel,11.679606408119533,31.53493730192274,5991.638087365321
TR03555,VH028,2026-05-08 23:16:12.914582,Thika,Mombasa,520,10.642514354814832,Petrol,11.303293992237272,58.77712875963382,11755.425751926763
TR03556,VH044,2026-05-09 00:08:03.936787,Naivasha,Machakos,190,3.3106684494344454,Petrol,24.695561223643217,46.92156632492211,9384.313264984423
TR03557,VH015,2026-05-09 00:59:54.958991,Eldoret,Thika,350,7.5808749378210125,Petrol,12.884404978791538,45.095417425770385,9019.083485154077
TR03558,VH041,2026-05-09 01:51:45.981196,Naivasha,Nakuru,75,1.9510611448178947,Diesel,23.509486519067522,17.63211488930064,3350.101828967122
TR03559,VH023,2026-05-09 02:43:37.003400,Machakos,Thika,80,1.7666306281800206,Diesel,12.118609846395916,9.694887877116734,1842.0286966521796
TR03560,VH040,2026-05-09 03:35:28.025605,Naivasha,Mombasa,620,11.784995101814305,Petrol,14.195864052551485,88.01435712581922,17602.871425163845
TR03561,VH011,2026-05-09 04:27:19.047809,Machakos,Naivasha,190,3.16986303545199,Diesel,13.795812405816907,26.21204357105212,4980.288278499903
TR03562,VH048,2026-05-09 05:19:10.070014,Nairobi,Thika,45,0.9385472667244648,Diesel,22.191415928935314,9.98613716802089,1897.3660619239693
TR03563,VH032,2026-05-09 06:11:01.092218,Eldoret,Kisumu,120,2.0534183329279445,Petrol,14.805622009258586,17.766746411110304,3553.349282222061
TR03564,VH036,2026-05-09 07:02:52.114422,Mombasa,Nairobi,480,8.340234705941647,Diesel,9.957974748422115,47.79827879242615,9081.672970560969
TR03565,VH033,2026-05-09 07:54:43.136627,Mombasa,Naivasha,620,15.275948149336193,Petrol,13.716898594973756,85.0447712888373,17008.95425776746
TR03566,VH024,2026-05-09 08:46:34.158831,Naivasha,Mombasa,620,10.332357795824182,Petrol,11.007190809994324,68.24458302196481,13648.916604392964
TR03567,VH039,2026-05-09 09:38:25.181036,Nairobi,Mombasa,480,9.167145339620216,Diesel,21.698792883810405,104.15420584228994,19789.29911003509
TR03568,VH034,2026-05-09 10:30:16.203240,Eldoret,Machakos,430,10.657668469538612,Diesel,9.613696597721544,41.338895370202636,7854.390120338501
TR03569,VH028,2026-05-09 11:22:07.225445,Mombasa,Machakos,420,6.553626929862198,Petrol,12.700537194608955,53.342256217357615,10668.451243471523
TR03570,VH037,2026-05-09 12:13:58.247649,Kisumu,Eldoret,120,2.4492097527464365,Diesel,13.056033759290967,15.66724051114916,2976.7756971183403
TR03571,VH007,2026-05-09 13:05:49.269853,Nakuru,Kisumu,190,5.514846509629694,Petrol,14.98850770904262,28.47816464718098,5695.632929436196
TR03572,VH004,2026-05-09 13:57:40.292058,Nakuru,Kisumu,190,4.284116353790006,Diesel,14.875962055357633,28.2643279051795,5370.222301984105
TR03573,VH037,2026-05-09 14:49:31.314262,Mombasa,Thika,520,12.269832667013253,Diesel,14.831986459371436,77.12632958873147,14654.00262185898
TR03574,VH001,2026-05-09 15:41:22.336467,Eldoret,Mombasa,750,16.836498096483478,Petrol,11.741940300510286,88.06455225382715,17612.91045076543
TR03575,VH001,2026-05-09 16:33:13.358671,Thika,Mombasa,520,11.197601407656188,Petrol,14.956332493725217,77.77292896737113,15554.585793474225
TR03576,VH047,2026-05-09 17:25:04.380876,Mombasa,Machakos,420,8.760789300835008,Petrol,11.277390757975555,47.36504118349733,9473.008236699467
TR03577,VH020,2026-05-09 18:16:55.403080,Thika,Eldoret,350,7.3467707638714534,Petrol,13.259181293809503,46.40713452833326,9281.426905666653
TR03578,VH019,2026-05-09 19:08:46.425285,Thika,Nairobi,45,0.9142602995038377,Diesel,10.08159984509486,4.536719930292687,861.9767867556105
TR03579,VH029,2026-05-09 20:00:37.447489,Machakos,Nakuru,270,4.936091591138254,Diesel,12.529165898283011,33.828747925364134,6427.462105819185
TR03580,VH010,2026-05-09 20:52:28.469693,Machakos,Nakuru,270,6.132390248014174,Diesel,14.830060480638027,40.041163297722676,7607.821026567309
TR03581,VH018,2026-05-09 21:44:19.491898,Eldoret,Machakos,430,7.233211702211822,Diesel,13.735156984617138,59.061175033853694,11221.623256432202
TR03582,VH028,2026-05-09 22:36:10.514102,Thika,Mombasa,520,12.935795761203114,Petrol,13.418674389107133,69.7771068233571,13955.42136467142
TR03583,VH035,2026-05-09 23:28:01.536307,Kisumu,Machakos,465,8.466714301774656,Diesel,13.989071612765299,65.04918299935865,12359.344769878144
TR03584,VH043,2026-05-10 00:19:52.558511,Eldoret,Mombasa,750,11.877204787217751,Diesel,10.882133483012007,81.61600112259005,15507.04021329211
TR03585,VH047,2026-05-10 01:11:43.580716,Mombasa,Thika,520,10.703740557243146,Petrol,12.608292747420787,65.5631222865881,13112.624457317619
TR03586,VH031,2026-05-10 02:03:34.602920,Naivasha,Kisumu,270,5.23786472911916,Petrol,12.090254041676861,32.64368591252752,6528.737182505504
TR03587,VH027,2026-05-10 02:55:25.625125,Kisumu,Nairobi,350,8.282804111111028,Petrol,18.640862150258723,65.24301752590553,13048.603505181105
TR03588,VH011,2026-05-10 03:47:16.647329,Nairobi,Naivasha,95,2.06945770082078,Diesel,10.565795032948381,10.037505281300962,1907.126003447183
TR03589,VH049,2026-05-10 04:39:07.669533,Nakuru,Eldoret,160,2.5583042209773135,Diesel,9.542218088756309,15.267548942010094,2900.834298981918
TR03590,VH049,2026-05-10 05:30:58.691738,Mombasa,Eldoret,750,13.395761546076267,Diesel,12.621784674149179,94.66338505611884,17986.04316066258
TR03591,VH038,2026-05-10 06:22:49.713942,Mombasa,Nakuru,630,11.809173969603348,Diesel,10.708576041237862,67.46402905979853,12818.165521361721
TR03592,VH005,2026-05-10 07:14:40.736147,Mombasa,Nakuru,630,18.262879211245416,Diesel,21.274125897801294,134.02699315614814,25465.128699668145
TR03593,VH008,2026-05-10 08:06:31.758351,Kisumu,Mombasa,850,19.201134845888735,Diesel,10.784909029388789,91.6717267498047,17417.628082462896
TR03594,VH034,2026-05-10 08:58:22.780556,Nairobi,Eldoret,310,4.850424298834602,Diesel,11.75252070385109,36.43281418193838,6922.234694568293
TR03595,VH048,2026-05-10 09:50:13.802760,Naivasha,Machakos,190,3.565620650916476,Diesel,22.94533541053582,43.596137280018056,8283.26608320343
TR03596,VH012,2026-05-10 10:42:04.824964,Eldoret,Nairobi,310,5.710626368619394,Diesel,13.42361268610666,41.61319932693065,7906.507872116823
TR03597,VH038,2026-05-10 11:33:55.847169,Machakos,Naivasha,190,3.6990570800412996,Diesel,12.577599579571883,23.897439201186575,4540.513448225449
TR03598,VH001,2026-05-10 12:25:46.869373,Nairobi,Nakuru,155,3.437105529954828,Petrol,12.321674368051927,19.098595270480487,3819.7190540960974
TR03599,VH031,2026-05-10 13:17:37.891578,Kisumu,Nakuru,190,3.6080288553639264,Petrol,10.989077975611293,20.879248153661457,4175.849630732291
TR03600,VH004,2026-05-10 14:09:28.913782,Mombasa,Machakos,420,11.123386022595106,Diesel,14.309549741521897,60.10010891439197,11419.020693734474
TR03601,VH049,2026-05-10 15:01:19.935987,Nakuru,Nairobi,155,4.171560130114665,Diesel,10.654259024363224,16.514101487762996,3137.6792826749693
TR03602,VH045,2026-05-10 15:53:10.958191,Mombasa,Kisumu,850,19.266598895386426,Diesel,19.815560748172466,168.43226635946596,32002.130608298532
TR03603,VH050,2026-05-10 16:45:01.980396,Eldoret,Nairobi,310,6.015059315510427,Diesel,12.716577468276355,39.4213901516567,7490.0641288147735
TR03604,VH005,2026-05-10 17:36:53.002600,Thika,Mombasa,520,13.887918886091784,Diesel,20.518344231877087,106.69539000576086,20272.124101094563
TR03605,VH030,2026-05-10 18:28:44.024804,Nakuru,Machakos,270,5.292421837203712,Diesel,14.234992998786343,38.434481096723125,7302.551408377394
TR03606,VH024,2026-05-10 19:20:35.047009,Mombasa,Naivasha,620,14.746622335320133,Petrol,10.639443593185725,65.9645502777515,13192.9100555503
TR03607,VH003,2026-05-10 20:12:26.069213,Naivasha,Eldoret,235,5.449730772315792,Diesel,13.50972412287294,31.74785168875141,6032.091820862768
TR03608,VH011,2026-05-10 21:04:17.091418,Nakuru,Mombasa,630,10.43103213280763,Diesel,10.22554503142668,64.42093369798809,12239.977402617737
TR03609,VH045,2026-05-10 21:56:08.113622,Thika,Kisumu,370,7.356105728924203,Diesel,20.69894016077224,76.58607859485728,14551.354933022883
TR03610,VH004,2026-05-10 22:47:59.135827,Machakos,Thika,80,1.8704893307968855,Diesel,11.716150874837757,9.372920699870205,1780.854932975339
TR03611,VH026,2026-05-10 23:39:50.158031,Nairobi,Eldoret,310,6.020040779986027,Diesel,23.716751174931463,73.52192864228753,13969.166442034631
TR03612,VH027,2026-05-11 00:31:41.180236,Kisumu,Nairobi,350,9.151988854083667,Petrol,24.76938782259817,86.6928573790936,17338.57147581872
TR03613,VH046,2026-05-11 01:23:32.202440,Machakos,Kisumu,465,8.763887974090329,Diesel,12.304406383464807,57.21548968311136,10870.943039791158
TR03614,VH043,2026-05-11 02:15:23.224644,Mombasa,Naivasha,620,10.533729551351675,Diesel,14.12418138576879,87.5699245917665,16638.285672435635
TR03615,VH027,2026-05-11 03:07:14.246849,Eldoret,Naivasha,235,4.250022118367788,Petrol,22.897862906701555,53.80997783074866,10761.995566149732
TR03616,VH042,2026-05-11 03:59:05.269053,Nairobi,Nakuru,155,2.3044312994523386,Diesel,14.836929938318466,22.997241404393623,4369.475866834789
TR03617,VH050,2026-05-11 04:50:56.291258,Machakos,Nakuru,270,7.827704339503537,Diesel,13.055542571714124,35.249964943628136,6697.493339289345
TR03618,VH006,2026-05-11 05:42:47.313462,Mombasa,Nakuru,630,12.349126836132424,Diesel,18.542346461746114,116.8167827090005,22195.188714710097
TR03619,VH015,2026-05-11 06:34:38.335667,Nairobi,Mombasa,480,12.228678064769,Petrol,12.56640861191118,60.31876133717366,12063.752267434733
TR03620,VH030,2026-05-11 07:26:29.357871,Machakos,Kisumu,465,9.565100874315679,Diesel,12.677498577111868,58.950368383570186,11200.569992878336
TR03621,VH042,2026-05-11 08:18:20.380076,Eldoret,Nakuru,160,3.199209683408743,Diesel,10.082180289661636,16.13148846345862,3064.982808057138
TR03622,VH037,2026-05-11 09:10:11.402280,Mombasa,Machakos,420,6.154859440864372,Diesel,11.256564793627218,47.277572133234315,8982.73870531452
TR03623,VH037,2026-05-11 10:02:02.424484,Thika,Eldoret,350,7.067596883053891,Diesel,14.608776225134465,51.13071678797063,9714.836189714419
TR03624,VH042,2026-05-11 10:53:53.446689,Thika,Naivasha,145,2.9368540982187477,Diesel,14.630306863933765,21.213944952703958,4030.6495410137522
TR03625,VH037,2026-05-11 11:45:44.468893,Eldoret,Nakuru,160,2.756659048532472,Diesel,13.994252301003172,22.390803681605078,4254.252699504965
TR03626,VH035,2026-05-11 12:37:35.491098,Nakuru,Machakos,270,5.446026978966904,Diesel,14.908898016389948,40.25402464425286,7648.264682408043
TR03627,VH023,2026-05-11 13:29:26.513302,Eldoret,Nakuru,160,2.4748961767126123,Diesel,13.032726123121025,20.85236179699364,3961.948741428792
TR03628,VH006,2026-05-11 14:21:17.535507,Nakuru,Mombasa,630,11.38057668981647,Diesel,18.071429310996717,113.8500046592793,21631.500885263067
TR03629,VH004,2026-05-11 15:13:08.557711,Mombasa,Machakos,420,7.416822371621389,Diesel,11.43917170150756,48.04452114633175,9128.459017803034
TR03630,VH018,2026-05-11 16:04:59.579915,Machakos,Eldoret,430,12.264868036961575,Diesel,9.153120911188815,39.3584199181119,7478.09978444126
TR03631,VH009,2026-05-11 16:56:50.602120,Nakuru,Naivasha,75,1.1384040954662875,Diesel,10.470539843687797,7.8529048827658485,1492.0519277255112
TR03632,VH049,2026-05-11 17:48:41.624324,Mombasa,Nairobi,480,10.726657611896918,Diesel,10.09420408475388,48.452179606818625,9205.914125295538
TR03633,VH029,2026-05-11 18:40:32.646529,Mombasa,Nairobi,480,9.61496884118596,Diesel,12.517792731627612,60.085405111812534,11416.226971244381
TR03634,VH013,2026-05-11 19:32:23.668733,Naivasha,Nakuru,75,1.674915859570351,Petrol,23.932724024234126,17.949543018175596,3589.908603635119
TR03635,VH047,2026-05-11 20:24:14.690938,Kisumu,Machakos,465,11.122808128567645,Petrol,13.30983378078554,61.890727080652766,12378.145416130554
TR03636,VH017,2026-05-11 21:16:05.713142,Mombasa,Kisumu,850,21.048641818610676,Petrol,12.081009292786483,102.68857898868511,20537.715797737023
TR03637,VH045,2026-05-11 22:07:56.735347,Nakuru,Eldoret,160,3.147999253674742,Diesel,24.497231573463644,39.19557051754183,7447.158398332948
TR03638,VH032,2026-05-11 22:59:47.757551,Kisumu,Thika,370,10.805814198386695,Petrol,12.50031163295104,46.251153041918855,9250.23060838377
TR03639,VH048,2026-05-11 23:51:38.779755,Kisumu,Naivasha,270,5.618260229510215,Diesel,24.22325230893241,65.40278123411751,12426.528434482327
TR03640,VH022,2026-05-12 00:43:29.801960,Mombasa,Kisumu,850,14.539321799578813,Petrol,21.178456794324084,180.0168827517547,36003.37655035094
TR03641,VH004,2026-05-12 01:35:20.824164,Eldoret,Kisumu,120,2.1796172478368803,Diesel,11.386125037109412,13.663350044531294,2596.0365084609457
TR03642,VH005,2026-05-12 02:27:11.846369,Eldoret,Machakos,430,8.043474703741717,Diesel,24.414890426702993,104.98402883482287,19946.965478616345
TR03643,VH037,2026-05-12 03:19:02.868573,Thika,Eldoret,350,8.170521365115205,Diesel,11.939675378394346,41.788863824380215,7939.884126632241
TR03644,VH041,2026-05-12 04:10:53.890778,Kisumu,Naivasha,270,7.236425568638617,Diesel,21.523828761911233,58.114337657160334,11041.724154860463
TR03645,VH049,2026-05-12 05:02:44.912982,Mombasa,Nairobi,480,8.22842760240339,Diesel,10.644303162653387,51.09265518073625,9707.604484339889
TR03646,VH013,2026-05-12 05:54:35.935187,Naivasha,Kisumu,270,5.817922118991468,Petrol,22.63986320203511,61.1276306454948,12225.52612909896
TR03647,VH034,2026-05-12 06:46:26.957391,Eldoret,Machakos,430,8.715855955917343,Diesel,13.975156125030178,60.09317133762976,11417.702554149655
TR03648,VH045,2026-05-12 07:38:17.979595,Naivasha,Eldoret,235,4.853442211289379,Diesel,18.17859484205339,42.719697878825464,8116.742596976838
TR03649,VH022,2026-05-12 08:30:09.001800,Mombasa,Eldoret,750,13.543004623965073,Petrol,24.29893604204971,182.24202031537283,36448.404063074566
TR03650,VH023,2026-05-12 09:22:00.024004,Mombasa,Kisumu,850,13.128117003519078,Diesel,9.019630284946327,76.66685742204378,14566.702910188318
TR03651,VH003,2026-05-12 10:13:51.046209,Machakos,Mombasa,420,6.807242357440656,Diesel,11.821139405731056,49.64878550407044,9433.269245773383
TR03652,VH042,2026-05-12 11:05:42.068413,Kisumu,Nairobi,350,11.16709125088363,Diesel,10.843034031447571,37.9506191100665,7210.617630912635
TR03653,VH034,2026-05-12 11:57:33.090618,Machakos,Nakuru,270,5.680421000307779,Diesel,12.786708903362756,34.52411403907944,6559.581667425095
TR03654,VH032,2026-05-12 12:49:24.112822,Naivasha,Nakuru,75,1.9119946173338775,Petrol,10.253054203785867,7.689790652839401,1537.95813056788
TR03655,VH045,2026-05-12 13:41:15.135027,Machakos,Naivasha,190,3.3039208526012844,Diesel,21.874394675090294,41.56134988267156,7896.6564777075955
TR03656,VH049,2026-05-12 14:33:06.157231,Thika,Machakos,80,1.5989808782486776,Diesel,10.474630669226563,8.37970453538125,1592.1438617224376
TR03657,VH021,2026-05-12 15:24:57.179435,Kisumu,Thika,370,6.745766556312121,Petrol,18.935691742052914,70.06205944559578,14012.411889119156
TR03658,VH046,2026-05-12 16:16:48.201640,Nairobi,Machakos,115,2.45479944505741,Diesel,13.859091060513204,15.937954719590184,3028.211396722135
TR03659,VH044,2026-05-12 17:08:39.223844,Machakos,Kisumu,465,11.15508449348654,Petrol,19.5219178397868,90.77691795500861,18155.383591001722
TR03660,VH021,2026-05-12 18:00:30.246049,Naivasha,Nairobi,95,2.2065439329338505,Petrol,19.565726484384573,18.587440160165343,3717.4880320330685
TR03661,VH044,2026-05-12 18:52:21.268253,Eldoret,Nakuru,160,4.239994426351956,Petrol,19.92553749596546,31.88085999354474,6376.171998708948
TR03662,VH011,2026-05-12 19:44:12.290458,Eldoret,Thika,350,8.773924860269293,Diesel,12.933833819140137,45.26841836699048,8600.999489728192
TR03663,VH039,2026-05-12 20:36:03.312662,Eldoret,Nairobi,310,8.113981961287662,Diesel,22.617661521835238,70.11475071768923,13321.802636360955
TR03664,VH004,2026-05-12 21:27:54.334866,Nakuru,Machakos,270,6.472588330625759,Diesel,10.088012618506724,27.237634069968156,5175.150473293949
TR03665,VH001,2026-05-12 22:19:45.357071,Mombasa,Machakos,420,10.178912641987894,Petrol,11.209348180568952,47.0792623583896,9415.85247167792
TR03666,VH028,2026-05-12 23:11:36.379275,Kisumu,Eldoret,120,2.257644461461274,Petrol,12.154854212526415,14.585825055031696,2917.1650110063392
TR03667,VH024,2026-05-13 00:03:27.401480,Eldoret,Machakos,430,8.137944879359786,Petrol,10.659884760806165,45.83750447146651,9167.500894293302
TR03668,VH035,2026-05-13 00:55:18.423684,Nairobi,Kisumu,350,6.5858757028684165,Diesel,14.42085329255443,50.472986523940506,9589.867439548696
TR03669,VH013,2026-05-13 01:47:09.445889,Eldoret,Naivasha,235,3.956231427340882,Petrol,23.513961116204932,55.257808623081594,11051.561724616318
TR03670,VH047,2026-05-13 02:39:00.468093,Thika,Nakuru,200,4.050772637903589,Petrol,12.129451077694139,24.258902155388277,4851.7804310776555
TR03671,VH034,2026-05-13 03:30:51.490298,Mombasa,Kisumu,850,19.427024716209047,Diesel,10.690212079985198,90.86680267987418,17264.692509176093
TR03672,VH011,2026-05-13 04:22:42.512502,Naivasha,Machakos,190,2.806862926094274,Diesel,13.5033617242308,25.65638727603852,4874.713582447319
TR03673,VH036,2026-05-13 05:14:33.534706,Mombasa,Nairobi,480,8.38498729685572,Diesel,13.218190064228972,63.44731230829906,12054.989338576821
TR03674,VH017,2026-05-13 06:06:24.556911,Machakos,Naivasha,190,3.709592892440069,Petrol,11.974151886794933,22.750888584910374,4550.177716982075
TR03675,VH035,2026-05-13 06:58:15.579115,Naivasha,Nairobi,95,1.8751358622803325,Diesel,13.922307334466897,13.226191967743551,2512.9764738712747
TR03676,VH018,2026-05-13 07:50:06.601320,Naivasha,Nairobi,95,1.8158454361608434,Diesel,12.74552480699874,12.108248566648802,2300.567227663272
TR03677,VH040,2026-05-13 08:41:57.623524,Machakos,Nairobi,115,2.37685858615733,Petrol,12.858686555801611,14.787489539171853,2957.4979078343704
TR03678,VH022,2026-05-13 09:33:48.645729,Kisumu,Thika,370,7.251234210875779,Petrol,20.185282517750576,74.68554531567713,14937.109063135427
TR03679,VH024,2026-05-13 10:25:39.667933,Machakos,Mombasa,420,7.778492637827108,Petrol,12.72891079000636,53.46142531802671,10692.285063605343
TR03680,VH019,2026-05-13 11:17:30.690138,Nakuru,Machakos,270,6.1102962393514035,Diesel,10.033981831788033,27.09175094582769,5147.432679707262
TR03681,VH037,2026-05-13 12:09:21.712342,Naivasha,Eldoret,235,6.363894555648822,Diesel,13.897441732357668,32.658988071040525,6205.2077334977
TR03682,VH039,2026-05-13 13:01:12.734546,Naivasha,Nakuru,75,2.2458547457042584,Diesel,23.631826844997732,17.7238701337483,3367.535325412177
TR03683,VH021,2026-05-13 13:53:03.756751,Machakos,Eldoret,430,7.530227222810279,Petrol,23.755014156992612,102.14656087506823,20429.312175013645
TR03684,VH008,2026-05-13 14:44:54.778955,Kisumu,Eldoret,120,3.214003912294235,Diesel,11.364579854892288,13.637495825870745,2591.124206915442
TR03685,VH028,2026-05-13 15:36:45.801160,Eldoret,Naivasha,235,4.374310538139241,Petrol,10.962403838852108,25.761649021302453,5152.329804260491
TR03686,VH005,2026-05-13 16:28:36.823364,Thika,Nairobi,45,1.1038840005591666,Diesel,18.69806520046248,8.414129340208117,1598.6845746395422
TR03687,VH017,2026-05-13 17:20:27.845569,Nairobi,Machakos,115,2.8121462512305238,Petrol,12.716806252439621,14.624327190305562,2924.8654380611124
TR03688,VH037,2026-05-13 18:12:18.867773,Kisumu,Eldoret,120,2.7115941716972136,Diesel,14.431306922649066,17.317568307178878,3290.3379783639866
TR03689,VH036,2026-05-13 19:04:09.889977,Nakuru,Machakos,270,5.237322761839358,Diesel,12.254191794184534,33.08631784429824,6286.400390416667
TR03690,VH019,2026-05-13 19:56:00.912182,Kisumu,Naivasha,270,6.802504050510942,Diesel,9.720800301941848,26.24616081524299,4986.7705548961685
TR03691,VH027,2026-05-13 20:47:51.934386,Mombasa,Eldoret,750,16.642797109321172,Petrol,24.544275139623018,184.08206354717262,36816.412709434524
TR03692,VH034,2026-05-13 21:39:42.956591,Eldoret,Machakos,430,8.635535674452644,Diesel,13.945510072696598,59.96569331259537,11393.481729393121
TR03693,VH011,2026-05-13 22:31:33.978795,Eldoret,Nakuru,160,3.9684601005021336,Diesel,12.16689304967461,19.467028879479376,3698.735487101081
TR03694,VH045,2026-05-13 23:23:25.001000,Naivasha,Nairobi,95,1.5465795478879427,Diesel,22.1637770249164,21.05558817367058,4000.5617529974097
TR03695,VH047,2026-05-14 00:15:16.023204,Eldoret,Kisumu,120,3.3131143115466988,Petrol,12.886142600008288,15.463371120009946,3092.674224001989
TR03696,VH012,2026-05-14 01:07:07.045409,Eldoret,Nakuru,160,3.315742865634007,Diesel,13.681948950250224,21.89111832040036,4159.312480876069
TR03697,VH021,2026-05-14 01:58:58.067613,Machakos,Nairobi,115,1.910923543268294,Petrol,24.774510343534146,28.490686895064265,5698.137379012853
TR03698,VH011,2026-05-14 02:50:49.089817,Eldoret,Mombasa,750,19.033471443460922,Diesel,10.574415455393945,79.3081159154546,15068.542023936372
TR03699,VH039,2026-05-14 03:42:40.112022,Eldoret,Nakuru,160,3.2571305124116177,Diesel,22.065074062999642,35.304118500799426,6707.782515151891
TR03700,VH028,2026-05-14 04:34:31.134226,Nairobi,Thika,45,0.8812665734359395,Petrol,13.459657098365462,6.0568456942644575,1211.3691388528914
TR03701,VH005,2026-05-14 05:26:22.156431,Nakuru,Machakos,270,6.200363167196641,Diesel,24.23068896931369,65.42286021714696,12430.343441257923
TR03702,VH017,2026-05-14 06:18:13.178635,Naivasha,Nairobi,95,1.9238504431576777,Petrol,13.370548138590753,12.702020731661214,2540.404146332243
TR03703,VH020,2026-05-14 07:10:04.200840,Machakos,Kisumu,465,8.533432274754489,Petrol,13.889998967806449,64.58849520029999,12917.699040059997
TR03704,VH041,2026-05-14 08:01:55.223044,Eldoret,Naivasha,235,5.079667076018163,Diesel,21.58454917756375,50.723690567274815,9637.501207782216
TR03705,VH046,2026-05-14 08:53:46.245249,Naivasha,Kisumu,270,4.811578847394131,Diesel,14.153804334066134,38.215271701978565,7260.901623375928
TR03706,VH012,2026-05-14 09:45:37.267453,Nakuru,Thika,200,3.763512360258622,Diesel,12.136408540636639,24.272817081273278,4611.835245441923
TR03707,VH006,2026-05-14 10:37:28.289657,Machakos,Naivasha,190,4.1908561421194435,Diesel,20.956197144992224,39.816774575485226,7565.187169342193
TR03708,VH017,2026-05-14 11:29:19.311862,Thika,Eldoret,350,5.930229835777886,Petrol,10.266741822364295,35.933596378275034,7186.719275655007
TR03709,VH019,2026-05-14 12:21:10.334066,Eldoret,Kisumu,120,2.7227861270664047,Diesel,13.091186435096148,15.709423722115377,2984.7905072019216
TR03710,VH026,2026-05-14 13:13:01.356271,Naivasha,Machakos,190,3.3422961729434038,Diesel,24.900705740694608,47.31134090731975,8989.154772390753
TR03711,VH048,2026-05-14 14:04:52.378475,Kisumu,Naivasha,270,6.106404172259732,Diesel,19.794392098430805,53.44485866576318,10154.523146495003
TR03712,VH044,2026-05-14 14:56:43.400680,Machakos,Nairobi,115,2.422510568346712,Petrol,18.392921116147505,21.151859283569628,4230.371856713926
TR03713,VH044,2026-05-14 15:48:34.422884,Machakos,Naivasha,190,3.9015298481925775,Petrol,23.70879706193305,45.046714417672796,9009.342883534558
TR03714,VH032,2026-05-14 16:40:25.445089,Naivasha,Nakuru,75,1.4229159548686487,Petrol,13.10115026267378,9.825862697005334,1965.1725394010668
TR03715,VH006,2026-05-14 17:32:16.467293,Eldoret,Machakos,430,14.009976245771583,Diesel,24.71789160385703,106.28693389658523,20194.517440351192
TR03716,VH036,2026-05-14 18:24:07.489497,Mombasa,Thika,520,9.68990001604326,Diesel,10.261196095384761,53.35821969600076,10138.061742240145
TR03717,VH038,2026-05-14 19:15:58.511702,Nairobi,Thika,45,0.915003007582402,Diesel,10.355138290006405,4.659812230502882,885.3643237955476
TR03718,VH011,2026-05-14 20:07:49.533906,Kisumu,Thika,370,7.076474715752199,Diesel,12.462211304332508,46.11018182603028,8760.934546945753
TR03719,VH033,2026-05-14 20:59:40.556111,Kisumu,Naivasha,270,4.998157476545797,Petrol,9.427330114825738,25.453791310029494,5090.758262005899
TR03720,VH024,2026-05-14 21:51:31.578315,Mombasa,Machakos,420,7.902093705614989,Petrol,10.308950005513537,43.29759002315686,8659.51800463137
TR03721,VH023,2026-05-14 22:43:22.600520,Eldoret,Machakos,430,12.669001093015403,Diesel,9.629889304095842,41.40852400761212,7867.619561446303
TR03722,VH015,2026-05-14 23:35:13.622724,Machakos,Mombasa,420,10.117577034891942,Petrol,10.120660898300393,42.50677577286165,8501.35515457233
TR03723,VH027,2026-05-15 00:27:04.644928,Machakos,Thika,80,1.5191067317946785,Petrol,18.743012569749745,14.994410055799797,2998.8820111599593
TR03724,VH011,2026-05-15 01:18:55.667133,Nairobi,Mombasa,480,9.302763753646742,Diesel,14.769529997136427,70.89374398625485,13469.81135738842
TR03725,VH050,2026-05-15 02:10:46.689337,Kisumu,Nairobi,350,8.012165577739381,Diesel,10.392813567248677,36.37484748537037,6911.221022220369
TR03726,VH017,2026-05-15 03:02:37.711542,Nairobi,Mombasa,480,8.58659101910783,Petrol,11.219487929962828,53.85354206382157,10770.708412764314
TR03727,VH014,2026-05-15 03:54:28.733746,Kisumu,Nairobi,350,7.299483402568796,Diesel,14.493059038171111,50.72570663359889,9637.88426038379
TR03728,VH027,2026-05-15 04:46:19.755951,Eldoret,Nairobi,310,5.430421246313614,Petrol,22.74125111573032,70.49787845876399,14099.575691752798
TR03729,VH018,2026-05-15 05:38:10.778155,Thika,Kisumu,370,6.199714192376322,Diesel,12.090187402808873,44.73369339039283,8499.401744174638
TR03730,VH028,2026-05-15 06:30:01.800360,Kisumu,Thika,370,7.084537393444535,Petrol,13.527815951804186,50.05291902167549,10010.583804335098
TR03731,VH047,2026-05-15 07:21:52.822564,Thika,Naivasha,145,2.663266508984354,Petrol,13.14411128552691,19.058961364014017,3811.7922728028034
TR03732,VH047,2026-05-15 08:13:43.844768,Kisumu,Eldoret,120,2.6588485088319938,Petrol,13.388346339258804,16.066015607110565,3213.203121422113
TR03733,VH004,2026-05-15 09:05:34.866973,Machakos,Thika,80,1.4001268764265062,Diesel,13.213198353325133,10.570558682660106,2008.4061497054201
TR03734,VH007,2026-05-15 09:57:25.889177,Nakuru,Mombasa,630,12.175090567079467,Petrol,14.450036373470288,91.03522915286281,18207.045830572562
TR03735,VH045,2026-05-15 10:49:16.911382,Eldoret,Machakos,430,9.025590588566176,Diesel,21.747782691978337,93.51546557550684,17767.9384593463
TR03736,VH035,2026-05-15 11:41:07.933586,Mombasa,Kisumu,850,21.118299245980403,Diesel,11.386454281342118,96.784861391408,18389.12366436752
TR03737,VH048,2026-05-15 12:32:58.955791,Thika,Eldoret,350,7.58947957706878,Diesel,24.16053696218691,84.56187936765419,16066.757079854295
TR03738,VH009,2026-05-15 13:24:49.977995,Mombasa,Nakuru,630,15.319448567343692,Diesel,12.707364137065436,80.05639406351224,15210.714872067327
TR03739,VH008,2026-05-15 14:16:41.000200,Eldoret,Kisumu,120,2.1393456395857284,Diesel,13.530687937836172,16.236825525403404,3084.9968498266467
TR03740,VH045,2026-05-15 15:08:32.022404,Naivasha,Nakuru,75,1.254947856209249,Diesel,18.28117469765407,13.710881023240553,2605.067394415705
TR03741,VH017,2026-05-15 16:00:23.044608,Mombasa,Machakos,420,7.325987699127986,Petrol,10.987578757706178,46.14783078236595,9229.56615647319
TR03742,VH017,2026-05-15 16:52:14.066813,Eldoret,Mombasa,750,10.731431173130112,Petrol,13.73902509181234,103.04268818859255,20608.53763771851
TR03743,VH049,2026-05-15 17:44:05.089017,Machakos,Naivasha,190,4.102188129280559,Diesel,10.248250463791514,19.471675881203875,3699.6184174287364
TR03744,VH033,2026-05-15 18:35:56.111222,Mombasa,Machakos,420,7.6680705841417565,Petrol,13.707681230192463,57.572261166808346,11514.45223336167
TR03745,VH032,2026-05-15 19:27:47.133426,Thika,Naivasha,145,3.5759063563046083,Petrol,14.769512305646249,21.41579284318706,4283.158568637412
TR03746,VH008,2026-05-15 20:19:38.155631,Nakuru,Kisumu,190,3.9238366878919244,Diesel,13.410711571129305,25.480351985145678,4841.266877177679
TR03747,VH019,2026-05-15 21:11:29.177835,Mombasa,Naivasha,620,16.23835545307204,Diesel,11.818340225466493,73.27370939789226,13922.004785599529
TR03748,VH038,2026-05-15 22:03:20.200040,Thika,Machakos,80,1.4666639779713653,Diesel,13.234697245403193,10.587757796322556,2011.6739813012857
TR03749,VH003,2026-05-15 22:55:11.222244,Kisumu,Mombasa,850,18.02525230671388,Diesel,14.348084992249346,121.95872243411944,23172.15726248269
TR03750,VH005,2026-05-15 23:47:02.244448,Eldoret,Machakos,430,12.811595964578698,Diesel,23.431279576724293,100.75450217991445,19143.355414183745
TR03751,VH013,2026-05-16 00:38:53.266653,Nairobi,Eldoret,310,6.963185700194377,Petrol,22.41065694618788,69.47303653318244,13894.607306636488
TR03752,VH047,2026-05-16 01:30:44.288857,Naivasha,Machakos,190,2.952836306016388,Petrol,13.911297039353514,26.431464374771675,5286.292874954335
TR03753,VH046,2026-05-16 02:22:35.311062,Machakos,Thika,80,1.5014045893856722,Diesel,13.42838318166847,10.742706545334777,2041.1142436136076
TR03754,VH031,2026-05-16 03:14:26.333266,Nairobi,Kisumu,350,6.232999349174686,Petrol,13.877409962238806,48.570934867835824,9714.186973567164
TR03755,VH016,2026-05-16 04:06:17.355471,Machakos,Mombasa,420,8.23458978018052,Diesel,18.401719322249637,77.28722115344847,14684.57201915521
TR03756,VH050,2026-05-16 04:58:08.377675,Eldoret,Naivasha,235,4.840617156939079,Diesel,9.694801853711063,22.782784356220997,4328.7290276819895
TR03757,VH032,2026-05-16 05:49:59.399879,Machakos,Naivasha,190,3.790551511305529,Petrol,12.257294230002453,23.28885903700466,4657.771807400932
TR03758,VH022,2026-05-16 06:41:50.422084,Nakuru,Eldoret,160,3.0790866211904353,Petrol,20.694156226190206,33.11064996190433,6622.129992380866
TR03759,VH029,2026-05-16 07:33:41.444288,Mombasa,Thika,520,12.613160535721079,Diesel,13.913674206785139,72.35110587528273,13746.710116303719
TR03760,VH022,2026-05-16 08:25:32.466493,Nakuru,Eldoret,160,2.851821352087926,Petrol,19.124298185284427,30.598877096455084,6119.775419291017
TR03761,VH043,2026-05-16 09:17:23.488697,Nairobi,Machakos,115,1.949991371288102,Diesel,14.880475895557442,17.112547279891057,3251.3839831793007
TR03762,VH003,2026-05-16 10:09:14.510902,Naivasha,Kisumu,270,5.575369360037054,Diesel,11.57532937630457,31.25338931602234,5938.143970044244
TR03763,VH010,2026-05-16 11:01:05.533106,Thika,Eldoret,350,7.63930659232347,Diesel,12.144618538700797,42.50616488545279,8076.171328236031
TR03764,VH042,2026-05-16 11:52:56.555311,Naivasha,Kisumu,270,6.12734974745762,Diesel,11.373725162200115,30.70905793794031,5834.721008208659
TR03765,VH021,2026-05-16 12:44:47.577515,Eldoret,Thika,350,5.462456837606363,Petrol,22.05554532128583,77.19440862450041,15438.881724900082
TR03766,VH016,2026-05-16 13:36:38.599719,Eldoret,Machakos,430,9.270871147855338,Diesel,18.410400902958088,79.16472388271977,15041.297537716757
TR03767,VH012,2026-05-16 14:28:29.621924,Nakuru,Thika,200,3.621448895717057,Diesel,10.748387527852245,21.49677505570449,4084.387260583853
TR03768,VH002,2026-05-16 15:20:20.644128,Thika,Naivasha,145,2.9907137038346487,Petrol,23.22058392393107,33.66984668970005,6733.9693379400105
TR03769,VH041,2026-05-16 16:12:11.666333,Nakuru,Naivasha,75,1.560842919594853,Diesel,19.30550408383363,14.479128062875223,2751.0343319462922
TR03770,VH024,2026-05-16 17:04:02.688537,Mombasa,Thika,520,11.849960612086893,Petrol,10.177572257783314,52.92337574047323,10584.675148094646
TR03771,VH035,2026-05-16 17:55:53.710742,Kisumu,Mombasa,850,20.12424756317049,Diesel,13.964911178624188,118.7017450183056,22553.331553478063
TR03772,VH030,2026-05-16 18:47:44.732946,Thika,Nakuru,200,3.5765784559649565,Diesel,10.466505891786268,20.933011783572535,3977.2722388787815
TR03773,VH030,2026-05-16 19:39:35.755151,Kisumu,Mombasa,850,20.210849011906472,Diesel,12.187369113854205,103.59263746776074,19682.60111887454
TR03774,VH047,2026-05-16 20:31:26.777355,Naivasha,Eldoret,235,4.376151330299223,Petrol,9.115316934986135,21.420994797217418,4284.198959443484
TR03775,VH035,2026-05-16 21:23:17.799559,Mombasa,Kisumu,850,16.757131721972396,Diesel,11.73403699658952,99.73931447101091,18950.469749492073
TR03776,VH019,2026-05-16 22:15:08.821764,Machakos,Thika,80,1.4280331550404188,Diesel,12.494907013053773,9.995925610443019,1899.2258659841734
TR03777,VH050,2026-05-16 23:06:59.843968,Machakos,Nakuru,270,5.983993652706814,Diesel,9.450516398586142,25.516394276182584,4848.114912474691
TR03778,VH008,2026-05-16 23:58:50.866173,Kisumu,Thika,370,6.309562124472741,Diesel,13.4416731338938,49.734190595407064,9449.496213127342
TR03779,VH026,2026-05-17 00:50:41.888377,Nairobi,Naivasha,95,1.9439139753132837,Diesel,24.366493300585013,23.148168635555763,4398.1520407555945
TR03780,VH049,2026-05-17 01:42:32.910582,Naivasha,Nakuru,75,1.060317088013128,Diesel,9.524951875625675,7.143713906719256,1357.3056422766585
TR03781,VH040,2026-05-17 02:34:23.932786,Kisumu,Nakuru,190,5.123145683717431,Petrol,14.953662181878883,28.411958145569876,5682.391629113975
TR03782,VH007,2026-05-17 03:26:14.954991,Mombasa,Nakuru,630,9.0736942236127,Petrol,11.487647766977444,72.3721809319579,14474.43618639158
TR03783,VH030,2026-05-17 04:18:05.977195,Kisumu,Nakuru,190,3.8784159850933118,Diesel,10.420508355658031,19.79896587575026,3761.803516392549
TR03784,VH007,2026-05-17 05:09:56.999399,Eldoret,Machakos,430,8.303977034262584,Petrol,10.025335572486311,43.108942961691135,8621.788592338227
TR03785,VH003,2026-05-17 06:01:48.021604,Nakuru,Thika,200,4.428140567454831,Diesel,12.042614478819313,24.085228957638627,4576.193501951339
TR03786,VH001,2026-05-17 06:53:39.043808,Nairobi,Mombasa,480,12.817448938130457,Petrol,13.149049928530587,63.11543965694682,12623.087931389364
TR03787,VH036,2026-05-17 07:45:30.066013,Eldoret,Nairobi,310,6.7725772752828854,Diesel,10.660896249516567,33.04877837350136,6279.267890965258
TR03788,VH025,2026-05-17 08:37:21.088217,Eldoret,Nairobi,310,6.5853056933546,Diesel,23.85702155832236,73.95676683079931,14051.785697851868
TR03789,VH037,2026-05-17 09:29:12.110422,Mombasa,Thika,520,10.104461928519065,Diesel,13.58303137782525,70.63176316469131,13420.035001291348
TR03790,VH001,2026-05-17 10:21:03.132626,Nakuru,Nairobi,155,2.628494961448562,Petrol,11.750807659840163,18.213751872752255,3642.750374550451
TR03791,VH015,2026-05-17 11:12:54.154830,Nakuru,Mombasa,630,12.22687352456425,Petrol,12.671548333043024,79.83075449817105,15966.150899634209
TR03792,VH037,2026-05-17 12:04:45.177035,Thika,Eldoret,350,6.774394493589144,Diesel,14.70243868484625,51.45853539696188,9777.121725422758
TR03793,VH013,2026-05-17 12:56:36.199239,Naivasha,Machakos,190,3.5798437793661053,Petrol,18.65167198980112,35.43817678062213,7087.635356124426
TR03794,VH040,2026-05-17 13:48:27.221444,Nairobi,Naivasha,95,2.641783222546315,Petrol,11.530519800788085,10.95399381074868,2190.798762149736
TR03795,VH008,2026-05-17 14:40:18.243648,Naivasha,Machakos,190,5.1771393680595885,Diesel,11.316629695583465,21.501596421608582,4085.3033201056305
TR03796,VH005,2026-05-17 15:32:09.265853,Mombasa,Thika,520,13.675541640386117,Diesel,21.48593089428338,111.72684065027359,21228.099723551983
TR03797,VH009,2026-05-17 16:24:00.288057,Nairobi,Thika,45,0.9571655823460274,Diesel,12.710978224430368,5.7199402009936655,1086.7886381887965
TR03798,VH001,2026-05-17 17:15:51.310262,Thika,Nakuru,200,5.709998477400189,Petrol,11.503134532693242,23.006269065386483,4601.253813077296
TR03799,VH036,2026-05-17 18:07:42.332466,Kisumu,Nakuru,190,4.271419516980111,Diesel,12.336298229911746,23.438966636832316,4453.40366099814
TR03800,VH035,2026-05-17 18:59:33.354670,Eldoret,Nakuru,160,4.096890849955371,Diesel,13.225422517649148,21.16067602823864,4020.5284453653417
TR03801,VH002,2026-05-17 19:51:24.376875,Nairobi,Eldoret,310,5.7512075753935745,Petrol,22.044750543901298,68.33872668609402,13667.745337218805
TR03802,VH040,2026-05-17 20:43:15.399079,Naivasha,Mombasa,620,11.588515363290583,Petrol,10.568808608554383,65.52661337303718,13105.322674607436
TR03803,VH023,2026-05-17 21:35:06.421284,Eldoret,Thika,350,7.353737159485471,Diesel,11.384839455479723,39.84693809417903,7570.918237894016
TR03804,VH009,2026-05-17 22:26:57.443488,Mombasa,Machakos,420,12.068857086653367,Diesel,11.781134437446878,49.48076463727689,9401.34528108261
TR03805,VH034,2026-05-17 23:18:48.465693,Naivasha,Eldoret,235,4.8853655496759965,Diesel,11.455192349190613,26.919702020597942,5114.743383913609
TR03806,VH046,2026-05-18 00:10:39.487897,Kisumu,Nakuru,190,3.6101762865789806,Diesel,14.60933217757513,27.757731137392746,5273.968916104622
TR03807,VH014,2026-05-18 01:02:30.510102,Mombasa,Thika,520,9.205851332780343,Diesel,12.402656715792041,64.49381492211862,12253.824835202537
TR03808,VH004,2026-05-18 01:54:21.532306,Machakos,Thika,80,1.2494682532822732,Diesel,10.069903959197559,8.055923167358047,1530.625401798029
TR03809,VH030,2026-05-18 02:46:12.554510,Kisumu,Thika,370,6.276720013704776,Diesel,12.194183690420655,45.118479654556424,8572.51113436572
TR03810,VH031,2026-05-18 03:38:03.576715,Kisumu,Machakos,465,9.061110661706183,Petrol,13.10324090024691,60.930070186148136,12186.014037229626
TR03811,VH038,2026-05-18 04:29:54.598919,Eldoret,Nairobi,310,6.496490840753792,Diesel,13.90030461609084,43.09094430988161,8187.279418877505
TR03812,VH011,2026-05-18 05:21:45.621124,Mombasa,Naivasha,620,14.072829589311402,Diesel,12.566950367640905,77.91509227937361,14803.867533080986
TR03813,VH035,2026-05-18 06:13:36.643328,Mombasa,Naivasha,620,10.18977717664267,Diesel,11.248845064296576,69.74283939863878,13251.139485741369
TR03814,VH008,2026-05-18 07:05:27.665533,Nairobi,Thika,45,0.8766337714917403,Diesel,11.325443314572725,5.096449491557727,968.3254033959681
TR03815,VH003,2026-05-18 07:57:18.687737,Naivasha,Kisumu,270,4.905135259127685,Diesel,12.818511097090958,34.60997996214559,6575.8961928076615
TR03816,VH014,2026-05-18 08:49:09.709941,Machakos,Nakuru,270,5.963129032796141,Diesel,14.99935719137067,40.49826441670081,7694.670239173154
TR03817,VH013,2026-05-18 09:41:00.732146,Mombasa,Nakuru,630,15.721415528267885,Petrol,22.50924663118564,141.8082537764695,28361.650755293904
TR03818,VH045,2026-05-18 10:32:51.754350,Nairobi,Nakuru,155,3.312157021529626,Diesel,22.859854510438296,35.43277449117936,6732.227153324078
TR03819,VH032,2026-05-18 11:24:42.776555,Machakos,Nairobi,115,2.4171559790252513,Petrol,12.45727071784026,14.325861325516298,2865.1722651032596
TR03820,VH034,2026-05-18 12:16:33.798759,Nakuru,Mombasa,630,12.224896301630261,Diesel,10.77244775391265,67.86642084964969,12894.61996143344
TR03821,VH045,2026-05-18 13:08:24.820964,Nakuru,Mombasa,630,14.285542960225023,Diesel,23.690670885530444,149.2512265788418,28357.733049979943
TR03822,VH019,2026-05-18 14:00:15.843168,Machakos,Nakuru,270,5.378511886877822,Diesel,11.474661621696182,30.981586378579692,5886.501411930141
TR03823,VH038,2026-05-18 14:52:06.865373,Nakuru,Kisumu,190,3.1974877394116263,Diesel,14.973450649822626,28.44955623466299,5405.415684585968
TR03824,VH016,2026-05-18 15:43:57.887577,Thika,Kisumu,370,10.104787431184917,Diesel,21.19984401987631,78.43942287354234,14903.490345973045
TR03825,VH002,2026-05-18 16:35:48.909781,Mombasa,Machakos,420,12.702337936150942,Petrol,18.476001985533042,77.59920833923879,15519.841667847757
TR03826,VH040,2026-05-18 17:27:39.931986,Thika,Nairobi,45,0.7504088378812841,Petrol,13.412890685450414,6.035800808452686,1207.1601616905373
TR03827,VH017,2026-05-18 18:19:30.954190,Naivasha,Mombasa,620,16.191799348811205,Petrol,9.233207254629056,57.24588497870015,11449.17699574003
TR03828,VH034,2026-05-18 19:11:21.976395,Mombasa,Eldoret,750,15.971234991507833,Diesel,10.252507984423517,76.89380988317637,14609.82387780351
TR03829,VH042,2026-05-18 20:03:12.998599,Nairobi,Mombasa,480,8.748294489161548,Diesel,11.768691263899516,56.48971806671768,10733.04643267636
TR03830,VH016,2026-05-18 20:55:04.020804,Thika,Naivasha,145,2.9277438481561138,Diesel,23.176385099349293,33.60575839405647,6385.094094870729
TR03831,VH038,2026-05-18 21:46:55.043008,Thika,Mombasa,520,10.523398003129572,Diesel,12.471179632038064,64.85013408659793,12321.525476453608
TR03832,VH002,2026-05-18 22:38:46.065213,Naivasha,Mombasa,620,12.25800978917438,Petrol,18.200521519171797,112.84323341886514,22568.64668377303
TR03833,VH002,2026-05-18 23:30:37.087417,Thika,Nakuru,200,2.851045172291741,Petrol,22.317948958931456,44.63589791786291,8927.179583572582
TR03834,VH026,2026-05-19 00:22:28.109621,Kisumu,Thika,370,5.759203082435266,Diesel,20.880053661986636,77.25619854935056,14678.677724376606
TR03835,VH013,2026-05-19 01:14:19.131826,Nairobi,Mombasa,480,10.798602181379936,Petrol,24.45284156976975,117.37363953489479,23474.72790697896
TR03836,VH047,2026-05-19 02:06:10.154030,Nakuru,Mombasa,630,10.786358782802944,Petrol,11.497811555701176,72.4362128009174,14487.24256018348
TR03837,VH031,2026-05-19 02:58:01.176235,Nairobi,Mombasa,480,8.88164178815018,Petrol,12.544875729696695,60.215403502544135,12043.080700508826
TR03838,VH034,2026-05-19 03:49:52.198439,Kisumu,Machakos,465,9.329128977895811,Diesel,10.094342461647734,46.93869244666197,8918.351564865774
TR03839,VH039,2026-05-19 04:41:43.220644,Naivasha,Kisumu,270,6.317703326634463,Diesel,23.326814951721573,62.98240036964825,11966.656070233168
TR03840,VH003,2026-05-19 05:33:34.242848,Naivasha,Kisumu,270,5.03628510501612,Diesel,13.604776552418361,36.732896691529575,6979.250371390619
TR03841,VH008,2026-05-19 06:25:25.265053,Mombasa,Thika,520,10.935480683434339,Diesel,13.52040854270654,70.30612442207402,13358.163640194063
TR03842,VH023,2026-05-19 07:17:16.287257,Nairobi,Nakuru,155,3.300434081141916,Diesel,9.169108208595997,14.212117723323797,2700.3023674315214
TR03843,VH014,2026-05-19 08:09:07.309461,Machakos,Naivasha,190,4.331626676504874,Diesel,12.237503488087256,23.251256627365784,4417.738759199499
TR03844,VH027,2026-05-19 09:00:58.331666,Machakos,Nakuru,270,4.655285732397263,Petrol,22.75408781917741,61.436037111779015,12287.207422355803
TR03845,VH029,2026-05-19 09:52:49.353870,Naivasha,Mombasa,620,14.13650063848723,Diesel,10.475819500401075,64.95008090248666,12340.515371472466
TR03846,VH039,2026-05-19 10:44:40.376075,Thika,Nairobi,45,1.0248973043625311,Diesel,20.874228470042386,9.393402811519074,1784.746534188624
TR03847,VH039,2026-05-19 11:36:31.398279,Naivasha,Thika,145,2.578992671735107,Diesel,24.595026221463367,35.662788021121884,6775.929724013158
TR03848,VH001,2026-05-19 12:28:22.420484,Naivasha,Kisumu,270,5.527649313810188,Petrol,12.179672454455641,32.88511562703023,6577.023125406046
TR03849,VH017,2026-05-19 13:20:13.442688,Naivasha,Nairobi,95,1.9363786761021642,Petrol,13.927023917403158,13.230672721532999,2646.1345443065998
TR03850,VH041,2026-05-19 14:12:04.464892,Naivasha,Eldoret,235,4.0334243613702485,Diesel,18.397873427558736,43.23500255476303,8214.650485404974
TR03851,VH030,2026-05-19 15:03:55.487097,Machakos,Kisumu,465,7.684730396306559,Diesel,13.589148880704457,63.18954229527573,12006.013036102388
TR03852,VH013,2026-05-19 15:55:46.509301,Machakos,Nakuru,270,8.187466485565563,Petrol,22.067113653737884,59.58120686509229,11916.241373018458
TR03853,VH021,2026-05-19 16:47:37.531506,Nakuru,Eldoret,160,3.2673194605886993,Petrol,21.503777739924878,34.40604438387981,6881.2088767759615
TR03854,VH019,2026-05-19 17:39:28.553710,Nakuru,Naivasha,75,1.9370893418815034,Diesel,13.854237007425047,10.390677755568785,1974.2287735580692
TR03855,VH019,2026-05-19 18:31:19.575915,Mombasa,Machakos,420,8.954144553522216,Diesel,9.648252002455644,40.5226584103137,7699.305097959604
TR03856,VH025,2026-05-19 19:23:10.598119,Naivasha,Mombasa,620,12.41337895336534,Diesel,24.271992661766394,150.48635450295166,28592.407355560816
TR03857,VH022,2026-05-19 20:15:01.620324,Machakos,Thika,80,1.6963109941826875,Petrol,22.838682877956273,18.27094630236502,3654.1892604730037
TR03858,VH031,2026-05-19 21:06:52.642528,Nairobi,Machakos,115,2.7513412064595353,Petrol,10.294980366498164,11.839227421472888,2367.8454842945775
TR03859,VH017,2026-05-19 21:58:43.664732,Kisumu,Naivasha,270,6.523007981806454,Petrol,13.508345728161467,36.47253346603596,7294.506693207192
TR03860,VH023,2026-05-19 22:50:34.686937,Mombasa,Nakuru,630,11.28556340753696,Diesel,11.146474589305067,70.22278991262192,13342.330083398165
TR03861,VH032,2026-05-19 23:42:25.709141,Machakos,Kisumu,465,7.466463722007154,Petrol,14.071136640365355,65.43078537769891,13086.157075539782
TR03862,VH010,2026-05-20 00:34:16.731346,Nairobi,Thika,45,1.3426349263588326,Diesel,11.944182585237,5.37488216335665,1021.2276110377636
TR03863,VH010,2026-05-20 01:26:07.753550,Naivasha,Mombasa,620,13.085952361077284,Diesel,14.254654137166206,88.37885565043048,16791.98257358179
TR03864,VH036,2026-05-20 02:17:58.775755,Eldoret,Mombasa,750,13.427453672798109,Diesel,12.183145592225243,91.37359194168933,17360.98246892097
TR03865,VH008,2026-05-20 03:09:49.797959,Naivasha,Machakos,190,3.8199270377419623,Diesel,9.705233167918635,18.439943019045405,3503.589173618627
TR03866,VH020,2026-05-20 04:01:40.820164,Nakuru,Kisumu,190,4.623939049608983,Petrol,12.248315817347638,23.27180005296051,4654.360010592102
TR03867,VH032,2026-05-20 04:53:31.842368,Kisumu,Eldoret,120,2.59865778468995,Petrol,10.956723813509363,13.148068576211235,2629.613715242247
TR03868,VH050,2026-05-20 05:45:22.864572,Machakos,Mombasa,420,8.012636782971201,Diesel,11.059613139470812,46.45037518577741,8825.571285297709
TR03869,VH014,2026-05-20 06:37:13.886777,Machakos,Eldoret,430,9.044546111753176,Diesel,10.85147792126017,46.661355061418725,8865.657461669558
TR03870,VH050,2026-05-20 07:29:04.908981,Thika,Nairobi,45,0.9069625605958395,Diesel,9.110080578335593,4.099536260251017,778.9118894476932
TR03871,VH028,2026-05-20 08:20:55.931186,Kisumu,Eldoret,120,2.4073802565734668,Petrol,11.059432697249788,13.271319236699744,2654.263847339949
TR03872,VH046,2026-05-20 09:12:46.953390,Thika,Nakuru,200,4.366264334999547,Diesel,12.681860118620628,25.363720237241257,4819.1068450758385
TR03873,VH024,2026-05-20 10:04:37.975595,Kisumu,Naivasha,270,4.776009388079861,Petrol,11.40780483888673,30.80107306499417,6160.214612998834
TR03874,VH015,2026-05-20 10:56:28.997799,Nakuru,Mombasa,630,13.642249521352882,Petrol,11.50748547768032,72.49715850938601,14499.431701877202
TR03875,VH022,2026-05-20 11:48:20.020004,Thika,Eldoret,350,8.342021735247528,Petrol,19.733808149126208,69.06832852194172,13813.665704388344
TR03876,VH030,2026-05-20 12:40:11.042208,Nairobi,Eldoret,310,4.569769776679853,Diesel,13.425806003070932,41.61999860951989,7907.799735808779
TR03877,VH004,2026-05-20 13:32:02.064412,Thika,Eldoret,350,7.08822755331769,Diesel,13.52131643410173,47.32460751935605,8991.675428677649
TR03878,VH013,2026-05-20 14:23:53.086617,Mombasa,Thika,520,17.808808089501387,Petrol,20.505774778917658,106.63002885037183,21326.005770074367
TR03879,VH023,2026-05-20 15:15:44.108821,Nairobi,Machakos,115,1.9154548637658417,Diesel,13.405850442370872,15.416728008726501,2929.178321658035
TR03880,VH008,2026-05-20 16:07:35.131026,Mombasa,Naivasha,620,10.331227320614362,Diesel,12.22011608317774,75.76471971570199,14395.296745983378
TR03881,VH018,2026-05-20 16:59:26.153230,Naivasha,Nakuru,75,1.397756769067702,Diesel,12.565196376293159,9.423897282219869,1790.5404836217751
TR03882,VH012,2026-05-20 17:51:17.175435,Kisumu,Eldoret,120,2.179714492653395,Diesel,11.386699589694697,13.664039507633635,2596.1675064503906
TR03883,VH031,2026-05-20 18:43:08.197639,Nairobi,Nakuru,155,2.303875586153715,Petrol,9.003058175777936,13.9547401724558,2790.94803449116
TR03884,VH014,2026-05-20 19:34:59.219843,Kisumu,Nakuru,190,4.491982131130839,Diesel,14.326878060510548,27.22106831497004,5172.002979844307
TR03885,VH034,2026-05-20 20:26:50.242048,Naivasha,Mombasa,620,12.141169585458584,Diesel,13.112121922899043,81.29515592197407,15446.079625175074
TR03886,VH018,2026-05-20 21:18:41.264252,Eldoret,Nairobi,310,4.7142824397722976,Diesel,9.615959440214151,29.80947426466387,5663.800110286135
TR03887,VH034,2026-05-20 22:10:32.286457,Machakos,Eldoret,430,6.374851404743258,Diesel,10.870525674781533,46.74326040156059,8881.219476296512
TR03888,VH011,2026-05-20 23:02:23.308661,Kisumu,Nairobi,350,7.435534737564956,Diesel,13.306696541942912,46.57343789680019,8848.953200392038
TR03889,VH041,2026-05-20 23:54:14.330866,Naivasha,Machakos,190,2.875250153542138,Diesel,22.564776000531097,42.873074401009085,8145.884136191726
TR03890,VH012,2026-05-21 00:46:05.353070,Kisumu,Thika,370,6.557836636947393,Diesel,14.301751674042784,52.916481193958305,10054.131426852078
TR03891,VH049,2026-05-21 01:37:56.375275,Naivasha,Thika,145,2.3401546858370255,Diesel,9.701340808177143,14.066944171856857,2672.719392652803
TR03892,VH015,2026-05-21 02:29:47.397479,Mombasa,Kisumu,850,15.135713783268267,Petrol,11.149698738925593,94.77243928086754,18954.48785617351
TR03893,VH031,2026-05-21 03:21:38.419683,Naivasha,Mombasa,620,11.8222310300514,Petrol,9.486122089632124,58.81395695571917,11762.791391143834
TR03894,VH049,2026-05-21 04:13:29.441888,Thika,Machakos,80,1.1821187340368515,Diesel,10.94797624219314,8.758380993754512,1664.0923888133573
TR03895,VH029,2026-05-21 05:05:20.464092,Eldoret,Naivasha,235,5.1342418217230295,Diesel,10.075537227938522,23.677512485655527,4498.72737227455
TR03896,VH026,2026-05-21 05:57:11.486297,Kisumu,Mombasa,850,13.033158707903592,Diesel,24.28791145577089,206.44724737405255,39224.97700106999
TR03897,VH018,2026-05-21 06:49:02.508501,Naivasha,Nakuru,75,1.128065323435787,Diesel,11.635219984143404,8.726414988107553,1658.0188477404351
TR03898,VH032,2026-05-21 07:40:53.530706,Naivasha,Kisumu,270,4.433178219252381,Petrol,14.249011304011768,38.472330520831775,7694.466104166355
TR03899,VH022,2026-05-21 08:32:44.552910,Kisumu,Machakos,465,9.40797187900602,Petrol,18.419332907023545,85.6498980176595,17129.979603531898
TR03900,VH038,2026-05-21 09:24:35.575115,Machakos,Nairobi,115,2.21343338254546,Diesel,11.137290552364604,12.807884135219293,2433.4979856916657
TR03901,VH017,2026-05-21 10:16:26.597319,Eldoret,Nairobi,310,7.78864040346945,Petrol,10.296899976105903,31.9203899259283,6384.0779851856605
TR03902,VH023,2026-05-21 11:08:17.619523,Eldoret,Mombasa,750,16.170986320458365,Diesel,10.93345747319394,82.00093104895456,15580.176899301365
TR03903,VH024,2026-05-21 12:00:08.641728,Naivasha,Mombasa,620,11.279762968512589,Petrol,13.014331861987731,80.68885754432394,16137.771508864787
TR03904,VH050,2026-05-21 12:51:59.663932,Nairobi,Nakuru,155,4.016969591750536,Diesel,10.932789368657463,16.94582352141907,3219.706469069623
TR03905,VH008,2026-05-21 13:43:50.686137,Mombasa,Machakos,420,8.820433110641499,Diesel,10.023267648231634,42.09772412257286,7998.567583288844
TR03906,VH041,2026-05-21 14:35:41.708341,Eldoret,Nakuru,160,2.440563540102645,Diesel,18.45493182237138,29.527890915794206,5610.2992740008995
TR03907,VH006,2026-05-21 15:27:32.730546,Eldoret,Kisumu,120,2.4607768867892195,Diesel,18.55644223846881,22.267730686162572,4230.868830370889
TR03908,VH005,2026-05-21 16:19:23.752750,Nakuru,Nairobi,155,2.660075323393498,Diesel,23.320330441726842,36.14651218467661,6867.837315088555
TR03909,VH044,2026-05-21 17:11:14.774954,Thika,Naivasha,145,2.6589882596694783,Petrol,21.11362093725643,30.614750359021826,6122.9500718043655
TR03910,VH029,2026-05-21 18:03:05.797159,Eldoret,Thika,350,7.362455989557405,Diesel,13.630905610000077,47.708169635000274,9064.552230650052
TR03911,VH028,2026-05-21 18:54:56.819363,Mombasa,Machakos,420,8.613686485987321,Petrol,13.411435608818488,56.32802955703765,11265.60591140753
TR03912,VH011,2026-05-21 19:46:47.841568,Thika,Machakos,80,1.5583933298251678,Diesel,10.676812308801289,8.541449847041031,1622.8754709377959
TR03913,VH001,2026-05-21 20:38:38.863772,Thika,Nakuru,200,5.953830410304969,Petrol,10.714439670961337,21.428879341922674,4285.775868384535
TR03914,VH043,2026-05-21 21:30:29.885977,Kisumu,Nairobi,350,6.078943057390982,Diesel,13.77671007717067,48.21848527009735,9161.512201318495
TR03915,VH019,2026-05-21 22:22:20.908181,Kisumu,Eldoret,120,2.4463355823758794,Diesel,12.606341467427086,15.127609760912502,2874.2458545733753
TR03916,VH009,2026-05-21 23:14:11.930386,Kisumu,Nakuru,190,3.2840531029070563,Diesel,11.890153834371551,22.591292285305947,4292.34553420813
TR03917,VH027,2026-05-22 00:06:02.952590,Kisumu,Naivasha,270,5.084209104964231,Petrol,18.54195584332988,50.06328077699068,10012.656155398136
TR03918,VH034,2026-05-22 00:57:53.974794,Nakuru,Nairobi,155,3.1827827103850335,Diesel,9.06049010849226,14.043759668163004,2668.3143369509708
TR03919,VH044,2026-05-22 01:49:44.996999,Eldoret,Nakuru,160,3.1019541152415235,Petrol,20.017098646232213,32.02735783397154,6405.471566794308
TR03920,VH004,2026-05-22 02:41:36.019203,Kisumu,Nairobi,350,6.781987912255793,Diesel,10.046111367936135,35.16138978777647,6680.66405967753
TR03921,VH036,2026-05-22 03:33:27.041408,Naivasha,Nairobi,95,1.5369800440731178,Diesel,10.150363105518517,9.64284495024259,1832.1405405460923
TR03922,VH018,2026-05-22 04:25:18.063612,Nairobi,Machakos,115,2.2771719910291686,Diesel,11.097503701056693,12.762129256215196,2424.804558680887
TR03923,VH015,2026-05-22 05:17:09.085817,Kisumu,Eldoret,120,2.294221518630472,Petrol,9.607078826559771,11.528494591871725,2305.698918374345
TR03924,VH013,2026-05-22 06:09:00.108021,Eldoret,Machakos,430,10.775623965539138,Petrol,18.729944304820823,80.53876051072953,16107.752102145907
TR03925,VH019,2026-05-22 07:00:51.130226,Kisumu,Thika,370,7.45612186938715,Diesel,13.482187178593684,49.88409256079663,9477.97758655136
TR03926,VH049,2026-05-22 07:52:42.152430,Nakuru,Eldoret,160,2.5959495056327495,Diesel,11.927350145114445,19.083760232183113,3625.9144441147914
TR03927,VH006,2026-05-22 08:44:33.174634,Mombasa,Nairobi,480,8.98362150235635,Diesel,24.54118980733947,117.79771107522946,22381.565104293597
TR03928,VH048,2026-05-22 09:36:24.196839,Mombasa,Kisumu,850,20.55528111769442,Diesel,20.420783146499755,173.5766567452479,32979.5647815971
TR03929,VH012,2026-05-22 10:28:15.219043,Eldoret,Naivasha,235,5.567483749613067,Diesel,13.385724686645815,31.45645301361767,5976.726072587357
TR03930,VH037,2026-05-22 11:20:06.241248,Naivasha,Kisumu,270,6.126889713034303,Diesel,11.023458373108951,29.76333760739417,5655.034145404892
TR03931,VH017,2026-05-22 12:11:57.263452,Mombasa,Thika,520,8.965973524603111,Petrol,12.091701586399706,62.876848249278474,12575.369649855695
TR03932,VH023,2026-05-22 13:03:48.285657,Machakos,Nairobi,115,2.017107736243848,Diesel,9.647928650049922,11.095117947557409,2108.0724100359075
TR03933,VH026,2026-05-22 13:55:39.307861,Mombasa,Naivasha,620,24.8,Diesel,18.014564474234,111.69029974025081,21221.15695064765
TR03934,VH029,2026-05-22 14:47:30.330066,Nairobi,Eldoret,310,6.281799781856031,Diesel,14.657659007047895,45.43874292184848,8633.361155151211
TR03935,VH033,2026-05-22 15:39:21.352270,Eldoret,Machakos,430,8.401538060858632,Petrol,11.774471880876046,50.630229087767,10126.0458175534
TR03936,VH027,2026-05-22 16:31:12.374474,Naivasha,Machakos,190,4.4914229668712435,Petrol,24.488584639474276,46.52831081500112,9305.662163000225
TR03937,VH025,2026-05-22 17:23:03.396679,Eldoret,Kisumu,120,2.559934464342512,Diesel,20.336820665914505,24.404184799097404,4636.795111828506
TR03938,VH010,2026-05-22 18:14:54.418883,Mombasa,Eldoret,750,12.366444788564502,Diesel,11.638930345808784,87.29197759356589,16585.47574277752
TR03939,VH047,2026-05-22 19:06:45.441088,Mombasa,Eldoret,750,14.079021988933954,Petrol,11.00327500886516,82.5245625664887,16504.91251329774
TR03940,VH023,2026-05-22 19:58:36.463292,Mombasa,Naivasha,620,13.477282630525924,Diesel,12.53020491979084,77.68727050270321,14760.581395513611
TR03941,VH021,2026-05-22 20:50:27.485497,Thika,Machakos,80,1.6494323967716018,Petrol,21.96066043930322,17.568528351442577,3513.705670288515
TR03942,VH021,2026-05-22 21:42:18.507701,Nakuru,Kisumu,190,3.9437893801859927,Petrol,24.477484349693825,46.507220264418265,9301.444052883653
TR03943,VH043,2026-05-22 22:34:09.529905,Kisumu,Thika,370,7.080575202482667,Diesel,10.127204505662197,37.470656670950135,7119.424767480526
TR03944,VH013,2026-05-22 23:26:00.552110,Machakos,Eldoret,430,11.150829168817435,Petrol,22.957371565807755,98.71669773297334,19743.33954659467
TR03945,VH037,2026-05-23 00:17:51.574314,Nakuru,Nairobi,155,3.472069961245728,Diesel,11.651638446832772,18.060039592590797,3431.4075225922516
TR03946,VH033,2026-05-23 01:09:42.596519,Eldoret,Mombasa,750,12.868208428453142,Petrol,9.901168259092305,74.25876194319228,14851.752388638457
TR03947,VH024,2026-05-23 02:01:33.618723,Machakos,Nakuru,270,5.463433953397054,Petrol,11.551978112600494,31.190340904021337,6238.068180804267
TR03948,VH044,2026-05-23 02:53:24.640928,Nairobi,Machakos,115,2.661991809184989,Petrol,21.53544648925997,24.765763462648966,4953.152692529793
TR03949,VH011,2026-05-23 03:45:15.663132,Kisumu,Nairobi,350,8.040298958517658,Diesel,10.685055143442142,37.3976930020475,7105.561670389025
TR03950,VH017,2026-05-23 04:37:06.685337,Nairobi,Mombasa,480,8.60727960983956,Petrol,10.00948028066445,48.045505347189355,9609.101069437871
TR03951,VH004,2026-05-23 05:28:57.707541,Naivasha,Kisumu,270,5.887797181046686,Diesel,12.040823324507775,32.51022297617099,6176.942365472489
TR03952,VH047,2026-05-23 06:20:48.729745,Thika,Mombasa,520,9.614099825929133,Petrol,11.044057061961578,57.42909672220021,11485.819344440042
TR03953,VH025,2026-05-23 07:12:39.751950,Eldoret,Machakos,430,9.55867265296749,Diesel,20.222906977337793,86.95850000255251,16522.115000484977
TR03954,VH030,2026-05-23 08:04:30.774154,Thika,Mombasa,520,12.695225450095357,Diesel,10.742725757549906,55.86217393925951,10613.813048459308
TR03955,VH009,2026-05-23 08:56:21.796359,Eldoret,Nakuru,160,3.079553509060249,Diesel,10.021868395504898,16.034989432807837,3046.647992233489
TR03956,VH021,2026-05-23 09:48:12.818563,Nairobi,Nakuru,155,3.1490654660433055,Petrol,24.791645436996145,38.42705042734403,7685.410085468806
TR03957,VH020,2026-05-23 10:40:03.840768,Nairobi,Mombasa,480,8.651611286569977,Petrol,13.717496148519635,65.84398151289425,13168.796302578849
TR03958,VH019,2026-05-23 11:31:54.862972,Nairobi,Nakuru,155,2.7158203485300216,Diesel,11.418251895880676,17.698290438615047,3362.675183336859
TR03959,VH019,2026-05-23 12:23:45.885177,Eldoret,Mombasa,750,15.911315878563508,Diesel,13.975258766375028,104.81444074781271,19914.743742084414
TR03960,VH012,2026-05-23 13:15:36.907381,Mombasa,Thika,520,9.850076042676688,Diesel,13.368271653911217,69.51501260033832,13207.85239406428
TR03961,VH037,2026-05-23 14:07:27.929585,Nairobi,Machakos,115,2.4525735343545145,Diesel,10.344287688037708,11.895930841243363,2260.226859836239
TR03962,VH042,2026-05-23 14:59:18.951790,Thika,Machakos,80,1.452718312283322,Diesel,10.588590995413137,8.470872796330509,1609.4658313027967
TR03963,VH017,2026-05-23 15:51:09.973994,Naivasha,Nairobi,95,1.8315963354863978,Petrol,13.580554219348189,12.901526508380778,2580.3053016761555
TR03964,VH037,2026-05-23 16:43:00.996199,Kisumu,Naivasha,270,5.9987592085006245,Diesel,13.150261010748142,35.50570472901999,6746.083898513798
TR03965,VH048,2026-05-23 17:34:52.018403,Eldoret,Mombasa,750,16.914987374938164,Diesel,23.902285386601456,179.2671403995109,34060.756675907076
TR03966,VH039,2026-05-23 18:26:43.040608,Machakos,Mombasa,420,8.05379267715401,Diesel,24.28788754743691,102.00912769923502,19381.734262854654
TR03967,VH028,2026-05-23 19:18:34.062812,Thika,Kisumu,370,6.239720437784537,Petrol,12.23971005641193,45.286927208724144,9057.38544174483
TR03968,VH041,2026-05-23 20:10:25.085017,Nakuru,Machakos,270,4.719424143991408,Diesel,18.339681661036852,49.517140484799505,9408.256692111905
TR03969,VH035,2026-05-23 21:02:16.107221,Naivasha,Mombasa,620,14.603379937797529,Diesel,10.94140174448661,67.83669081581698,12888.971255005226
TR03970,VH047,2026-05-23 21:54:07.129425,Nakuru,Machakos,270,6.235961345168889,Petrol,9.332859736512175,25.198721288582874,5039.744257716575
TR03971,VH048,2026-05-23 22:45:58.151630,Kisumu,Mombasa,850,19.11135426528462,Diesel,19.32117891988955,164.2300208190612,31203.703955621626
TR03972,VH018,2026-05-23 23:37:49.173834,Mombasa,Thika,520,11.497430534806426,Diesel,11.052664632279384,57.4738560878528,10920.032656692032
TR03973,VH014,2026-05-24 00:29:40.196039,Nairobi,Mombasa,480,13.533814550882262,Diesel,10.590984052574926,50.83672345235964,9658.977455948332
TR03974,VH035,2026-05-24 01:21:31.218243,Eldoret,Machakos,430,7.6348963268393035,Diesel,10.833666239026716,46.58476482781487,8851.105317284826
TR03975,VH044,2026-05-24 02:13:22.240448,Thika,Nakuru,200,4.31472109696854,Petrol,21.120752474501757,42.24150494900351,8448.300989800702
TR03976,VH041,2026-05-24 03:05:13.262652,Machakos,Nairobi,115,2.1416628380369165,Diesel,20.381196652719428,23.43837615062734,4453.291468619195
TR03977,VH007,2026-05-24 03:57:04.284856,Nairobi,Eldoret,310,6.5298988571171845,Petrol,12.338290620940205,38.24870092491464,7649.7401849829275
TR03978,VH041,2026-05-24 04:48:55.307061,Thika,Nairobi,45,0.9033192865097767,Diesel,21.004204194313434,9.451891887441045,1795.8594586137986
TR03979,VH013,2026-05-24 05:40:46.329265,Eldoret,Mombasa,750,16.846923895675772,Petrol,22.511346181859185,168.83509636394388,33767.01927278878
TR03980,VH018,2026-05-24 06:32:37.351470,Nakuru,Eldoret,160,3.2145336799515123,Diesel,13.685947744379273,21.89751639100684,4160.528114291299
TR03981,VH037,2026-05-24 07:24:28.373674,Nairobi,Mombasa,480,11.154999447974562,Diesel,10.539321692221213,50.58874412266182,9611.861383305746
TR03982,VH013,2026-05-24 08:16:19.395879,Kisumu,Eldoret,120,2.4080291601211234,Petrol,18.694821045164364,22.433785254197236,4486.757050839447
TR03983,VH036,2026-05-24 09:08:10.418083,Mombasa,Kisumu,850,13.785769396468487,Diesel,13.26403055545451,112.74425972136333,21421.409347059034
TR03984,VH031,2026-05-24 10:00:01.440288,Kisumu,Nairobi,350,6.461756640828257,Petrol,11.531983523262296,40.361942331418035,8072.388466283607
TR03985,VH002,2026-05-24 10:51:52.462492,Mombasa,Machakos,420,8.026231987512922,Petrol,23.364835164979095,98.1323076929122,19626.46153858244
TR03986,VH016,2026-05-24 11:43:43.484696,Naivasha,Machakos,190,4.817190967743277,Diesel,19.50795332525097,37.06511131797684,7042.3711504156
TR03987,VH009,2026-05-24 12:35:34.506901,Thika,Naivasha,145,2.6586941917760947,Diesel,14.144312865837758,20.50925365546475,3896.7581945383026
TR03988,VH009,2026-05-24 13:27:25.529105,Nairobi,Nakuru,155,2.8021014710758707,Diesel,14.619233120963479,22.65981133749339,4305.364154123744
TR03989,VH038,2026-05-24 14:19:16.551310,Nairobi,Eldoret,310,5.944832832348742,Diesel,13.17741507773244,40.849986740970564,7761.497480784407
TR03990,VH011,2026-05-24 15:11:07.573514,Naivasha,Thika,145,2.8038688010873902,Diesel,10.52939510736901,15.267622905685064,2900.8483520801624
TR03991,VH022,2026-05-24 16:02:58.595719,Mombasa,Naivasha,620,12.684500548356183,Petrol,24.267063699094372,150.45579493438512,30091.158986877024
TR03992,VH033,2026-05-24 16:54:49.617923,Nakuru,Thika,200,3.6235021717702764,Petrol,12.962438636850356,25.924877273700712,5184.975454740143
TR03993,VH036,2026-05-24 17:46:40.640128,Eldoret,Kisumu,120,1.9615508429262836,Diesel,12.75438888257245,15.30526665908694,2908.0006652265183
TR03994,VH045,2026-05-24 18:38:31.662332,Kisumu,Naivasha,270,5.128767648007622,Diesel,18.25709732234141,49.294162770321805,9365.890926361142
TR03995,VH023,2026-05-24 19:30:22.684536,Naivasha,Eldoret,235,5.565256921184817,Diesel,12.994812626284856,30.537809671769413,5802.183837636188
TR03996,VH045,2026-05-24 20:22:13.706741,Machakos,Thika,80,1.8674893584302787,Diesel,18.9656570732785,15.172525658622801,2882.779875138332
TR03997,VH045,2026-05-24 21:14:04.728945,Machakos,Mombasa,420,7.525543982676188,Diesel,19.55670323337822,82.13815358018851,15606.249180235818
TR03998,VH034,2026-05-24 22:05:55.751150,Thika,Nakuru,200,4.729108533862391,Diesel,11.885674174346288,23.771348348692577,4516.55618625159
TR03999,VH009,2026-05-24 22:57:46.773354,Naivasha,Eldoret,235,4.553518774492166,Diesel,11.324903864584416,26.613524081773377,5056.569575536942
TR04000,VH024,2026-05-24 23:49:37.795559,Kisumu,Nakuru,190,4.022384947486553,Petrol,12.306741031559598,23.382807959963234,4676.561591992647
TR04001,VH008,2026-05-25 00:41:28.817763,Kisumu,Eldoret,120,2.897003390820857,Diesel,12.040352238495409,14.44842268619449,2745.200310376953
TR04002,VH007,2026-05-25 01:33:19.839967,Thika,Mombasa,520,9.177848878396862,Petrol,10.540747990066313,54.81188954834483,10962.377909668967
TR04003,VH036,2026-05-25 02:25:10.862172,Thika,Eldoret,350,6.288837717192109,Diesel,12.280072897957531,42.98025514285136,8166.2484771417585
TR04004,VH018,2026-05-25 03:17:01.884376,Nairobi,Eldoret,310,7.9172912611010595,Diesel,13.61977454912465,42.22130110228641,8022.047209434418
TR04005,VH003,2026-05-25 04:08:52.906581,Kisumu,Naivasha,270,5.013783475856306,Diesel,10.805549525929166,29.17498372000875,5543.246906801663
TR04006,VH028,2026-05-25 05:00:43.928785,Eldoret,Machakos,430,8.162168242593927,Petrol,12.985310104714436,55.836833450272074,11167.366690054414
TR04007,VH006,2026-05-25 05:52:34.950990,Machakos,Nairobi,115,2.028230942292871,Diesel,20.39305760355686,23.452016244090384,4455.883086377173
TR04008,VH044,2026-05-25 06:44:25.973194,Eldoret,Kisumu,120,2.3376203435615888,Petrol,21.217281702415228,25.460738042898274,5092.147608579655
TR04009,VH044,2026-05-25 07:36:16.995399,Mombasa,Kisumu,850,13.840337091746392,Petrol,20.00900125355279,170.07651065519872,34015.302131039745
TR04010,VH021,2026-05-25 08:28:08.017603,Naivasha,Mombasa,620,12.656493214012002,Petrol,20.478914454433866,126.96926961748997,25393.853923497994
TR04011,VH028,2026-05-25 09:19:59.039807,Thika,Mombasa,520,10.873373439126306,Petrol,10.144559116332786,52.75170740493049,10550.341480986099
TR04012,VH040,2026-05-25 10:11:50.062012,Nairobi,Eldoret,310,7.34568035140842,Petrol,14.907758689586103,46.214051937716924,9242.810387543384
TR04013,VH001,2026-05-25 11:03:41.084216,Eldoret,Naivasha,235,5.5257108723077675,Petrol,13.123999610363741,30.841399084354794,6168.279816870959
TR04014,VH036,2026-05-25 11:55:32.106421,Nakuru,Nairobi,155,3.7077685158973757,Diesel,11.503527952469426,17.830468326327612,3387.788982002246
TR04015,VH021,2026-05-25 12:47:23.128625,Machakos,Nakuru,270,5.21767389928436,Petrol,20.686007446502288,55.85222010555618,11170.444021111236
TR04016,VH043,2026-05-25 13:39:14.150830,Nairobi,Eldoret,310,6.478957278291552,Diesel,12.696872794120138,39.36030566177243,7478.458075736761
TR04017,VH035,2026-05-25 14:31:05.173034,Nairobi,Eldoret,310,5.888437382711107,Diesel,11.90052999357902,36.891642980094964,7009.412166218043
TR04018,VH013,2026-05-25 15:22:56.195239,Eldoret,Machakos,430,10.663093134693861,Petrol,20.519355492455713,88.23322861755956,17646.645723511912
TR04019,VH049,2026-05-25 16:14:47.217443,Nakuru,Mombasa,630,14.598722008880584,Diesel,11.319732708610065,71.31431606424341,13549.720052206249
TR04020,VH010,2026-05-25 17:06:38.239647,Mombasa,Kisumu,850,19.7584113540072,Diesel,11.379915168355954,96.7292789310256,18378.562996894863
TR04021,VH044,2026-05-25 17:58:29.261852,Eldoret,Nairobi,310,4.602536397639852,Petrol,19.260349299767498,59.707082829279244,11941.416565855849
TR04022,VH047,2026-05-25 18:50:20.284056,Nakuru,Mombasa,630,12.943109040984819,Petrol,11.783029490901468,74.23308579267925,14846.61715853585
TR04023,VH010,2026-05-25 19:42:11.306261,Nairobi,Eldoret,310,6.266541974572203,Diesel,14.213827180751505,44.06286426032967,8371.944209462637
TR04024,VH046,2026-05-25 20:34:02.328465,Machakos,Mombasa,420,8.505403047040806,Diesel,10.764140888629461,45.20939173224374,8589.78442912631
TR04025,VH013,2026-05-25 21:25:53.350670,Nakuru,Mombasa,630,10.09249296228271,Petrol,18.22914038422953,114.84358442064604,22968.716884129208
TR04026,VH037,2026-05-25 22:17:44.372874,Nairobi,Thika,45,1.2131575906423635,Diesel,11.234058725770181,5.055326426596581,960.5120210533504
TR04027,VH038,2026-05-25 23:09:35.395079,Naivasha,Mombasa,620,12.519990637375654,Diesel,14.898603217269054,92.37133994706814,17550.554589942945
TR04028,VH024,2026-05-26 00:01:26.417283,Eldoret,Naivasha,235,6.348213687160505,Petrol,13.143790368716697,30.88790736648424,6177.581473296847
TR04029,VH002,2026-05-26 00:53:17.439487,Thika,Mombasa,520,16.79505965435118,Petrol,22.171062374700178,115.28952434844092,23057.904869688184
TR04030,VH022,2026-05-26 01:45:08.461692,Eldoret,Naivasha,235,5.325648636166923,Petrol,24.50474240670195,57.586144655749585,11517.228931149917
TR04031,VH017,2026-05-26 02:36:59.483896,Naivasha,Nakuru,75,1.4072004555877549,Petrol,11.226395584186223,8.419796688139668,1683.9593376279336
TR04032,VH036,2026-05-26 03:28:50.506101,Kisumu,Mombasa,850,19.48747742192252,Diesel,13.91640301287587,118.28942560944489,22474.99086579453
TR04033,VH014,2026-05-26 04:20:41.528305,Kisumu,Nairobi,350,6.583139638926286,Diesel,11.48151022559642,40.18528578958747,7635.204300021619
TR04034,VH010,2026-05-26 05:12:32.550510,Kisumu,Naivasha,270,5.309545475074203,Diesel,11.201528747579696,30.244127618465182,5746.384247508385
TR04035,VH035,2026-05-26 06:04:23.572714,Eldoret,Naivasha,235,4.806957180335883,Diesel,13.190241005735055,30.99706636347738,5889.442609060702
TR04036,VH025,2026-05-26 06:56:14.594918,Mombasa,Eldoret,750,12.47511039199884,Diesel,20.647077775652523,154.85308331739392,29422.085830304844
TR04037,VH003,2026-05-26 07:48:05.617123,Eldoret,Nakuru,160,3.5373415792881837,Diesel,13.13182770988129,21.010924335810063,3992.075623803912
TR04038,VH047,2026-05-26 08:39:56.639327,Machakos,Mombasa,420,7.91776930993492,Petrol,10.524977591513428,44.2049058843564,8840.98117687128
TR04039,VH038,2026-05-26 09:31:47.661532,Naivasha,Machakos,190,5.340783309125302,Diesel,13.089591284189956,24.870223439960913,4725.342453592573
TR04040,VH017,2026-05-26 10:23:38.683736,Machakos,Nairobi,115,2.264214742597032,Petrol,10.378731302925182,11.935540998363958,2387.1081996727917
TR04041,VH012,2026-05-26 11:15:29.705941,Naivasha,Kisumu,270,5.631773180461863,Diesel,10.25486034409445,27.688122929055016,5260.743356520453
TR04042,VH024,2026-05-26 12:07:20.728145,Thika,Nakuru,200,4.933152237277101,Petrol,13.560679509615916,27.121359019231832,5424.271803846366
TR04043,VH029,2026-05-26 12:59:11.750350,Nakuru,Naivasha,75,1.4100927610899052,Diesel,14.416026009367311,10.812019507025482,2054.2837063348416
TR04044,VH043,2026-05-26 13:51:02.772554,Eldoret,Nairobi,310,7.0313292747101235,Diesel,14.85399074636336,46.047371313726416,8749.00054960802
TR04045,VH025,2026-05-26 14:42:53.794758,Eldoret,Mombasa,750,11.744905056198192,Diesel,23.015690233549833,172.61767675162375,32797.35858280851
TR04046,VH036,2026-05-26 15:34:44.816963,Nairobi,Machakos,115,3.7668524116132125,Diesel,12.413605888676514,14.275646771977991,2712.3728866758183
TR04047,VH026,2026-05-26 16:26:35.839167,Naivasha,Eldoret,235,4.520441870882597,Diesel,21.913021490523814,51.495600502730966,9784.164095518883
TR04048,VH038,2026-05-26 17:18:26.861372,Nairobi,Thika,45,0.8938933107161259,Diesel,10.629712081762614,4.783370436793176,908.8403829907036
TR04049,VH001,2026-05-26 18:10:17.883576,Nairobi,Kisumu,350,7.329368640372545,Petrol,10.94617655474635,38.311617941612226,7662.323588322445
TR04050,VH020,2026-05-26 19:02:08.905781,Eldoret,Machakos,430,9.395597718457656,Petrol,10.447348443362682,44.92359830645953,8984.719661291907
TR04051,VH028,2026-05-26 19:53:59.927985,Mombasa,Nairobi,480,9.49573200091731,Petrol,14.450781812866971,69.36375270176146,13872.750540352292
TR04052,VH016,2026-05-26 20:45:50.950190,Nakuru,Eldoret,160,2.73515819794518,Diesel,19.210786672221527,30.737258675554443,5840.079148355344
TR04053,VH047,2026-05-26 21:37:41.972394,Nakuru,Nairobi,155,4.232368969606248,Petrol,13.614365872439453,21.102267102281154,4220.453420456231
TR04054,VH017,2026-05-26 22:29:32.994598,Machakos,Naivasha,190,4.362590528315249,Petrol,11.613928665257086,22.066464463988464,4413.292892797693
TR04055,VH040,2026-05-26 23:21:24.016803,Naivasha,Thika,145,3.4857895122104,Petrol,13.577848177365361,19.687879857179773,3937.5759714359547
TR04056,VH028,2026-05-27 00:13:15.039007,Thika,Eldoret,350,8.49068146111316,Petrol,10.551222433402833,36.92927851690992,7385.855703381983
TR04057,VH012,2026-05-27 01:05:06.061212,Naivasha,Nakuru,75,1.4220168236756372,Diesel,11.345167743879554,8.508875807909664,1616.6864035028361
TR04058,VH027,2026-05-27 01:56:57.083416,Mombasa,Nakuru,630,11.514273491933002,Petrol,24.709630257269986,155.6706706208009,31134.13412416018
TR04059,VH042,2026-05-27 02:48:48.105621,Mombasa,Nairobi,480,8.202208646506717,Diesel,11.330749734648657,54.387598726313556,10333.643757999576
TR04060,VH047,2026-05-27 03:40:39.127825,Nakuru,Thika,200,3.6469209645707,Petrol,10.48260860195573,20.96521720391146,4193.043440782292
TR04061,VH030,2026-05-27 04:32:30.150030,Kisumu,Eldoret,120,2.1625855070201356,Diesel,10.987986924205398,13.185584309046478,2505.2610187188307
TR04062,VH041,2026-05-27 05:24:21.172234,Nairobi,Kisumu,350,9.042634520515744,Diesel,18.903515657147807,66.16230480001732,12570.837912003291
TR04063,VH034,2026-05-27 06:16:12.194438,Nairobi,Nakuru,155,2.505313449266688,Diesel,10.16628820726999,15.757746721268484,2993.971877041012
TR04064,VH037,2026-05-27 07:08:03.216643,Nakuru,Nairobi,155,3.2076526892173267,Diesel,13.211634459753991,20.478033412618686,3890.82634839755
TR04065,VH006,2026-05-27 07:59:54.238847,Naivasha,Kisumu,270,4.634081857721857,Diesel,21.187574134524944,57.206450163217355,10869.225531011298
TR04066,VH007,2026-05-27 08:51:45.261052,Mombasa,Nakuru,630,16.15771411644106,Petrol,12.768779181689492,80.4433088446438,16088.66176892876
TR04067,VH032,2026-05-27 09:43:36.283256,Naivasha,Thika,145,3.016519627572155,Petrol,10.611824143830122,15.387145008553675,3077.429001710735
TR04068,VH032,2026-05-27 10:35:27.305461,Thika,Eldoret,350,6.082288786250083,Petrol,14.0105822358145,49.03703782535075,9807.40756507015
TR04069,VH025,2026-05-27 11:27:18.327665,Kisumu,Naivasha,270,5.375980598070911,Diesel,23.488662904058934,63.41938984095913,12049.684069782234
TR04070,VH033,2026-05-27 12:19:09.349869,Nakuru,Thika,200,4.548737812241954,Petrol,9.107949555713377,18.215899111426754,3643.179822285351
TR04071,VH007,2026-05-27 13:11:00.372074,Nairobi,Eldoret,310,5.125787937066201,Petrol,11.917575472551524,36.94448396490973,7388.8967929819455
TR04072,VH012,2026-05-27 14:02:51.394278,Eldoret,Naivasha,235,5.78409074256244,Diesel,10.343853009855739,24.308054573160987,4618.530368900588
TR04073,VH016,2026-05-27 14:54:42.416483,Naivasha,Eldoret,235,4.71541127852401,Diesel,23.54474045590471,55.330140071376064,10512.726613561452
TR04074,VH016,2026-05-27 15:46:33.438687,Mombasa,Kisumu,850,15.420517786617967,Diesel,23.16088778187993,196.8675461459794,37404.83376773608
TR04075,VH043,2026-05-27 16:38:24.460892,Eldoret,Kisumu,120,1.7973348407322507,Diesel,14.50994047146578,17.411928565758934,3308.2664274941976
TR04076,VH036,2026-05-27 17:30:15.483096,Thika,Eldoret,350,7.553985867157377,Diesel,10.182019794765573,35.6370692816795,6771.043163519105
TR04077,VH013,2026-05-27 18:22:06.505301,Nakuru,Nairobi,155,3.24346562198401,Petrol,21.194071181894593,32.85081033193662,6570.162066387325
TR04078,VH007,2026-05-27 19:13:57.527505,Naivasha,Eldoret,235,5.060023622300993,Petrol,10.922439385821988,25.667732556681674,5133.546511336335
TR04079,VH036,2026-05-27 20:05:48.549709,Nairobi,Naivasha,95,1.8301694712558503,Diesel,10.856174672370598,10.313365938752067,1959.5395283628927
TR04080,VH047,2026-05-27 20:57:39.571914,Naivasha,Nakuru,75,1.37102929901676,Petrol,11.611216257834421,8.708412193375816,1741.6824386751632
TR04081,VH009,2026-05-27 21:49:30.594118,Kisumu,Mombasa,850,14.468945354919338,Diesel,10.266653949192944,87.26655856814003,16580.646127946606
TR04082,VH032,2026-05-27 22:41:21.616323,Machakos,Mombasa,420,7.493525833493232,Petrol,13.574352053386926,57.01227862422509,11402.455724845018
TR04083,VH011,2026-05-27 23:33:12.638527,Eldoret,Thika,350,7.60522257802328,Diesel,12.716466801855375,44.507633806493814,8456.450423233824
TR04084,VH008,2026-05-28 00:25:03.660732,Kisumu,Mombasa,850,15.042392599737338,Diesel,13.144795086053367,111.73075823145362,21228.844063976187
TR04085,VH033,2026-05-28 01:16:54.682936,Thika,Eldoret,350,6.8989490032426275,Petrol,10.358902505955985,36.25615877084595,7251.23175416919
TR04086,VH023,2026-05-28 02:08:45.705141,Nairobi,Kisumu,350,6.254241958533529,Diesel,13.516605526346272,47.30811934221195,8988.542675020271
TR04087,VH025,2026-05-28 03:00:36.727345,Eldoret,Mombasa,750,13.293408333023265,Diesel,24.990859771213103,187.43144828409828,35611.97517397867
TR04088,VH008,2026-05-28 03:52:27.749549,Thika,Naivasha,145,2.3000901995983702,Diesel,13.596492191888373,19.71491367823814,3745.8335988652466
TR04089,VH045,2026-05-28 04:44:18.771754,Kisumu,Naivasha,270,5.724793291891289,Diesel,23.44524733083208,63.30216779324662,12027.411880716858
TR04090,VH022,2026-05-28 05:36:09.793958,Kisumu,Nairobi,350,7.669454541905396,Petrol,23.686581620116463,82.90303567040762,16580.607134081525
TR04091,VH004,2026-05-28 06:28:00.816163,Machakos,Eldoret,430,8.025785946177871,Diesel,12.868721212722932,55.3355012147086,10513.745230794633
TR04092,VH040,2026-05-28 07:19:51.838367,Eldoret,Mombasa,750,12.613492984740557,Petrol,10.950769314563052,82.1307698592229,16426.15397184458
TR04093,VH003,2026-05-28 08:11:42.860572,Nairobi,Naivasha,95,1.8825110715396807,Diesel,13.385203425738586,12.715943254451657,2416.029218345815
TR04094,VH029,2026-05-28 09:03:33.882776,Kisumu,Machakos,465,7.752364686373156,Diesel,13.563765010299658,63.07150729789341,11983.586386599749
TR04095,VH041,2026-05-28 09:55:24.904980,Nakuru,Kisumu,190,3.4221614339707087,Diesel,24.89769598187534,47.305622365563146,8988.068249456997
TR04096,VH029,2026-05-28 10:47:15.927185,Machakos,Nakuru,270,5.579633375374172,Diesel,12.706506581281609,34.30756776946035,6518.437876197466
TR04097,VH034,2026-05-28 11:39:06.949389,Thika,Machakos,80,1.4677099044235256,Diesel,10.356845075125282,8.285476060100226,1574.240451419043
TR04098,VH034,2026-05-28 12:30:57.971594,Eldoret,Machakos,430,9.24306088067801,Diesel,12.418362608697533,53.398959217399394,10145.802251305884
TR04099,VH028,2026-05-28 13:22:48.993798,Mombasa,Nairobi,480,9.246986918982419,Petrol,14.896879098332274,71.50501967199492,14301.003934398983
TR04100,VH013,2026-05-28 14:14:40.016003,Mombasa,Kisumu,850,20.52410011675668,Petrol,19.24049735788366,163.5442275420111,32708.84550840222
TR04101,VH015,2026-05-28 15:06:31.038207,Nairobi,Kisumu,350,7.077177046476121,Petrol,10.629989592678013,37.204963574373046,7440.992714874609
TR04102,VH023,2026-05-28 15:58:22.060412,Nakuru,Mombasa,630,10.862534700145513,Diesel,11.709404768863406,73.76925004383945,14016.157508329496
TR04103,VH044,2026-05-28 16:50:13.082616,Kisumu,Thika,370,6.590997829978026,Petrol,19.191502444174034,71.00855904344392,14201.711808688784
TR04104,VH026,2026-05-28 17:42:04.104820,Mombasa,Eldoret,750,13.644616400433664,Diesel,18.15554447663957,136.16658357479676,25871.650879211385
TR04105,VH004,2026-05-28 18:33:55.127025,Nairobi,Kisumu,350,6.6921814177419705,Diesel,11.684915612206254,40.89720464272189,7770.4688821171585
TR04106,VH026,2026-05-28 19:25:46.149229,Thika,Nakuru,200,3.9002496793382693,Diesel,24.057595610507406,48.11519122101481,9141.886331992813
TR04107,VH040,2026-05-28 20:17:37.171434,Machakos,Kisumu,465,11.664793514709666,Petrol,10.217341996618574,47.51064028427637,9502.128056855274
TR04108,VH009,2026-05-28 21:09:28.193638,Nakuru,Kisumu,190,3.929572382451142,Diesel,12.144645295084587,23.074826060660712,4384.2169515255355
TR04109,VH005,2026-05-28 22:01:19.215843,Nakuru,Mombasa,630,12.24229810211471,Diesel,23.33540541048258,147.01305408604026,27932.480276347647
TR04110,VH032,2026-05-28 22:53:10.238047,Naivasha,Mombasa,620,15.120191364184073,Petrol,14.765912984554426,91.54866050423745,18309.73210084749
TR04111,VH020,2026-05-28 23:45:01.260252,Nairobi,Eldoret,310,8.614472510426008,Petrol,13.927376995022161,43.1748686845687,8634.97373691374
TR04112,VH050,2026-05-29 00:36:52.282456,Nairobi,Naivasha,95,1.6093331299478244,Diesel,11.109846903043708,10.554354557891523,2005.3273659993895
TR04113,VH011,2026-05-29 01:28:43.304660,Naivasha,Nakuru,75,1.487897199778616,Diesel,14.751921471895589,11.063941103921692,2102.1488097451215
TR04114,VH015,2026-05-29 02:20:34.326865,Machakos,Thika,80,1.547992580995857,Petrol,9.17709486640432,7.341675893123456,1468.335178624691
TR04115,VH032,2026-05-29 03:12:25.349069,Kisumu,Nakuru,190,3.489759373883296,Petrol,13.729584689992782,26.086210910986285,5217.242182197257
TR04116,VH028,2026-05-29 04:04:16.371274,Nairobi,Thika,45,1.0678014939212643,Petrol,13.213730173168065,5.946178577925629,1189.2357155851257
TR04117,VH022,2026-05-29 04:56:07.393478,Naivasha,Nakuru,75,1.6035223220192492,Petrol,19.746653003103066,14.8099897523273,2961.9979504654602
TR04118,VH041,2026-05-29 05:47:58.415683,Kisumu,Mombasa,850,13.702485639674078,Diesel,21.551229504757544,183.18545079043912,34805.23565018343
TR04119,VH017,2026-05-29 06:39:49.437887,Machakos,Nairobi,115,2.4950772761528643,Petrol,9.647768688802477,11.094933992122849,2218.9867984245698
TR04120,VH026,2026-05-29 07:31:40.460092,Kisumu,Machakos,465,9.713167523468236,Diesel,24.101180056660926,112.07048726347331,21293.392580059928
TR04121,VH044,2026-05-29 08:23:31.482296,Eldoret,Nairobi,310,6.943807511881237,Petrol,20.505286598819534,63.56638845634056,12713.277691268113
TR04122,VH007,2026-05-29 09:15:22.504500,Nakuru,Nairobi,155,3.5168791672076067,Petrol,13.130222352328582,20.351844646109303,4070.3689292218605
TR04123,VH042,2026-05-29 10:07:13.526705,Thika,Nairobi,45,0.7647358113699657,Diesel,10.793881431436311,4.857246644146341,922.8768623878047
TR04124,VH026,2026-05-29 10:59:04.548909,Nakuru,Machakos,270,8.944381583784644,Diesel,19.44315391241845,52.49651556352982,9974.337957070666
TR04125,VH025,2026-05-29 11:50:55.571114,Nakuru,Naivasha,75,1.6183363309457792,Diesel,24.943694595622063,18.707770946716547,3554.476479876144
TR04126,VH010,2026-05-29 12:42:46.593318,Eldoret,Machakos,430,8.300632518416725,Diesel,13.765431972206645,59.19135748048857,11246.357921292829
TR04127,VH045,2026-05-29 13:34:37.615523,Kisumu,Naivasha,270,4.2469972572136685,Diesel,24.733803088418497,66.78126833872994,12688.44098435869
TR04128,VH019,2026-05-29 14:26:28.637727,Kisumu,Machakos,465,11.364137043049798,Diesel,10.479255826060221,48.72853959118003,9258.422522324207
TR04129,VH011,2026-05-29 15:18:19.659931,Nairobi,Machakos,115,2.907371457069961,Diesel,10.822814383099102,12.446236540563966,2364.7849427071537
TR04130,VH013,2026-05-29 16:10:10.682136,Eldoret,Nakuru,160,3.710644203479493,Petrol,21.521479244351816,34.434366790962905,6886.873358192581
TR04131,VH008,2026-05-29 17:02:01.704340,Nairobi,Naivasha,95,1.7082139305679056,Diesel,11.473341411136717,10.89967434057988,2070.9381247101774
TR04132,VH040,2026-05-29 17:53:52.726545,Eldoret,Nakuru,160,3.1371144265145383,Petrol,10.87473256878994,17.399572110063904,3479.914422012781
TR04133,VH004,2026-05-29 18:45:43.748749,Nairobi,Thika,45,1.1700798223432136,Diesel,13.66609784790705,6.149744031558173,1168.4513659960528
TR04134,VH047,2026-05-29 19:37:34.770954,Mombasa,Kisumu,850,16.73344927844435,Petrol,10.80888767219367,91.87554521364619,18375.109042729237
TR04135,VH031,2026-05-29 20:29:25.793158,Naivasha,Nairobi,95,1.522155320128528,Petrol,9.931826154652587,9.435234846919958,1887.0469693839916
TR04136,VH028,2026-05-29 21:21:16.815363,Nakuru,Eldoret,160,3.0700836856774307,Petrol,11.659916972716442,18.655867156346307,3731.1734312692615
TR04137,VH011,2026-05-29 22:13:07.837567,Nakuru,Eldoret,160,3.1179077874126,Diesel,12.818293498175075,20.50926959708012,3896.7612234452226
TR04138,VH043,2026-05-29 23:04:58.859771,Machakos,Mombasa,420,8.108431043333647,Diesel,13.632354660902216,57.25588957578931,10878.619019399968
TR04139,VH001,2026-05-29 23:56:49.881976,Thika,Mombasa,520,9.753165798769496,Petrol,12.409454430287422,64.5291630374946,12905.83260749892
TR04140,VH049,2026-05-30 00:48:40.904180,Naivasha,Nakuru,75,1.8814350955620656,Diesel,11.627974949141867,8.720981211856401,1656.9864302527162
TR04141,VH047,2026-05-30 01:40:31.926385,Kisumu,Machakos,465,9.658402456269116,Petrol,9.694729679713742,45.0804930106689,9016.098602133781
TR04142,VH038,2026-05-30 02:32:22.948589,Thika,Machakos,80,1.6473802732192393,Diesel,14.57345462354116,11.658763698832928,2215.1651027782564
TR04143,VH024,2026-05-30 03:24:13.970794,Mombasa,Eldoret,750,16.257607966520315,Petrol,13.643620989960223,102.32715742470167,20465.431484940334
TR04144,VH047,2026-05-30 04:16:04.992998,Machakos,Nairobi,115,2.072483847719206,Petrol,12.417132952090018,14.279702894903519,2855.940578980704
TR04145,VH031,2026-05-30 05:07:56.015203,Thika,Naivasha,145,3.227382283374267,Petrol,9.088157044670124,13.17782771477168,2635.5655429543363
TR04146,VH041,2026-05-30 05:59:47.037407,Machakos,Nairobi,115,2.440564164763895,Diesel,21.759519511323283,25.023447438021773,4754.455013224137
TR04147,VH046,2026-05-30 06:51:38.059611,Nakuru,Nairobi,155,3.8828999001392632,Diesel,13.146094860443068,20.376447033686755,3871.5249364004835
TR04148,VH050,2026-05-30 07:43:29.081816,Kisumu,Nakuru,190,3.583115152239765,Diesel,13.973271114790549,26.54921511810204,5044.350872439388
TR04149,VH026,2026-05-30 08:35:20.104020,Mombasa,Kisumu,850,14.773558620705229,Diesel,24.972468686363577,212.2659838340904,40330.53692847718
TR04150,VH049,2026-05-30 09:27:11.126225,Nakuru,Thika,200,4.245217711273327,Diesel,13.288056176627787,26.576112353255574,5049.461347118559
TR04151,VH050,2026-05-30 10:19:02.148429,Naivasha,Nairobi,95,1.6826332835538456,Diesel,9.319154960130568,8.853197212124039,1682.1074703035674
TR04152,VH005,2026-05-30 11:10:53.170634,Nairobi,Machakos,115,2.355382302085819,Diesel,24.672934735451108,28.373874945768772,5391.036239696066
TR04153,VH020,2026-05-30 12:02:44.192838,Eldoret,Machakos,430,14.439024567634357,Petrol,12.063306235759995,51.87221681376798,10374.443362753595
TR04154,VH041,2026-05-30 12:54:35.215043,Mombasa,Nairobi,480,9.679785179744309,Diesel,23.606207393354257,113.30979548810043,21528.861142739082
TR04155,VH011,2026-05-30 13:46:26.237247,Kisumu,Nakuru,190,3.9098326472948486,Diesel,12.035964248429268,22.86833207201561,4344.983093682966
TR04156,VH033,2026-05-30 14:38:17.259451,Machakos,Nakuru,270,5.312454490172488,Petrol,10.59834735617295,28.615537861666965,5723.107572333393
TR04157,VH050,2026-05-30 15:30:08.281656,Thika,Eldoret,350,6.7274723189642796,Diesel,11.31622072741904,39.60677254596664,7525.286783733662
TR04158,VH038,2026-05-30 16:21:59.303860,Naivasha,Eldoret,235,5.27750374591051,Diesel,10.734372564844135,25.225775527383718,4792.897350202907
TR04159,VH027,2026-05-30 17:13:50.326065,Thika,Mombasa,520,8.418255204874098,Petrol,20.499462971273143,106.59720745062035,21319.44149012407
TR04160,VH034,2026-05-30 18:05:41.348269,Mombasa,Eldoret,750,15.160486616155778,Diesel,13.288087498841392,99.66065624131045,18935.524685848985
TR04161,VH015,2026-05-30 18:57:32.370474,Naivasha,Nairobi,95,1.9627008087692015,Petrol,9.189752431304408,8.730264809739188,1746.0529619478375
TR04162,VH032,2026-05-30 19:49:23.392678,Kisumu,Machakos,465,8.3100656162803,Petrol,10.754390234123022,50.00791458867206,10001.582917734411
TR04163,VH021,2026-05-30 20:41:14.414882,Mombasa,Nairobi,480,9.571606869170788,Petrol,18.8758131175464,90.60390296422271,18120.78059284454
TR04164,VH046,2026-05-30 21:33:05.437087,Kisumu,Thika,370,5.246237601318723,Diesel,12.01537771350114,44.45689753995422,8446.810532591302
TR04165,VH005,2026-05-30 22:24:56.459291,Thika,Eldoret,350,7.243266905030455,Diesel,24.978908306236033,87.42617907182611,16610.974023646962
TR04166,VH006,2026-05-30 23:16:47.481496,Nakuru,Mombasa,630,11.928537019176831,Diesel,19.213505511479678,121.04508472232196,22998.56609724117
TR04167,VH038,2026-05-31 00:08:38.503700,Naivasha,Kisumu,270,6.135418396924149,Diesel,10.727413247996301,28.964015769590016,5503.162996222103
TR04168,VH022,2026-05-31 01:00:29.525905,Nairobi,Nakuru,155,2.7210032002358218,Petrol,24.40539010843308,37.82835466807128,7565.670933614256
TR04169,VH018,2026-05-31 01:52:20.548109,Nakuru,Machakos,270,5.145822395710337,Diesel,13.410252584829829,36.207681979040544,6879.4595760177035
TR04170,VH014,2026-05-31 02:44:11.570314,Nairobi,Eldoret,310,6.555538919967674,Diesel,10.161201849982772,31.499725734946594,5984.947889639853
TR04171,VH010,2026-05-31 03:36:02.592518,Thika,Naivasha,145,3.3704865387578287,Diesel,13.758529800896575,19.949868211300032,3790.474960147006
TR04172,VH046,2026-05-31 04:27:53.614722,Machakos,Nairobi,115,2.909578772304304,Diesel,13.277328507382148,15.268927783489469,2901.096278862999
TR04173,VH013,2026-05-31 05:19:44.636927,Naivasha,Mombasa,620,11.62143008458063,Petrol,23.374185668968963,144.91995114760758,28983.990229521514
TR04174,VH031,2026-05-31 06:11:35.659131,Nakuru,Thika,200,5.140732138651992,Petrol,11.47251227397961,22.94502454795922,4589.004909591844
TR04175,VH030,2026-05-31 07:03:26.681336,Nakuru,Mombasa,630,10.418769481398295,Diesel,14.956896092241479,94.22844538112132,17903.40462241305
TR04176,VH003,2026-05-31 07:55:17.703540,Mombasa,Naivasha,620,15.539922838047167,Diesel,10.219235093554817,63.359257580039866,12038.258940207576
TR04177,VH030,2026-05-31 08:47:08.725745,Eldoret,Mombasa,750,15.440676714832904,Diesel,11.171857932019028,83.78893449014271,15919.897553127115
TR04178,VH006,2026-05-31 09:38:59.747949,Thika,Nairobi,45,1.047786764335047,Diesel,20.775821908815306,9.349119858966889,1776.332773203709
TR04179,VH029,2026-05-31 10:30:50.770154,Kisumu,Naivasha,270,5.371906019275513,Diesel,12.248889707828516,33.072002211137,6283.680420116029
TR04180,VH008,2026-05-31 11:22:41.792358,Thika,Eldoret,350,6.970437338742023,Diesel,13.606837013497593,47.62392954724157,9048.5466139759
TR04181,VH044,2026-05-31 12:14:32.814562,Kisumu,Thika,370,6.908343682955489,Petrol,21.92003054854081,81.10411302960101,16220.822605920202
TR04182,VH045,2026-05-31 13:06:23.836767,Naivasha,Nakuru,75,1.9846642059860282,Diesel,18.31577696864276,13.736832726482069,2609.9982180315933
TR04183,VH043,2026-05-31 13:58:14.858971,Kisumu,Naivasha,270,6.151689910949886,Diesel,12.039314817128309,32.506150006246436,6176.168501186823
TR04184,VH044,2026-05-31 14:50:05.881176,Machakos,Nakuru,270,4.674160820674953,Petrol,20.91543288658349,56.47166879377542,11294.333758755085
TR04185,VH033,2026-05-31 15:41:56.903380,Nairobi,Kisumu,350,6.332731159930707,Petrol,13.827454692188924,48.396091422661236,9679.218284532248
TR04186,VH017,2026-05-31 16:33:47.925585,Kisumu,Nairobi,350,11.665056976762608,Petrol,11.99598545510554,41.98594909286939,8397.189818573877
TR04187,VH048,2026-05-31 17:25:38.947789,Kisumu,Mombasa,850,16.032340303241643,Diesel,22.449557498112572,190.82123873395687,36256.03535945181
TR04188,VH011,2026-05-31 18:17:29.969994,Mombasa,Thika,520,12.457990162138033,Diesel,13.566265156256353,70.54457881253303,13403.469974381276
TR04189,VH013,2026-05-31 19:09:20.992198,Nakuru,Thika,200,4.418384128887554,Petrol,23.390275209774863,46.780550419549726,9356.110083909945
TR04190,VH050,2026-05-31 20:01:12.014402,Thika,Mombasa,520,10.792551137778856,Diesel,12.175255351012446,63.31132782526472,12029.152286800296
TR04191,VH011,2026-05-31 20:53:03.036607,Thika,Eldoret,350,5.603665132212437,Diesel,11.185971755669676,39.15090114484387,7438.671217520336
TR04192,VH031,2026-05-31 21:44:54.058811,Naivasha,Mombasa,620,14.882945373037154,Petrol,13.37022957170582,82.89542334457609,16579.084668915217
TR04193,VH028,2026-05-31 22:36:45.081016,Naivasha,Thika,145,3.7401157907320797,Petrol,13.66059900205315,19.807868552977066,3961.573710595413
TR04194,VH044,2026-05-31 23:28:36.103220,Machakos,Nairobi,115,2.1454202959035458,Petrol,23.19309339567869,26.672057405030493,5334.411481006098
TR04195,VH006,2026-06-01 00:20:27.125425,Kisumu,Nairobi,350,7.031521040149839,Diesel,24.975897174643244,87.41564011125135,16608.971621137756
TR04196,VH041,2026-06-01 01:12:18.147629,Eldoret,Machakos,430,7.207989359676289,Diesel,23.61768574404321,101.5560486993858,19295.6492528833
TR04197,VH016,2026-06-01 02:04:09.169833,Thika,Nairobi,45,0.9538479856589601,Diesel,23.804059822086074,10.711826919938733,2035.2471147883593
TR04198,VH004,2026-06-01 02:56:00.192038,Naivasha,Mombasa,620,10.387601962039371,Diesel,14.757027578550792,91.49357098701492,17383.778487532836
TR04199,VH035,2026-06-01 03:47:51.214242,Kisumu,Machakos,465,9.275855174986422,Diesel,10.75566999924447,50.01386549648679,9502.634444332489
TR04200,VH048,2026-06-01 04:39:42.236447,Naivasha,Mombasa,620,11.432170535369444,Diesel,21.484091635346473,133.20136813914814,25308.25994643815
TR04201,VH026,2026-06-01 05:31:33.258651,Machakos,Kisumu,465,7.381942745187994,Diesel,22.063969165135514,102.59745661788016,19493.51675739723
TR04202,VH012,2026-06-01 06:23:24.280856,Nairobi,Machakos,115,2.363239496674507,Diesel,11.646378646112288,13.39333544302913,2544.7337341755347
TR04203,VH011,2026-06-01 07:15:15.303060,Nairobi,Thika,45,0.7711113597617789,Diesel,14.197016719472527,6.388657523762637,1213.844929514901
TR04204,VH037,2026-06-01 08:07:06.325265,Naivasha,Eldoret,235,5.211658604142023,Diesel,13.812098108228618,32.458430554337255,6167.101805324079
TR04205,VH025,2026-06-01 08:58:57.347469,Nairobi,Eldoret,310,5.982210261613613,Diesel,23.046181521556868,71.4431627168263,13574.200916196996
TR04206,VH018,2026-06-01 09:50:48.369673,Naivasha,Kisumu,270,7.02343521631586,Diesel,13.985747198790834,37.761517436735254,7174.688312979698
TR04207,VH019,2026-06-01 10:42:39.391878,Kisumu,Nairobi,350,7.6144163552086,Diesel,10.296906867041953,36.039174034646834,6847.443066582899
TR04208,VH023,2026-06-01 11:34:30.414082,Mombasa,Eldoret,750,18.056748201140863,Diesel,12.677286258377107,95.0796469378283,18065.132918187377
TR04209,VH038,2026-06-01 12:26:21.436287,Eldoret,Mombasa,750,12.548936496592928,Diesel,12.757022374529503,95.67766780897128,18178.756883704544
TR04210,VH018,2026-06-01 13:18:12.458491,Kisumu,Nakuru,190,2.9729126868553424,Diesel,10.56494591246938,20.07339723369182,3813.945474401446
TR04211,VH026,2026-06-01 14:10:03.480696,Mombasa,Nakuru,630,13.358103230130236,Diesel,19.12410809506188,120.48188099888985,22891.55738978907
TR04212,VH006,2026-06-01 15:01:54.502900,Mombasa,Machakos,420,9.585606354111103,Diesel,24.27118685947283,101.9389848097859,19368.40711385932
TR04213,VH004,2026-06-01 15:53:45.525105,Thika,Kisumu,370,9.369829810295483,Diesel,12.977277413539227,48.01592643009514,9123.026021718077
TR04214,VH044,2026-06-01 16:45:36.547309,Kisumu,Thika,370,7.099502072342871,Petrol,23.77453686348556,87.96578639489658,17593.157278979317
TR04215,VH029,2026-06-01 17:37:27.569513,Kisumu,Mombasa,850,18.812922657264405,Diesel,12.726724920007724,108.17716182006565,20553.660745812474
TR04216,VH034,2026-06-01 18:29:18.591718,Naivasha,Eldoret,235,5.152348446200052,Diesel,10.099885403270097,23.73473069768473,4509.598832560098
TR04217,VH017,2026-06-01 19:21:09.613922,Mombasa,Nakuru,630,9.994176577414482,Petrol,10.687744065501626,67.33278761266024,13466.557522532048
TR04218,VH043,2026-06-01 20:13:00.636127,Mombasa,Thika,520,10.917761569118303,Diesel,11.907694212367733,61.92000990431222,11764.801881819321
TR04219,VH043,2026-06-01 21:04:51.658331,Mombasa,Naivasha,620,11.335962038516602,Diesel,14.86467406251851,92.16097918761477,17510.586045646807
TR04220,VH016,2026-06-01 21:56:42.680536,Naivasha,Mombasa,620,12.295808096294294,Diesel,18.039432948669678,111.844484281752,21250.452013532882
TR04221,VH002,2026-06-01 22:48:33.702740,Thika,Machakos,80,2.042986648509502,Petrol,24.89966216117155,19.91972972893724,3983.945945787448
TR04222,VH034,2026-06-01 23:40:24.724944,Kisumu,Thika,370,10.49914733639088,Diesel,13.902308175549154,51.43854024953187,9773.322647411054
TR04223,VH008,2026-06-02 00:32:15.747149,Mombasa,Kisumu,850,15.769892710461718,Diesel,13.980753952650684,118.8364085975308,22578.917633530855
TR04224,VH013,2026-06-02 01:24:06.769353,Nairobi,Machakos,115,1.8072416723766462,Petrol,21.336117252437443,24.53653484030306,4907.306968060611
TR04225,VH042,2026-06-02 02:15:57.791558,Kisumu,Nairobi,350,6.664140604068598,Diesel,14.819044848104998,51.866656968367494,9854.664823989824
TR04226,VH008,2026-06-02 03:07:48.813762,Naivasha,Mombasa,620,11.274219268985698,Diesel,10.977995909249136,68.06357463734464,12932.079181095482
TR04227,VH030,2026-06-02 03:59:39.835967,Thika,Nakuru,200,4.677011485098257,Diesel,10.131472203341934,20.262944406683868,3849.959437269935
TR04228,VH032,2026-06-02 04:51:30.858171,Nairobi,Mombasa,480,8.258895060951682,Petrol,11.121735931858822,53.384332472922345,10676.866494584468
TR04229,VH036,2026-06-02 05:43:21.880376,Naivasha,Mombasa,620,10.685963791146754,Diesel,13.726481224686923,85.10418359305892,16169.794882681195
TR04230,VH047,2026-06-02 06:35:12.902580,Nakuru,Kisumu,190,4.2763501507144195,Petrol,9.068823466677,17.2307645866863,3446.1529173372596
TR04231,VH030,2026-06-02 07:27:03.924784,Kisumu,Nakuru,190,3.4950068186410506,Diesel,12.729970677114874,24.18694428651826,4595.5194144384695
TR04232,VH001,2026-06-02 08:18:54.946989,Nakuru,Machakos,270,7.527463281801525,Petrol,10.378007944473396,28.02062145007817,5604.124290015634
TR04233,VH043,2026-06-02 09:10:45.969193,Naivasha,Thika,145,2.5989717229572804,Diesel,11.431982892137892,16.576375193599944,3149.5112867839894
TR04234,VH039,2026-06-02 10:02:36.991398,Naivasha,Nakuru,75,1.651230984603512,Diesel,18.616649954983206,13.962487466237405,2652.872618585107
TR04235,VH017,2026-06-02 10:54:28.013602,Naivasha,Thika,145,3.608494124981312,Petrol,13.297643105565282,19.281582503069657,3856.3165006139316
TR04236,VH020,2026-06-02 11:46:19.035807,Mombasa,Eldoret,750,14.092149974457529,Petrol,11.955353548238529,89.66515161178897,17933.030322357794
TR04237,VH024,2026-06-02 12:38:10.058011,Thika,Machakos,80,2.2330051386144776,Petrol,13.510532328591564,10.808425862873252,2161.6851725746506
TR04238,VH050,2026-06-02 13:30:01.080216,Mombasa,Thika,520,9.859818290166265,Diesel,12.441765997701141,64.69718318804594,12292.464805728729
TR04239,VH022,2026-06-02 14:21:52.102420,Thika,Machakos,80,1.9539948061119499,Petrol,24.7972039187157,19.837763134972562,3967.552626994512
TR04240,VH029,2026-06-02 15:13:43.124624,Eldoret,Nairobi,310,7.902157824094016,Diesel,12.549388273802034,38.903103648786306,7391.589693269399
TR04241,VH022,2026-06-02 16:05:34.146829,Mombasa,Thika,520,10.301349397179516,Petrol,22.47097407234012,116.84906517616862,23369.813035233725
TR04242,VH044,2026-06-02 16:57:25.169033,Nakuru,Thika,200,4.113568219051278,Petrol,22.034161739223396,44.06832347844679,8813.664695689358
TR04243,VH009,2026-06-02 17:49:16.191238,Thika,Naivasha,145,2.3518223918048418,Diesel,12.421302147233064,18.01088811348794,3422.0687415627085
TR04244,VH037,2026-06-02 18:41:07.213442,Mombasa,Thika,520,13.091117450556279,Diesel,14.229796827115063,73.99494350099833,14059.039265189684
TR04245,VH010,2026-06-02 19:32:58.235647,Kisumu,Nakuru,190,3.1147318392963044,Diesel,13.2226256783518,25.12298878886842,4773.367869885
TR04246,VH036,2026-06-02 20:24:49.257851,Naivasha,Thika,145,3.5453325516328555,Diesel,13.006561324277364,18.859513920202176,3583.3076448384136
TR04247,VH037,2026-06-02 21:16:40.280056,Thika,Eldoret,350,6.102287661836809,Diesel,13.931819683012066,48.76136889054223,9264.660089203024
TR04248,VH028,2026-06-02 22:08:31.302260,Thika,Naivasha,145,2.4639439952244437,Petrol,10.955225803276477,15.88507741475089,3177.015482950178
TR04249,VH028,2026-06-02 23:00:22.324464,Mombasa,Eldoret,750,14.266238753757905,Petrol,13.250817662588219,99.38113246941164,19876.22649388233
TR04250,VH042,2026-06-02 23:52:13.346669,Eldoret,Naivasha,235,5.380976704937088,Diesel,10.99824009590667,25.845864225380677,4910.714202822329
TR04251,VH043,2026-06-03 00:44:04.368873,Mombasa,Nakuru,630,16.65945452245165,Diesel,12.916602391218854,81.37459506467877,15461.173062288966
TR04252,VH021,2026-06-03 01:35:55.391078,Machakos,Nakuru,270,7.852081184514492,Petrol,22.742042791124103,61.40351553603508,12280.703107207017
TR04253,VH024,2026-06-03 02:27:46.413282,Nakuru,Nairobi,155,2.3912989683819363,Petrol,13.986175357937935,21.6785718048038,4335.71436096076
TR04254,VH042,2026-06-03 03:19:37.435487,Nakuru,Mombasa,630,13.22830177901839,Diesel,10.152709890748692,63.96207231171676,12152.793739226185
TR04255,VH040,2026-06-03 04:11:28.457691,Thika,Mombasa,520,12.632808589713601,Petrol,10.456211970568605,54.37230224695675,10874.46044939135
TR04256,VH002,2026-06-03 05:03:19.479895,Thika,Mombasa,520,12.728029018668243,Petrol,18.53918687459862,96.40377174791283,19280.754349582567
TR04257,VH008,2026-06-03 05:55:10.502100,Mombasa,Thika,520,10.127982810094311,Diesel,10.9918064313337,57.15739344293524,10859.904754157695
TR04258,VH048,2026-06-03 06:47:01.524304,Nakuru,Naivasha,75,1.6011551144200318,Diesel,23.751118530400696,17.81333889780052,3384.5343905820987
TR04259,VH027,2026-06-03 07:38:52.546509,Nakuru,Naivasha,75,2.1647733472434845,Petrol,23.90839432950995,17.931295747132463,3586.2591494264925
TR04260,VH022,2026-06-03 08:30:43.568713,Eldoret,Machakos,430,7.554950136233266,Petrol,23.158857170048062,99.58308583120666,19916.617166241333
TR04261,VH037,2026-06-03 09:22:34.590918,Kisumu,Thika,370,7.023555884415994,Diesel,14.484391209149738,53.59224747385403,10182.527020032267
TR04262,VH027,2026-06-03 10:14:25.613122,Eldoret,Nakuru,160,2.472215083955151,Petrol,20.260019609186166,32.416031374697866,6483.206274939574
TR04263,VH029,2026-06-03 11:06:16.635327,Machakos,Eldoret,430,7.272563484088672,Diesel,10.440773221261496,44.895324851424434,8530.111721770643
TR04264,VH003,2026-06-03 11:58:07.657531,Nairobi,Thika,45,1.784664537263558,Diesel,10.29076513994925,4.630844312977163,879.8604194656609
TR04265,VH044,2026-06-03 12:49:58.679735,Naivasha,Eldoret,235,3.831368164315925,Petrol,23.964929037335704,56.31758323773891,11263.516647547782
TR04266,VH013,2026-06-03 13:41:49.701940,Eldoret,Nakuru,160,2.6818670423442463,Petrol,23.11305406047584,36.98088649676134,7396.177299352268
TR04267,VH045,2026-06-03 14:33:40.724144,Machakos,Naivasha,190,4.307509182843017,Diesel,22.890307142077845,43.491583569947906,8263.400878290102
TR04268,VH010,2026-06-03 15:25:31.746349,Mombasa,Kisumu,850,18.26409688619437,Diesel,11.698381692728343,99.43624438819091,18892.886433756274
TR04269,VH036,2026-06-03 16:17:22.768553,Kisumu,Eldoret,120,2.251669013435442,Diesel,10.899525943091131,13.079431131709358,2485.091915024778
TR04270,VH009,2026-06-03 17:09:13.790758,Mombasa,Machakos,420,10.027149718372147,Diesel,14.790567644496596,62.12038410688571,11802.872980308284
TR04271,VH027,2026-06-03 18:01:04.812962,Naivasha,Kisumu,270,5.618191564787811,Petrol,18.446633208685544,49.80590966345097,9961.181932690193
TR04272,VH034,2026-06-03 18:52:55.835167,Machakos,Kisumu,465,8.017199970941459,Diesel,12.868658684688963,59.839262883803684,11369.4599479227
TR04273,VH001,2026-06-03 19:44:46.857371,Nairobi,Eldoret,310,5.725703001481957,Petrol,11.548166618541966,35.799316517480094,7159.8633034960185
TR04274,VH032,2026-06-03 20:36:37.879575,Kisumu,Naivasha,270,6.044903979726982,Petrol,10.19527309206278,27.52723734856951,5505.447469713902
TR04275,VH025,2026-06-03 21:28:28.901780,Thika,Mombasa,520,8.937459097377312,Diesel,23.19799077519719,120.6295520310254,22919.614885894825
TR04276,VH029,2026-06-03 22:20:19.923984,Nakuru,Mombasa,630,12.017588690932335,Diesel,11.654559428391874,73.4237243988688,13950.507635785072
TR04277,VH007,2026-06-03 23:12:10.946189,Eldoret,Kisumu,120,2.3010703748271117,Petrol,13.610737593713983,16.33288511245678,3266.577022491356
TR04278,VH049,2026-06-04 00:04:01.968393,Machakos,Kisumu,465,10.135015605537749,Diesel,12.5382719155906,58.3029644074963,11077.563237424296
TR04279,VH003,2026-06-04 00:55:52.990598,Mombasa,Nairobi,480,9.610053720946322,Diesel,12.673934377165576,60.834885010394764,11558.628151975005
TR04280,VH020,2026-06-04 01:47:44.012802,Nairobi,Nakuru,155,3.5382256542392203,Petrol,12.886865646052744,19.974641751381753,3994.9283502763506
TR04281,VH020,2026-06-04 02:39:35.035007,Nakuru,Nairobi,155,4.495935009043989,Petrol,11.905191620856218,18.45304701232714,3690.609402465428
TR04282,VH030,2026-06-04 03:31:26.057211,Eldoret,Machakos,430,9.003036659994764,Diesel,11.433184264241303,49.162692336237605,9340.911543885144
TR04283,VH035,2026-06-04 04:23:17.079415,Nakuru,Nairobi,155,3.1617952628885977,Diesel,13.670576505322096,21.18939358324925,4025.984780817357
TR04284,VH035,2026-06-04 05:15:08.101620,Eldoret,Thika,350,6.849541567699285,Diesel,12.945699079388618,45.30994677786016,8608.889887793432
TR04285,VH049,2026-06-04 06:06:59.123824,Machakos,Thika,80,1.3400955271264914,Diesel,9.063636408449602,7.250909126759682,1377.6727340843395
TR04286,VH039,2026-06-04 06:58:50.146029,Thika,Machakos,80,1.7864431687953195,Diesel,24.311509244392166,19.449207395513735,3695.3494051476096
TR04287,VH027,2026-06-04 07:50:41.168233,Kisumu,Nakuru,190,4.037572032697522,Petrol,21.819505328270193,41.45706012371336,8291.412024742673
TR04288,VH026,2026-06-04 08:42:32.190438,Machakos,Mombasa,420,7.482706825693769,Diesel,24.080390858356722,101.13764160509824,19216.151904968665
TR04289,VH014,2026-06-04 09:34:23.212642,Nakuru,Eldoret,160,3.6380319151531686,Diesel,14.413684194911223,23.06189471185796,4381.759995253013
TR04290,VH017,2026-06-04 10:26:14.234846,Nakuru,Machakos,270,5.270349792441014,Petrol,11.224833283675443,30.307049865923698,6061.40997318474
TR04291,VH018,2026-06-04 11:18:05.257051,Nakuru,Eldoret,160,3.423650379295888,Diesel,11.538299982256156,18.46127997160985,3507.643194605872
TR04292,VH045,2026-06-04 12:09:56.279255,Kisumu,Nakuru,190,3.9541316616361297,Diesel,20.910280713729215,39.729533356085504,7548.611337656246
TR04293,VH029,2026-06-04 13:01:47.301460,Nairobi,Machakos,115,2.051184761052942,Diesel,12.247183876540227,14.08426145802126,2676.0096770240393
TR04294,VH020,2026-06-04 13:53:38.323664,Eldoret,Mombasa,750,15.953246165319488,Petrol,13.47573579485864,101.06801846143979,20213.603692287958
TR04295,VH027,2026-06-04 14:45:29.345869,Machakos,Naivasha,190,3.37322305364013,Petrol,23.517008097775378,44.682315385773215,8936.463077154644
TR04296,VH018,2026-06-04 15:37:20.368073,Machakos,Kisumu,465,13.525094888220481,Diesel,9.63262838157789,44.79172197433719,8510.427175124067
TR04297,VH004,2026-06-04 16:29:11.390278,Thika,Kisumu,370,9.594668656417543,Diesel,13.051538907700479,48.29069395849177,9175.231852113437
TR04298,VH001,2026-06-04 17:21:02.412482,Nakuru,Thika,200,6.358411052703211,Petrol,14.979533201931712,29.959066403863424,5991.813280772685
TR04299,VH050,2026-06-04 18:12:53.434686,Naivasha,Nairobi,95,2.3356538633162565,Diesel,11.97775350616243,11.378865830854307,2161.9845078623184
TR04300,VH001,2026-06-04 19:04:44.456891,Machakos,Naivasha,190,2.92962353632622,Petrol,13.929358127965529,26.465780443134502,5293.156088626901
TR04301,VH026,2026-06-04 19:56:35.479095,Kisumu,Eldoret,120,2.4067527353906337,Diesel,23.383430313668196,28.060116376401833,5331.422111516348
TR04302,VH045,2026-06-04 20:48:26.501300,Nairobi,Naivasha,95,2.147883934317902,Diesel,20.4522226811063,19.429611547050982,3691.6261939396863
TR04303,VH020,2026-06-04 21:40:17.523504,Machakos,Mombasa,420,7.465013799814779,Petrol,10.859246513519794,45.60883535678314,9121.767071356628
TR04304,VH023,2026-06-04 22:32:08.545709,Eldoret,Naivasha,235,4.094641026554383,Diesel,12.620382108952017,29.65789795603724,5635.000611647075
TR04305,VH010,2026-06-04 23:23:59.567913,Kisumu,Nakuru,190,4.7224659588568025,Diesel,12.499917658024176,23.74984355024593,4512.470274546727
TR04306,VH011,2026-06-05 00:15:50.590118,Thika,Machakos,80,1.1430922778565535,Diesel,12.85285354565194,10.282282836521553,1953.633738939095
TR04307,VH041,2026-06-05 01:07:41.612322,Thika,Eldoret,350,6.703613569777606,Diesel,22.990340532553862,80.46619186393852,15288.576454148319
TR04308,VH041,2026-06-05 01:59:32.634526,Eldoret,Mombasa,750,14.092759998675687,Diesel,23.44302518927335,175.82268891955013,33406.31089471452
TR04309,VH005,2026-06-05 02:51:23.656731,Nakuru,Thika,200,3.7052224873789665,Diesel,19.9006160441315,39.801232088263,7562.23409676997
TR04310,VH001,2026-06-05 03:43:14.678935,Thika,Nairobi,45,0.8339340289810357,Petrol,10.733968797184815,4.830285958733167,966.0571917466333
TR04311,VH017,2026-06-05 04:35:05.701140,Nairobi,Eldoret,310,6.884572604215314,Petrol,10.458973233618625,32.422817024217736,6484.563404843547
TR04312,VH022,2026-06-05 05:26:56.723344,Kisumu,Mombasa,850,12.705501333171469,Petrol,21.552768275644528,183.1985303429785,36639.7060685957
TR04313,VH034,2026-06-05 06:18:47.745549,Machakos,Nakuru,270,5.658183783119691,Diesel,10.710706586485195,28.91890778351003,5494.592478866905
TR04314,VH045,2026-06-05 07:10:38.767753,Nairobi,Machakos,115,1.994445306064893,Diesel,21.978539311933158,25.27532020872313,4802.310839657394
TR04315,VH041,2026-06-05 08:02:29.789957,Nakuru,Nairobi,155,3.35494037427714,Diesel,18.374260068879398,28.480103106763067,5411.219590284983
TR04316,VH029,2026-06-05 08:54:20.812162,Nairobi,Mombasa,480,10.718623891841807,Diesel,12.548752058068835,60.234009878730404,11444.461876958776
TR04317,VH004,2026-06-05 09:46:11.834366,Nairobi,Thika,45,0.6900261801277305,Diesel,11.839924534688539,5.327966040609843,1012.3135477158701
TR04318,VH005,2026-06-05 10:38:02.856571,Mombasa,Nairobi,480,9.769395116140021,Diesel,21.742667284250178,104.36480296440085,19829.312563236163
TR04319,VH011,2026-06-05 11:29:53.878775,Nairobi,Nakuru,155,3.1170099978372248,Diesel,12.112666774424884,18.774633500358572,3567.1803650681286
TR04320,VH021,2026-06-05 12:21:44.900980,Eldoret,Thika,350,6.69613762543935,Petrol,19.9895809544628,69.96353334061979,13992.706668123958
TR04321,VH035,2026-06-05 13:13:35.923184,Kisumu,Nairobi,350,4.942514058825559,Diesel,14.520539527288179,50.821888345508626,9656.15878564664
TR04322,VH012,2026-06-05 14:05:26.945389,Mombasa,Machakos,420,6.236071905691336,Diesel,10.923824942106785,45.8800647568485,8717.212303801214
TR04323,VH026,2026-06-05 14:57:17.967593,Kisumu,Nakuru,190,3.152466859576393,Diesel,22.769559029063917,43.26216215522144,8219.810809492074
TR04324,VH019,2026-06-05 15:49:08.989797,Kisumu,Machakos,465,6.384820929439577,Diesel,13.62322356291207,63.347989567541134,12036.118017832816
TR04325,VH045,2026-06-05 16:41:00.012002,Nakuru,Naivasha,75,1.7670597622627842,Diesel,21.77068971779803,16.328017288348523,3102.323284786219
TR04326,VH007,2026-06-05 17:32:51.034206,Nakuru,Mombasa,630,11.403319271819372,Petrol,14.382042442897411,90.60686739025368,18121.373478050737
TR04327,VH047,2026-06-05 18:24:42.056411,Mombasa,Kisumu,850,16.796233653592378,Petrol,9.624257392166422,81.80618783341458,16361.237566682918
TR04328,VH007,2026-06-05 19:16:33.078615,Thika,Nakuru,200,5.579221039147569,Petrol,12.468943851282042,24.937887702564083,4987.577540512817
TR04329,VH026,2026-06-05 20:08:24.100820,Naivasha,Eldoret,235,4.3757747435199725,Diesel,21.199176963366575,49.81806586391146,9465.432514143176
TR04330,VH040,2026-06-05 21:00:15.123024,Nakuru,Eldoret,160,3.472720509331262,Petrol,10.040594035184974,16.064950456295957,3212.9900912591916
TR04331,VH005,2026-06-05 21:52:06.145229,Naivasha,Eldoret,235,3.7740087140917304,Diesel,21.102801389515342,49.59158326536106,9422.400820418601
TR04332,VH021,2026-06-05 22:43:57.167433,Nakuru,Mombasa,630,13.450092925487246,Petrol,20.583208294678187,129.67421225647257,25934.842451294513
TR04333,VH014,2026-06-05 23:35:48.189637,Nakuru,Mombasa,630,13.58201668233571,Diesel,13.348993638873077,84.09865992490039,15978.745385731074
TR04334,VH004,2026-06-06 00:27:39.211842,Kisumu,Thika,370,5.942386099218545,Diesel,14.691648892882593,54.3591009036656,10328.229171696465
TR04335,VH023,2026-06-06 01:19:30.234046,Mombasa,Eldoret,750,15.158752101270982,Diesel,9.428955441310183,70.71716580982637,13436.26150386701
TR04336,VH042,2026-06-06 02:11:21.256251,Kisumu,Machakos,465,7.841084448085401,Diesel,11.637381933573115,54.11382599111499,10281.626938311849
TR04337,VH020,2026-06-06 03:03:12.278455,Machakos,Eldoret,430,8.053207275366292,Petrol,11.220323686971259,48.24739185397641,9649.478370795281
TR04338,VH015,2026-06-06 03:55:03.300660,Eldoret,Mombasa,750,14.018122560325613,Petrol,11.275926890171917,84.56945167628938,16913.890335257875
TR04339,VH050,2026-06-06 04:46:54.322864,Kisumu,Eldoret,120,2.497522196939785,Diesel,12.874048604211268,15.448858325053521,2935.283081760169
TR04340,VH045,2026-06-06 05:38:45.345069,Naivasha,Mombasa,620,11.477723512063102,Diesel,21.103769660834086,130.84337189717132,24860.24066046255
TR04341,VH029,2026-06-06 06:30:36.367273,Naivasha,Kisumu,270,5.516050475528197,Diesel,10.135806507268267,27.366677569624322,5199.668738228621
TR04342,VH008,2026-06-06 07:22:27.389477,Eldoret,Kisumu,120,2.754215690865056,Diesel,12.550520472964156,15.060624567556985,2861.5186678358273
TR04343,VH041,2026-06-06 08:14:18.411682,Nairobi,Thika,45,0.9152672903499164,Diesel,24.193807866019704,10.887213539708867,2068.5705725446846
TR04344,VH048,2026-06-06 09:06:09.433886,Nairobi,Thika,45,0.7462359076103272,Diesel,21.59733298784771,9.71879984453147,1846.5719704609792
TR04345,VH019,2026-06-06 09:58:00.456091,Eldoret,Thika,350,6.447088199498787,Diesel,11.905542608492526,41.66939912972384,7917.18583464753
TR04346,VH048,2026-06-06 10:49:51.478295,Eldoret,Kisumu,120,2.137226853401724,Diesel,19.14055507278332,22.968666087339987,4364.046556594598
TR04347,VH039,2026-06-06 11:41:42.500500,Kisumu,Eldoret,120,2.399436661626492,Diesel,19.5445216127527,23.45342593530324,4456.150927707616
TR04348,VH046,2026-06-06 12:33:33.522704,Eldoret,Mombasa,750,21.74059319826223,Diesel,11.175851195623059,83.81888396717294,15925.587953762859
TR04349,VH028,2026-06-06 13:25:24.544908,Machakos,Nakuru,270,6.711647629826761,Petrol,12.153709874406477,32.81501666089749,6563.003332179498
TR04350,VH046,2026-06-06 14:17:15.567113,Mombasa,Thika,520,10.904220861779717,Diesel,14.640726104478212,76.13177574328671,14465.037391224474
TR04351,VH027,2026-06-06 15:09:06.589317,Nairobi,Naivasha,95,2.321631425867487,Petrol,21.6524933670042,20.56986869865399,4113.973739730798
TR04352,VH004,2026-06-06 16:00:57.611522,Nairobi,Nakuru,155,3.3838997478101187,Diesel,10.960488226006763,16.988756750310483,3227.8637825589917
TR04353,VH015,2026-06-06 16:52:48.633726,Machakos,Mombasa,420,9.227612891853111,Petrol,10.330438679344748,43.38784245324795,8677.56849064959
TR04354,VH035,2026-06-06 17:44:39.655931,Thika,Nairobi,45,0.9834618846741605,Diesel,11.920075148635922,5.364033816886165,1019.1664252083714
TR04355,VH037,2026-06-06 18:36:30.678135,Machakos,Eldoret,430,6.992170202003894,Diesel,13.116294878463997,56.40006797739518,10716.012915705085
TR04356,VH001,2026-06-06 19:28:21.700340,Machakos,Naivasha,190,3.8324861608791476,Petrol,12.200165765020028,23.18031495353805,4636.06299070761
TR04357,VH003,2026-06-06 20:20:12.722544,Eldoret,Mombasa,750,13.04861572445316,Diesel,11.962224220884625,89.71668165663469,17046.16951476059
TR04358,VH047,2026-06-06 21:12:03.744748,Nakuru,Nairobi,155,3.0207618193603154,Petrol,11.823643001994974,18.326646653092208,3665.3293306184414
TR04359,VH024,2026-06-06 22:03:54.766953,Nakuru,Naivasha,75,1.2229728531115143,Petrol,10.209174974772328,7.656881231079246,1531.376246215849
TR04360,VH027,2026-06-06 22:55:45.789157,Machakos,Thika,80,1.3753304978218222,Petrol,18.552322908092076,14.841858326473663,2968.3716652947323
TR04361,VH040,2026-06-06 23:47:36.811362,Eldoret,Machakos,430,9.499010470295465,Petrol,10.12207157411111,43.52490776867777,8704.981553735553
TR04362,VH036,2026-06-07 00:39:27.833566,Mombasa,Thika,520,7.915603134720218,Diesel,10.256295817335635,53.332738250145304,10133.220267527608
TR04363,VH034,2026-06-07 01:31:18.855771,Nakuru,Eldoret,160,3.450966668255317,Diesel,9.457960170722343,15.13273627315575,2875.2198918995923
TR04364,VH029,2026-06-07 02:23:09.877975,Thika,Nairobi,45,0.8720929332299091,Diesel,11.681703192603834,5.256766436671725,998.7856229676278
TR04365,VH024,2026-06-07 03:15:00.900180,Naivasha,Kisumu,270,5.092781552020245,Petrol,12.864667701798778,34.734602794856706,6946.920558971341
TR04366,VH024,2026-06-07 04:06:51.922384,Eldoret,Naivasha,235,4.359366262485459,Petrol,12.581471652434193,29.566458383220354,5913.291676644071
TR04367,VH042,2026-06-07 04:58:42.944588,Machakos,Thika,80,1.4192087271472833,Diesel,13.054638113940143,10.443710491152116,1984.304993318902
TR04368,VH004,2026-06-07 05:50:33.966793,Mombasa,Kisumu,850,19.342040818972883,Diesel,14.262501219397393,121.23126036487784,23033.93946932679
TR04369,VH003,2026-06-07 06:42:24.988997,Mombasa,Kisumu,850,15.260684228530437,Diesel,11.410338122721384,96.98787404313177,18427.696068195037
TR04370,VH034,2026-06-07 07:34:16.011202,Kisumu,Machakos,465,8.50882176567947,Diesel,13.425268765149829,62.427499757946705,11861.224954009875
TR04371,VH049,2026-06-07 08:26:07.033406,Mombasa,Kisumu,850,16.998716162336255,Diesel,10.996195848345895,93.46766471094011,17758.85629507862
TR04372,VH023,2026-06-07 09:17:58.055611,Nakuru,Kisumu,190,3.918976039297325,Diesel,11.004466591333133,20.90848652353295,3972.6124394712606
TR04373,VH023,2026-06-07 10:09:49.077815,Machakos,Naivasha,190,4.364285852651568,Diesel,11.026758068127608,20.950840329442453,3980.659662594066
TR04374,VH045,2026-06-07 11:01:40.100020,Naivasha,Mombasa,620,11.51500094618197,Diesel,18.68666056368687,115.8572954948586,22012.886144023134
TR04375,VH005,2026-06-07 11:53:31.122224,Nakuru,Kisumu,190,4.249015205266901,Diesel,24.82843348831739,47.17402362780304,8963.064489282577
TR04376,VH031,2026-06-07 12:45:22.144428,Eldoret,Mombasa,750,14.450018938482291,Petrol,9.692533889125796,72.69400416844347,14538.800833688694
TR04377,VH041,2026-06-07 13:37:13.166633,Naivasha,Mombasa,620,12.604349832281999,Diesel,20.386200071284293,126.39444044196262,24014.943683972895
TR04378,VH006,2026-06-07 14:29:04.188837,Eldoret,Thika,350,8.899802826377403,Diesel,20.2351022422873,70.82285784800555,13456.342991121055
TR04379,VH037,2026-06-07 15:20:55.211042,Mombasa,Nakuru,630,14.812205258133403,Diesel,10.373397164083547,65.35240213372634,12416.956405408006
TR04380,VH010,2026-06-07 16:12:46.233246,Thika,Mombasa,520,9.7674213811533,Diesel,10.761300650559383,55.95876338290879,10632.165042752671
TR04381,VH040,2026-06-07 17:04:37.255451,Nairobi,Kisumu,350,7.641011301508106,Petrol,10.224291680926928,35.78502088324425,7157.00417664885
TR04382,VH007,2026-06-07 17:56:28.277655,Naivasha,Mombasa,620,13.616605985372841,Petrol,11.462022467802568,71.06453930037593,14212.907860075185
TR04383,VH039,2026-06-07 18:48:19.299859,Machakos,Kisumu,465,10.595049712753214,Diesel,24.066598468202343,111.90968287714091,21262.839746656773
TR04384,VH038,2026-06-07 19:40:10.322064,Kisumu,Machakos,465,10.529913285283303,Diesel,11.697211028686922,54.392031283394196,10334.485943844897
TR04385,VH021,2026-06-07 20:32:01.344268,Nairobi,Kisumu,350,5.543120300473879,Petrol,18.865842824471656,66.0304498856508,13206.08997713016
TR04386,VH020,2026-06-07 21:23:52.366473,Mombasa,Machakos,420,10.233796713543445,Petrol,12.22846934191959,51.35957123606228,10271.914247212457
TR04387,VH003,2026-06-07 22:15:43.388677,Mombasa,Nairobi,480,7.769099015150509,Diesel,14.983004560274551,71.91842188931784,13664.50015897039
TR04388,VH022,2026-06-07 23:07:34.410882,Machakos,Nakuru,270,5.701717772740092,Petrol,19.626266526723494,52.99091962215344,10598.183924430688
TR04389,VH047,2026-06-07 23:59:25.433086,Nairobi,Nakuru,155,3.4621426051275894,Petrol,10.397855026852847,16.116675291621913,3223.3350583243828
TR04390,VH004,2026-06-08 00:51:16.455291,Kisumu,Eldoret,120,2.2611394252000525,Diesel,14.859235271403943,17.83108232568473,3387.9056418800988
TR04391,VH028,2026-06-08 01:43:07.477495,Naivasha,Machakos,190,3.7680225803503147,Petrol,10.893881437752436,20.698374731729626,4139.6749463459255
TR04392,VH012,2026-06-08 02:34:58.499699,Naivasha,Nakuru,75,1.548946703659344,Diesel,12.55607033729582,9.417052752971864,1789.2400230646542
TR04393,VH038,2026-06-08 03:26:49.521904,Nairobi,Eldoret,310,5.989288558045434,Diesel,11.198260665080475,34.71460806174947,6595.7755317324
TR04394,VH036,2026-06-08 04:18:40.544108,Eldoret,Machakos,430,8.54911811531442,Diesel,13.66175948950622,58.74556580487675,11161.657502926582
TR04395,VH047,2026-06-08 05:10:31.566313,Nakuru,Nairobi,155,3.210757122513982,Petrol,13.90760507288147,21.556787862966278,4311.357572593256
TR04396,VH041,2026-06-08 06:02:22.588517,Thika,Naivasha,145,2.5223798134156366,Diesel,23.702884922840106,34.36918313811815,6530.144796242449
TR04397,VH005,2026-06-08 06:54:13.610722,Eldoret,Nairobi,310,8.067835133163207,Diesel,20.203486710689674,62.63080880313799,11899.853672596219
TR04398,VH013,2026-06-08 07:46:04.632926,Naivasha,Thika,145,3.3971623898519576,Petrol,20.824412326963536,30.195397874097125,6039.079574819425
TR04399,VH023,2026-06-08 08:37:55.655131,Nakuru,Thika,200,4.577258307638269,Diesel,10.211528418332106,20.423056836664212,3880.3807989662005
TR04400,VH050,2026-06-08 09:29:46.677335,Thika,Naivasha,145,3.4909050256333947,Diesel,13.453789835044958,19.50799526081519,3706.519099554886
TR04401,VH030,2026-06-08 10:21:37.699539,Thika,Eldoret,350,6.905067355982171,Diesel,14.572791388440791,51.00476985954277,9690.906273313127
TR04402,VH037,2026-06-08 11:13:28.721744,Thika,Nakuru,200,3.7007323943955095,Diesel,12.094353311230236,24.188706622460472,4595.85425826749
TR04403,VH025,2026-06-08 12:05:19.743948,Mombasa,Thika,520,15.160457681841155,Diesel,22.59573148932101,117.49780374446927,22324.582711449162
TR04404,VH048,2026-06-08 12:57:10.766153,Machakos,Kisumu,465,10.063284987722383,Diesel,19.158872258422857,89.0887560016663,16926.863640316595
TR04405,VH027,2026-06-08 13:49:01.788357,Thika,Eldoret,350,7.379810608665217,Petrol,21.044551302543862,73.65592955890352,14731.185911780705
TR04406,VH014,2026-06-08 14:40:52.810562,Kisumu,Eldoret,120,2.5150297997054785,Diesel,13.157495533367488,15.788994640040984,2999.908981607787
TR04407,VH048,2026-06-08 15:32:43.832766,Nairobi,Machakos,115,2.8953181673217983,Diesel,20.697821829626136,23.802495104070054,4522.4740697733105
TR04408,VH047,2026-06-08 16:24:34.854970,Naivasha,Machakos,190,4.000553085528152,Petrol,10.787997628432299,20.497195494021366,4099.439098804273
TR04409,VH036,2026-06-08 17:16:25.877175,Kisumu,Naivasha,270,6.321554011536702,Diesel,9.004994961334713,24.31348639560373,4619.562415164708
TR04410,VH039,2026-06-08 18:08:16.899379,Nairobi,Naivasha,95,2.0073963831352746,Diesel,23.630054246439798,22.448551534117808,4265.224791482384
TR04411,VH016,2026-06-08 19:00:07.921584,Eldoret,Naivasha,235,6.484014310308391,Diesel,24.225363284150138,56.929603717752826,10816.624706373037
TR04412,VH022,2026-06-08 19:51:58.943788,Machakos,Eldoret,430,9.075650368209466,Petrol,24.786244706820824,106.58085223932954,21316.17044786591
TR04413,VH021,2026-06-08 20:43:49.965993,Eldoret,Naivasha,235,5.3110067670193715,Petrol,23.03489969548451,54.132014284388596,10826.40285687772
TR04414,VH021,2026-06-08 21:35:40.988197,Nairobi,Thika,45,0.9394542288477108,Petrol,21.84154618658919,9.828695783965136,1965.7391567930272
TR04415,VH008,2026-06-08 22:27:32.010402,Kisumu,Thika,370,7.060214243564386,Diesel,10.346422599043546,38.28176361646112,7273.535087127613
TR04416,VH049,2026-06-08 23:19:23.032606,Nairobi,Nakuru,155,3.1223485521790573,Diesel,13.996497379817491,21.69457093871711,4121.968478356251
TR04417,VH016,2026-06-09 00:11:14.054810,Thika,Mombasa,520,9.228503887388609,Diesel,22.12826998172474,115.06700390496864,21862.730741944044
TR04418,VH031,2026-06-09 01:03:05.077015,Mombasa,Thika,520,11.037089808366442,Petrol,12.40577036165223,64.5100058805916,12902.001176118321
TR04419,VH042,2026-06-09 01:54:56.099219,Naivasha,Machakos,190,3.4576209428100007,Diesel,13.412030809776589,25.482858538575517,4841.743122329348
TR04420,VH010,2026-06-09 02:46:47.121424,Eldoret,Kisumu,120,2.033901860929814,Diesel,14.226258978785907,17.07151077454309,3243.587047163187
TR04421,VH032,2026-06-09 03:38:38.143628,Naivasha,Nakuru,75,1.4370547695292943,Petrol,10.048362694234596,7.536272020675947,1507.2544041351894
TR04422,VH034,2026-06-09 04:30:29.165833,Mombasa,Nairobi,480,9.632052126047192,Diesel,10.101234702156859,48.48592657035292,9212.326048367055
TR04423,VH009,2026-06-09 05:22:20.188037,Thika,Mombasa,520,9.75337161741409,Diesel,13.32767000085007,69.30388400442037,13167.73796083987
TR04424,VH017,2026-06-09 06:14:11.210242,Thika,Eldoret,350,6.670139085218603,Petrol,13.475728684122839,47.16505039442993,9433.010078885987
TR04425,VH011,2026-06-09 07:06:02.232446,Eldoret,Nairobi,310,5.343911375849678,Diesel,13.426693909606781,41.62275111978102,7908.322712758394
TR04426,VH032,2026-06-09 07:57:53.254650,Eldoret,Mombasa,750,13.309578238123702,Petrol,12.067456457468401,90.505923431013,18101.1846862026
TR04427,VH010,2026-06-09 08:49:44.276855,Thika,Nakuru,200,3.543170666518484,Diesel,11.807777479351309,23.615554958702617,4486.955442153498
TR04428,VH022,2026-06-09 09:41:35.299059,Nakuru,Eldoret,160,3.1776163833534032,Petrol,23.165636057983242,37.06501769277319,7413.003538554638
TR04429,VH017,2026-06-09 10:33:26.321264,Naivasha,Eldoret,235,4.4566818343493155,Petrol,12.706188485685967,29.859542941362022,5971.908588272405
TR04430,VH004,2026-06-09 11:25:17.343468,Machakos,Nakuru,270,5.1350118125325785,Diesel,13.035289962528452,35.195282898826825,6687.103750777097
TR04431,VH048,2026-06-09 12:17:08.365673,Mombasa,Machakos,420,10.411253232484682,Diesel,20.04026916868136,84.1691305084617,15992.134796607725
TR04432,VH047,2026-06-09 13:08:59.387877,Naivasha,Mombasa,620,10.588999765114721,Petrol,13.625774091952717,84.47979937010685,16895.95987402137
TR04433,VH025,2026-06-09 14:00:50.410082,Mombasa,Thika,520,14.189941629110134,Diesel,21.863159594830474,113.68842989311847,21600.801679692508
TR04434,VH021,2026-06-09 14:52:41.432286,Nakuru,Nairobi,155,2.7828900534826646,Petrol,23.533446493738314,36.476842065294385,7295.368413058877
TR04435,VH037,2026-06-09 15:44:32.454490,Machakos,Naivasha,190,3.6443170514482137,Diesel,11.071541310809158,21.035928490537398,3996.8264132021054
TR04436,VH038,2026-06-09 16:36:23.476695,Kisumu,Machakos,465,9.743179392366951,Diesel,11.720203943073638,54.498948335292425,10354.80018370556
TR04437,VH049,2026-06-09 17:28:14.498899,Mombasa,Naivasha,620,11.669595079580912,Diesel,13.372897581936712,82.91196500800761,15753.273351521446
TR04438,VH001,2026-06-09 18:20:05.521104,Naivasha,Kisumu,270,5.061055580130404,Petrol,10.250535149699843,27.676444904189577,5535.288980837915
TR04439,VH025,2026-06-09 19:11:56.543308,Nairobi,Machakos,115,2.908623634976285,Diesel,21.586207178796634,24.824138255616127,4716.5862685670645
TR04440,VH036,2026-06-09 20:03:47.565513,Machakos,Mombasa,420,6.848308789631001,Diesel,11.408527399220045,47.91581507672419,9104.004864577597
TR04441,VH017,2026-06-09 20:55:38.587717,Thika,Kisumu,370,7.315563122166067,Petrol,12.75615094454041,47.19775849479952,9439.551698959904
TR04442,VH041,2026-06-09 21:47:29.609921,Thika,Eldoret,350,5.108157318215803,Diesel,19.973256394195328,69.90639737968365,13282.215502139894
TR04443,VH024,2026-06-09 22:39:20.632126,Nakuru,Naivasha,75,1.3317194496616356,Petrol,10.095334109297998,7.571500581973498,1514.3001163946997
TR04444,VH002,2026-06-09 23:31:11.654330,Mombasa,Kisumu,850,16.866692819754775,Petrol,24.482929871412637,208.1049039070074,41620.980781401486
TR04445,VH040,2026-06-10 00:23:02.676535,Kisumu,Eldoret,120,2.697860789233642,Petrol,12.858548259792324,15.430257911750788,3086.051582350158
TR04446,VH015,2026-06-10 01:14:53.698739,Mombasa,Nairobi,480,9.773323301043614,Petrol,9.523447841418273,45.71254963880771,9142.50992776154
TR04447,VH032,2026-06-10 02:06:44.720944,Thika,Mombasa,520,10.156518626297354,Petrol,10.965180811071605,57.01894021757234,11403.788043514469
TR04448,VH039,2026-06-10 02:58:35.743148,Eldoret,Nairobi,310,5.0224030578858185,Diesel,24.99178241659974,77.4745254914592,14720.159843377249
TR04449,VH006,2026-06-10 03:50:26.765353,Nairobi,Eldoret,310,5.182795641200037,Diesel,19.36926297376535,60.04471521867258,11408.49589154779
TR04450,VH001,2026-06-10 04:42:17.787557,Machakos,Thika,80,1.4922058026587655,Petrol,13.052377556768393,10.441902045414714,2088.380409082943
TR04451,VH047,2026-06-10 05:34:08.809761,Nakuru,Kisumu,190,2.961645320429583,Petrol,11.10064039497809,21.09121675045837,4218.243350091674
TR04452,VH023,2026-06-10 06:25:59.831966,Eldoret,Nakuru,160,4.7238676505102974,Diesel,13.427995474249176,21.484792758798683,4082.11062417175
TR04453,VH039,2026-06-10 07:17:50.854170,Naivasha,Nairobi,95,1.7690117854516862,Diesel,23.286180146067295,22.12187113876393,4203.1555163651465
TR04454,VH017,2026-06-10 08:09:41.876375,Kisumu,Thika,370,6.162023033052819,Petrol,11.98475698130908,44.3436008308436,8868.72016616872
TR04455,VH034,2026-06-10 09:01:32.898579,Eldoret,Thika,350,6.436248697115937,Diesel,9.053694908989913,31.687932181464696,6020.707114478292
TR04456,VH041,2026-06-10 09:53:23.920784,Naivasha,Thika,145,3.6860468173588554,Diesel,24.158566452454217,35.029921356058615,6655.685057651137
TR04457,VH029,2026-06-10 10:45:14.942988,Eldoret,Nakuru,160,2.6179918680526186,Diesel,12.223337354193582,19.55733976670973,3715.894555674849
TR04458,VH009,2026-06-10 11:37:05.965193,Kisumu,Nairobi,350,6.239883754823646,Diesel,14.657888265092883,51.30260892782509,9747.495696286767
TR04459,VH013,2026-06-10 12:28:56.987397,Machakos,Nairobi,115,2.180338832501463,Petrol,21.468773089979408,24.689089053476316,4937.817810695263
TR04460,VH006,2026-06-10 13:20:48.009601,Eldoret,Nairobi,310,6.11357074719793,Diesel,22.85957142427908,70.86467141526515,13464.287568900378
TR04461,VH006,2026-06-10 14:12:39.031806,Nakuru,Eldoret,160,2.4260944700165874,Diesel,18.485048546266494,29.576077674026394,5619.454758065015
TR04462,VH020,2026-06-10 15:04:30.054010,Thika,Naivasha,145,2.7074393160665706,Petrol,12.725758267633928,18.452349488069196,3690.4698976138393
TR04463,VH003,2026-06-10 15:56:21.076215,Mombasa,Thika,520,10.81876344988051,Diesel,11.689980156559614,60.78789681410999,11549.700394680898
TR04464,VH017,2026-06-10 16:48:12.098419,Eldoret,Thika,350,8.044317849146916,Petrol,10.756795071658905,37.64878275080617,7529.756550161234
TR04465,VH049,2026-06-10 17:40:03.120624,Nakuru,Eldoret,160,2.854073040966145,Diesel,9.59327922354695,15.349246757675122,2916.356883958273
TR04466,VH012,2026-06-10 18:31:54.142828,Mombasa,Nakuru,630,10.882733557407695,Diesel,10.734285743201012,67.62600018216636,12848.940034611609
TR04467,VH048,2026-06-10 19:23:45.165033,Machakos,Kisumu,465,9.21665846977502,Diesel,19.30031339344347,89.74645727951214,17051.826883107307
TR04468,VH047,2026-06-10 20:15:36.187237,Naivasha,Thika,145,3.184169824703147,Petrol,10.641030842857113,15.429494722142813,3085.8989444285626
TR04469,VH045,2026-06-10 21:07:27.209441,Mombasa,Nairobi,480,7.91550817894322,Diesel,24.24378938942924,116.37018906926033,22110.335923159462
TR04470,VH001,2026-06-10 21:59:18.231646,Naivasha,Kisumu,270,6.293607025123093,Petrol,11.841301191150402,31.971513216106086,6394.302643221217
TR04471,VH017,2026-06-10 22:51:09.253850,Eldoret,Nairobi,310,4.714430013490822,Petrol,12.621813532816091,39.127621951729886,7825.524390345977
TR04472,VH003,2026-06-10 23:43:00.276055,Nakuru,Naivasha,75,1.6997656573776763,Diesel,10.413737519449358,7.810303139587019,1483.9575965215336
TR04473,VH026,2026-06-11 00:34:51.298259,Thika,Machakos,80,2.011383632376796,Diesel,22.13769159490395,17.710153275923158,3364.9291224254002
TR04474,VH015,2026-06-11 01:26:42.320464,Eldoret,Naivasha,235,5.760218089565854,Petrol,11.409456156352197,26.812221967427664,5362.444393485533
TR04475,VH036,2026-06-11 02:18:33.342668,Naivasha,Nakuru,75,1.8238309023373818,Diesel,13.889789734772522,10.417342301079392,1979.2950372050846
TR04476,VH032,2026-06-11 03:10:24.364872,Kisumu,Nairobi,350,7.2754135190170315,Petrol,14.231038849394814,49.808635972881845,9961.72719457637
TR04477,VH032,2026-06-11 04:02:15.387077,Mombasa,Thika,520,11.242120276917039,Petrol,12.274148862193249,63.825574083404895,12765.11481668098
TR04478,VH004,2026-06-11 04:54:06.409281,Eldoret,Kisumu,120,2.0619577547743484,Diesel,13.875713820226693,16.65085658427203,3163.662751011686
TR04479,VH018,2026-06-11 05:45:57.431486,Naivasha,Machakos,190,3.3300267615092345,Diesel,9.965193706468888,18.933868042290886,3597.4349280352685
TR04480,VH049,2026-06-11 06:37:48.453690,Machakos,Thika,80,1.6593409691658196,Diesel,11.811681636958891,9.449345309567112,1795.3756088177513
TR04481,VH019,2026-06-11 07:29:39.475895,Mombasa,Nairobi,480,6.4147903472265675,Diesel,9.373095277843541,44.990857333649,8548.26289339331
TR04482,VH043,2026-06-11 08:21:30.498099,Machakos,Naivasha,190,3.949618543978586,Diesel,11.740445161258416,22.30684580639099,4238.300703214288
TR04483,VH035,2026-06-11 09:13:21.520304,Naivasha,Mombasa,620,12.608835307621266,Diesel,11.129310908110853,69.00172763028729,13110.328249754586
TR04484,VH040,2026-06-11 10:05:12.542508,Nakuru,Kisumu,190,4.776190669609949,Petrol,13.594549076626055,25.829643245589505,5165.928649117901
TR04485,VH014,2026-06-11 10:57:03.564712,Nairobi,Nakuru,155,3.1404695094019286,Diesel,12.450453456071807,19.298202856911303,3666.6585428131475
TR04486,VH033,2026-06-11 11:48:54.586917,Machakos,Thika,80,1.5273236619149608,Petrol,12.755352394240052,10.204281915392043,2040.8563830784085
TR04487,VH014,2026-06-11 12:40:45.609121,Eldoret,Mombasa,750,18.506531381716908,Diesel,12.576477188157227,94.3235789111792,17921.47999312405
TR04488,VH034,2026-06-11 13:32:36.631326,Thika,Mombasa,520,11.30177578723451,Diesel,9.432422210758192,49.0485954959426,9319.233144229094
TR04489,VH004,2026-06-11 14:24:27.653530,Eldoret,Nakuru,160,3.040895145395963,Diesel,13.676838248662634,21.882941197860216,4157.758827593441
TR04490,VH024,2026-06-11 15:16:18.675735,Mombasa,Kisumu,850,18.55841864668576,Petrol,13.166146319939028,111.91224371948174,22382.448743896348
TR04491,VH029,2026-06-11 16:08:09.697939,Nakuru,Kisumu,190,4.305780522352159,Diesel,14.517656129563964,27.58354664617153,5240.873862772591
TR04492,VH019,2026-06-11 17:00:00.720144,Naivasha,Machakos,190,3.377353635380369,Diesel,11.85995972653354,22.533923480413726,4281.445461278608
TR04493,VH006,2026-06-11 17:51:51.742348,Kisumu,Nakuru,190,4.780705333633427,Diesel,23.275097512996467,44.22268527469328,8402.310202191724
TR04494,VH033,2026-06-11 18:43:42.764552,Thika,Mombasa,520,12.591829253100531,Petrol,12.760221684413136,66.35315275894831,13270.630551789662
TR04495,VH049,2026-06-11 19:35:33.786757,Nakuru,Thika,200,3.889610162285424,Diesel,9.778748798994721,19.557497597989443,3715.924543617994
TR04496,VH040,2026-06-11 20:27:24.808961,Machakos,Eldoret,430,7.574519963527941,Petrol,10.821103437297854,46.53074478038077,9306.148956076155
TR04497,VH019,2026-06-11 21:19:15.831166,Machakos,Nakuru,270,5.148329893060647,Diesel,9.35442752904563,25.256954328423202,4798.8213224004085
TR04498,VH001,2026-06-11 22:11:06.853370,Eldoret,Machakos,430,8.919514499255726,Petrol,11.599568175701506,49.878143155516476,9975.628631103295
TR04499,VH005,2026-06-11 23:02:57.875575,Kisumu,Eldoret,120,2.523293624955462,Diesel,21.31456011418745,25.57747213702494,4859.719706034739
TR04500,VH027,2026-06-11 23:54:48.897779,Nakuru,Nairobi,155,2.668570358758548,Petrol,24.98528496927952,38.72719170238326,7745.438340476651
TR04501,VH016,2026-06-12 00:46:39.919983,Nairobi,Naivasha,95,1.6704174435702315,Diesel,21.016953394477188,19.966105724753326,3793.560087703132
TR04502,VH006,2026-06-12 01:38:30.942188,Thika,Machakos,80,1.587339569605524,Diesel,23.083698119551595,18.466958495641276,3508.7221141718423
TR04503,VH040,2026-06-12 02:30:21.964392,Mombasa,Eldoret,750,15.697256299835662,Petrol,13.466985131362673,101.00238848522005,20200.47769704401
TR04504,VH013,2026-06-12 03:22:12.986597,Nakuru,Naivasha,75,1.4915821801592197,Petrol,19.431373651754058,14.573530238815543,2914.7060477631085
TR04505,VH048,2026-06-12 04:14:04.008801,Nakuru,Eldoret,160,3.6213498153949084,Diesel,18.409550060146056,29.455280096233693,5596.503218284402
TR04506,VH035,2026-06-12 05:05:55.031006,Nairobi,Eldoret,310,6.352641942691562,Diesel,12.730033757667938,39.46310464877061,7497.989883266416
TR04507,VH019,2026-06-12 05:57:46.053210,Eldoret,Thika,350,7.594875187777316,Diesel,12.50152796157238,43.75534786550333,8313.516094445633
TR04508,VH012,2026-06-12 06:49:37.075415,Naivasha,Nairobi,95,1.9311595900997487,Diesel,14.991258950931279,14.241696003384714,2705.922240643096
TR04509,VH016,2026-06-12 07:41:28.097619,Naivasha,Kisumu,270,5.82266418362023,Diesel,20.510277365968197,55.377748888114134,10521.772288741686
TR04510,VH043,2026-06-12 08:33:19.119823,Thika,Nakuru,200,3.6906078556868147,Diesel,14.481822810405482,28.963645620810965,5503.0926679540835
TR04511,VH010,2026-06-12 09:25:10.142028,Thika,Naivasha,145,2.564227569684399,Diesel,11.909662279345932,17.2690103050516,3281.1119579598044
TR04512,VH025,2026-06-12 10:17:01.164232,Mombasa,Machakos,420,8.94334897461813,Diesel,22.82588195901359,95.86870422785708,18215.053803292845
TR04513,VH020,2026-06-12 11:08:52.186437,Nakuru,Thika,200,4.597176685641703,Petrol,11.99126465258526,23.98252930517052,4796.505861034104
TR04514,VH031,2026-06-12 12:00:43.208641,Kisumu,Naivasha,270,4.848008307356725,Petrol,9.264893966512984,25.01521370958506,5003.042741917012
TR04515,VH004,2026-06-12 12:52:34.230846,Nakuru,Kisumu,190,3.6908920273436268,Diesel,10.391942134851293,19.744690056217454,3751.491110681316
TR04516,VH044,2026-06-12 13:44:25.253050,Naivasha,Nakuru,75,1.593503219491277,Petrol,18.145348628071226,13.60901147105342,2721.8022942106836
TR04517,VH023,2026-06-12 14:36:16.275255,Mombasa,Eldoret,750,12.294192088012695,Diesel,10.854170422969947,81.4062781722746,15467.192852732172
TR04518,VH002,2026-06-12 15:28:07.297459,Nakuru,Kisumu,190,4.177685686800438,Petrol,23.220607341362076,44.11915394858794,8823.83078971759
TR04519,VH022,2026-06-12 16:19:58.319663,Nairobi,Mombasa,480,14.094221850849891,Petrol,19.20928775793506,92.20458123808828,18440.916247617657
TR04520,VH037,2026-06-12 17:11:49.341868,Naivasha,Nakuru,75,1.6916151697482407,Diesel,13.02926484191948,9.77194863143961,1856.670239973526
TR04521,VH008,2026-06-12 18:03:40.364072,Nakuru,Eldoret,160,2.5418197737612798,Diesel,10.444138900155389,16.71062224024862,3175.018225647238
TR04522,VH007,2026-06-12 18:55:31.386277,Nakuru,Naivasha,75,1.5803323999672574,Petrol,13.984963119895362,10.488722339921521,2097.7444679843043
TR04523,VH014,2026-06-12 19:47:22.408481,Naivasha,Nakuru,75,1.6348244401701588,Diesel,13.991980745014954,10.493985558761215,1993.8572561646308
TR04524,VH003,2026-06-12 20:39:13.430686,Kisumu,Thika,370,7.368635407803664,Diesel,13.877072574832118,51.34516852687884,9755.582020106978
TR04525,VH050,2026-06-12 21:31:04.452890,Naivasha,Machakos,190,3.2708709058871497,Diesel,11.624167569006884,22.08591838111308,4196.324492411485
TR04526,VH016,2026-06-12 22:22:55.475095,Nairobi,Thika,45,0.9120980674114475,Diesel,19.991966970558963,8.996385136751533,1709.3131759827913
TR04527,VH019,2026-06-12 23:14:46.497299,Nairobi,Thika,45,0.8222064341351157,Diesel,13.047220219393173,5.871249098726928,1115.5373287581162
TR04528,VH018,2026-06-13 00:06:37.519503,Nakuru,Naivasha,75,1.5468424050985983,Diesel,9.930502809696208,7.447877107272156,1415.0966503817097
TR04529,VH016,2026-06-13 00:58:28.541708,Thika,Mombasa,520,9.490143956113537,Diesel,20.02831721420059,104.14724951384308,19787.977407630184
TR04530,VH008,2026-06-13 01:50:19.563912,Kisumu,Machakos,465,9.03928841837164,Diesel,9.919738530803109,46.12678416823446,8764.088991964547
TR04531,VH033,2026-06-13 02:42:10.586117,Nakuru,Thika,200,4.272037741287821,Petrol,12.371050801938239,24.742101603876478,4948.420320775295
TR04532,VH049,2026-06-13 03:34:01.608321,Naivasha,Eldoret,235,4.51361168613051,Diesel,12.431180140579091,29.213273330360863,5550.521932768564
TR04533,VH012,2026-06-13 04:25:52.630526,Nakuru,Mombasa,630,13.797658642709736,Diesel,13.262549963933765,83.55406477278271,15875.272306828714
TR04534,VH011,2026-06-13 05:17:43.652730,Mombasa,Naivasha,620,15.907839957064175,Diesel,12.078007334323338,74.8836454728047,14227.892639832893
TR04535,VH005,2026-06-13 06:09:34.674934,Mombasa,Machakos,420,8.426814520000637,Diesel,18.701197050410034,78.54502761172215,14923.555246227208
TR04536,VH027,2026-06-13 07:01:25.697139,Thika,Eldoret,350,8.819452052299926,Petrol,24.37818709160515,85.32365482061802,17064.730964123602
TR04537,VH012,2026-06-13 07:53:16.719343,Kisumu,Eldoret,120,2.190603046321296,Diesel,12.53865482006119,15.046385784073427,2858.813298973951
TR04538,VH017,2026-06-13 08:45:07.741548,Eldoret,Naivasha,235,4.7283631976439855,Petrol,11.034860974555457,25.931923290205326,5186.384658041065
TR04539,VH006,2026-06-13 09:36:58.763752,Machakos,Naivasha,190,3.0951513587174895,Diesel,22.121774252738053,42.0313710802023,7985.960505238437
TR04540,VH033,2026-06-13 10:28:49.785957,Mombasa,Thika,520,10.98016951338509,Petrol,9.963952179095529,51.81255133129675,10362.51026625935
TR04541,VH005,2026-06-13 11:20:40.808161,Eldoret,Thika,350,7.022502566597665,Diesel,18.92784145373412,66.24744508806943,12587.01456673319
TR04542,VH028,2026-06-13 12:12:31.830366,Nairobi,Nakuru,155,4.053030203766141,Petrol,12.027626107289718,18.642820466299064,3728.5640932598126
TR04543,VH014,2026-06-13 13:04:22.852570,Mombasa,Machakos,420,10.202283712987855,Diesel,11.136103470499553,46.77163457609812,8886.610569458644
TR04544,VH005,2026-06-13 13:56:13.874774,Mombasa,Eldoret,750,20.50849141850883,Diesel,19.710032061760153,147.82524046320114,28086.795688008217
TR04545,VH033,2026-06-13 14:48:04.896979,Kisumu,Naivasha,270,4.60594043063693,Petrol,13.462557438892647,36.34890508501015,7269.78101700203
TR04546,VH050,2026-06-13 15:39:55.919183,Thika,Nakuru,200,4.317456955815415,Diesel,11.653795885929124,23.30759177185825,4428.4424366530675
TR04547,VH048,2026-06-13 16:31:46.941388,Eldoret,Nairobi,310,5.114107449228574,Diesel,21.384283450263457,66.29127869581671,12595.342952205176
TR04548,VH041,2026-06-13 17:23:37.963592,Naivasha,Kisumu,270,9.455400144876828,Diesel,22.82635715610018,61.631164321470486,11709.921221079392
TR04549,VH019,2026-06-13 18:15:28.985797,Mombasa,Kisumu,850,13.625158541682644,Diesel,13.7577405683837,116.94079483126144,22218.751017939674
TR04550,VH022,2026-06-13 19:07:20.008001,Mombasa,Eldoret,750,15.165051300341926,Petrol,18.785389951293947,140.8904246347046,28178.08492694092
TR04551,VH005,2026-06-13 19:59:11.030206,Kisumu,Machakos,465,8.820386356341126,Diesel,23.8347419697648,110.83155015940632,21057.9945302872
TR04552,VH002,2026-06-13 20:51:02.052410,Kisumu,Nakuru,190,4.578704025151177,Petrol,22.08813425907492,41.967455092242346,8393.491018448469
TR04553,VH030,2026-06-13 21:42:53.074614,Thika,Machakos,80,1.4755160425120994,Diesel,10.730826769059187,8.58466141524735,1631.0856688969966
TR04554,VH047,2026-06-13 22:34:44.096819,Eldoret,Nakuru,160,3.4036262398333426,Petrol,10.485746593444958,16.777194549511933,3355.4389099023865
TR04555,VH039,2026-06-13 23:26:35.119023,Nairobi,Eldoret,310,7.664092000305199,Diesel,21.376529915253176,66.26724273728485,12590.776120084121
TR04556,VH004,2026-06-14 00:18:26.141228,Naivasha,Mombasa,620,15.369867490740592,Diesel,13.455885722887114,83.42649148190011,15851.033381561021
TR04557,VH033,2026-06-14 01:10:17.163432,Thika,Kisumu,370,9.20462201717036,Petrol,10.213035084767261,37.78822981363887,7557.6459627277745
TR04558,VH013,2026-06-14 02:02:08.185637,Machakos,Naivasha,190,3.5820726622090793,Petrol,21.74415170827313,41.31388824571894,8262.777649143789
TR04559,VH020,2026-06-14 02:53:59.207841,Nairobi,Eldoret,310,6.901933993051775,Petrol,12.423358137079308,38.51241022494586,7702.482044989172
TR04560,VH007,2026-06-14 03:45:50.230046,Nakuru,Kisumu,190,5.151948595357397,Petrol,12.243703754237531,23.26303713305131,4652.607426610261
TR04561,VH015,2026-06-14 04:37:41.252250,Mombasa,Nairobi,480,9.064403245805172,Petrol,13.315129805600879,63.912623066884215,12782.524613376843
TR04562,VH023,2026-06-14 05:29:32.274454,Eldoret,Nakuru,160,4.905242395326651,Diesel,13.347295514202022,21.355672822723236,4057.577836317415
TR04563,VH014,2026-06-14 06:21:23.296659,Thika,Eldoret,350,5.772474445433961,Diesel,12.353456088202229,43.237096308707805,8215.048298654483
TR04564,VH023,2026-06-14 07:13:14.318863,Mombasa,Eldoret,750,11.382385461704276,Diesel,13.864628552044497,103.98471414033372,19757.095686663408
TR04565,VH019,2026-06-14 08:05:05.341068,Eldoret,Naivasha,235,5.949275123991873,Diesel,9.377925462027237,22.03812483576401,4187.243718795162
TR04566,VH029,2026-06-14 08:56:56.363272,Eldoret,Kisumu,120,2.0541049514338976,Diesel,10.016811891614683,12.02017426993762,2283.833111288148
TR04567,VH020,2026-06-14 09:48:47.385477,Eldoret,Mombasa,750,14.206487002591299,Petrol,10.903341319019596,81.77505989264696,16355.011978529394
TR04568,VH029,2026-06-14 10:40:38.407681,Mombasa,Machakos,420,9.130496197580197,Diesel,13.005485306862546,54.6230382888227,10378.377274876313
TR04569,VH024,2026-06-14 11:32:29.429885,Thika,Naivasha,145,3.1268180941114365,Petrol,12.146000787248305,17.611701141510043,3522.3402283020087
TR04570,VH018,2026-06-14 12:24:20.452090,Naivasha,Nakuru,75,1.3578143887381715,Diesel,11.382228681469144,8.536671511101858,1621.967587109353
TR04571,VH010,2026-06-14 13:16:11.474294,Kisumu,Mombasa,850,17.109365246091237,Diesel,10.62441656620323,90.30754081272745,17158.432754418216
TR04572,VH041,2026-06-14 14:08:02.496499,Mombasa,Eldoret,750,25.64424608354675,Diesel,19.19348265251526,143.95111989386444,27350.712779834244
TR04573,VH008,2026-06-14 14:59:53.518703,Machakos,Nakuru,270,4.055021217771851,Diesel,13.260739919260047,35.80399778200213,6802.759578580404
TR04574,VH026,2026-06-14 15:51:44.540908,Eldoret,Nakuru,160,2.9925899645024563,Diesel,24.07537792217483,38.52060467547973,7318.914888341149
TR04575,VH029,2026-06-14 16:43:35.563112,Thika,Eldoret,350,7.05874090012814,Diesel,13.369492689303602,46.79322441256261,8890.712638386896
TR04576,VH010,2026-06-14 17:35:26.585317,Naivasha,Eldoret,235,5.310420748518437,Diesel,13.321089861394412,31.30456117427687,5947.866623112605
TR04577,VH017,2026-06-14 18:27:17.607521,Nakuru,Nairobi,155,3.196646385775952,Petrol,11.988410640139037,18.582036492215508,3716.4072984431014
TR04578,VH002,2026-06-14 19:19:08.629725,Machakos,Eldoret,430,7.148378960336216,Petrol,19.42048119991392,83.50806915962984,16701.61383192597
TR04579,VH006,2026-06-14 20:10:59.651930,Nairobi,Machakos,115,2.20759249708737,Diesel,20.997754901819324,24.14741813709222,4588.009446047522
TR04580,VH005,2026-06-14 21:02:50.674134,Machakos,Thika,80,1.5093486129975862,Diesel,22.87126256024365,18.29701004819492,3476.431909157035
TR04581,VH028,2026-06-14 21:54:41.696339,Eldoret,Nakuru,160,3.9993366057587423,Petrol,12.686261360016694,20.298018176026712,4059.6036352053425
TR04582,VH041,2026-06-14 22:46:32.718543,Nakuru,Thika,200,4.237022622374338,Diesel,18.130062338385695,36.26012467677139,6889.423688586564
TR04583,VH005,2026-06-14 23:38:23.740748,Kisumu,Nairobi,350,6.9432855695877125,Diesel,24.674897647040687,86.3621417646424,16408.806935282057
TR04584,VH018,2026-06-15 00:30:14.762952,Naivasha,Kisumu,270,4.858515463799844,Diesel,13.224080262860717,35.705016709723935,6783.953174847547
TR04585,VH026,2026-06-15 01:22:05.785157,Naivasha,Thika,145,3.1066899247654685,Diesel,19.823815098768165,28.74453189321384,5461.461059710629
TR04586,VH020,2026-06-15 02:13:56.807361,Eldoret,Thika,350,6.0951239747420365,Petrol,12.08229467583148,42.288031365410184,8457.606273082038
TR04587,VH041,2026-06-15 03:05:47.829565,Machakos,Nakuru,270,6.610328010775463,Diesel,24.462675686097313,66.04922435246274,12549.35262696792
TR04588,VH049,2026-06-15 03:57:38.851770,Machakos,Kisumu,465,9.197668472551346,Diesel,9.480055060568256,44.082256031642395,8375.628646012055
TR04589,VH027,2026-06-15 04:49:29.873974,Naivasha,Machakos,190,3.860291501996824,Petrol,21.521206365576905,40.89029209459612,8178.058418919224
TR04590,VH049,2026-06-15 05:41:20.896179,Nakuru,Kisumu,190,5.016397241698528,Diesel,11.281215129231473,21.4343087455398,4072.5186616525616
TR04591,VH012,2026-06-15 06:33:11.918383,Eldoret,Kisumu,120,2.418460849459284,Diesel,12.051025026417662,14.461230031701193,2747.6337060232268
TR04592,VH007,2026-06-15 07:25:02.940588,Mombasa,Machakos,420,9.263514464539261,Petrol,14.177943044464625,59.547360786751426,11909.472157350285
TR04593,VH003,2026-06-15 08:16:53.962792,Thika,Machakos,80,1.304840024084493,Diesel,11.903230733487288,9.522584586789831,1809.291071490068
TR04594,VH010,2026-06-15 09:08:44.984997,Nakuru,Naivasha,75,1.6053786018131864,Diesel,10.318316666205037,7.738737499653778,1470.360124934218
TR04595,VH034,2026-06-15 10:00:36.007201,Thika,Nakuru,200,3.78737923566055,Diesel,9.329188710821512,18.658377421643024,3545.0917101121745
TR04596,VH025,2026-06-15 10:52:27.029405,Mombasa,Thika,520,12.950895340714803,Diesel,18.299212245672262,95.15590367749577,18079.621698724197
TR04597,VH035,2026-06-15 11:44:18.051610,Mombasa,Thika,520,10.020706026263616,Diesel,12.045727109370187,62.637780968724975,11901.178384057745
TR04598,VH016,2026-06-15 12:36:09.073814,Thika,Nairobi,45,0.9640179335612826,Diesel,23.028843943888518,10.362979774749833,1968.9661572024684
TR04599,VH002,2026-06-15 13:28:00.096019,Nakuru,Eldoret,160,3.653819916446615,Petrol,19.426057233513607,31.08169157362177,6216.338314724354
TR04600,VH024,2026-06-15 14:19:51.118223,Thika,Nairobi,45,0.6192279538746005,Petrol,12.232342602157747,5.504554170970986,1100.9108341941974
TR04601,VH010,2026-06-15 15:11:42.140428,Thika,Mombasa,520,11.023393220362397,Diesel,13.435442360518522,69.86430027469632,13274.2170521923
TR04602,VH038,2026-06-15 16:03:33.162632,Nairobi,Thika,45,0.9315919879044992,Diesel,11.27601062007799,5.074204779035096,964.0989080166682
TR04603,VH022,2026-06-15 16:55:24.184836,Nakuru,Eldoret,160,2.7964231416220677,Petrol,22.203903592424403,35.526245747879045,7105.2491495758095
TR04604,VH026,2026-06-15 17:47:15.207041,Machakos,Thika,80,1.8242937600228764,Diesel,22.794078380187933,18.235262704150347,3464.699913788566
TR04605,VH043,2026-06-15 18:39:06.229245,Machakos,Nairobi,115,2.1605909694701464,Diesel,12.33306811401063,14.183028331112222,2694.775382911322
TR04606,VH039,2026-06-15 19:30:57.251450,Nairobi,Naivasha,95,1.7565735461503988,Diesel,20.357016180960667,19.33916537191263,3674.4414206634
TR04607,VH027,2026-06-15 20:22:48.273654,Eldoret,Naivasha,235,4.522918390556685,Petrol,22.33406086102029,52.48504302339769,10497.008604679537
TR04608,VH029,2026-06-15 21:14:39.295859,Naivasha,Thika,145,2.1207910580167533,Diesel,14.889235436640284,21.58939138312841,4101.984362794398
TR04609,VH047,2026-06-15 22:06:30.318063,Machakos,Nairobi,115,2.6396823733562957,Petrol,11.13420704684489,12.804338103871624,2560.8676207743247
TR04610,VH038,2026-06-15 22:58:21.340268,Thika,Mombasa,520,8.34660164606575,Diesel,11.958675481425605,62.185112503413144,11815.171375648497
TR04611,VH020,2026-06-15 23:50:12.362472,Eldoret,Machakos,430,7.995965091803982,Petrol,11.321334512130566,48.68173840216143,9736.347680432285
TR04612,VH027,2026-06-16 00:42:03.384676,Machakos,Naivasha,190,3.317294105435857,Petrol,18.533528754115338,35.21370463281914,7042.740926563827
TR04613,VH041,2026-06-16 01:33:54.406881,Nakuru,Nairobi,155,2.9395100989333427,Diesel,21.87214295769973,33.90182158443458,6441.34610104257
TR04614,VH020,2026-06-16 02:25:45.429085,Thika,Machakos,80,1.2302729800249956,Petrol,10.643486936086319,8.514789548869055,1702.957909773811
TR04615,VH044,2026-06-16 03:17:36.451290,Naivasha,Nakuru,75,1.5809651254596453,Petrol,18.84995485631884,14.137466142239129,2827.493228447826
TR04616,VH019,2026-06-16 04:09:27.473494,Eldoret,Machakos,430,7.96624359373224,Diesel,11.331283705586866,48.724519934023526,9257.65878746447
TR04617,VH020,2026-06-16 05:01:18.495699,Machakos,Eldoret,430,7.114048375632218,Petrol,9.016919932869888,38.772755711340515,7754.551142268103
TR04618,VH035,2026-06-16 05:53:09.517903,Machakos,Nairobi,115,2.5258483002398195,Diesel,12.008926225813795,13.810265159685864,2623.950380340314
TR04619,VH047,2026-06-16 06:45:00.540108,Kisumu,Machakos,465,8.016758519111951,Petrol,9.528676339632252,44.30834497928998,8861.668995857995
TR04620,VH002,2026-06-16 07:36:51.562312,Machakos,Nairobi,115,2.3068793932410463,Petrol,18.17004892379846,20.895556262368228,4179.111252473645
TR04621,VH030,2026-06-16 08:28:42.584516,Mombasa,Nakuru,630,15.702526950165861,Diesel,14.12237523122251,88.97096395670181,16904.483151773344
TR04622,VH034,2026-06-16 09:20:33.606721,Thika,Nakuru,200,5.210058707826169,Diesel,13.581244016413173,27.162488032826346,5160.872726237006
TR04623,VH022,2026-06-16 10:12:24.628925,Naivasha,Nairobi,95,1.9280163396336882,Petrol,19.453722538513745,18.481036411588057,3696.2072823176113
TR04624,VH003,2026-06-16 11:04:15.651130,Mombasa,Thika,520,8.976803099121408,Diesel,12.696491319171306,66.0217548596908,12544.133423341253
TR04625,VH006,2026-06-16 11:56:06.673334,Nairobi,Machakos,115,3.446390579954627,Diesel,19.945707099916895,22.93756316490443,4358.137001331841
TR04626,VH015,2026-06-16 12:47:57.695539,Eldoret,Thika,350,6.78247249953254,Petrol,11.46788719336091,40.13760517676319,8027.521035352637
TR04627,VH027,2026-06-16 13:39:48.717743,Machakos,Naivasha,190,3.325223458727751,Petrol,21.05641924625912,40.00719656789233,8001.439313578466
TR04628,VH010,2026-06-16 14:31:39.739947,Nairobi,Mombasa,480,12.067456806773567,Diesel,11.345255275402428,54.45722532193165,10346.872811167013
TR04629,VH009,2026-06-16 15:23:30.762152,Naivasha,Thika,145,3.227366860517144,Diesel,13.501967898176488,19.577853452355907,3719.792155947622
TR04630,VH033,2026-06-16 16:15:21.784356,Thika,Machakos,80,1.465766952383762,Petrol,9.632454796601271,7.7059638372810175,1541.1927674562035
TR04631,VH032,2026-06-16 17:07:12.806561,Mombasa,Naivasha,620,10.917741170774399,Petrol,10.265363910856836,63.64525624731238,12729.051249462476
TR04632,VH048,2026-06-16 17:59:03.828765,Mombasa,Kisumu,850,13.527969347224628,Diesel,23.373728031260953,198.6766882657181,37748.57077048644
TR04633,VH006,2026-06-16 18:50:54.850970,Eldoret,Thika,350,7.7246879561613735,Diesel,22.66151021854476,79.31528576490666,15069.904295332266
TR04634,VH041,2026-06-16 19:42:45.873174,Thika,Naivasha,145,3.335220595547902,Diesel,21.489682869024787,31.160040160085938,5920.407630416328
TR04635,VH036,2026-06-16 20:34:36.895379,Machakos,Eldoret,430,6.801485424190959,Diesel,11.338948852362709,48.75748006515965,9263.921212380334
TR04636,VH002,2026-06-16 21:26:27.917583,Kisumu,Machakos,465,10.577686092574716,Petrol,21.481879656439983,99.89074040244593,19978.148080489187
TR04637,VH029,2026-06-16 22:18:18.939787,Kisumu,Machakos,465,8.601826862964518,Diesel,12.185120380493364,56.66080976929415,10765.553856165889
TR04638,VH004,2026-06-16 23:10:09.961992,Eldoret,Nakuru,160,2.3716029415567084,Diesel,11.964461479155895,19.143138366649435,3637.1962896633927
TR04639,VH001,2026-06-17 00:02:00.984196,Thika,Machakos,80,1.4280188477825,Petrol,12.498453014430602,9.998762411544483,1999.7524823088966
TR04640,VH019,2026-06-17 00:53:52.006401,Eldoret,Nakuru,160,2.8436274141491467,Diesel,11.642575855798803,18.628121369278087,3539.3430601628365
TR04641,VH026,2026-06-17 01:45:43.028605,Thika,Naivasha,145,2.4076568600435757,Diesel,22.843316198585345,33.12280848794875,6293.333612710263
TR04642,VH025,2026-06-17 02:37:34.050810,Naivasha,Machakos,190,3.505603574824893,Diesel,22.97845012513816,43.6590552377625,8295.220495174875
TR04643,VH010,2026-06-17 03:29:25.073014,Naivasha,Nairobi,95,1.687252232841462,Diesel,11.888145400700722,11.293738130665686,2145.8102448264804
TR04644,VH015,2026-06-17 04:21:16.095219,Nairobi,Eldoret,310,6.559557821263682,Petrol,11.067702613717444,34.309878102524074,6861.975620504815
TR04645,VH022,2026-06-17 05:13:07.117423,Machakos,Mombasa,420,7.0850561301667145,Petrol,20.61588018815356,86.58669679024496,17317.33935804899
TR04646,VH048,2026-06-17 06:04:58.139627,Eldoret,Kisumu,120,2.251075468453895,Diesel,21.75575041537997,26.106900498455964,4960.311094706633
TR04647,VH021,2026-06-17 06:56:49.161832,Machakos,Kisumu,465,12.180603848519992,Petrol,21.173474765399366,98.45665765910705,19691.33153182141
TR04648,VH022,2026-06-17 07:48:40.184036,Thika,Eldoret,350,6.738083770719037,Petrol,24.227175241953354,84.79511334683674,16959.02266936735
TR04649,VH036,2026-06-17 08:40:31.206241,Kisumu,Nakuru,190,5.820576381243942,Diesel,12.481806334582362,23.71543203570649,4505.9320867842325
TR04650,VH034,2026-06-17 09:32:22.228445,Machakos,Eldoret,430,7.71836182690067,Diesel,13.493281918772228,58.02111225072058,11024.01132763691
TR04651,VH030,2026-06-17 10:24:13.250650,Thika,Naivasha,145,3.012574632904628,Diesel,13.545684957797128,19.641243188805834,3731.8362058731086
TR04652,VH025,2026-06-17 11:16:04.272854,Naivasha,Mombasa,620,9.50272816117345,Diesel,24.7969450396667,153.74105924593354,29210.801256727373
TR04653,VH045,2026-06-17 12:07:55.295059,Thika,Naivasha,145,2.6893162679328393,Diesel,22.450157447786886,32.55272829929098,6185.018376865287
TR04654,VH028,2026-06-17 12:59:46.317263,Eldoret,Nairobi,310,5.401312959304311,Petrol,14.817750690815274,45.93502714152735,9187.00542830547
TR04655,VH001,2026-06-17 13:51:37.339467,Nairobi,Nakuru,155,3.7254050561149668,Petrol,10.79084945204713,16.725816650673053,3345.1633301346105
TR04656,VH049,2026-06-17 14:43:28.361672,Nairobi,Thika,45,0.8111528425372793,Diesel,9.26238840414702,4.168074781866159,791.9342085545702
TR04657,VH045,2026-06-17 15:35:19.383876,Nairobi,Machakos,115,2.5626891813556485,Diesel,22.053876296427013,25.361957740891064,4818.771970769302
TR04658,VH004,2026-06-17 16:27:10.406081,Nairobi,Machakos,115,1.958308751092808,Diesel,14.917466028998874,17.155085933348705,3259.466327336254
TR04659,VH007,2026-06-17 17:19:01.428285,Naivasha,Eldoret,235,5.724282198173089,Petrol,12.088026236511984,28.406861655803166,5681.372331160633
TR04660,VH049,2026-06-17 18:10:52.450490,Nakuru,Naivasha,75,1.4741012549363766,Diesel,10.060216810964798,7.545162608223599,1433.5808955624839
TR04661,VH009,2026-06-17 19:02:43.472694,Machakos,Eldoret,430,10.555530048421605,Diesel,12.60770724596757,54.213141157660544,10300.496819955504
TR04662,VH036,2026-06-17 19:54:34.494898,Eldoret,Thika,350,6.861873286559358,Diesel,12.243993122894443,42.85397593013055,8142.255426724805
TR04663,VH019,2026-06-17 20:46:25.517103,Mombasa,Eldoret,750,11.33274685898831,Diesel,10.575893477579445,79.31920108184583,15070.648205550708
TR04664,VH001,2026-06-17 21:38:16.539307,Eldoret,Nairobi,310,5.558529603781079,Petrol,13.573846792496298,42.07892505673853,8415.785011347705
TR04665,VH010,2026-06-17 22:30:07.561512,Nakuru,Machakos,270,5.428338970956559,Diesel,14.875572535228628,40.1640458451173,7631.168710572287
TR04666,VH036,2026-06-17 23:21:58.583716,Nairobi,Eldoret,310,10.230102388733227,Diesel,13.484815608553085,41.802928386514566,7942.556393437768
TR04667,VH009,2026-06-18 00:13:49.605921,Nakuru,Thika,200,4.374979199927559,Diesel,11.457926867560976,22.915853735121953,4354.012209673171
TR04668,VH045,2026-06-18 01:05:40.628125,Kisumu,Nakuru,190,3.53178040849496,Diesel,20.28706578201219,38.54542498582315,7323.630747306399
TR04669,VH046,2026-06-18 01:57:31.650330,Kisumu,Eldoret,120,2.613630949041573,Diesel,11.857706122247944,14.229247346697532,2703.556995872531
TR04670,VH042,2026-06-18 02:49:22.672534,Machakos,Eldoret,430,7.00129582774006,Diesel,11.972763891968226,51.48288473546337,9781.74809973804
TR04671,VH032,2026-06-18 03:41:13.694738,Naivasha,Machakos,190,3.7569970139661533,Petrol,10.501597495966397,19.953035242336153,3990.6070484672305
TR04672,VH032,2026-06-18 04:33:04.716943,Eldoret,Thika,350,5.969766279462742,Petrol,13.809814194446446,48.33434968056256,9666.869936112513
TR04673,VH006,2026-06-18 05:24:55.739147,Eldoret,Nairobi,310,6.003190576058469,Diesel,20.557374845274904,63.727862020352205,12108.293783866919
TR04674,VH048,2026-06-18 06:16:46.761352,Mombasa,Naivasha,620,12.972843713644902,Diesel,24.158739836938167,149.78418698901663,28458.99552791316
TR04675,VH038,2026-06-18 07:08:37.783556,Naivasha,Mombasa,620,13.411382395611017,Diesel,14.634703115600544,90.73515931672338,17239.680270177443
TR04676,VH017,2026-06-18 08:00:28.805761,Mombasa,Eldoret,750,17.898579050608657,Petrol,9.12215654653844,68.4161740990383,13683.23481980766
TR04677,VH010,2026-06-18 08:52:19.827965,Kisumu,Eldoret,120,2.041757150596478,Diesel,14.942515349641031,17.931018419569238,3406.893499718155
TR04678,VH050,2026-06-18 09:44:10.850170,Nairobi,Eldoret,310,6.655802029781961,Diesel,12.550113657500923,38.90535233825286,7392.0169442680435
TR04679,VH027,2026-06-18 10:36:01.872374,Nakuru,Thika,200,3.6915097764722815,Petrol,21.642745581950734,43.28549116390147,8657.098232780294
TR04680,VH050,2026-06-18 11:27:52.894578,Mombasa,Nairobi,480,10.481713310224729,Diesel,10.947638041862767,52.54866260094128,9984.245894178843
TR04681,VH035,2026-06-18 12:19:43.916783,Thika,Eldoret,350,8.46724303119951,Diesel,12.592590663048565,44.074067320669975,8374.072790927296
TR04682,VH021,2026-06-18 13:11:34.938987,Mombasa,Thika,520,9.551602502994323,Petrol,20.27237306784911,105.41633995281538,21083.267990563076
TR04683,VH025,2026-06-18 14:03:25.961192,Nairobi,Naivasha,95,2.1577977590511486,Diesel,22.358814695875836,21.240873961082045,4035.7660526055884
TR04684,VH028,2026-06-18 14:55:16.983396,Nairobi,Kisumu,350,7.479255423729097,Petrol,10.464901382223957,36.62715483778385,7325.430967556769
TR04685,VH047,2026-06-18 15:47:08.005601,Eldoret,Nairobi,310,7.747967685496331,Petrol,12.10561301455905,37.52740034513306,7505.480069026612
TR04686,VH015,2026-06-18 16:38:59.027805,Nakuru,Eldoret,160,3.4741059908026073,Petrol,10.37672425069222,16.60275880110755,3320.5517602215104
TR04687,VH004,2026-06-18 17:30:50.050010,Nairobi,Nakuru,155,3.088088787824632,Diesel,10.088174145261732,15.636669925155685,2970.96728577958
TR04688,VH029,2026-06-18 18:22:41.072214,Naivasha,Kisumu,270,5.660368795669325,Diesel,12.763528830814387,34.461527843198844,6547.69029020778
TR04689,VH009,2026-06-18 19:14:32.094418,Mombasa,Thika,520,9.196083194140382,Diesel,12.892238779263483,67.03964165217012,12737.531913912322
TR04690,VH027,2026-06-18 20:06:23.116623,Mombasa,Nairobi,480,9.381566006967667,Petrol,20.98598303298075,100.73271855830761,20146.54371166152
TR04691,VH026,2026-06-18 20:58:14.138827,Kisumu,Machakos,465,6.225023724791749,Diesel,18.506003627852216,86.05291686951281,16350.054205207434
TR04692,VH019,2026-06-18 21:50:05.161032,Nairobi,Mombasa,480,8.989773340373857,Diesel,13.466714764020956,64.64023086730059,12281.643864787111
TR04693,VH028,2026-06-18 22:41:56.183236,Thika,Nairobi,45,1.2459817186945974,Petrol,13.057154036139444,5.87571931626275,1175.14386325255
TR04694,VH017,2026-06-18 23:33:47.205441,Eldoret,Nakuru,160,3.3128392351855807,Petrol,9.578566497844848,15.325706396551759,3065.141279310352
TR04695,VH043,2026-06-19 00:25:38.227645,Nakuru,Eldoret,160,3.2659716596207633,Diesel,12.55465288297074,20.087444612753185,3816.6144764231053
TR04696,VH041,2026-06-19 01:17:29.249849,Thika,Nakuru,200,4.43547983769887,Diesel,21.4807802116393,42.9615604232786,8162.696480422934
TR04697,VH042,2026-06-19 02:09:20.272054,Eldoret,Machakos,430,8.501234918484919,Diesel,10.302009343964635,44.29864017904793,8416.741634019107
TR04698,VH050,2026-06-19 03:01:11.294258,Mombasa,Machakos,420,9.363958993073304,Diesel,12.034298518014737,50.544053775661894,9603.37021737576
TR04699,VH020,2026-06-19 03:53:02.316463,Thika,Naivasha,145,2.753379334933304,Petrol,13.041631994607823,18.91036639218134,3782.073278436268
TR04700,VH045,2026-06-19 04:44:53.338667,Eldoret,Mombasa,750,21.594852845713046,Diesel,23.243056379739347,174.3229228480451,33121.35534112857
TR04701,VH040,2026-06-19 05:36:44.360872,Mombasa,Naivasha,620,10.481246824186403,Petrol,11.014847070820917,68.29205183908968,13658.410367817936
TR04702,VH039,2026-06-19 06:28:35.383076,Mombasa,Thika,520,13.913535992940973,Diesel,24.03604770687948,124.9874480757733,23747.61513439693
TR04703,VH049,2026-06-19 07:20:26.405281,Mombasa,Kisumu,850,17.74843163136515,Diesel,10.712710828296755,91.05804204052242,17301.02798769926
TR04704,VH023,2026-06-19 08:12:17.427485,Mombasa,Kisumu,850,19.25763158463962,Diesel,13.732541891459707,116.72660607740751,22178.05515470743
TR04705,VH047,2026-06-19 09:04:08.449689,Naivasha,Thika,145,2.7646767812262607,Petrol,9.35873982112857,13.570172740636425,2714.034548127285
TR04706,VH032,2026-06-19 09:55:59.471894,Mombasa,Thika,520,10.714122843256494,Petrol,12.431043442599213,64.64142590151592,12928.285180303183
TR04707,VH047,2026-06-19 10:47:50.494098,Kisumu,Nairobi,350,6.729060395530596,Petrol,11.985621885887745,41.949676600607106,8389.935320121422
TR04708,VH033,2026-06-19 11:39:41.516303,Thika,Eldoret,350,5.943330584855171,Petrol,10.238250492373023,35.83387672330558,7166.775344661116
TR04709,VH046,2026-06-19 12:31:32.538507,Eldoret,Kisumu,120,2.13717365386614,Diesel,13.856900943601138,16.628281132321366,3159.3734151410595
TR04710,VH005,2026-06-19 13:23:23.560712,Kisumu,Naivasha,270,5.368811635393235,Diesel,22.38826975867502,60.44832834842256,11485.182386200286
TR04711,VH043,2026-06-19 14:15:14.582916,Naivasha,Eldoret,235,4.378115507378916,Diesel,10.090547186439778,23.712785888133478,4505.42931874536
TR04712,VH048,2026-06-19 15:07:05.605121,Machakos,Nairobi,115,1.750911916591496,Diesel,22.25858013487365,25.597367155104696,4863.4997594698925
TR04713,VH034,2026-06-19 15:58:56.627325,Machakos,Eldoret,430,7.619532790735966,Diesel,11.457391172092231,49.26678203999659,9360.688587599352
TR04714,VH040,2026-06-19 16:50:47.649529,Kisumu,Nakuru,190,3.9872662224632074,Petrol,10.980146008517538,20.86227741618332,4172.455483236664
TR04715,VH011,2026-06-19 17:42:38.671734,Nairobi,Nakuru,155,2.5737711430008594,Diesel,14.978741135297648,23.217048759711354,4411.239264345158
TR04716,VH050,2026-06-19 18:34:29.693938,Nairobi,Kisumu,350,6.5875554501422355,Diesel,13.485810974138076,47.200338409483265,8968.06429780182
TR04717,VH003,2026-06-19 19:26:20.716143,Nairobi,Machakos,115,2.7188174506706826,Diesel,11.462538475145317,13.181919246417113,2504.5646568192515
TR04718,VH033,2026-06-19 20:18:11.738347,Nakuru,Mombasa,630,12.97518481855045,Petrol,11.705354603993081,73.74373400515641,14748.746801031282
TR04719,VH011,2026-06-19 21:10:02.760552,Nairobi,Machakos,115,3.0087430599818514,Diesel,11.582510699551454,13.31988730448417,2530.7785878519926
TR04720,VH016,2026-06-19 22:01:53.782756,Eldoret,Thika,350,11.034103866046527,Diesel,23.428470261452546,81.9996459150839,15579.93272386594
TR04721,VH018,2026-06-19 22:53:44.804960,Kisumu,Eldoret,120,2.8296762895863736,Diesel,13.651657165982275,16.38198859917873,3112.5778338439586
TR04722,VH030,2026-06-19 23:45:35.827165,Eldoret,Thika,350,6.865350087897589,Diesel,11.794143034571917,41.27950062100171,7843.105117990325
TR04723,VH048,2026-06-20 00:37:26.849369,Thika,Nairobi,45,0.8822825143439013,Diesel,23.639089744005393,10.637590384802428,2021.1421731124613
TR04724,VH010,2026-06-20 01:29:17.871574,Nairobi,Thika,45,1.1625685623947586,Diesel,12.492037713566024,5.621416971104711,1068.069224509895
TR04725,VH018,2026-06-20 02:21:08.893778,Naivasha,Mombasa,620,20.01943526689919,Diesel,10.982892806557887,68.0939354006589,12937.847726125192
TR04726,VH038,2026-06-20 03:12:59.915983,Nakuru,Kisumu,190,3.0761210539752493,Diesel,14.692109260493849,27.915007594938313,5303.851443038279
TR04727,VH019,2026-06-20 04:04:50.938187,Thika,Kisumu,370,7.288867374833101,Diesel,11.552023443595157,42.74248674130208,8121.072480847395
TR04728,VH036,2026-06-20 04:56:41.960392,Naivasha,Machakos,190,3.0426436521348705,Diesel,11.337052501287324,21.540399752445914,4092.675952964724
TR04729,VH013,2026-06-20 05:48:32.982596,Nakuru,Thika,200,3.2263929903604365,Petrol,22.707040813736402,45.414081627472804,9082.816325494561
TR04730,VH046,2026-06-20 06:40:24.004800,Machakos,Eldoret,430,7.695380704159851,Diesel,11.306171005091421,48.61653532189311,9237.141711159691
TR04731,VH003,2026-06-20 07:32:15.027005,Thika,Nakuru,200,3.9625029413732675,Diesel,11.62396435394158,23.24792870788316,4417.1064544978
TR04732,VH010,2026-06-20 08:24:06.049209,Machakos,Kisumu,465,9.93190907695457,Diesel,14.660229181193113,68.17006569254798,12952.312481584117
TR04733,VH038,2026-06-20 09:15:57.071414,Kisumu,Naivasha,270,4.8431559909368325,Diesel,13.392649227184712,36.160152913398726,6870.429053545758
TR04734,VH001,2026-06-20 10:07:48.093618,Eldoret,Machakos,430,8.825738187369252,Petrol,14.133185738855028,60.77269867707662,12154.539735415325
TR04735,VH027,2026-06-20 10:59:39.115823,Mombasa,Thika,520,11.483326478388607,Petrol,19.897782333548008,103.46846813444965,20693.69362688993
TR04736,VH046,2026-06-20 11:51:30.138027,Eldoret,Thika,350,10.53684866878035,Diesel,12.718950949649361,44.51632832377277,8458.102381516826
TR04737,VH008,2026-06-20 12:43:21.160232,Nairobi,Naivasha,95,1.9256044725730523,Diesel,13.856981334947491,13.164132268200117,2501.185130958022
TR04738,VH046,2026-06-20 13:35:12.182436,Machakos,Naivasha,190,3.232756763396326,Diesel,11.593519495141088,22.027687040768065,4185.260537745932
TR04739,VH042,2026-06-20 14:27:03.204640,Naivasha,Mombasa,620,10.320513082041765,Diesel,10.80238238158521,66.9747707658283,12725.206445507376
TR04740,VH017,2026-06-20 15:18:54.226845,Mombasa,Nakuru,630,12.493498005729593,Petrol,11.55443004112332,72.79290925907691,14558.581851815381
TR04741,VH009,2026-06-20 16:10:45.249049,Nakuru,Nairobi,155,3.613869286505091,Diesel,11.939105443624381,18.505613437617793,3516.0665531473805
TR04742,VH006,2026-06-20 17:02:36.271254,Machakos,Nakuru,270,4.718468979419655,Diesel,19.117040629506995,51.61600969966889,9807.04184293709
TR04743,VH043,2026-06-20 17:54:27.293458,Kisumu,Eldoret,120,2.4059148734448694,Diesel,14.44275691351684,17.331308296220207,3292.9485762818395
TR04744,VH025,2026-06-20 18:46:18.315663,Kisumu,Thika,370,7.859865427369511,Diesel,24.935067373876443,92.25974928334284,17529.35236383514
TR04745,VH039,2026-06-20 19:38:09.337867,Machakos,Naivasha,190,4.954021382814839,Diesel,21.980075264829985,41.762143003176966,7934.8071706036235
TR04746,VH049,2026-06-20 20:30:00.360072,Machakos,Eldoret,430,6.434227281726442,Diesel,12.87338384186727,55.355550520029254,10517.554598805558
TR04747,VH028,2026-06-20 21:21:51.382276,Machakos,Nairobi,115,2.0569805950220905,Petrol,14.295191847731498,16.43947062489122,3287.8941249782442
TR04748,VH033,2026-06-20 22:13:42.404480,Nakuru,Machakos,270,4.756034115663917,Petrol,12.504910030109134,33.76325708129466,6752.651416258932
TR04749,VH037,2026-06-20 23:05:33.426685,Nairobi,Machakos,115,2.6683666317758314,Diesel,10.220780245558656,11.753897282392453,2233.240483654566
TR04750,VH009,2026-06-20 23:57:24.448889,Nakuru,Thika,200,3.9496032723707124,Diesel,10.788171158584088,21.576342317168177,4099.505040261954
TR04751,VH018,2026-06-21 00:49:15.471094,Thika,Nakuru,200,4.052845122750076,Diesel,9.354945955756932,18.709891911513864,3554.8794631876344
TR04752,VH021,2026-06-21 01:41:06.493298,Naivasha,Nairobi,95,1.6886860397741834,Petrol,18.069157246494395,17.165699384169674,3433.139876833935
TR04753,VH002,2026-06-21 02:32:57.515503,Machakos,Nakuru,270,4.43511809201654,Petrol,20.141974861300657,54.38333212551178,10876.666425102356
TR04754,VH043,2026-06-21 03:24:48.537707,Naivasha,Nairobi,95,2.4658495910827494,Diesel,11.961779802407799,11.363690812287409,2159.101254334608
TR04755,VH038,2026-06-21 04:16:39.559911,Nairobi,Thika,45,1.0868888086678157,Diesel,11.20514866167963,5.042316897755834,958.0402105736084
TR04756,VH040,2026-06-21 05:08:30.582116,Mombasa,Nairobi,480,8.701026822925387,Petrol,10.323023240431604,49.5505115540717,9910.10231081434
TR04757,VH036,2026-06-21 06:00:21.604320,Nakuru,Mombasa,630,13.714803667535518,Diesel,11.649315454183387,73.39068736135533,13944.230598657514
TR04758,VH050,2026-06-21 06:52:12.626525,Nairobi,Machakos,115,2.034714244041511,Diesel,10.366596599785709,11.921586089753564,2265.1013570531773
TR04759,VH043,2026-06-21 07:44:03.648729,Naivasha,Kisumu,270,5.742783869654546,Diesel,13.98018577431781,37.74650159065809,7171.835302225038
TR04760,VH037,2026-06-21 08:35:54.670934,Mombasa,Thika,520,12.996814820359276,Diesel,10.040263108126407,52.20936816225732,9919.77995082889
TR04761,VH015,2026-06-21 09:27:45.693138,Nakuru,Naivasha,75,2.087670812187212,Petrol,13.212635256438052,9.90947644232854,1981.8952884657078
TR04762,VH028,2026-06-21 10:19:36.715343,Kisumu,Eldoret,120,2.22745991435111,Petrol,14.773768394729785,17.72852207367574,3545.704414735148
TR04763,VH018,2026-06-21 11:11:27.737547,Nakuru,Thika,200,3.6989632529333627,Diesel,12.580675315767849,25.161350631535697,4780.6566199917825
TR04764,VH034,2026-06-21 12:03:18.759751,Eldoret,Kisumu,120,2.077500248667299,Diesel,12.668220326312833,15.201864391575398,2888.354234399326
TR04765,VH022,2026-06-21 12:55:09.781956,Nakuru,Mombasa,630,11.971953964644667,Petrol,24.53493618121913,154.57009794168053,30914.019588336105
TR04766,VH011,2026-06-21 13:47:00.804160,Eldoret,Kisumu,120,4.8,Diesel,11.045356426501746,13.254427711802094,2518.341265242398
TR04767,VH013,2026-06-21 14:38:51.826365,Mombasa,Nairobi,480,8.884368906521965,Petrol,24.961958977460036,119.81740309180816,23963.48061836163
TR04768,VH004,2026-06-21 15:30:42.848569,Nakuru,Eldoret,160,4.173150233281998,Diesel,13.867406016892708,22.187849627028335,4215.691429135383
TR04769,VH022,2026-06-21 16:22:33.870774,Mombasa,Thika,520,14.832454865456755,Petrol,23.085994958294556,120.0471737831317,24009.43475662634
TR04770,VH007,2026-06-21 17:14:24.892978,Mombasa,Naivasha,620,18.18461090683394,Petrol,11.805452894976463,73.19380794885407,14638.761589770815
TR04771,VH043,2026-06-21 18:06:15.915183,Naivasha,Thika,145,4.346718720431979,Diesel,12.728887427028052,18.456886769190675,3506.808486146228
TR04772,VH024,2026-06-21 18:58:06.937387,Nairobi,Kisumu,350,6.70089550264588,Petrol,12.269588941366735,42.94356129478357,8588.712258956713
TR04773,VH004,2026-06-21 19:49:57.959591,Mombasa,Machakos,420,9.51291043075067,Diesel,13.101714306586079,55.027200087661534,10455.16801665569
TR04774,VH028,2026-06-21 20:41:48.981796,Mombasa,Eldoret,750,19.81654756054026,Petrol,13.524923192387904,101.43692394290927,20287.384788581854
TR04775,VH015,2026-06-21 21:33:40.004000,Naivasha,Thika,145,2.8893291040022864,Petrol,9.411908695392054,13.647267608318478,2729.4535216636955
TR04776,VH001,2026-06-21 22:25:31.026205,Naivasha,Kisumu,270,6.560956821413756,Petrol,11.778242164158485,31.80125384322791,6360.250768645582
TR04777,VH003,2026-06-21 23:17:22.048409,Nakuru,Machakos,270,4.6673584528882825,Diesel,12.170000082977385,32.859000224038944,6243.210042567399
TR04778,VH014,2026-06-22 00:09:13.070614,Naivasha,Thika,145,2.3538290430518094,Diesel,11.303146489374832,16.389562409593506,3114.0168578227663
TR04779,VH038,2026-06-22 01:01:04.092818,Nakuru,Machakos,270,5.594790217610939,Diesel,10.86313635134612,29.330468148634523,5572.788948240559
TR04780,VH050,2026-06-22 01:52:55.115023,Kisumu,Eldoret,120,1.9666265090099295,Diesel,9.694637399564314,11.633564879477177,2210.3773271006635
TR04781,VH001,2026-06-22 02:44:46.137227,Naivasha,Eldoret,235,3.852160563293436,Petrol,11.831916961282925,27.805004859014876,5561.000971802975
TR04782,VH038,2026-06-22 03:36:37.159431,Nairobi,Eldoret,310,6.117190135168055,Diesel,12.467208502812829,38.64834635871977,7343.185808156756
TR04783,VH038,2026-06-22 04:28:28.181636,Mombasa,Machakos,420,6.57610146030289,Diesel,10.314882200733303,43.322505243079874,8231.275996185175
TR04784,VH021,2026-06-22 05:20:19.203840,Nairobi,Thika,45,0.9994069306151342,Petrol,24.62520666213385,11.081342997960233,2216.2685995920465
TR04785,VH048,2026-06-22 06:12:10.226045,Eldoret,Thika,350,10.186868282201829,Diesel,23.35670326002531,81.74846141008858,15532.20766791683
TR04786,VH029,2026-06-22 07:04:01.248249,Machakos,Nakuru,270,7.187546307753168,Diesel,13.654258865927332,36.8664989380038,7004.634798220723
TR04787,VH005,2026-06-22 07:55:52.270454,Naivasha,Thika,145,3.2468606445241823,Diesel,19.21002367492109,27.85453432863558,5292.36152244076
TR04788,VH049,2026-06-22 08:47:43.292658,Mombasa,Nairobi,480,8.843945856211752,Diesel,12.019003840060945,57.69121843229253,10961.331502135581
TR04789,VH010,2026-06-22 09:39:34.314862,Nairobi,Thika,45,1.1039851714615168,Diesel,12.648624734043338,5.691881130319502,1081.4574147607054
TR04790,VH028,2026-06-22 10:31:25.337067,Naivasha,Machakos,190,4.260701739479078,Petrol,14.912344228933469,28.333454034973588,5666.690806994718
TR04791,VH021,2026-06-22 11:23:16.359271,Naivasha,Thika,145,3.6246204939280333,Petrol,23.233702390561106,33.6888684663136,6737.77369326272
TR04792,VH050,2026-06-22 12:15:07.381476,Machakos,Mombasa,420,9.379860753014494,Diesel,11.878809418581156,49.89099955804085,9479.289916027763
TR04793,VH007,2026-06-22 13:06:58.403680,Kisumu,Eldoret,120,1.975579352880653,Petrol,14.254063332350611,17.104875998820734,3420.975199764147
TR04794,VH003,2026-06-22 13:58:49.425885,Kisumu,Machakos,465,8.796720758163682,Diesel,10.775471354303548,50.1059417975115,9520.128941527184
TR04795,VH045,2026-06-22 14:50:40.448089,Mombasa,Nakuru,630,13.881517892474372,Diesel,18.10651570783684,114.07104895937209,21673.499302280696
TR04796,VH047,2026-06-22 15:42:31.470294,Eldoret,Machakos,430,7.194994681549822,Petrol,12.451166667072616,53.54001666841225,10708.003333682449
TR04797,VH020,2026-06-22 16:34:22.492498,Kisumu,Eldoret,120,2.390184853898637,Petrol,9.491557301186187,11.389868761423424,2277.973752284685
TR04798,VH019,2026-06-22 17:26:13.514702,Machakos,Nakuru,270,5.286939433748529,Diesel,9.577168199917546,25.858354139777376,4913.087286557701
TR04799,VH035,2026-06-22 18:18:04.536907,Kisumu,Machakos,465,7.862405917040822,Diesel,13.723403632122652,63.81382688937034,12124.627108980365
TR04800,VH004,2026-06-22 19:09:55.559111,Eldoret,Thika,350,7.405991889406641,Diesel,11.352674220669945,39.73435977234481,7549.5283567455135
TR04801,VH005,2026-06-22 20:01:46.581316,Nairobi,Mombasa,480,8.372590943610895,Diesel,22.40041850898225,107.52200884311479,20429.18168019181
TR04802,VH001,2026-06-22 20:53:37.603520,Kisumu,Thika,370,6.518740685810563,Petrol,14.587034630463743,53.97202813271585,10794.40562654317
TR04803,VH004,2026-06-22 21:45:28.625725,Machakos,Kisumu,465,9.521734495381635,Diesel,11.582372658189291,53.85803286058021,10233.02624351024
TR04804,VH012,2026-06-22 22:37:19.647929,Nakuru,Machakos,270,6.953305353419192,Diesel,11.085720789199595,29.931446130838907,5686.974764859392
TR04805,VH027,2026-06-22 23:29:10.670134,Machakos,Nairobi,115,2.295338896027663,Petrol,18.74594018618736,21.557831214115463,4311.566242823093
TR04806,VH042,2026-06-23 00:21:01.692338,Thika,Eldoret,350,5.922363636293256,Diesel,10.65231180709863,37.28309132484521,7083.78735172059
TR04807,VH023,2026-06-23 01:12:52.714542,Thika,Nairobi,45,0.795641376735761,Diesel,9.311113476894214,4.190001064602396,796.1002022744552
TR04808,VH025,2026-06-23 02:04:43.736747,Kisumu,Eldoret,120,1.884362835714088,Diesel,18.61349665180818,22.336195982169816,4243.877236612265
TR04809,VH021,2026-06-23 02:56:34.758951,Nairobi,Kisumu,350,7.596013884494168,Petrol,21.024032121664078,73.58411242582427,14716.822485164854
TR04810,VH024,2026-06-23 03:48:25.781156,Naivasha,Nakuru,75,1.3337031239974877,Petrol,10.60432522511985,7.9532439188398865,1590.6487837679772
TR04811,VH025,2026-06-23 04:40:16.803360,Nairobi,Machakos,115,2.741378497746756,Diesel,22.945925700260986,26.38781455530013,5013.684765507025
TR04812,VH045,2026-06-23 05:32:07.825565,Machakos,Eldoret,430,8.331287374994488,Diesel,24.09169160772901,103.59427391323474,19682.9120435146
TR04813,VH046,2026-06-23 06:23:58.847769,Mombasa,Nakuru,630,10.7064017163968,Diesel,13.923866015711921,87.7203558989851,16666.86762080717
TR04814,VH032,2026-06-23 07:15:49.869973,Nakuru,Eldoret,160,2.7946916446531413,Petrol,12.65318628332826,20.24509805332522,4049.0196106650437
TR04815,VH032,2026-06-23 08:07:40.892178,Nairobi,Thika,45,0.8853982888092872,Petrol,10.512210581163266,4.73049476152347,946.0989523046941
TR04816,VH005,2026-06-23 08:59:31.914382,Eldoret,Thika,350,7.313671263762212,Diesel,22.968370987590873,80.38929845656806,15273.966706747931
TR04817,VH036,2026-06-23 09:51:22.936587,Machakos,Nakuru,270,6.4222482558736615,Diesel,10.814143623634369,29.1981877838128,5547.655678924431
TR04818,VH046,2026-06-23 10:43:13.958791,Nakuru,Machakos,270,5.60237878284753,Diesel,10.428251969577051,28.15628031785804,5349.693260393028
TR04819,VH042,2026-06-23 11:35:04.980996,Thika,Nairobi,45,1.1387109547759495,Diesel,14.212332036063128,6.395549416228407,1215.1543890833973
TR04820,VH049,2026-06-23 12:26:56.003200,Machakos,Kisumu,465,9.840343575688534,Diesel,10.691082585912527,49.713534024493256,9445.571464653718
TR04821,VH042,2026-06-23 13:18:47.025405,Nakuru,Nairobi,155,4.36002997875195,Diesel,11.091244162557857,17.19142845196468,3266.371405873289
TR04822,VH039,2026-06-23 14:10:38.047609,Eldoret,Naivasha,235,5.956807491670674,Diesel,24.100164452331903,56.63538646297997,10760.723427966195
TR04823,VH016,2026-06-23 15:02:29.069813,Kisumu,Naivasha,270,4.751643290344511,Diesel,24.314937079129034,65.6503301136484,12473.562721593195
TR04824,VH033,2026-06-23 15:54:20.092018,Eldoret,Kisumu,120,2.145494847477192,Petrol,10.6948541859578,12.833825023149359,2566.765004629872
TR04825,VH049,2026-06-23 16:46:11.114222,Eldoret,Machakos,430,9.016713304054718,Diesel,10.774007096406867,46.32823051454953,8802.36379776441
TR04826,VH021,2026-06-23 17:38:02.136427,Kisumu,Mombasa,850,16.82563582924149,Petrol,22.057399693082008,187.48789739119707,37497.579478239415
TR04827,VH009,2026-06-23 18:29:53.158631,Kisumu,Naivasha,270,5.233454178009008,Diesel,13.667207469053292,36.90146016644389,7011.277431624339
TR04828,VH006,2026-06-23 19:21:44.180836,Kisumu,Nakuru,190,3.5393200778897236,Diesel,18.442044413348043,35.03988438536128,6657.578033218644
TR04829,VH045,2026-06-23 20:13:35.203040,Kisumu,Mombasa,850,16.09039891776164,Diesel,22.153405600319303,188.30394760271406,35777.75004451567
TR04830,VH035,2026-06-23 21:05:26.225245,Kisumu,Thika,370,9.41337070204,Diesel,14.764100308917907,54.62717114299626,10379.16251716929
TR04831,VH039,2026-06-23 21:57:17.247449,Eldoret,Naivasha,235,7.716218871680846,Diesel,19.834657280259677,46.61144460861024,8856.174475635946
TR04832,VH022,2026-06-23 22:49:08.269653,Mombasa,Kisumu,850,20.303408593049934,Petrol,24.361790498678538,207.07521923876757,41415.04384775351
TR04833,VH041,2026-06-23 23:40:59.291858,Mombasa,Thika,520,10.663307562273049,Diesel,24.651178385341655,128.1861276037766,24355.364244717555
TR04834,VH005,2026-06-24 00:32:50.314062,Machakos,Mombasa,420,7.281367910639591,Diesel,19.884075486797627,83.51311704455004,15867.492238464509
TR04835,VH042,2026-06-24 01:24:41.336267,Nairobi,Eldoret,310,5.9759177232877505,Diesel,13.771009329426754,42.690128921222936,8111.124495032358
TR04836,VH023,2026-06-24 02:16:32.358471,Mombasa,Thika,520,9.580836116323999,Diesel,10.1938750415978,53.00815021630856,10071.548541098626
TR04837,VH017,2026-06-24 03:08:23.380676,Thika,Nairobi,45,1.05078939081994,Petrol,12.688055808660664,5.709625113897299,1141.9250227794598
TR04838,VH012,2026-06-24 04:00:14.402880,Mombasa,Eldoret,750,15.171692336452576,Diesel,13.987099856444129,104.90324892333096,19931.617295432883
TR04839,VH023,2026-06-24 04:52:05.425085,Eldoret,Kisumu,120,2.3751145531665774,Diesel,10.236028518553248,12.283234222263896,2333.8145022301405
TR04840,VH016,2026-06-24 05:43:56.447289,Kisumu,Mombasa,850,19.33814172943902,Diesel,23.011086805082645,195.59423784320248,37162.90519020847
TR04841,VH003,2026-06-24 06:35:47.469493,Machakos,Mombasa,420,10.134274124617788,Diesel,14.060522694320449,59.054195316145886,11220.297110067719
TR04842,VH030,2026-06-24 07:27:38.491698,Kisumu,Nakuru,190,3.9430067197284453,Diesel,11.792894360534559,22.406499285015663,4257.234864152976
TR04843,VH022,2026-06-24 08:19:29.513902,Naivasha,Nakuru,75,1.3564866729752585,Petrol,19.173919431928088,14.380439573946067,2876.0879147892133
TR04844,VH009,2026-06-24 09:11:20.536107,Naivasha,Nairobi,95,2.221682361791203,Diesel,10.459822836587568,9.936831694758189,1887.9980220040559
TR04845,VH029,2026-06-24 10:03:11.558311,Naivasha,Kisumu,270,5.586076898400206,Diesel,12.87690851804971,34.76765299873422,6605.854069759502
TR04846,VH047,2026-06-24 10:55:02.580516,Eldoret,Machakos,430,7.067728239534062,Petrol,13.890490596578566,59.72910956528783,11945.821913057565
TR04847,VH037,2026-06-24 11:46:53.602720,Thika,Nairobi,45,0.9815625576655804,Diesel,14.11475160011108,6.351638220049987,1206.8112618094974
TR04848,VH023,2026-06-24 12:38:44.624924,Mombasa,Nairobi,480,9.588826352295602,Diesel,11.179198194672765,53.660151334429266,10195.42875354156
TR04849,VH013,2026-06-24 13:30:35.647129,Eldoret,Machakos,430,8.747956755370971,Petrol,21.75634631998471,93.55228917593425,18710.45783518685
TR04850,VH032,2026-06-24 14:22:26.669333,Nairobi,Machakos,115,2.371248086219733,Petrol,11.397639427059094,13.107285341117956,2621.4570682235912
TR04851,VH046,2026-06-24 15:14:17.691538,Machakos,Naivasha,190,2.9993136947669434,Diesel,10.815329336800318,20.5491257399206,3904.333890584914
TR04852,VH047,2026-06-24 16:06:08.713742,Kisumu,Mombasa,850,16.207138217599454,Petrol,11.410405791161367,96.98844922487162,19397.689844974324
TR04853,VH048,2026-06-24 16:57:59.735947,Naivasha,Nairobi,95,2.5374918967110975,Diesel,21.244510963170296,20.18228541501178,3834.6342288522383
TR04854,VH023,2026-06-24 17:49:50.758151,Nakuru,Nairobi,155,2.4908658033592737,Diesel,11.609649764018801,17.994957134229143,3419.041855503537
TR04855,VH045,2026-06-24 18:41:41.780356,Nairobi,Thika,45,0.8620936113271893,Diesel,24.669632098947584,11.101334444526413,2109.2535444600185
TR04856,VH017,2026-06-24 19:33:32.802560,Naivasha,Machakos,190,4.0415724574307275,Petrol,12.019476500723862,22.837005351375335,4567.4010702750675
TR04857,VH040,2026-06-24 20:25:23.824764,Thika,Machakos,80,1.3158859998716943,Petrol,13.02885918311187,10.423087346489496,2084.6174692978993
TR04858,VH021,2026-06-24 21:17:14.846969,Nairobi,Kisumu,350,7.99625678404962,Petrol,18.896173340027538,66.13660669009639,13227.321338019277
TR04859,VH002,2026-06-24 22:09:05.869173,Eldoret,Nakuru,160,2.5107648752524754,Petrol,24.975422063237744,39.960675301180395,7992.135060236079
TR04860,VH037,2026-06-24 23:00:56.891378,Mombasa,Eldoret,750,14.77936735524463,Diesel,13.864224721173343,103.98168540880008,19756.520227672016
TR04861,VH006,2026-06-24 23:52:47.913582,Kisumu,Nakuru,190,3.273352266972493,Diesel,24.140423408658034,45.86680447645026,8714.69285052555
TR04862,VH044,2026-06-25 00:44:38.935787,Machakos,Thika,80,1.0732490189151274,Petrol,20.90010288281696,16.72008230625357,3344.0164612507137
TR04863,VH018,2026-06-25 01:36:29.957991,Thika,Kisumu,370,7.192743636827223,Diesel,11.510640478928124,42.58936977203406,8091.980256686472
TR04864,VH030,2026-06-25 02:28:20.980196,Thika,Machakos,80,1.6251790683347802,Diesel,12.610419045811383,10.088335236649108,1916.7836949633306
TR04865,VH022,2026-06-25 03:20:12.002400,Nakuru,Thika,200,4.823488866955422,Petrol,19.358661775027237,38.71732355005447,7743.464710010895
TR04866,VH033,2026-06-25 04:12:03.024604,Nairobi,Kisumu,350,7.137695227823703,Petrol,12.447445781634785,43.56606023572175,8713.21204714435
TR04867,VH030,2026-06-25 05:03:54.046809,Nakuru,Thika,200,4.794941245169587,Diesel,14.514883618087282,29.029767236174564,5515.6557748731675
TR04868,VH017,2026-06-25 05:55:45.069013,Mombasa,Kisumu,850,17.524236640363743,Petrol,9.818529090692095,83.45749727088281,16691.499454176563
TR04869,VH043,2026-06-25 06:47:36.091218,Naivasha,Nakuru,75,1.0251857654393084,Diesel,10.431591367430823,7.823693525573117,1486.5017698588922
TR04870,VH032,2026-06-25 07:39:27.113422,Mombasa,Thika,520,10.204725708522124,Petrol,13.691094527701711,71.1936915440489,14238.738308809781
TR04871,VH042,2026-06-25 08:31:18.135627,Naivasha,Nairobi,95,2.0846819821062645,Diesel,11.36600915836491,10.797708700446664,2051.564653084866
TR04872,VH014,2026-06-25 09:23:09.157831,Nakuru,Nairobi,155,3.2076317374618197,Diesel,13.119312708086646,20.3349346975343,3863.6375925315174
TR04873,VH010,2026-06-25 10:15:00.180036,Kisumu,Nairobi,350,7.493839720202151,Diesel,13.478791689960904,47.175770914863165,8963.396473824001
TR04874,VH047,2026-06-25 11:06:51.202240,Mombasa,Naivasha,620,10.618763031562116,Petrol,10.60955381790911,65.77923367103648,13155.846734207296
TR04875,VH036,2026-06-25 11:58:42.224444,Nakuru,Nairobi,155,3.145406891523211,Diesel,13.075722987128922,20.26737063004983,3850.8004197094674
TR04876,VH034,2026-06-25 12:50:33.246649,Nairobi,Kisumu,350,5.5669452828408,Diesel,11.749944910571084,41.124807186998794,7813.713365529771
TR04877,VH009,2026-06-25 13:42:24.268853,Nakuru,Machakos,270,5.687658357560286,Diesel,14.344997039759015,38.731492007349345,7358.983481396375
TR04878,VH042,2026-06-25 14:34:15.291058,Nakuru,Mombasa,630,13.128455578048841,Diesel,13.816467762794737,87.04374690560684,16538.3119120653
TR04879,VH028,2026-06-25 15:26:06.313262,Eldoret,Thika,350,8.172657922336283,Petrol,14.342878160187269,50.20007356065544,10040.014712131087
TR04880,VH011,2026-06-25 16:17:57.335467,Mombasa,Machakos,420,8.948937722780345,Diesel,10.100806910589471,42.42338902447578,8060.443914650398
TR04881,VH014,2026-06-25 17:09:48.357671,Machakos,Mombasa,420,11.624225916315005,Diesel,11.217531303692974,47.113631475510495,8951.589980346995
TR04882,VH039,2026-06-25 18:01:39.379875,Kisumu,Machakos,465,14.10735975617078,Diesel,18.63005558312157,86.62975846151531,16459.654107687908
TR04883,VH047,2026-06-25 18:53:30.402080,Kisumu,Naivasha,270,4.909324161829547,Petrol,11.210415085946746,30.268120732056214,6053.624146411243
TR04884,VH019,2026-06-25 19:45:21.424284,Eldoret,Mombasa,750,20.812246503558576,Diesel,13.449800608076592,100.87350456057443,19165.96586650914
TR04885,VH015,2026-06-25 20:37:12.446489,Naivasha,Kisumu,270,5.0706392640019855,Petrol,11.337701311334346,30.611793540602736,6122.358708120547
TR04886,VH028,2026-06-25 21:29:03.468693,Thika,Nairobi,45,0.978345407089332,Petrol,14.24856522290197,6.4118543503058865,1282.3708700611774
TR04887,VH024,2026-06-25 22:20:54.490898,Naivasha,Thika,145,2.521027465106099,Petrol,10.63589119009659,15.422042225640055,3084.408445128011
TR04888,VH008,2026-06-25 23:12:45.513102,Kisumu,Machakos,465,12.840776027348683,Diesel,10.697850364026262,49.74500419272212,9451.550796617203
TR04889,VH043,2026-06-26 00:04:36.535307,Nakuru,Kisumu,190,3.4680388680497054,Diesel,14.477808651634387,27.507836438105333,5226.488923240013
TR04890,VH009,2026-06-26 00:56:27.557511,Eldoret,Nairobi,310,5.887626150052844,Diesel,12.129085732558508,37.600165770931376,7144.031496476961
TR04891,VH047,2026-06-26 01:48:18.579715,Nairobi,Mombasa,480,9.073701743158042,Petrol,12.948827438973332,62.15437170707199,12430.874341414397
TR04892,VH033,2026-06-26 02:40:09.601920,Mombasa,Nakuru,630,10.679560626141207,Petrol,10.183217739409507,64.15427175827989,12830.854351655978
TR04893,VH033,2026-06-26 03:32:00.624124,Mombasa,Eldoret,750,14.83318700635815,Petrol,13.744004148388179,103.08003111291134,20616.00622258227
TR04894,VH019,2026-06-26 04:23:51.646329,Machakos,Nairobi,115,3.7807445710905507,Diesel,11.872891232652854,13.653824917550782,2594.2267343346484
TR04895,VH003,2026-06-26 05:15:42.668533,Mombasa,Machakos,420,7.8368641450879375,Diesel,13.79661784289201,57.94579494014644,11009.701038627823
TR04896,VH010,2026-06-26 06:07:33.690738,Nakuru,Machakos,270,5.137242293534349,Diesel,10.447578498974428,28.20846194723096,5359.607769973882
TR04897,VH040,2026-06-26 06:59:24.712942,Nairobi,Thika,45,0.9366609208886235,Petrol,12.463321129152643,5.60849450811869,1121.698901623738
TR04898,VH047,2026-06-26 07:51:15.735147,Eldoret,Thika,350,8.08952716910103,Petrol,13.505192488670115,47.2681737103454,9453.63474206908
TR04899,VH042,2026-06-26 08:43:06.757351,Eldoret,Nairobi,310,6.579974383997697,Diesel,14.385193145216522,44.59409875017122,8472.878762532531
TR04900,VH001,2026-06-26 09:34:57.779555,Mombasa,Nakuru,630,10.216578786605453,Petrol,10.234069786171137,64.47463965287817,12894.927930575634
TR04901,VH029,2026-06-26 10:26:48.801760,Nairobi,Nakuru,155,3.6350215784310618,Diesel,11.518492345644734,17.85366313574934,3392.1959957923746
TR04902,VH050,2026-06-26 11:18:39.823964,Nairobi,Kisumu,350,9.701550318461093,Diesel,11.216600032395402,39.258100113383904,7459.039021542942
TR04903,VH034,2026-06-26 12:10:30.846169,Nairobi,Naivasha,95,2.4834070177007543,Diesel,9.861324071778942,9.368257868189994,1779.9689949560989
TR04904,VH013,2026-06-26 13:02:21.868373,Kisumu,Naivasha,270,5.43066887019545,Petrol,23.109988176929793,62.39696807771045,12479.393615542089
TR04905,VH001,2026-06-26 13:54:12.890578,Kisumu,Naivasha,270,4.260906057315856,Petrol,10.922559977993558,29.49091194058261,5898.182388116522
TR04906,VH034,2026-06-26 14:46:03.912782,Mombasa,Eldoret,750,11.088309312805562,Diesel,10.73319847184943,80.49898853887073,15294.807822385439
TR04907,VH029,2026-06-26 15:37:54.934986,Nairobi,Nakuru,155,2.8078768043458893,Diesel,13.316403184289092,20.64042493564809,3921.6807377731375
TR04908,VH048,2026-06-26 16:29:45.957191,Thika,Nakuru,200,4.744954832985655,Diesel,21.37462541167136,42.74925082334272,8122.357656435117
TR04909,VH047,2026-06-26 17:21:36.979395,Nairobi,Thika,45,1.0465294929685767,Petrol,12.69285519317447,5.711784836928512,1142.3569673857023
TR04910,VH013,2026-06-26 18:13:28.001600,Eldoret,Machakos,430,7.542973200219022,Petrol,24.72845530856002,106.33235782680808,21266.471565361615
TR04911,VH048,2026-06-26 19:05:19.023804,Eldoret,Naivasha,235,3.8744938702657463,Diesel,18.815826814006382,44.217193012915,8401.26667245385
TR04912,VH049,2026-06-26 19:57:10.046009,Mombasa,Thika,520,11.590578666899955,Diesel,12.547838581990305,65.2487606263496,12397.264519006423
TR04913,VH029,2026-06-26 20:49:01.068213,Thika,Eldoret,350,5.700733886945037,Diesel,11.151720778160573,39.031022723562,7415.894317476781
TR04914,VH039,2026-06-26 21:40:52.090418,Nairobi,Mombasa,480,9.966049279481831,Diesel,20.901337091852984,100.32641804089432,19062.019427769923
TR04915,VH024,2026-06-26 22:32:43.112622,Naivasha,Kisumu,270,4.846155055683606,Petrol,9.1643136289757,24.74364679823439,4948.729359646878
TR04916,VH026,2026-06-26 23:24:34.134826,Thika,Nakuru,200,3.3804491380240718,Diesel,18.951351676048894,37.90270335209779,7201.5136368985795
TR04917,VH017,2026-06-27 00:16:25.157031,Machakos,Kisumu,465,12.190052446898568,Petrol,10.5988864452445,49.28482197038693,9856.964394077386
TR04918,VH007,2026-06-27 01:08:16.179235,Mombasa,Nairobi,480,8.95330123728592,Petrol,11.709929026439925,56.20765932691164,11241.531865382327
TR04919,VH013,2026-06-27 02:00:07.201440,Eldoret,Nakuru,160,2.604627039917342,Petrol,24.29709651523467,38.87535442437547,7775.070884875095
TR04920,VH005,2026-06-27 02:51:58.223644,Naivasha,Nakuru,75,1.6478200059498525,Diesel,23.192690364865605,17.394517773649206,3304.9583769933492
TR04921,VH026,2026-06-27 03:43:49.245849,Eldoret,Mombasa,750,18.05169347262501,Diesel,24.80528077730929,186.03960582981966,35347.52510766574
TR04922,VH049,2026-06-27 04:35:40.268053,Kisumu,Eldoret,120,2.2239402785784663,Diesel,11.995357551676204,14.394429062011444,2734.9415217821743
TR04923,VH003,2026-06-27 05:27:31.290258,Mombasa,Eldoret,750,14.6864311159103,Diesel,11.20856866045659,84.06426495342443,15972.210341150641
TR04924,VH007,2026-06-27 06:19:22.312462,Mombasa,Nakuru,630,13.296309723786912,Petrol,11.638275149608214,73.32113344253175,14664.22668850635
TR04925,VH049,2026-06-27 07:11:13.334666,Nairobi,Thika,45,0.9003187430799628,Diesel,10.599179616459836,4.769630827406926,906.2298572073161
TR04926,VH039,2026-06-27 08:03:04.356871,Nairobi,Mombasa,480,13.10127769673621,Diesel,20.28546029364276,97.37020940948524,18500.339787802197
TR04927,VH001,2026-06-27 08:54:55.379075,Kisumu,Eldoret,120,2.254122116659159,Petrol,13.364820865559079,16.037785038670894,3207.5570077341786
TR04928,VH049,2026-06-27 09:46:46.401280,Naivasha,Mombasa,620,9.88192961433398,Diesel,11.654039640452082,72.25504577080291,13728.458696452553
TR04929,VH017,2026-06-27 10:38:37.423484,Machakos,Naivasha,190,4.290624920608495,Petrol,10.92712089043322,20.761529691823117,4152.305938364623
TR04930,VH043,2026-06-27 11:30:28.445689,Nakuru,Kisumu,190,4.380639325327657,Diesel,10.745448843643583,20.416352802922805,3879.107032555333
TR04931,VH025,2026-06-27 12:22:19.467893,Thika,Naivasha,145,2.8220826396816228,Diesel,18.154974140595023,26.32471250386278,5001.695375733928
TR04932,VH003,2026-06-27 13:14:10.490098,Nakuru,Machakos,270,3.7104721544954042,Diesel,11.094173387938463,29.954268147433854,5691.310948012432
TR04933,VH015,2026-06-27 14:06:01.512302,Nakuru,Mombasa,630,10.714455872157886,Petrol,9.537357019843407,60.08534922501346,12017.069845002692
TR04934,VH029,2026-06-27 14:57:52.534506,Mombasa,Naivasha,620,12.58970118380659,Diesel,13.927225154261198,86.34879595641942,16406.27123171969
TR04935,VH043,2026-06-27 15:49:43.556711,Thika,Eldoret,350,6.955928552140817,Diesel,10.562489789069428,36.968714261742996,7024.055709731169
TR04936,VH032,2026-06-27 16:41:34.578915,Mombasa,Nairobi,480,8.054938032946493,Petrol,13.621141186534182,65.38147769536407,13076.295539072813
TR04937,VH026,2026-06-27 17:33:25.601120,Machakos,Thika,80,1.8724401101899828,Diesel,20.69961082843258,16.559688662746066,3146.3408459217526
TR04938,VH016,2026-06-27 18:25:16.623324,Thika,Eldoret,350,6.375931378934006,Diesel,18.51364872820643,64.79777054872251,12311.576404257277
TR04939,VH025,2026-06-27 19:17:07.645529,Eldoret,Naivasha,235,5.723281539841141,Diesel,23.6891103460211,55.669409313149586,10577.187769498421
TR04940,VH028,2026-06-27 20:08:58.667733,Mombasa,Kisumu,850,14.808538484203634,Petrol,12.898152851183067,109.63429923505606,21926.859847011212
TR04941,VH009,2026-06-27 21:00:49.689937,Mombasa,Kisumu,850,17.839017193070056,Diesel,11.178807564317864,95.01986429670185,18053.774216373353
TR04942,VH001,2026-06-27 21:52:40.712142,Mombasa,Kisumu,850,16.471095658406956,Petrol,14.473405871663338,123.02394990913838,24604.789981827675
TR04943,VH029,2026-06-27 22:44:31.734346,Naivasha,Nakuru,75,1.591377152315451,Diesel,10.226291569352757,7.6697186770145676,1457.2465486327678
TR04944,VH022,2026-06-27 23:36:22.756551,Kisumu,Mombasa,850,15.290659148149771,Petrol,19.41273725738434,165.00826668776688,33001.653337553376
TR04945,VH016,2026-06-28 00:28:13.778755,Mombasa,Kisumu,850,17.48879623111921,Diesel,23.264328494641028,197.74679220444872,37571.890518845255
TR04946,VH041,2026-06-28 01:20:04.800960,Machakos,Naivasha,190,2.8247002828834424,Diesel,22.965645512169225,43.634726473121525,8290.59802989309
TR04947,VH044,2026-06-28 02:11:55.823164,Nairobi,Kisumu,350,5.704883998542001,Petrol,20.024901856071345,70.0871564962497,14017.431299249942
TR04948,VH041,2026-06-28 03:03:46.845369,Nairobi,Machakos,115,2.9065586360511415,Diesel,18.434174127469483,21.199300246589903,4027.867046852082
TR04949,VH007,2026-06-28 03:55:37.867573,Thika,Mombasa,520,10.090886070808606,Petrol,14.290390361124718,74.31002987784854,14862.005975569708
TR04950,VH014,2026-06-28 04:47:28.889777,Eldoret,Nakuru,160,2.863214822829978,Diesel,11.568488190349512,18.50958110455922,3516.820409866252
TR04951,VH029,2026-06-28 05:39:19.911982,Kisumu,Thika,370,7.985371598415585,Diesel,10.978567074641326,40.62069817617291,7717.9326534728525
TR04952,VH019,2026-06-28 06:31:10.934186,Naivasha,Eldoret,235,3.936360697032944,Diesel,11.580309111804885,27.21372641274148,5170.608018420881
TR04953,VH019,2026-06-28 07:23:01.956391,Thika,Kisumu,370,6.29709991110965,Diesel,13.551135996412237,50.139203186725275,9526.448605477803
TR04954,VH002,2026-06-28 08:14:52.978595,Nairobi,Thika,45,0.9121960692088942,Petrol,18.304826044903628,8.237171720206632,1647.4343440413263
TR04955,VH041,2026-06-28 09:06:44.000800,Kisumu,Nairobi,350,6.05015818935216,Diesel,23.360628616216214,81.76220015675675,15534.818029783783
TR04956,VH045,2026-06-28 09:58:35.023004,Kisumu,Nairobi,350,11.39519571306675,Diesel,22.007312595570962,77.02559408449837,14634.862876054689
TR04957,VH015,2026-06-28 10:50:26.045209,Eldoret,Nairobi,310,5.093598514276507,Petrol,11.127245582759084,34.49446130655316,6898.892261310632
TR04958,VH003,2026-06-28 11:42:17.067413,Machakos,Mombasa,420,7.3565382536530075,Diesel,13.720402220525301,57.62568932620627,10948.880971979192
TR04959,VH011,2026-06-28 12:34:08.089617,Kisumu,Thika,370,8.959146148778153,Diesel,14.829122122208162,54.8677518521702,10424.872851912338
TR04960,VH046,2026-06-28 13:25:59.111822,Mombasa,Machakos,420,8.0745872105297,Diesel,11.146031055813456,46.813330434416514,8894.532782539138
TR04961,VH030,2026-06-28 14:17:50.134026,Kisumu,Nairobi,350,10.358176292784771,Diesel,10.718236825360599,37.51382888876209,7127.627488864798
TR04962,VH040,2026-06-28 15:09:41.156231,Eldoret,Kisumu,120,2.7339453597742915,Petrol,14.564408726113484,17.47729047133618,3495.458094267236
TR04963,VH018,2026-06-28 16:01:32.178435,Thika,Mombasa,520,8.848787288400729,Diesel,12.344765387286518,64.1927800138899,12196.628202639082
TR04964,VH048,2026-06-28 16:53:23.200640,Eldoret,Kisumu,120,2.404939228943597,Diesel,21.065902150933763,25.279082581120516,4803.025690412898
TR04965,VH002,2026-06-28 17:45:14.222844,Naivasha,Eldoret,235,4.751854496263128,Petrol,22.01281699184998,51.73011993084746,10346.023986169492
TR04966,VH032,2026-06-28 18:37:05.245049,Eldoret,Nakuru,160,3.1770105464543885,Petrol,13.72806952588122,21.964911241409954,4392.982248281991
TR04967,VH008,2026-06-28 19:28:56.267253,Nairobi,Eldoret,310,6.2716773915834505,Diesel,12.865159493528587,39.88199442993862,7577.578941688338
TR04968,VH022,2026-06-28 20:20:47.289457,Mombasa,Kisumu,850,14.68050445044371,Petrol,24.43925926573275,207.73370375872838,41546.740751745674
TR04969,VH006,2026-06-28 21:12:38.311662,Machakos,Mombasa,420,9.32337119013362,Diesel,20.98789952226936,88.14917799353131,16748.34381877095
TR04970,VH012,2026-06-28 22:04:29.333866,Nairobi,Eldoret,310,5.810164830556916,Diesel,11.467054550096975,35.54786910530063,6754.095130007119
TR04971,VH047,2026-06-28 22:56:20.356071,Thika,Kisumu,370,9.059066875719518,Petrol,12.19832133394921,45.13378893561208,9026.757787122417
TR04972,VH040,2026-06-28 23:48:11.378275,Nakuru,Naivasha,75,1.3409908361899083,Petrol,12.078639496397653,9.058979622298239,1811.7959244596477
TR04973,VH036,2026-06-29 00:40:02.400480,Thika,Mombasa,520,10.963749142792015,Diesel,11.97299226974489,62.25955980267342,11829.31636250795
TR04974,VH015,2026-06-29 01:31:53.422684,Mombasa,Nakuru,630,12.683176337070353,Petrol,11.09992899227975,69.92955265136243,13985.910530272486
TR04975,VH028,2026-06-29 02:23:44.444888,Kisumu,Nairobi,350,7.4305825705336686,Petrol,10.764978933390873,37.67742626686805,7535.48525337361
TR04976,VH049,2026-06-29 03:15:35.467093,Eldoret,Thika,350,7.274273152755733,Diesel,11.347133758294792,39.71496815403177,7545.843949266037
TR04977,VH045,2026-06-29 04:07:26.489297,Nakuru,Eldoret,160,3.8129563618606364,Diesel,22.83642475358723,36.53827960573957,6942.273125090518
TR04978,VH018,2026-06-29 04:59:17.511502,Mombasa,Eldoret,750,14.249344395526883,Diesel,12.99641903833825,97.47314278753687,18519.897129632005
TR04979,VH002,2026-06-29 05:51:08.533706,Nairobi,Machakos,115,2.1125216166891194,Petrol,21.45328393757583,24.671276528212204,4934.25530564244
TR04980,VH013,2026-06-29 06:42:59.555911,Eldoret,Mombasa,750,19.057357650568093,Petrol,19.156665231472807,143.67498923604606,28734.99784720921
TR04981,VH045,2026-06-29 07:34:50.578115,Thika,Mombasa,520,11.497099002235839,Diesel,20.90281396754602,108.69463263123932,20651.98019993547
TR04982,VH015,2026-06-29 08:26:41.600320,Nairobi,Thika,45,0.8956986626093634,Petrol,12.93146964420849,5.819161339893821,1163.832267978764
TR04983,VH020,2026-06-29 09:18:32.622524,Mombasa,Nakuru,630,13.934718970923933,Petrol,11.064296353085364,69.7050670244378,13941.013404887559
TR04984,VH029,2026-06-29 10:10:23.644728,Mombasa,Kisumu,850,17.628481056756243,Diesel,13.482653968021111,114.60255872817945,21774.486158354095
TR04985,VH042,2026-06-29 11:02:14.666933,Thika,Nakuru,200,3.178194336251064,Diesel,12.536068408390449,25.072136816780898,4763.70599518837
TR04986,VH029,2026-06-29 11:54:05.689137,Nakuru,Naivasha,75,1.7919135507396808,Diesel,11.206115625546984,8.404586719160237,1596.871476640445
TR04987,VH003,2026-06-29 12:45:56.711342,Thika,Nakuru,200,6.348701682546726,Diesel,13.980752540115372,27.961505080230744,5312.685965243842
TR04988,VH019,2026-06-29 13:37:47.733546,Kisumu,Nakuru,190,4.2026024658568275,Diesel,9.421067270353435,17.900027813671525,3401.0052845975897
TR04989,VH003,2026-06-29 14:29:38.755751,Nairobi,Thika,45,0.9498736373779963,Diesel,12.624451413775752,5.681003136199089,1079.3905958778269
TR04990,VH014,2026-06-29 15:21:29.777955,Nakuru,Eldoret,160,3.472216163254015,Diesel,11.044455171217024,17.67112827394724,3357.5143720499755
TR04991,VH040,2026-06-29 16:13:20.800160,Eldoret,Nakuru,160,3.0680440643296465,Petrol,10.335328142706878,16.536525028331006,3307.3050056662014
TR04992,VH004,2026-06-29 17:05:11.822364,Naivasha,Thika,145,3.4709467223400376,Diesel,12.514669685416244,18.146271043853552,3447.791498332175
TR04993,VH011,2026-06-29 17:57:02.844568,Kisumu,Mombasa,850,20.93711622339545,Diesel,12.497810779674618,106.23139162723425,20183.964409174507
TR04994,VH031,2026-06-29 18:48:53.866773,Nakuru,Kisumu,190,4.259697850728606,Petrol,12.534504508378603,23.815558565919346,4763.111713183869
TR04995,VH043,2026-06-29 19:40:44.888977,Naivasha,Thika,145,3.2388331098463885,Diesel,13.723753465259524,19.89944252462631,3780.894079678999
TR04996,VH032,2026-06-29 20:32:35.911182,Naivasha,Eldoret,235,3.5092053692881313,Petrol,13.638957443464484,32.05154999214154,6410.309998428308
TR04997,VH027,2026-06-29 21:24:26.933386,Nairobi,Machakos,115,1.842370603800703,Petrol,20.866911130417286,23.99694779997988,4799.389559995976
TR04998,VH030,2026-06-29 22:16:17.955591,Mombasa,Machakos,420,11.461698261038094,Diesel,13.158448936132814,55.26548553175782,10500.442251033985
TR04999,VH043,2026-06-29 23:08:08.977795,Eldoret,Machakos,430,12.44157929967154,Diesel,12.884726213219801,55.404322716845144,10526.821316200578
TR05000,VH002,2026-06-30 00:00:00.000000,Thika,Mombasa,520,10.544677954610627,Petrol,20.950932292818436,108.94484792265587,21788.969584531173
